
DawnBGC.elf:     file format elf32-littlearm
DawnBGC.elf
architecture: armv7e-m, flags 0x00000112:
EXEC_P, HAS_SYMS, D_PAGED
start address 0x08021025

Program Header:
    LOAD off    0x00010000 vaddr 0x08020000 paddr 0x08020000 align 2**16
         filesz 0x00008728 memsz 0x00008728 flags rwx
    LOAD off    0x00020000 vaddr 0x20000000 paddr 0x08028728 align 2**16
         filesz 0x00000690 memsz 0x00000f3c flags rw-
    LOAD off    0x00020f3c vaddr 0x20000f3c paddr 0x08028db8 align 2**16
         filesz 0x00000000 memsz 0x00000c04 flags rw-
private flags = 5000200: [Version5 EABI] [soft-float ABI]

Sections:
Idx Name            Size      VMA       LMA       File off  Algn  Flags
  0 .vectors        00000188  08020000  08020000  00010000  2**0  CONTENTS, ALLOC, LOAD, READONLY, DATA
  1 .text           00008164  08020188  08020188  00010188  2**2  CONTENTS, ALLOC, LOAD, READONLY, CODE
  2 .rodata         00000434  080282ec  080282ec  000182ec  2**2  CONTENTS, ALLOC, LOAD, READONLY, DATA
  3 .ARM.attributes 0000002a  08028720  08028720  00020690  2**0  CONTENTS, READONLY
  4 .init_array     00000004  08028720  08028720  00018720  2**2  CONTENTS, ALLOC, LOAD, DATA
  5 .fini_array     00000004  08028724  08028724  00018724  2**2  CONTENTS, ALLOC, LOAD, DATA
  6 .data           00000690  20000000  08028728  00020000  2**2  CONTENTS, ALLOC, LOAD, DATA
  7 .bss            000008ac  20000690  08028db8  00020690  2**2  ALLOC
  8 .heap_stack     00000c04  20000f3c  08028db8  00020f3c  2**0  ALLOC
  9 .tcmram         00000000  10000000  10000000  000206ba  2**0  CONTENTS
 10 .debug_line     0000f904  00000000  00000000  000206ba  2**0  CONTENTS, READONLY, DEBUGGING
 11 .debug_info     0001c2de  00000000  00000000  0002ffbe  2**0  CONTENTS, READONLY, DEBUGGING
 12 .debug_abbrev   000034dc  00000000  00000000  0004c29c  2**0  CONTENTS, READONLY, DEBUGGING
 13 .debug_aranges  00000da0  00000000  00000000  0004f778  2**3  CONTENTS, READONLY, DEBUGGING
 14 .debug_str      00032f9d  00000000  00000000  00050518  2**0  CONTENTS, READONLY, DEBUGGING
 15 .debug_ranges   00000c10  00000000  00000000  000834b8  2**3  CONTENTS, READONLY, DEBUGGING
 16 .debug_macro    00006e23  00000000  00000000  000840c8  2**0  CONTENTS, READONLY, DEBUGGING
 17 .comment        00000066  00000000  00000000  0008aeeb  2**0  CONTENTS, READONLY
 18 .debug_frame    00003f9c  00000000  00000000  0008af54  2**2  CONTENTS, READONLY, DEBUGGING
SYMBOL TABLE:
08020000 l    d  .vectors	00000000 .vectors
08020188 l    d  .text	00000000 .text
080282ec l    d  .rodata	00000000 .rodata
08028720 l    d  .ARM.attributes	00000000 .ARM.attributes
08028720 l    d  .init_array	00000000 .init_array
08028724 l    d  .fini_array	00000000 .fini_array
20000000 l    d  .data	00000000 .data
20000690 l    d  .bss	00000000 .bss
20000f3c l    d  .heap_stack	00000000 .heap_stack
10000000 l    d  .tcmram	00000000 .tcmram
00000000 l    d  .debug_line	00000000 .debug_line
00000000 l    d  .debug_info	00000000 .debug_info
00000000 l    d  .debug_abbrev	00000000 .debug_abbrev
00000000 l    d  .debug_aranges	00000000 .debug_aranges
00000000 l    d  .debug_str	00000000 .debug_str
00000000 l    d  .debug_ranges	00000000 .debug_ranges
00000000 l    d  .debug_macro	00000000 .debug_macro
00000000 l    d  .comment	00000000 .comment
00000000 l    d  .debug_frame	00000000 .debug_frame
00000000 l    df *ABS*	00000000 ./gcc_startup/startup_gd32f405_425.o
08021030 l       .text	00000000 DataInit
08021028 l       .text	00000000 CopyData
08021044 l       .text	00000000 Zerobss
0802103e l       .text	00000000 FillZerobss
0802106c l       .text	00000000 Infinite_Loop
00000000 l    df *ABS*	00000000 _arm_addsubdf3.o
00000000 l    df *ABS*	00000000 _arm_muldivdf3.o
00000000 l    df *ABS*	00000000 _arm_truncdfsf2.o
00000000 l    df *ABS*	00000000 _arm_addsubsf3.o
00000000 l    df *ABS*	00000000 _arm_muldivsf3.o
00000000 l    df *ABS*	00000000 _arm_cmpsf2.o
00000000 l    df *ABS*	00000000 _arm_fixsfsi.o
00000000 l    df *ABS*	00000000 _arm_unordsf2.o
00000000 l    df *ABS*	00000000 crtstuff.c
080282d4 l     O .text	00000000 __EH_FRAME_BEGIN__
08020fe4 l     F .text	00000000 __do_global_dtors_aux
20000690 l     O .bss	00000000 completed.8911
08028724 l     O .fini_array	00000000 __do_global_dtors_aux_fini_array_entry
08021008 l     F .text	00000000 frame_dummy
20000694 l     O .bss	00000000 object.8916
08028720 l     O .init_array	00000000 __frame_dummy_init_array_entry
00000000 l    df *ABS*	00000000 gd32f4xx_usart.c
00000000 l    df *ABS*	00000000 gd32f4xx_timer.c
00000000 l    df *ABS*	00000000 gd32f4xx_syscfg.c
00000000 l    df *ABS*	00000000 gd32f4xx_spi.c
00000000 l    df *ABS*	00000000 gd32f4xx_rcu.c
00000000 l    df *ABS*	00000000 gd32f4xx_misc.c
00000000 l    df *ABS*	00000000 gd32f4xx_gpio.c
00000000 l    df *ABS*	00000000 gd32f4xx_exti.c
00000000 l    df *ABS*	00000000 gd32f4xx_dma.c
00000000 l    df *ABS*	00000000 systick.c
200006ac l     O .bss	00000001 fac_us
200006ae l     O .bss	00000002 fac_ms
00000000 l    df *ABS*	00000000 gd32f4xx_it.c
00000000 l    df *ABS*	00000000 dawn_main.c
00000000 l    df *ABS*	00000000 dawn_function.c
200006b0 l     O .bss	00000004 StallTime.11229
00000000 l    df *ABS*	00000000 dawn_gimbal_system.c
08023e24 l     F .text	0000014c BLDCUpdata
08023f70 l     F .text	0000005c IMUUpdata
08023fcc l     F .text	00000038 CheckBLDCStatus
08024094 l     F .text	00000082 AngleRadsLimit
08024004 l     F .text	00000090 BDCTorqueUpdata
00000000 l    df *ABS*	00000000 dawn_gimbal_math.c
00000000 l    df *ABS*	00000000 icm206xx.c
200006b4 l     O .bss	00000001 Icm206XXRegData
200006b5 l     O .bss	00000001 Icm206XXRxBufIndex
200006b8 l     O .bss	0000000f Icm206XXRxBuf
2000040c l     O .data	00000007 Icm206XXTxBufGyro
20000414 l     O .data	0000000f Icm206XXTxBufGyroTemp
080250a8 l     F .text	0000007c SPI0ReadWriteBytes
08025124 l     F .text	0000003c Icm206XXWriteByte
08025160 l     F .text	00000044 Icm206XXReadByte
200006c8 l     O .bss	00000004 GyroXSum.11259
200006cc l     O .bss	00000004 GyroYSum.11260
200006d0 l     O .bss	00000004 GyroZSum.11261
00000000 l    df *ABS*	00000000 unpack.c
08025898 l     F .text	00000030 NVIC_SystemReset
200007dc l     O .bss	00000100 pbuf.11232
00000000 l    df *ABS*	00000000 usart.c
20000423 l     O .data	00000001 is_debug_usart_dma_trans_completed
200008dc l     O .bss	00000200 debug_usart_rx_buf
20000adc l     O .bss	00000400 debug_usart_tx_buf
20000edc l     O .bss	00000002 debug_usart_rx_buff_head
20000ede l     O .bss	00000002 debug_usart_rx_buff_tail
20000ee0 l     O .bss	00000002 debug_usart_rx_buff_tail_last
20000ee2 l     O .bss	00000002 debug_usart_rx_dma_cnt
20000ee4 l     O .bss	00000002 debug_usart_tx_buff_head
20000ee6 l     O .bss	00000002 debug_usart_tx_buff_tail
00000000 l    df *ABS*	00000000 timebase.c
20000ee8 l     O .bss	00000001 isr_cnt.11240
00000000 l    df *ABS*	00000000 gpio.c
00000000 l    df *ABS*	00000000 dawn_bdc.c
0802641c l     F .text	00000048 BDC_MapMagToCcr
08026464 l     F .text	0000005e BDC_ApplySlowDecayDualPwm
20000eea l     O .bss	00000002 u.11240
00000000 l    df *ABS*	00000000 system_gd32f4xx.c
080266a0 l     F .text	0000000c system_clock_config
080266ac l     F .text	00000120 system_clock_200m_8m_hxtal
00000000 l    df *ABS*	00000000 dawn_lib.c
00000000 l    df *ABS*	00000000 init.c
00000000 l    df *ABS*	00000000 memcpy-stub.c
00000000 l    df *ABS*	00000000 memset.c
00000000 l    df *ABS*	00000000 sf_cos.c
00000000 l    df *ABS*	00000000 sf_sin.c
00000000 l    df *ABS*	00000000 wf_asin.c
00000000 l    df *ABS*	00000000 wf_atan2.c
00000000 l    df *ABS*	00000000 wf_sqrt.c
00000000 l    df *ABS*	00000000 ef_asin.c
00000000 l    df *ABS*	00000000 ef_atan2.c
08028318 l     O .rodata	0000000c CSWTCH.8
08028324 l     O .rodata	0000000c CSWTCH.9
00000000 l    df *ABS*	00000000 ef_rem_pio2.c
08028330 l     O .rodata	00000080 npio2_hw
080283b0 l     O .rodata	00000318 two_over_pi
00000000 l    df *ABS*	00000000 ef_sqrt.c
00000000 l    df *ABS*	00000000 kf_cos.c
00000000 l    df *ABS*	00000000 kf_rem_pio2.c
080286c8 l     O .rodata	0000002c PIo2
080286f4 l     O .rodata	0000000c init_jk
00000000 l    df *ABS*	00000000 kf_sin.c
00000000 l    df *ABS*	00000000 s_matherr.c
00000000 l    df *ABS*	00000000 s_nan.c
00000000 l    df *ABS*	00000000 sf_atan.c
08028700 l     O .rodata	00000010 atanhi
08028710 l     O .rodata	00000010 atanlo
00000000 l    df *ABS*	00000000 sf_fabs.c
00000000 l    df *ABS*	00000000 sf_floor.c
00000000 l    df *ABS*	00000000 sf_scalbn.c
00000000 l    df *ABS*	00000000 errno.c
00000000 l    df *ABS*	00000000 c:/users/leonardo/desktop/gd32embeddedbuilder_v1.5.6_rel/tools/gnu tools arm embedded/xpack-arm-none-eabi-gcc/9.2.1-1.1/bin/../lib/gcc/arm-none-eabi/9.2.1/thumb/v7e-m/nofp/crti.o
00000000 l    df *ABS*	00000000 c:/users/leonardo/desktop/gd32embeddedbuilder_v1.5.6_rel/tools/gnu tools arm embedded/xpack-arm-none-eabi-gcc/9.2.1-1.1/bin/../lib/gcc/arm-none-eabi/9.2.1/thumb/v7e-m/nofp/crtn.o
00000000 l    df *ABS*	00000000 dawn_parameter.c
00000000 l    df *ABS*	00000000 impure.c
2000062c l     O .data	00000060 impure_data
00000000 l    df *ABS*	00000000 s_lib_ver.c
00000000 l    df *ABS*	00000000 
08028724 l       .init_array	00000000 __init_array_end
08028720 l       .ARM.attributes	00000000 __preinit_array_end
08028720 l       .init_array	00000000 __init_array_start
08028720 l       .ARM.attributes	00000000 __preinit_array_start
0802106c  w    F .text	00000002 RTC_Alarm_IRQHandler
0802106c  w    F .text	00000002 EXTI2_IRQHandler
20000000 g     O .data	0000040c GimbalSystem
08021412 g     F .text	0000003a usart_transmit_config
0802106c  w    F .text	00000002 TIMER2_IRQHandler
0802372c g     F .text	0000000c DebugMon_Handler
0802106c  w    F .text	00000002 LVD_IRQHandler
08020000 g       .vectors	00000188 __gVectors
0802106c  w    F .text	00000002 CAN1_EWMC_IRQHandler
08024594 g     F .text	000002f0 Quat2Euler
080204a4 g     F .text	0000005a .hidden __floatdidf
080228a8 g     F .text	0000009a gpio_mode_set
200006d4 g     O .bss	00000108 DebugUsartFrame
080243f6 g     F .text	0000019e Euler2DCM
08023708 g     F .text	00000006 HardFault_Handler
08023750 g     F .text	00000034 SysLedInit
080254b4 g     F .text	000000ac TIMER7_UP_TIMER12_IRQHandler
08020d48 g     F .text	00000136 .hidden __divsf3
08023744 g     F .text	0000000c SysTick_Handler
0802106c  w    F .text	00000002 SDIO_IRQHandler
08028728 g       *ABS*	00000000 _sidata
08023738 g     F .text	0000000c PendSV_Handler
080236fc g     F .text	0000000c NMI_Handler
08028720 g       .rodata	00000000 __exidx_end
08020f6c g     F .text	0000004c .hidden __fixsfsi
08024254 g     F .text	000001a2 Euler2Quat
0802106c  w    F .text	00000002 EXTI3_IRQHandler
0802106c  w    F .text	00000002 DCI_IRQHandler
0802106c  w    F .text	00000002 USBFS_WKUP_IRQHandler
08021362 g     F .text	00000036 usart_word_length_set
0802496e g     F .text	000000ea CalcJacobianInv
080282c8 g     F .text	0000000c __errno
08023564 g     F .text	00000044 dma_channel_enable
08027270 g     F .text	000002e8 __ieee754_rem_pio2f
0802106c  w    F .text	00000002 USBHS_IRQHandler
08022598 g     F .text	0000018c rcu_clock_freq_get
080282ec g       .text	00000000 _etext
20000690 g       .bss	00000000 _sbss
00000800 g       *ABS*	00000000 __stack_size
08021aca g     F .text	0000001e timer_auto_reload_shadow_enable
0802106c  w    F .text	00000002 TIMER5_DAC_IRQHandler
08021bcc g     F .text	000003c4 timer_channel_output_config
080209d0 g     F .text	00000160 .hidden __aeabi_fadd
0802106c  w    F .text	00000002 TIMER0_TRG_CMT_TIMER10_IRQHandler
080209cc g     F .text	00000164 .hidden __subsf3
0802106c  w    F .text	00000002 USBFS_IRQHandler
0802353a g     F .text	0000002a dma_transfer_number_get
08026e24 g     F .text	000000a4 sqrtf
0802343a g     F .text	0000007c dma_interrupt_enable
0802106c  w    F .text	00000002 TIMER3_IRQHandler
0802106c  w    F .text	00000002 DMA0_Channel6_IRQHandler
08026c5c g     F .text	0000001c memcpy
080220bc g     F .text	000000c4 timer_channel_output_shadow_config
080213ce g     F .text	00000022 usart_enable
08020f58 g     F .text	00000012 .hidden __aeabi_fcmpgt
0802042c g     F .text	00000022 .hidden __floatsidf
0802106c  w    F .text	00000002 I2C0_EV_IRQHandler
08025884 g     F .text	00000012 EXTI0_IRQHandler
0802106c  w    F .text	00000002 I2C2_EV_IRQHandler
080229dc g     F .text	0000001e gpio_bit_set
0802106c  w    F .text	00000002 CAN1_RX0_IRQHandler
08021aac g     F .text	0000001e timer_enable
0802106c  w    F .text	00000002 FPU_IRQHandler
080260d4 g     F .text	0000009c TIMER7_TRG_CMT_TIMER13_IRQHandler
0802160c g     F .text	0000009a usart_interrupt_enable
08022514 g     F .text	00000048 rcu_periph_reset_disable
08022320 g     F .text	00000082 spi_init
08020b38 g     F .text	0000001c .hidden __aeabi_i2f
0802371a g     F .text	00000006 UsageFault_Handler
08020e88 g     F .text	00000066 .hidden __lesf2
20000eec g     O .bss	0000003c Icm206XXData
20000690 g       .bss	00000000 __bss_start__
080233b8 g     F .text	00000082 dma_interrupt_flag_clear
0802040c g     F .text	0000001e .hidden __aeabi_ui2d
08028db8 g       *ABS*	00000000 _sitcmram
08022748 g     F .text	000000fc nvic_irq_enable
0802106c  w    F .text	00000002 TIMER4_IRQHandler
20000000 g       .data	00000000 _sdata
0802106c  w    F .text	00000002 SPI1_IRQHandler
0802106c  w    F .text	00000002 DMA0_Channel0_IRQHandler
0802106c  w    F .text	00000002 USART5_IRQHandler
20000f28 g     O .bss	00000012 TimeOutArray
08020188 g     F .text	00000000 .hidden __aeabi_drsub
0802106c  w    F .text	00000002 TIMER0_BRK_TIMER8_IRQHandler
08028194 g     F .text	00000006 fabsf
080260b0 g     F .text	00000024 TimeBaseTimeOut
0802106c  w    F .text	00000002 DMA1_Channel0_IRQHandler
08020450 g     F .text	00000042 .hidden __extendsfdf2
08020754 g     F .text	000001d0 .hidden __aeabi_ddiv
08022adc g     F .text	000000f4 exti_init
0802106c  w    F .text	00000002 TIMER7_BRK_TIMER11_IRQHandler
08020194 g     F .text	00000276 .hidden __adddf3
08020e90 g     F .text	0000005e .hidden __nesf2
0802132c g     F .text	00000036 usart_parity_config
08023648 g     F .text	00000048 SystickInit
08028720 g       .rodata	00000000 __exidx_start
080235ec g     F .text	0000005a dma_channel_subperipheral_select
08020500 g     F .text	00000254 .hidden __aeabi_dmul
080234b6 g     F .text	00000084 dma_interrupt_disable
2000068c g     O .data	00000001 __fdlib_version
08026c14 g     F .text	00000048 __libc_init_array
08027e68 g     F .text	000000ec __kernel_sinf
0802106c  w    F .text	00000002 TIMER6_IRQHandler
0802106c  w    F .text	00000002 DMA1_Channel4_IRQHandler
0802040c g     F .text	0000001e .hidden __floatunsidf
0802151a g     F .text	0000003a usart_dma_receive_config
0802106c  w    F .text	00000002 DMA0_Channel3_IRQHandler
0802106c  w    F .text	00000002 I2C0_ER_IRQHandler
08021486 g     F .text	00000020 usart_data_receive
08022942 g     F .text	0000009a gpio_output_options_set
0802390c g     F .text	00000518 GimbalWork
080282d4 g     F .text	00000000 _init
08026c88 g     F .text	00000078 cosf
08020924 g     F .text	0000009e .hidden __aeabi_d2f
080209cc g     F .text	00000164 .hidden __aeabi_fsub
0802106c  w    F .text	00000002 TIMER0_UP_TIMER9_IRQHandler
080223fe g     F .text	00000020 spi_i2s_data_transmit
20000f3c g       .bss	00000000 _ebss
20000424 g     O .data	000000ac BLDCYaw
08026170 g     F .text	00000280 BDCGpioInit
08025dbc g     F .text	00000034 DMA1_Channel7_IRQHandler
08021024  w    F .text	00000034 Reset_Handler
08020fb8 g     F .text	0000002c .hidden __aeabi_fcmpun
08024884 g     F .text	000000ea QuatNormalize
0802106c  w    F .text	00000002 CAN1_RX1_IRQHandler
08020f44 g     F .text	00000012 .hidden __aeabi_fcmpge
080275fc g     F .text	0000018c __kernel_cosf
08020b64 g     F .text	0000007c .hidden __floatdisf
0802106c  w    F .text	00000002 DMA0_Channel2_IRQHandler
080219b4 g     F .text	000000f8 timer_init
08021b2c g     F .text	0000003a timer_interrupt_flag_get
08020e80 g     F .text	0000006e .hidden __gtsf2
08020194 g     F .text	00000276 .hidden __aeabi_dadd
0802255c g     F .text	0000003c rcu_timer_clock_prescaler_config
08024c14 g     F .text	000000dc MatrixMultiply
08021f90 g     F .text	000000c4 timer_channel_output_mode_config
0802144c g     F .text	0000003a usart_receive_config
08020f30 g     F .text	00000012 .hidden __aeabi_fcmple
08025df0 g     F .text	00000220 USART0_IRQHandler
00000400 g       *ABS*	00000000 __heap_size
08020494 g     F .text	0000006a .hidden __aeabi_ul2d
08021b8c g     F .text	0000003e timer_primary_output_config
08026ec8 g     F .text	00000298 __ieee754_asinf
0802106c  w    F .text	00000002 TIMER1_IRQHandler
0802106c  w    F .text	00000002 I2C1_EV_IRQHandler
08020188 g       .vectors	00000000 __Vectors_Size
08026570 g     F .text	000000b0 BDC_TurnOnPWM
080251a4 g     F .text	00000310 Icm206XXInit
0802106c  w    F .text	00000002 DMA1_Channel6_IRQHandler
080229fa g     F .text	0000001e gpio_bit_reset
0802106c  w    F .text	00000002 UART4_IRQHandler
08024f38 g     F .text	00000170 PidControl
20000f3c g       .bss	00000000 __bss_end__
0802106c  w    F .text	00000002 EXTI10_15_IRQHandler
08021b66 g     F .text	00000026 timer_interrupt_flag_clear
20001b40 g       .heap_stack	00000000 _sp
0802106c  w    F .text	00000002 DMA1_Channel1_IRQHandler
08021398 g     F .text	00000036 usart_stop_bit_set
08020190 g     F .text	0000027a .hidden __aeabi_dsub
0802106c g       .text	00000002 Default_Handler
0802248c g     F .text	00000044 rcu_periph_clock_enable
08021740 g     F .text	00000036 usart_interrupt_flag_get
0802106c  w    F .text	00000002 TIMER7_Channel_IRQHandler
08020494 g     F .text	0000006a .hidden __floatundidf
08020b38 g     F .text	0000001c .hidden __floatsisf
080267cc g     F .text	00000448 AttitudeCali
080259e0 g     F .text	00000214 DebugUsartInit
0802106c  w    F .text	00000002 DMA0_Channel7_IRQHandler
0802106c  w    F .text	00000002 ADC_IRQHandler
08021778 g     F .text	0000023c timer_deinit
0802106c  w    F .text	00000002 CAN0_TX_IRQHandler
08020f6c g     F .text	0000004c .hidden __aeabi_f2iz
08020e90 g     F .text	0000005e .hidden __eqsf2
0802106c  w    F .text	00000002 WWDGT_IRQHandler
08023690 g     F .text	0000006c systick_dly_ms
080213f0 g     F .text	00000022 usart_disable
08021b06 g     F .text	00000026 timer_interrupt_enable
08022f98 g     F .text	00000420 dma_interrupt_flag_get
08020d48 g     F .text	00000136 .hidden __aeabi_fdiv
080223a2 g     F .text	0000001e spi_enable
0802042c g     F .text	00000022 .hidden __aeabi_i2d
08022460 g     F .text	0000002c spi_crc_polynomial_set
08020b54 g     F .text	0000008c .hidden __floatundisf
08023860 g     F .text	000000a0 motor_stall_process
08020754 g     F .text	000001d0 .hidden __divdf3
080211a4 g     F .text	00000188 usart_baudrate_set
08021554 g     F .text	0000003a usart_dma_transmit_config
0802106c  w    F .text	00000002 TAMPER_STAMP_IRQHandler
0802106c  w    F .text	00000002 RTC_WKUP_IRQHandler
08020b30 g     F .text	00000024 .hidden __aeabi_ui2f
10000000 g       .tcmram	00000000 .stcmram
08020500 g     F .text	00000254 .hidden __muldf3
0802821c g     F .text	000000ac scalbnf
080214e0 g     F .text	0000003a usart_hardware_flow_cts_config
080235a8 g     F .text	00000044 dma_channel_disable
2000057c g     O .data	000000ac BLDCPitch
0802106c  w    F .text	00000002 SPI2_IRQHandler
08020e90 g     F .text	0000005e .hidden __cmpsf2
08024b0c g     F .text	00000084 MatrixAdd
08026c78 g     F .text	00000010 memset
08027558 g     F .text	000000a4 __ieee754_sqrtf
0802370e g     F .text	00000006 MemManage_Handler
0802241e g     F .text	0000001a spi_i2s_data_receive
080237b4 g     F .text	00000094 main
08022180 g     F .text	000000c8 timer_channel_output_state_config
08020b64 g     F .text	0000007c .hidden __aeabi_l2f
08020e88 g     F .text	00000066 .hidden __ltsf2
0802106c  w    F .text	00000002 CAN1_TX_IRQHandler
08023720 g     F .text	0000000c SVC_Handler
08027f54 g     F .text	00000004 matherr
0802106c  w    F .text	00000002 RCU_CTC_IRQHandler
10000000 g       .tcmram	00000000 _etcmram
08020924 g     F .text	0000009e .hidden __truncdfsf2
08022248 g     F .text	000000d8 syscfg_exti_line_config
080204a4 g     F .text	0000005a .hidden __aeabi_l2d
08025ca4 g     F .text	00000118 DMA1_Channel5_IRQHandler
08020b54 g     F .text	0000008c .hidden __aeabi_ul2f
0802106c  w    F .text	00000002 EXTI4_IRQHandler
08020ef8 g     F .text	00000010 .hidden __aeabi_cfcmple
08026010 g     F .text	00000078 TimeBaseInit
08020be0 g     F .text	00000168 .hidden __mulsf3
0802106c  w    F .text	00000002 CAN0_RX1_IRQHandler
08024cf0 g     F .text	00000248 AttitudeUpdata
08026620 g     F .text	00000080 SystemInit
0802106c  w    F .text	00000002 DMA0_Channel5_IRQHandler
080282e0 g     F .text	00000000 _fini
080223c0 g     F .text	0000003e spi_dma_enable
08021070 g     F .text	00000134 usart_deinit
08020e80 g     F .text	0000006e .hidden __gesf2
08022870 g     F .text	00000038 systick_clksource_set
0802106c  w    F .text	00000002 DMA1_Channel3_IRQHandler
080209c4 g     F .text	0000016c .hidden __aeabi_frsub
08022724 g     F .text	00000024 nvic_priority_group_set
080264c4 g     F .text	000000ac BDCpwm
20000628 g     O .data	00000004 _impure_ptr
080224d0 g     F .text	00000044 rcu_periph_reset_enable
08020f08 g     F .text	00000012 .hidden __aeabi_fcmpeq
08023848 g     F .text	00000018 gimbal_business
08024b90 g     F .text	00000084 MatrixSub
08026e20 g     F .text	00000004 atan2f
08020be0 g     F .text	00000168 .hidden __aeabi_fmul
08020ef0 g     F .text	00000018 .hidden __aeabi_cfrcmple
080216a6 g     F .text	0000009a usart_interrupt_disable
08024a58 g     F .text	000000b4 CalcJacobianTrans
0802106c  w    F .text	00000002 EXTI5_9_IRQHandler
08021ae8 g     F .text	0000001e timer_counter_value_config
08026d00 g     F .text	0000007c sinf
08027f58 g     F .text	0000000c nan
08020f1c g     F .text	00000012 .hidden __aeabi_fcmplt
08023900 g     F .text	0000000c GimbalInit
08022bec g     F .text	00000024 exti_software_interrupt_enable
0802106c  w    F .text	00000002 DMA0_Channel1_IRQHandler
0802106c  w    F .text	00000002 TIMER0_Channel_IRQHandler
200004d0 g     O .data	000000ac BLDCRoll
08020188 g       .vectors	00000000 __Vectors_End
080214a6 g     F .text	0000003a usart_hardware_flow_rts_config
0802106c  w    F .text	00000002 EXTI1_IRQHandler
0802106c  w    F .text	00000002 USBHS_EP1_In_IRQHandler
20000690 g       .data	00000000 _edata
08023784 g     F .text	00000030 SysLedCmd
0802106c  w    F .text	00000002 SPI0_IRQHandler
08020fb8 g     F .text	0000002c .hidden __unordsf2
08022bd0 g     F .text	0000001c exti_interrupt_flag_clear
0802106c  w    F .text	00000002 USART2_IRQHandler
0802106c  w    F .text	00000002 CAN0_EWMC_IRQHandler
08020b30 g     F .text	00000024 .hidden __floatunsisf
0802106c  w    F .text	00000002 CAN0_RX0_IRQHandler
08020ef8 g     F .text	00000010 .hidden __aeabi_cfcmpeq
08022438 g     F .text	00000028 spi_i2s_flag_get
0802106c  w    F .text	00000002 I2C2_ER_IRQHandler
08025560 g     F .text	00000324 DMA1_Channel2_IRQHandler
080258c8 g     F .text	00000118 FrameUnpack
08027f64 g     F .text	00000230 atanf
08022054 g     F .text	00000068 timer_channel_output_pulse_value_config
08024118 g     F .text	0000013c ACC2Euler
08027788 g     F .text	000006e0 __kernel_rem_pio2f
08022c10 g     F .text	0000013e dma_deinit
08025bf4 g     F .text	00000024 debug_usart_trans_enable
08023714 g     F .text	00000006 BusFault_Handler
0802106c  w    F .text	00000002 USART1_IRQHandler
080263f0 g     F .text	0000002c BDCInit
0802158e g     F .text	0000003c usart_flag_get
08022a18 g     F .text	000000c2 gpio_af_set
08026088 g     F .text	00000028 TimeBaseStart
0802106c  w    F .text	00000002 UART3_IRQHandler
0802106c  w    F .text	00000002 I2C1_ER_IRQHandler
0802106c  w    F .text	00000002 FMC_IRQHandler
0802819c g     F .text	00000080 floorf
08020450 g     F .text	00000042 .hidden __aeabi_f2d
08026d7c g     F .text	000000a4 asinf
08020190 g     F .text	0000027a .hidden __subdf3
0802106c  w    F .text	00000002 USBHS_WKUP_IRQHandler
0802106c  w    F .text	00000002 DMA0_Channel4_IRQHandler
08022844 g     F .text	0000002c nvic_vector_table_set
0802106c  w    F .text	00000002 TRNG_IRQHandler
08022d4e g     F .text	0000024a dma_single_data_mode_init
080215ca g     F .text	00000042 usart_flag_clear
080209d0 g     F .text	00000160 .hidden __addsf3
0802106c  w    F .text	00000002 USBHS_EP1_Out_IRQHandler
08027160 g     F .text	00000110 __ieee754_atan2f
08025c18 g     F .text	0000008c debug_usart_get_byte



Disassembly of section .text:

08020188 <__aeabi_drsub>:
__aeabi_drsub():
 8020188:	f081 4100 	eor.w	r1, r1, #2147483648	; 0x80000000
 802018c:	e002      	b.n	8020194 <__adddf3>
 802018e:	bf00      	nop

08020190 <__aeabi_dsub>:
__subdf3():
 8020190:	f083 4300 	eor.w	r3, r3, #2147483648	; 0x80000000

08020194 <__adddf3>:
__aeabi_dadd():
 8020194:	b530      	push	{r4, r5, lr}
 8020196:	ea4f 0441 	mov.w	r4, r1, lsl #1
 802019a:	ea4f 0543 	mov.w	r5, r3, lsl #1
 802019e:	ea94 0f05 	teq	r4, r5
 80201a2:	bf08      	it	eq
 80201a4:	ea90 0f02 	teqeq	r0, r2
 80201a8:	bf1f      	itttt	ne
 80201aa:	ea54 0c00 	orrsne.w	ip, r4, r0
 80201ae:	ea55 0c02 	orrsne.w	ip, r5, r2
 80201b2:	ea7f 5c64 	mvnsne.w	ip, r4, asr #21
 80201b6:	ea7f 5c65 	mvnsne.w	ip, r5, asr #21
 80201ba:	f000 80e2 	beq.w	8020382 <__adddf3+0x1ee>
 80201be:	ea4f 5454 	mov.w	r4, r4, lsr #21
 80201c2:	ebd4 5555 	rsbs	r5, r4, r5, lsr #21
 80201c6:	bfb8      	it	lt
 80201c8:	426d      	neglt	r5, r5
 80201ca:	dd0c      	ble.n	80201e6 <__adddf3+0x52>
 80201cc:	442c      	add	r4, r5
 80201ce:	ea80 0202 	eor.w	r2, r0, r2
 80201d2:	ea81 0303 	eor.w	r3, r1, r3
 80201d6:	ea82 0000 	eor.w	r0, r2, r0
 80201da:	ea83 0101 	eor.w	r1, r3, r1
 80201de:	ea80 0202 	eor.w	r2, r0, r2
 80201e2:	ea81 0303 	eor.w	r3, r1, r3
 80201e6:	2d36      	cmp	r5, #54	; 0x36
 80201e8:	bf88      	it	hi
 80201ea:	bd30      	pophi	{r4, r5, pc}
 80201ec:	f011 4f00 	tst.w	r1, #2147483648	; 0x80000000
 80201f0:	ea4f 3101 	mov.w	r1, r1, lsl #12
 80201f4:	f44f 1c80 	mov.w	ip, #1048576	; 0x100000
 80201f8:	ea4c 3111 	orr.w	r1, ip, r1, lsr #12
 80201fc:	d002      	beq.n	8020204 <__adddf3+0x70>
 80201fe:	4240      	negs	r0, r0
 8020200:	eb61 0141 	sbc.w	r1, r1, r1, lsl #1
 8020204:	f013 4f00 	tst.w	r3, #2147483648	; 0x80000000
 8020208:	ea4f 3303 	mov.w	r3, r3, lsl #12
 802020c:	ea4c 3313 	orr.w	r3, ip, r3, lsr #12
 8020210:	d002      	beq.n	8020218 <__adddf3+0x84>
 8020212:	4252      	negs	r2, r2
 8020214:	eb63 0343 	sbc.w	r3, r3, r3, lsl #1
 8020218:	ea94 0f05 	teq	r4, r5
 802021c:	f000 80a7 	beq.w	802036e <__adddf3+0x1da>
 8020220:	f1a4 0401 	sub.w	r4, r4, #1
 8020224:	f1d5 0e20 	rsbs	lr, r5, #32
 8020228:	db0d      	blt.n	8020246 <__adddf3+0xb2>
 802022a:	fa02 fc0e 	lsl.w	ip, r2, lr
 802022e:	fa22 f205 	lsr.w	r2, r2, r5
 8020232:	1880      	adds	r0, r0, r2
 8020234:	f141 0100 	adc.w	r1, r1, #0
 8020238:	fa03 f20e 	lsl.w	r2, r3, lr
 802023c:	1880      	adds	r0, r0, r2
 802023e:	fa43 f305 	asr.w	r3, r3, r5
 8020242:	4159      	adcs	r1, r3
 8020244:	e00e      	b.n	8020264 <__adddf3+0xd0>
 8020246:	f1a5 0520 	sub.w	r5, r5, #32
 802024a:	f10e 0e20 	add.w	lr, lr, #32
 802024e:	2a01      	cmp	r2, #1
 8020250:	fa03 fc0e 	lsl.w	ip, r3, lr
 8020254:	bf28      	it	cs
 8020256:	f04c 0c02 	orrcs.w	ip, ip, #2
 802025a:	fa43 f305 	asr.w	r3, r3, r5
 802025e:	18c0      	adds	r0, r0, r3
 8020260:	eb51 71e3 	adcs.w	r1, r1, r3, asr #31
 8020264:	f001 4500 	and.w	r5, r1, #2147483648	; 0x80000000
 8020268:	d507      	bpl.n	802027a <__adddf3+0xe6>
 802026a:	f04f 0e00 	mov.w	lr, #0
 802026e:	f1dc 0c00 	rsbs	ip, ip, #0
 8020272:	eb7e 0000 	sbcs.w	r0, lr, r0
 8020276:	eb6e 0101 	sbc.w	r1, lr, r1
 802027a:	f5b1 1f80 	cmp.w	r1, #1048576	; 0x100000
 802027e:	d31b      	bcc.n	80202b8 <__adddf3+0x124>
 8020280:	f5b1 1f00 	cmp.w	r1, #2097152	; 0x200000
 8020284:	d30c      	bcc.n	80202a0 <__adddf3+0x10c>
 8020286:	0849      	lsrs	r1, r1, #1
 8020288:	ea5f 0030 	movs.w	r0, r0, rrx
 802028c:	ea4f 0c3c 	mov.w	ip, ip, rrx
 8020290:	f104 0401 	add.w	r4, r4, #1
 8020294:	ea4f 5244 	mov.w	r2, r4, lsl #21
 8020298:	f512 0f80 	cmn.w	r2, #4194304	; 0x400000
 802029c:	f080 809a 	bcs.w	80203d4 <__adddf3+0x240>
 80202a0:	f1bc 4f00 	cmp.w	ip, #2147483648	; 0x80000000
 80202a4:	bf08      	it	eq
 80202a6:	ea5f 0c50 	movseq.w	ip, r0, lsr #1
 80202aa:	f150 0000 	adcs.w	r0, r0, #0
 80202ae:	eb41 5104 	adc.w	r1, r1, r4, lsl #20
 80202b2:	ea41 0105 	orr.w	r1, r1, r5
 80202b6:	bd30      	pop	{r4, r5, pc}
 80202b8:	ea5f 0c4c 	movs.w	ip, ip, lsl #1
 80202bc:	4140      	adcs	r0, r0
 80202be:	eb41 0101 	adc.w	r1, r1, r1
 80202c2:	3c01      	subs	r4, #1
 80202c4:	bf28      	it	cs
 80202c6:	f5b1 1f80 	cmpcs.w	r1, #1048576	; 0x100000
 80202ca:	d2e9      	bcs.n	80202a0 <__adddf3+0x10c>
 80202cc:	f091 0f00 	teq	r1, #0
 80202d0:	bf04      	itt	eq
 80202d2:	4601      	moveq	r1, r0
 80202d4:	2000      	moveq	r0, #0
 80202d6:	fab1 f381 	clz	r3, r1
 80202da:	bf08      	it	eq
 80202dc:	3320      	addeq	r3, #32
 80202de:	f1a3 030b 	sub.w	r3, r3, #11
 80202e2:	f1b3 0220 	subs.w	r2, r3, #32
 80202e6:	da0c      	bge.n	8020302 <__adddf3+0x16e>
 80202e8:	320c      	adds	r2, #12
 80202ea:	dd08      	ble.n	80202fe <__adddf3+0x16a>
 80202ec:	f102 0c14 	add.w	ip, r2, #20
 80202f0:	f1c2 020c 	rsb	r2, r2, #12
 80202f4:	fa01 f00c 	lsl.w	r0, r1, ip
 80202f8:	fa21 f102 	lsr.w	r1, r1, r2
 80202fc:	e00c      	b.n	8020318 <__adddf3+0x184>
 80202fe:	f102 0214 	add.w	r2, r2, #20
 8020302:	bfd8      	it	le
 8020304:	f1c2 0c20 	rsble	ip, r2, #32
 8020308:	fa01 f102 	lsl.w	r1, r1, r2
 802030c:	fa20 fc0c 	lsr.w	ip, r0, ip
 8020310:	bfdc      	itt	le
 8020312:	ea41 010c 	orrle.w	r1, r1, ip
 8020316:	4090      	lslle	r0, r2
 8020318:	1ae4      	subs	r4, r4, r3
 802031a:	bfa2      	ittt	ge
 802031c:	eb01 5104 	addge.w	r1, r1, r4, lsl #20
 8020320:	4329      	orrge	r1, r5
 8020322:	bd30      	popge	{r4, r5, pc}
 8020324:	ea6f 0404 	mvn.w	r4, r4
 8020328:	3c1f      	subs	r4, #31
 802032a:	da1c      	bge.n	8020366 <__adddf3+0x1d2>
 802032c:	340c      	adds	r4, #12
 802032e:	dc0e      	bgt.n	802034e <__adddf3+0x1ba>
 8020330:	f104 0414 	add.w	r4, r4, #20
 8020334:	f1c4 0220 	rsb	r2, r4, #32
 8020338:	fa20 f004 	lsr.w	r0, r0, r4
 802033c:	fa01 f302 	lsl.w	r3, r1, r2
 8020340:	ea40 0003 	orr.w	r0, r0, r3
 8020344:	fa21 f304 	lsr.w	r3, r1, r4
 8020348:	ea45 0103 	orr.w	r1, r5, r3
 802034c:	bd30      	pop	{r4, r5, pc}
 802034e:	f1c4 040c 	rsb	r4, r4, #12
 8020352:	f1c4 0220 	rsb	r2, r4, #32
 8020356:	fa20 f002 	lsr.w	r0, r0, r2
 802035a:	fa01 f304 	lsl.w	r3, r1, r4
 802035e:	ea40 0003 	orr.w	r0, r0, r3
 8020362:	4629      	mov	r1, r5
 8020364:	bd30      	pop	{r4, r5, pc}
 8020366:	fa21 f004 	lsr.w	r0, r1, r4
 802036a:	4629      	mov	r1, r5
 802036c:	bd30      	pop	{r4, r5, pc}
 802036e:	f094 0f00 	teq	r4, #0
 8020372:	f483 1380 	eor.w	r3, r3, #1048576	; 0x100000
 8020376:	bf06      	itte	eq
 8020378:	f481 1180 	eoreq.w	r1, r1, #1048576	; 0x100000
 802037c:	3401      	addeq	r4, #1
 802037e:	3d01      	subne	r5, #1
 8020380:	e74e      	b.n	8020220 <__adddf3+0x8c>
 8020382:	ea7f 5c64 	mvns.w	ip, r4, asr #21
 8020386:	bf18      	it	ne
 8020388:	ea7f 5c65 	mvnsne.w	ip, r5, asr #21
 802038c:	d029      	beq.n	80203e2 <__adddf3+0x24e>
 802038e:	ea94 0f05 	teq	r4, r5
 8020392:	bf08      	it	eq
 8020394:	ea90 0f02 	teqeq	r0, r2
 8020398:	d005      	beq.n	80203a6 <__adddf3+0x212>
 802039a:	ea54 0c00 	orrs.w	ip, r4, r0
 802039e:	bf04      	itt	eq
 80203a0:	4619      	moveq	r1, r3
 80203a2:	4610      	moveq	r0, r2
 80203a4:	bd30      	pop	{r4, r5, pc}
 80203a6:	ea91 0f03 	teq	r1, r3
 80203aa:	bf1e      	ittt	ne
 80203ac:	2100      	movne	r1, #0
 80203ae:	2000      	movne	r0, #0
 80203b0:	bd30      	popne	{r4, r5, pc}
 80203b2:	ea5f 5c54 	movs.w	ip, r4, lsr #21
 80203b6:	d105      	bne.n	80203c4 <__adddf3+0x230>
 80203b8:	0040      	lsls	r0, r0, #1
 80203ba:	4149      	adcs	r1, r1
 80203bc:	bf28      	it	cs
 80203be:	f041 4100 	orrcs.w	r1, r1, #2147483648	; 0x80000000
 80203c2:	bd30      	pop	{r4, r5, pc}
 80203c4:	f514 0480 	adds.w	r4, r4, #4194304	; 0x400000
 80203c8:	bf3c      	itt	cc
 80203ca:	f501 1180 	addcc.w	r1, r1, #1048576	; 0x100000
 80203ce:	bd30      	popcc	{r4, r5, pc}
 80203d0:	f001 4500 	and.w	r5, r1, #2147483648	; 0x80000000
 80203d4:	f045 41fe 	orr.w	r1, r5, #2130706432	; 0x7f000000
 80203d8:	f441 0170 	orr.w	r1, r1, #15728640	; 0xf00000
 80203dc:	f04f 0000 	mov.w	r0, #0
 80203e0:	bd30      	pop	{r4, r5, pc}
 80203e2:	ea7f 5c64 	mvns.w	ip, r4, asr #21
 80203e6:	bf1a      	itte	ne
 80203e8:	4619      	movne	r1, r3
 80203ea:	4610      	movne	r0, r2
 80203ec:	ea7f 5c65 	mvnseq.w	ip, r5, asr #21
 80203f0:	bf1c      	itt	ne
 80203f2:	460b      	movne	r3, r1
 80203f4:	4602      	movne	r2, r0
 80203f6:	ea50 3401 	orrs.w	r4, r0, r1, lsl #12
 80203fa:	bf06      	itte	eq
 80203fc:	ea52 3503 	orrseq.w	r5, r2, r3, lsl #12
 8020400:	ea91 0f03 	teqeq	r1, r3
 8020404:	f441 2100 	orrne.w	r1, r1, #524288	; 0x80000
 8020408:	bd30      	pop	{r4, r5, pc}
 802040a:	bf00      	nop

0802040c <__aeabi_ui2d>:
__floatunsidf():
 802040c:	f090 0f00 	teq	r0, #0
 8020410:	bf04      	itt	eq
 8020412:	2100      	moveq	r1, #0
 8020414:	4770      	bxeq	lr
 8020416:	b530      	push	{r4, r5, lr}
 8020418:	f44f 6480 	mov.w	r4, #1024	; 0x400
 802041c:	f104 0432 	add.w	r4, r4, #50	; 0x32
 8020420:	f04f 0500 	mov.w	r5, #0
 8020424:	f04f 0100 	mov.w	r1, #0
 8020428:	e750      	b.n	80202cc <__adddf3+0x138>
 802042a:	bf00      	nop

0802042c <__aeabi_i2d>:
__aeabi_i2d():
 802042c:	f090 0f00 	teq	r0, #0
 8020430:	bf04      	itt	eq
 8020432:	2100      	moveq	r1, #0
 8020434:	4770      	bxeq	lr
 8020436:	b530      	push	{r4, r5, lr}
 8020438:	f44f 6480 	mov.w	r4, #1024	; 0x400
 802043c:	f104 0432 	add.w	r4, r4, #50	; 0x32
 8020440:	f010 4500 	ands.w	r5, r0, #2147483648	; 0x80000000
 8020444:	bf48      	it	mi
 8020446:	4240      	negmi	r0, r0
 8020448:	f04f 0100 	mov.w	r1, #0
 802044c:	e73e      	b.n	80202cc <__adddf3+0x138>
 802044e:	bf00      	nop

08020450 <__aeabi_f2d>:
__aeabi_f2d():
 8020450:	0042      	lsls	r2, r0, #1
 8020452:	ea4f 01e2 	mov.w	r1, r2, asr #3
 8020456:	ea4f 0131 	mov.w	r1, r1, rrx
 802045a:	ea4f 7002 	mov.w	r0, r2, lsl #28
 802045e:	bf1f      	itttt	ne
 8020460:	f012 437f 	andsne.w	r3, r2, #4278190080	; 0xff000000
 8020464:	f093 4f7f 	teqne	r3, #4278190080	; 0xff000000
 8020468:	f081 5160 	eorne.w	r1, r1, #939524096	; 0x38000000
 802046c:	4770      	bxne	lr
 802046e:	f032 427f 	bics.w	r2, r2, #4278190080	; 0xff000000
 8020472:	bf08      	it	eq
 8020474:	4770      	bxeq	lr
 8020476:	f093 4f7f 	teq	r3, #4278190080	; 0xff000000
 802047a:	bf04      	itt	eq
 802047c:	f441 2100 	orreq.w	r1, r1, #524288	; 0x80000
 8020480:	4770      	bxeq	lr
 8020482:	b530      	push	{r4, r5, lr}
 8020484:	f44f 7460 	mov.w	r4, #896	; 0x380
 8020488:	f001 4500 	and.w	r5, r1, #2147483648	; 0x80000000
 802048c:	f021 4100 	bic.w	r1, r1, #2147483648	; 0x80000000
 8020490:	e71c      	b.n	80202cc <__adddf3+0x138>
 8020492:	bf00      	nop

08020494 <__aeabi_ul2d>:
__floatundidf():
 8020494:	ea50 0201 	orrs.w	r2, r0, r1
 8020498:	bf08      	it	eq
 802049a:	4770      	bxeq	lr
 802049c:	b530      	push	{r4, r5, lr}
 802049e:	f04f 0500 	mov.w	r5, #0
 80204a2:	e00a      	b.n	80204ba <__aeabi_l2d+0x16>

080204a4 <__aeabi_l2d>:
__aeabi_l2d():
 80204a4:	ea50 0201 	orrs.w	r2, r0, r1
 80204a8:	bf08      	it	eq
 80204aa:	4770      	bxeq	lr
 80204ac:	b530      	push	{r4, r5, lr}
 80204ae:	f011 4500 	ands.w	r5, r1, #2147483648	; 0x80000000
 80204b2:	d502      	bpl.n	80204ba <__aeabi_l2d+0x16>
 80204b4:	4240      	negs	r0, r0
 80204b6:	eb61 0141 	sbc.w	r1, r1, r1, lsl #1
 80204ba:	f44f 6480 	mov.w	r4, #1024	; 0x400
 80204be:	f104 0432 	add.w	r4, r4, #50	; 0x32
 80204c2:	ea5f 5c91 	movs.w	ip, r1, lsr #22
 80204c6:	f43f aed8 	beq.w	802027a <__adddf3+0xe6>
 80204ca:	f04f 0203 	mov.w	r2, #3
 80204ce:	ea5f 0cdc 	movs.w	ip, ip, lsr #3
 80204d2:	bf18      	it	ne
 80204d4:	3203      	addne	r2, #3
 80204d6:	ea5f 0cdc 	movs.w	ip, ip, lsr #3
 80204da:	bf18      	it	ne
 80204dc:	3203      	addne	r2, #3
 80204de:	eb02 02dc 	add.w	r2, r2, ip, lsr #3
 80204e2:	f1c2 0320 	rsb	r3, r2, #32
 80204e6:	fa00 fc03 	lsl.w	ip, r0, r3
 80204ea:	fa20 f002 	lsr.w	r0, r0, r2
 80204ee:	fa01 fe03 	lsl.w	lr, r1, r3
 80204f2:	ea40 000e 	orr.w	r0, r0, lr
 80204f6:	fa21 f102 	lsr.w	r1, r1, r2
 80204fa:	4414      	add	r4, r2
 80204fc:	e6bd      	b.n	802027a <__adddf3+0xe6>
 80204fe:	bf00      	nop

08020500 <__aeabi_dmul>:
__muldf3():
 8020500:	b570      	push	{r4, r5, r6, lr}
 8020502:	f04f 0cff 	mov.w	ip, #255	; 0xff
 8020506:	f44c 6ce0 	orr.w	ip, ip, #1792	; 0x700
 802050a:	ea1c 5411 	ands.w	r4, ip, r1, lsr #20
 802050e:	bf1d      	ittte	ne
 8020510:	ea1c 5513 	andsne.w	r5, ip, r3, lsr #20
 8020514:	ea94 0f0c 	teqne	r4, ip
 8020518:	ea95 0f0c 	teqne	r5, ip
 802051c:	f000 f8de 	bleq	80206dc <__aeabi_dmul+0x1dc>
 8020520:	442c      	add	r4, r5
 8020522:	ea81 0603 	eor.w	r6, r1, r3
 8020526:	ea21 514c 	bic.w	r1, r1, ip, lsl #21
 802052a:	ea23 534c 	bic.w	r3, r3, ip, lsl #21
 802052e:	ea50 3501 	orrs.w	r5, r0, r1, lsl #12
 8020532:	bf18      	it	ne
 8020534:	ea52 3503 	orrsne.w	r5, r2, r3, lsl #12
 8020538:	f441 1180 	orr.w	r1, r1, #1048576	; 0x100000
 802053c:	f443 1380 	orr.w	r3, r3, #1048576	; 0x100000
 8020540:	d038      	beq.n	80205b4 <__aeabi_dmul+0xb4>
 8020542:	fba0 ce02 	umull	ip, lr, r0, r2
 8020546:	f04f 0500 	mov.w	r5, #0
 802054a:	fbe1 e502 	umlal	lr, r5, r1, r2
 802054e:	f006 4200 	and.w	r2, r6, #2147483648	; 0x80000000
 8020552:	fbe0 e503 	umlal	lr, r5, r0, r3
 8020556:	f04f 0600 	mov.w	r6, #0
 802055a:	fbe1 5603 	umlal	r5, r6, r1, r3
 802055e:	f09c 0f00 	teq	ip, #0
 8020562:	bf18      	it	ne
 8020564:	f04e 0e01 	orrne.w	lr, lr, #1
 8020568:	f1a4 04ff 	sub.w	r4, r4, #255	; 0xff
 802056c:	f5b6 7f00 	cmp.w	r6, #512	; 0x200
 8020570:	f564 7440 	sbc.w	r4, r4, #768	; 0x300
 8020574:	d204      	bcs.n	8020580 <__aeabi_dmul+0x80>
 8020576:	ea5f 0e4e 	movs.w	lr, lr, lsl #1
 802057a:	416d      	adcs	r5, r5
 802057c:	eb46 0606 	adc.w	r6, r6, r6
 8020580:	ea42 21c6 	orr.w	r1, r2, r6, lsl #11
 8020584:	ea41 5155 	orr.w	r1, r1, r5, lsr #21
 8020588:	ea4f 20c5 	mov.w	r0, r5, lsl #11
 802058c:	ea40 505e 	orr.w	r0, r0, lr, lsr #21
 8020590:	ea4f 2ece 	mov.w	lr, lr, lsl #11
 8020594:	f1b4 0cfd 	subs.w	ip, r4, #253	; 0xfd
 8020598:	bf88      	it	hi
 802059a:	f5bc 6fe0 	cmphi.w	ip, #1792	; 0x700
 802059e:	d81e      	bhi.n	80205de <__aeabi_dmul+0xde>
 80205a0:	f1be 4f00 	cmp.w	lr, #2147483648	; 0x80000000
 80205a4:	bf08      	it	eq
 80205a6:	ea5f 0e50 	movseq.w	lr, r0, lsr #1
 80205aa:	f150 0000 	adcs.w	r0, r0, #0
 80205ae:	eb41 5104 	adc.w	r1, r1, r4, lsl #20
 80205b2:	bd70      	pop	{r4, r5, r6, pc}
 80205b4:	f006 4600 	and.w	r6, r6, #2147483648	; 0x80000000
 80205b8:	ea46 0101 	orr.w	r1, r6, r1
 80205bc:	ea40 0002 	orr.w	r0, r0, r2
 80205c0:	ea81 0103 	eor.w	r1, r1, r3
 80205c4:	ebb4 045c 	subs.w	r4, r4, ip, lsr #1
 80205c8:	bfc2      	ittt	gt
 80205ca:	ebd4 050c 	rsbsgt	r5, r4, ip
 80205ce:	ea41 5104 	orrgt.w	r1, r1, r4, lsl #20
 80205d2:	bd70      	popgt	{r4, r5, r6, pc}
 80205d4:	f441 1180 	orr.w	r1, r1, #1048576	; 0x100000
 80205d8:	f04f 0e00 	mov.w	lr, #0
 80205dc:	3c01      	subs	r4, #1
 80205de:	f300 80ab 	bgt.w	8020738 <__aeabi_dmul+0x238>
 80205e2:	f114 0f36 	cmn.w	r4, #54	; 0x36
 80205e6:	bfde      	ittt	le
 80205e8:	2000      	movle	r0, #0
 80205ea:	f001 4100 	andle.w	r1, r1, #2147483648	; 0x80000000
 80205ee:	bd70      	pople	{r4, r5, r6, pc}
 80205f0:	f1c4 0400 	rsb	r4, r4, #0
 80205f4:	3c20      	subs	r4, #32
 80205f6:	da35      	bge.n	8020664 <__aeabi_dmul+0x164>
 80205f8:	340c      	adds	r4, #12
 80205fa:	dc1b      	bgt.n	8020634 <__aeabi_dmul+0x134>
 80205fc:	f104 0414 	add.w	r4, r4, #20
 8020600:	f1c4 0520 	rsb	r5, r4, #32
 8020604:	fa00 f305 	lsl.w	r3, r0, r5
 8020608:	fa20 f004 	lsr.w	r0, r0, r4
 802060c:	fa01 f205 	lsl.w	r2, r1, r5
 8020610:	ea40 0002 	orr.w	r0, r0, r2
 8020614:	f001 4200 	and.w	r2, r1, #2147483648	; 0x80000000
 8020618:	f021 4100 	bic.w	r1, r1, #2147483648	; 0x80000000
 802061c:	eb10 70d3 	adds.w	r0, r0, r3, lsr #31
 8020620:	fa21 f604 	lsr.w	r6, r1, r4
 8020624:	eb42 0106 	adc.w	r1, r2, r6
 8020628:	ea5e 0e43 	orrs.w	lr, lr, r3, lsl #1
 802062c:	bf08      	it	eq
 802062e:	ea20 70d3 	biceq.w	r0, r0, r3, lsr #31
 8020632:	bd70      	pop	{r4, r5, r6, pc}
 8020634:	f1c4 040c 	rsb	r4, r4, #12
 8020638:	f1c4 0520 	rsb	r5, r4, #32
 802063c:	fa00 f304 	lsl.w	r3, r0, r4
 8020640:	fa20 f005 	lsr.w	r0, r0, r5
 8020644:	fa01 f204 	lsl.w	r2, r1, r4
 8020648:	ea40 0002 	orr.w	r0, r0, r2
 802064c:	f001 4100 	and.w	r1, r1, #2147483648	; 0x80000000
 8020650:	eb10 70d3 	adds.w	r0, r0, r3, lsr #31
 8020654:	f141 0100 	adc.w	r1, r1, #0
 8020658:	ea5e 0e43 	orrs.w	lr, lr, r3, lsl #1
 802065c:	bf08      	it	eq
 802065e:	ea20 70d3 	biceq.w	r0, r0, r3, lsr #31
 8020662:	bd70      	pop	{r4, r5, r6, pc}
 8020664:	f1c4 0520 	rsb	r5, r4, #32
 8020668:	fa00 f205 	lsl.w	r2, r0, r5
 802066c:	ea4e 0e02 	orr.w	lr, lr, r2
 8020670:	fa20 f304 	lsr.w	r3, r0, r4
 8020674:	fa01 f205 	lsl.w	r2, r1, r5
 8020678:	ea43 0302 	orr.w	r3, r3, r2
 802067c:	fa21 f004 	lsr.w	r0, r1, r4
 8020680:	f001 4100 	and.w	r1, r1, #2147483648	; 0x80000000
 8020684:	fa21 f204 	lsr.w	r2, r1, r4
 8020688:	ea20 0002 	bic.w	r0, r0, r2
 802068c:	eb00 70d3 	add.w	r0, r0, r3, lsr #31
 8020690:	ea5e 0e43 	orrs.w	lr, lr, r3, lsl #1
 8020694:	bf08      	it	eq
 8020696:	ea20 70d3 	biceq.w	r0, r0, r3, lsr #31
 802069a:	bd70      	pop	{r4, r5, r6, pc}
 802069c:	f094 0f00 	teq	r4, #0
 80206a0:	d10f      	bne.n	80206c2 <__aeabi_dmul+0x1c2>
 80206a2:	f001 4600 	and.w	r6, r1, #2147483648	; 0x80000000
 80206a6:	0040      	lsls	r0, r0, #1
 80206a8:	eb41 0101 	adc.w	r1, r1, r1
 80206ac:	f411 1f80 	tst.w	r1, #1048576	; 0x100000
 80206b0:	bf08      	it	eq
 80206b2:	3c01      	subeq	r4, #1
 80206b4:	d0f7      	beq.n	80206a6 <__aeabi_dmul+0x1a6>
 80206b6:	ea41 0106 	orr.w	r1, r1, r6
 80206ba:	f095 0f00 	teq	r5, #0
 80206be:	bf18      	it	ne
 80206c0:	4770      	bxne	lr
 80206c2:	f003 4600 	and.w	r6, r3, #2147483648	; 0x80000000
 80206c6:	0052      	lsls	r2, r2, #1
 80206c8:	eb43 0303 	adc.w	r3, r3, r3
 80206cc:	f413 1f80 	tst.w	r3, #1048576	; 0x100000
 80206d0:	bf08      	it	eq
 80206d2:	3d01      	subeq	r5, #1
 80206d4:	d0f7      	beq.n	80206c6 <__aeabi_dmul+0x1c6>
 80206d6:	ea43 0306 	orr.w	r3, r3, r6
 80206da:	4770      	bx	lr
 80206dc:	ea94 0f0c 	teq	r4, ip
 80206e0:	ea0c 5513 	and.w	r5, ip, r3, lsr #20
 80206e4:	bf18      	it	ne
 80206e6:	ea95 0f0c 	teqne	r5, ip
 80206ea:	d00c      	beq.n	8020706 <__aeabi_dmul+0x206>
 80206ec:	ea50 0641 	orrs.w	r6, r0, r1, lsl #1
 80206f0:	bf18      	it	ne
 80206f2:	ea52 0643 	orrsne.w	r6, r2, r3, lsl #1
 80206f6:	d1d1      	bne.n	802069c <__aeabi_dmul+0x19c>
 80206f8:	ea81 0103 	eor.w	r1, r1, r3
 80206fc:	f001 4100 	and.w	r1, r1, #2147483648	; 0x80000000
 8020700:	f04f 0000 	mov.w	r0, #0
 8020704:	bd70      	pop	{r4, r5, r6, pc}
 8020706:	ea50 0641 	orrs.w	r6, r0, r1, lsl #1
 802070a:	bf06      	itte	eq
 802070c:	4610      	moveq	r0, r2
 802070e:	4619      	moveq	r1, r3
 8020710:	ea52 0643 	orrsne.w	r6, r2, r3, lsl #1
 8020714:	d019      	beq.n	802074a <__aeabi_dmul+0x24a>
 8020716:	ea94 0f0c 	teq	r4, ip
 802071a:	d102      	bne.n	8020722 <__aeabi_dmul+0x222>
 802071c:	ea50 3601 	orrs.w	r6, r0, r1, lsl #12
 8020720:	d113      	bne.n	802074a <__aeabi_dmul+0x24a>
 8020722:	ea95 0f0c 	teq	r5, ip
 8020726:	d105      	bne.n	8020734 <__aeabi_dmul+0x234>
 8020728:	ea52 3603 	orrs.w	r6, r2, r3, lsl #12
 802072c:	bf1c      	itt	ne
 802072e:	4610      	movne	r0, r2
 8020730:	4619      	movne	r1, r3
 8020732:	d10a      	bne.n	802074a <__aeabi_dmul+0x24a>
 8020734:	ea81 0103 	eor.w	r1, r1, r3
 8020738:	f001 4100 	and.w	r1, r1, #2147483648	; 0x80000000
 802073c:	f041 41fe 	orr.w	r1, r1, #2130706432	; 0x7f000000
 8020740:	f441 0170 	orr.w	r1, r1, #15728640	; 0xf00000
 8020744:	f04f 0000 	mov.w	r0, #0
 8020748:	bd70      	pop	{r4, r5, r6, pc}
 802074a:	f041 41fe 	orr.w	r1, r1, #2130706432	; 0x7f000000
 802074e:	f441 0178 	orr.w	r1, r1, #16252928	; 0xf80000
 8020752:	bd70      	pop	{r4, r5, r6, pc}

08020754 <__aeabi_ddiv>:
__divdf3():
 8020754:	b570      	push	{r4, r5, r6, lr}
 8020756:	f04f 0cff 	mov.w	ip, #255	; 0xff
 802075a:	f44c 6ce0 	orr.w	ip, ip, #1792	; 0x700
 802075e:	ea1c 5411 	ands.w	r4, ip, r1, lsr #20
 8020762:	bf1d      	ittte	ne
 8020764:	ea1c 5513 	andsne.w	r5, ip, r3, lsr #20
 8020768:	ea94 0f0c 	teqne	r4, ip
 802076c:	ea95 0f0c 	teqne	r5, ip
 8020770:	f000 f8a7 	bleq	80208c2 <__aeabi_ddiv+0x16e>
 8020774:	eba4 0405 	sub.w	r4, r4, r5
 8020778:	ea81 0e03 	eor.w	lr, r1, r3
 802077c:	ea52 3503 	orrs.w	r5, r2, r3, lsl #12
 8020780:	ea4f 3101 	mov.w	r1, r1, lsl #12
 8020784:	f000 8088 	beq.w	8020898 <__aeabi_ddiv+0x144>
 8020788:	ea4f 3303 	mov.w	r3, r3, lsl #12
 802078c:	f04f 5580 	mov.w	r5, #268435456	; 0x10000000
 8020790:	ea45 1313 	orr.w	r3, r5, r3, lsr #4
 8020794:	ea43 6312 	orr.w	r3, r3, r2, lsr #24
 8020798:	ea4f 2202 	mov.w	r2, r2, lsl #8
 802079c:	ea45 1511 	orr.w	r5, r5, r1, lsr #4
 80207a0:	ea45 6510 	orr.w	r5, r5, r0, lsr #24
 80207a4:	ea4f 2600 	mov.w	r6, r0, lsl #8
 80207a8:	f00e 4100 	and.w	r1, lr, #2147483648	; 0x80000000
 80207ac:	429d      	cmp	r5, r3
 80207ae:	bf08      	it	eq
 80207b0:	4296      	cmpeq	r6, r2
 80207b2:	f144 04fd 	adc.w	r4, r4, #253	; 0xfd
 80207b6:	f504 7440 	add.w	r4, r4, #768	; 0x300
 80207ba:	d202      	bcs.n	80207c2 <__aeabi_ddiv+0x6e>
 80207bc:	085b      	lsrs	r3, r3, #1
 80207be:	ea4f 0232 	mov.w	r2, r2, rrx
 80207c2:	1ab6      	subs	r6, r6, r2
 80207c4:	eb65 0503 	sbc.w	r5, r5, r3
 80207c8:	085b      	lsrs	r3, r3, #1
 80207ca:	ea4f 0232 	mov.w	r2, r2, rrx
 80207ce:	f44f 1080 	mov.w	r0, #1048576	; 0x100000
 80207d2:	f44f 2c00 	mov.w	ip, #524288	; 0x80000
 80207d6:	ebb6 0e02 	subs.w	lr, r6, r2
 80207da:	eb75 0e03 	sbcs.w	lr, r5, r3
 80207de:	bf22      	ittt	cs
 80207e0:	1ab6      	subcs	r6, r6, r2
 80207e2:	4675      	movcs	r5, lr
 80207e4:	ea40 000c 	orrcs.w	r0, r0, ip
 80207e8:	085b      	lsrs	r3, r3, #1
 80207ea:	ea4f 0232 	mov.w	r2, r2, rrx
 80207ee:	ebb6 0e02 	subs.w	lr, r6, r2
 80207f2:	eb75 0e03 	sbcs.w	lr, r5, r3
 80207f6:	bf22      	ittt	cs
 80207f8:	1ab6      	subcs	r6, r6, r2
 80207fa:	4675      	movcs	r5, lr
 80207fc:	ea40 005c 	orrcs.w	r0, r0, ip, lsr #1
 8020800:	085b      	lsrs	r3, r3, #1
 8020802:	ea4f 0232 	mov.w	r2, r2, rrx
 8020806:	ebb6 0e02 	subs.w	lr, r6, r2
 802080a:	eb75 0e03 	sbcs.w	lr, r5, r3
 802080e:	bf22      	ittt	cs
 8020810:	1ab6      	subcs	r6, r6, r2
 8020812:	4675      	movcs	r5, lr
 8020814:	ea40 009c 	orrcs.w	r0, r0, ip, lsr #2
 8020818:	085b      	lsrs	r3, r3, #1
 802081a:	ea4f 0232 	mov.w	r2, r2, rrx
 802081e:	ebb6 0e02 	subs.w	lr, r6, r2
 8020822:	eb75 0e03 	sbcs.w	lr, r5, r3
 8020826:	bf22      	ittt	cs
 8020828:	1ab6      	subcs	r6, r6, r2
 802082a:	4675      	movcs	r5, lr
 802082c:	ea40 00dc 	orrcs.w	r0, r0, ip, lsr #3
 8020830:	ea55 0e06 	orrs.w	lr, r5, r6
 8020834:	d018      	beq.n	8020868 <__aeabi_ddiv+0x114>
 8020836:	ea4f 1505 	mov.w	r5, r5, lsl #4
 802083a:	ea45 7516 	orr.w	r5, r5, r6, lsr #28
 802083e:	ea4f 1606 	mov.w	r6, r6, lsl #4
 8020842:	ea4f 03c3 	mov.w	r3, r3, lsl #3
 8020846:	ea43 7352 	orr.w	r3, r3, r2, lsr #29
 802084a:	ea4f 02c2 	mov.w	r2, r2, lsl #3
 802084e:	ea5f 1c1c 	movs.w	ip, ip, lsr #4
 8020852:	d1c0      	bne.n	80207d6 <__aeabi_ddiv+0x82>
 8020854:	f411 1f80 	tst.w	r1, #1048576	; 0x100000
 8020858:	d10b      	bne.n	8020872 <__aeabi_ddiv+0x11e>
 802085a:	ea41 0100 	orr.w	r1, r1, r0
 802085e:	f04f 0000 	mov.w	r0, #0
 8020862:	f04f 4c00 	mov.w	ip, #2147483648	; 0x80000000
 8020866:	e7b6      	b.n	80207d6 <__aeabi_ddiv+0x82>
 8020868:	f411 1f80 	tst.w	r1, #1048576	; 0x100000
 802086c:	bf04      	itt	eq
 802086e:	4301      	orreq	r1, r0
 8020870:	2000      	moveq	r0, #0
 8020872:	f1b4 0cfd 	subs.w	ip, r4, #253	; 0xfd
 8020876:	bf88      	it	hi
 8020878:	f5bc 6fe0 	cmphi.w	ip, #1792	; 0x700
 802087c:	f63f aeaf 	bhi.w	80205de <__aeabi_dmul+0xde>
 8020880:	ebb5 0c03 	subs.w	ip, r5, r3
 8020884:	bf04      	itt	eq
 8020886:	ebb6 0c02 	subseq.w	ip, r6, r2
 802088a:	ea5f 0c50 	movseq.w	ip, r0, lsr #1
 802088e:	f150 0000 	adcs.w	r0, r0, #0
 8020892:	eb41 5104 	adc.w	r1, r1, r4, lsl #20
 8020896:	bd70      	pop	{r4, r5, r6, pc}
 8020898:	f00e 4e00 	and.w	lr, lr, #2147483648	; 0x80000000
 802089c:	ea4e 3111 	orr.w	r1, lr, r1, lsr #12
 80208a0:	eb14 045c 	adds.w	r4, r4, ip, lsr #1
 80208a4:	bfc2      	ittt	gt
 80208a6:	ebd4 050c 	rsbsgt	r5, r4, ip
 80208aa:	ea41 5104 	orrgt.w	r1, r1, r4, lsl #20
 80208ae:	bd70      	popgt	{r4, r5, r6, pc}
 80208b0:	f441 1180 	orr.w	r1, r1, #1048576	; 0x100000
 80208b4:	f04f 0e00 	mov.w	lr, #0
 80208b8:	3c01      	subs	r4, #1
 80208ba:	e690      	b.n	80205de <__aeabi_dmul+0xde>
 80208bc:	ea45 0e06 	orr.w	lr, r5, r6
 80208c0:	e68d      	b.n	80205de <__aeabi_dmul+0xde>
 80208c2:	ea0c 5513 	and.w	r5, ip, r3, lsr #20
 80208c6:	ea94 0f0c 	teq	r4, ip
 80208ca:	bf08      	it	eq
 80208cc:	ea95 0f0c 	teqeq	r5, ip
 80208d0:	f43f af3b 	beq.w	802074a <__aeabi_dmul+0x24a>
 80208d4:	ea94 0f0c 	teq	r4, ip
 80208d8:	d10a      	bne.n	80208f0 <__aeabi_ddiv+0x19c>
 80208da:	ea50 3401 	orrs.w	r4, r0, r1, lsl #12
 80208de:	f47f af34 	bne.w	802074a <__aeabi_dmul+0x24a>
 80208e2:	ea95 0f0c 	teq	r5, ip
 80208e6:	f47f af25 	bne.w	8020734 <__aeabi_dmul+0x234>
 80208ea:	4610      	mov	r0, r2
 80208ec:	4619      	mov	r1, r3
 80208ee:	e72c      	b.n	802074a <__aeabi_dmul+0x24a>
 80208f0:	ea95 0f0c 	teq	r5, ip
 80208f4:	d106      	bne.n	8020904 <__aeabi_ddiv+0x1b0>
 80208f6:	ea52 3503 	orrs.w	r5, r2, r3, lsl #12
 80208fa:	f43f aefd 	beq.w	80206f8 <__aeabi_dmul+0x1f8>
 80208fe:	4610      	mov	r0, r2
 8020900:	4619      	mov	r1, r3
 8020902:	e722      	b.n	802074a <__aeabi_dmul+0x24a>
 8020904:	ea50 0641 	orrs.w	r6, r0, r1, lsl #1
 8020908:	bf18      	it	ne
 802090a:	ea52 0643 	orrsne.w	r6, r2, r3, lsl #1
 802090e:	f47f aec5 	bne.w	802069c <__aeabi_dmul+0x19c>
 8020912:	ea50 0441 	orrs.w	r4, r0, r1, lsl #1
 8020916:	f47f af0d 	bne.w	8020734 <__aeabi_dmul+0x234>
 802091a:	ea52 0543 	orrs.w	r5, r2, r3, lsl #1
 802091e:	f47f aeeb 	bne.w	80206f8 <__aeabi_dmul+0x1f8>
 8020922:	e712      	b.n	802074a <__aeabi_dmul+0x24a>

08020924 <__aeabi_d2f>:
__truncdfsf2():
 8020924:	ea4f 0241 	mov.w	r2, r1, lsl #1
 8020928:	f1b2 43e0 	subs.w	r3, r2, #1879048192	; 0x70000000
 802092c:	bf24      	itt	cs
 802092e:	f5b3 1c00 	subscs.w	ip, r3, #2097152	; 0x200000
 8020932:	f1dc 5cfe 	rsbscs	ip, ip, #532676608	; 0x1fc00000
 8020936:	d90d      	bls.n	8020954 <__aeabi_d2f+0x30>
 8020938:	f001 4c00 	and.w	ip, r1, #2147483648	; 0x80000000
 802093c:	ea4f 02c0 	mov.w	r2, r0, lsl #3
 8020940:	ea4c 7050 	orr.w	r0, ip, r0, lsr #29
 8020944:	f1b2 4f00 	cmp.w	r2, #2147483648	; 0x80000000
 8020948:	eb40 0083 	adc.w	r0, r0, r3, lsl #2
 802094c:	bf08      	it	eq
 802094e:	f020 0001 	biceq.w	r0, r0, #1
 8020952:	4770      	bx	lr
 8020954:	f011 4f80 	tst.w	r1, #1073741824	; 0x40000000
 8020958:	d121      	bne.n	802099e <__aeabi_d2f+0x7a>
 802095a:	f113 7238 	adds.w	r2, r3, #48234496	; 0x2e00000
 802095e:	bfbc      	itt	lt
 8020960:	f001 4000 	andlt.w	r0, r1, #2147483648	; 0x80000000
 8020964:	4770      	bxlt	lr
 8020966:	f441 1180 	orr.w	r1, r1, #1048576	; 0x100000
 802096a:	ea4f 5252 	mov.w	r2, r2, lsr #21
 802096e:	f1c2 0218 	rsb	r2, r2, #24
 8020972:	f1c2 0c20 	rsb	ip, r2, #32
 8020976:	fa10 f30c 	lsls.w	r3, r0, ip
 802097a:	fa20 f002 	lsr.w	r0, r0, r2
 802097e:	bf18      	it	ne
 8020980:	f040 0001 	orrne.w	r0, r0, #1
 8020984:	ea4f 23c1 	mov.w	r3, r1, lsl #11
 8020988:	ea4f 23d3 	mov.w	r3, r3, lsr #11
 802098c:	fa03 fc0c 	lsl.w	ip, r3, ip
 8020990:	ea40 000c 	orr.w	r0, r0, ip
 8020994:	fa23 f302 	lsr.w	r3, r3, r2
 8020998:	ea4f 0343 	mov.w	r3, r3, lsl #1
 802099c:	e7cc      	b.n	8020938 <__aeabi_d2f+0x14>
 802099e:	ea7f 5362 	mvns.w	r3, r2, asr #21
 80209a2:	d107      	bne.n	80209b4 <__aeabi_d2f+0x90>
 80209a4:	ea50 3301 	orrs.w	r3, r0, r1, lsl #12
 80209a8:	bf1e      	ittt	ne
 80209aa:	f04f 40fe 	movne.w	r0, #2130706432	; 0x7f000000
 80209ae:	f440 0040 	orrne.w	r0, r0, #12582912	; 0xc00000
 80209b2:	4770      	bxne	lr
 80209b4:	f001 4000 	and.w	r0, r1, #2147483648	; 0x80000000
 80209b8:	f040 40fe 	orr.w	r0, r0, #2130706432	; 0x7f000000
 80209bc:	f440 0000 	orr.w	r0, r0, #8388608	; 0x800000
 80209c0:	4770      	bx	lr
 80209c2:	bf00      	nop

080209c4 <__aeabi_frsub>:
__aeabi_frsub():
 80209c4:	f080 4000 	eor.w	r0, r0, #2147483648	; 0x80000000
 80209c8:	e002      	b.n	80209d0 <__addsf3>
 80209ca:	bf00      	nop

080209cc <__aeabi_fsub>:
__aeabi_fsub():
 80209cc:	f081 4100 	eor.w	r1, r1, #2147483648	; 0x80000000

080209d0 <__addsf3>:
__addsf3():
 80209d0:	0042      	lsls	r2, r0, #1
 80209d2:	bf1f      	itttt	ne
 80209d4:	ea5f 0341 	movsne.w	r3, r1, lsl #1
 80209d8:	ea92 0f03 	teqne	r2, r3
 80209dc:	ea7f 6c22 	mvnsne.w	ip, r2, asr #24
 80209e0:	ea7f 6c23 	mvnsne.w	ip, r3, asr #24
 80209e4:	d06a      	beq.n	8020abc <__addsf3+0xec>
 80209e6:	ea4f 6212 	mov.w	r2, r2, lsr #24
 80209ea:	ebd2 6313 	rsbs	r3, r2, r3, lsr #24
 80209ee:	bfc1      	itttt	gt
 80209f0:	18d2      	addgt	r2, r2, r3
 80209f2:	4041      	eorgt	r1, r0
 80209f4:	4048      	eorgt	r0, r1
 80209f6:	4041      	eorgt	r1, r0
 80209f8:	bfb8      	it	lt
 80209fa:	425b      	neglt	r3, r3
 80209fc:	2b19      	cmp	r3, #25
 80209fe:	bf88      	it	hi
 8020a00:	4770      	bxhi	lr
 8020a02:	f010 4f00 	tst.w	r0, #2147483648	; 0x80000000
 8020a06:	f440 0000 	orr.w	r0, r0, #8388608	; 0x800000
 8020a0a:	f020 407f 	bic.w	r0, r0, #4278190080	; 0xff000000
 8020a0e:	bf18      	it	ne
 8020a10:	4240      	negne	r0, r0
 8020a12:	f011 4f00 	tst.w	r1, #2147483648	; 0x80000000
 8020a16:	f441 0100 	orr.w	r1, r1, #8388608	; 0x800000
 8020a1a:	f021 417f 	bic.w	r1, r1, #4278190080	; 0xff000000
 8020a1e:	bf18      	it	ne
 8020a20:	4249      	negne	r1, r1
 8020a22:	ea92 0f03 	teq	r2, r3
 8020a26:	d03f      	beq.n	8020aa8 <__addsf3+0xd8>
 8020a28:	f1a2 0201 	sub.w	r2, r2, #1
 8020a2c:	fa41 fc03 	asr.w	ip, r1, r3
 8020a30:	eb10 000c 	adds.w	r0, r0, ip
 8020a34:	f1c3 0320 	rsb	r3, r3, #32
 8020a38:	fa01 f103 	lsl.w	r1, r1, r3
 8020a3c:	f000 4300 	and.w	r3, r0, #2147483648	; 0x80000000
 8020a40:	d502      	bpl.n	8020a48 <__addsf3+0x78>
 8020a42:	4249      	negs	r1, r1
 8020a44:	eb60 0040 	sbc.w	r0, r0, r0, lsl #1
 8020a48:	f5b0 0f00 	cmp.w	r0, #8388608	; 0x800000
 8020a4c:	d313      	bcc.n	8020a76 <__addsf3+0xa6>
 8020a4e:	f1b0 7f80 	cmp.w	r0, #16777216	; 0x1000000
 8020a52:	d306      	bcc.n	8020a62 <__addsf3+0x92>
 8020a54:	0840      	lsrs	r0, r0, #1
 8020a56:	ea4f 0131 	mov.w	r1, r1, rrx
 8020a5a:	f102 0201 	add.w	r2, r2, #1
 8020a5e:	2afe      	cmp	r2, #254	; 0xfe
 8020a60:	d251      	bcs.n	8020b06 <__addsf3+0x136>
 8020a62:	f1b1 4f00 	cmp.w	r1, #2147483648	; 0x80000000
 8020a66:	eb40 50c2 	adc.w	r0, r0, r2, lsl #23
 8020a6a:	bf08      	it	eq
 8020a6c:	f020 0001 	biceq.w	r0, r0, #1
 8020a70:	ea40 0003 	orr.w	r0, r0, r3
 8020a74:	4770      	bx	lr
 8020a76:	0049      	lsls	r1, r1, #1
 8020a78:	eb40 0000 	adc.w	r0, r0, r0
 8020a7c:	3a01      	subs	r2, #1
 8020a7e:	bf28      	it	cs
 8020a80:	f5b0 0f00 	cmpcs.w	r0, #8388608	; 0x800000
 8020a84:	d2ed      	bcs.n	8020a62 <__addsf3+0x92>
 8020a86:	fab0 fc80 	clz	ip, r0
 8020a8a:	f1ac 0c08 	sub.w	ip, ip, #8
 8020a8e:	ebb2 020c 	subs.w	r2, r2, ip
 8020a92:	fa00 f00c 	lsl.w	r0, r0, ip
 8020a96:	bfaa      	itet	ge
 8020a98:	eb00 50c2 	addge.w	r0, r0, r2, lsl #23
 8020a9c:	4252      	neglt	r2, r2
 8020a9e:	4318      	orrge	r0, r3
 8020aa0:	bfbc      	itt	lt
 8020aa2:	40d0      	lsrlt	r0, r2
 8020aa4:	4318      	orrlt	r0, r3
 8020aa6:	4770      	bx	lr
 8020aa8:	f092 0f00 	teq	r2, #0
 8020aac:	f481 0100 	eor.w	r1, r1, #8388608	; 0x800000
 8020ab0:	bf06      	itte	eq
 8020ab2:	f480 0000 	eoreq.w	r0, r0, #8388608	; 0x800000
 8020ab6:	3201      	addeq	r2, #1
 8020ab8:	3b01      	subne	r3, #1
 8020aba:	e7b5      	b.n	8020a28 <__addsf3+0x58>
 8020abc:	ea4f 0341 	mov.w	r3, r1, lsl #1
 8020ac0:	ea7f 6c22 	mvns.w	ip, r2, asr #24
 8020ac4:	bf18      	it	ne
 8020ac6:	ea7f 6c23 	mvnsne.w	ip, r3, asr #24
 8020aca:	d021      	beq.n	8020b10 <__addsf3+0x140>
 8020acc:	ea92 0f03 	teq	r2, r3
 8020ad0:	d004      	beq.n	8020adc <__addsf3+0x10c>
 8020ad2:	f092 0f00 	teq	r2, #0
 8020ad6:	bf08      	it	eq
 8020ad8:	4608      	moveq	r0, r1
 8020ada:	4770      	bx	lr
 8020adc:	ea90 0f01 	teq	r0, r1
 8020ae0:	bf1c      	itt	ne
 8020ae2:	2000      	movne	r0, #0
 8020ae4:	4770      	bxne	lr
 8020ae6:	f012 4f7f 	tst.w	r2, #4278190080	; 0xff000000
 8020aea:	d104      	bne.n	8020af6 <__addsf3+0x126>
 8020aec:	0040      	lsls	r0, r0, #1
 8020aee:	bf28      	it	cs
 8020af0:	f040 4000 	orrcs.w	r0, r0, #2147483648	; 0x80000000
 8020af4:	4770      	bx	lr
 8020af6:	f112 7200 	adds.w	r2, r2, #33554432	; 0x2000000
 8020afa:	bf3c      	itt	cc
 8020afc:	f500 0000 	addcc.w	r0, r0, #8388608	; 0x800000
 8020b00:	4770      	bxcc	lr
 8020b02:	f000 4300 	and.w	r3, r0, #2147483648	; 0x80000000
 8020b06:	f043 40fe 	orr.w	r0, r3, #2130706432	; 0x7f000000
 8020b0a:	f440 0000 	orr.w	r0, r0, #8388608	; 0x800000
 8020b0e:	4770      	bx	lr
 8020b10:	ea7f 6222 	mvns.w	r2, r2, asr #24
 8020b14:	bf16      	itet	ne
 8020b16:	4608      	movne	r0, r1
 8020b18:	ea7f 6323 	mvnseq.w	r3, r3, asr #24
 8020b1c:	4601      	movne	r1, r0
 8020b1e:	0242      	lsls	r2, r0, #9
 8020b20:	bf06      	itte	eq
 8020b22:	ea5f 2341 	movseq.w	r3, r1, lsl #9
 8020b26:	ea90 0f01 	teqeq	r0, r1
 8020b2a:	f440 0080 	orrne.w	r0, r0, #4194304	; 0x400000
 8020b2e:	4770      	bx	lr

08020b30 <__aeabi_ui2f>:
__floatunsisf():
 8020b30:	f04f 0300 	mov.w	r3, #0
 8020b34:	e004      	b.n	8020b40 <__aeabi_i2f+0x8>
 8020b36:	bf00      	nop

08020b38 <__aeabi_i2f>:
__floatsisf():
 8020b38:	f010 4300 	ands.w	r3, r0, #2147483648	; 0x80000000
 8020b3c:	bf48      	it	mi
 8020b3e:	4240      	negmi	r0, r0
 8020b40:	ea5f 0c00 	movs.w	ip, r0
 8020b44:	bf08      	it	eq
 8020b46:	4770      	bxeq	lr
 8020b48:	f043 4396 	orr.w	r3, r3, #1258291200	; 0x4b000000
 8020b4c:	4601      	mov	r1, r0
 8020b4e:	f04f 0000 	mov.w	r0, #0
 8020b52:	e01c      	b.n	8020b8e <__aeabi_l2f+0x2a>

08020b54 <__aeabi_ul2f>:
__aeabi_ul2f():
 8020b54:	ea50 0201 	orrs.w	r2, r0, r1
 8020b58:	bf08      	it	eq
 8020b5a:	4770      	bxeq	lr
 8020b5c:	f04f 0300 	mov.w	r3, #0
 8020b60:	e00a      	b.n	8020b78 <__aeabi_l2f+0x14>
 8020b62:	bf00      	nop

08020b64 <__aeabi_l2f>:
__aeabi_l2f():
 8020b64:	ea50 0201 	orrs.w	r2, r0, r1
 8020b68:	bf08      	it	eq
 8020b6a:	4770      	bxeq	lr
 8020b6c:	f011 4300 	ands.w	r3, r1, #2147483648	; 0x80000000
 8020b70:	d502      	bpl.n	8020b78 <__aeabi_l2f+0x14>
 8020b72:	4240      	negs	r0, r0
 8020b74:	eb61 0141 	sbc.w	r1, r1, r1, lsl #1
 8020b78:	ea5f 0c01 	movs.w	ip, r1
 8020b7c:	bf02      	ittt	eq
 8020b7e:	4684      	moveq	ip, r0
 8020b80:	4601      	moveq	r1, r0
 8020b82:	2000      	moveq	r0, #0
 8020b84:	f043 43b6 	orr.w	r3, r3, #1526726656	; 0x5b000000
 8020b88:	bf08      	it	eq
 8020b8a:	f1a3 5380 	subeq.w	r3, r3, #268435456	; 0x10000000
 8020b8e:	f5a3 0300 	sub.w	r3, r3, #8388608	; 0x800000
 8020b92:	fabc f28c 	clz	r2, ip
 8020b96:	3a08      	subs	r2, #8
 8020b98:	eba3 53c2 	sub.w	r3, r3, r2, lsl #23
 8020b9c:	db10      	blt.n	8020bc0 <__aeabi_l2f+0x5c>
 8020b9e:	fa01 fc02 	lsl.w	ip, r1, r2
 8020ba2:	4463      	add	r3, ip
 8020ba4:	fa00 fc02 	lsl.w	ip, r0, r2
 8020ba8:	f1c2 0220 	rsb	r2, r2, #32
 8020bac:	f1bc 4f00 	cmp.w	ip, #2147483648	; 0x80000000
 8020bb0:	fa20 f202 	lsr.w	r2, r0, r2
 8020bb4:	eb43 0002 	adc.w	r0, r3, r2
 8020bb8:	bf08      	it	eq
 8020bba:	f020 0001 	biceq.w	r0, r0, #1
 8020bbe:	4770      	bx	lr
 8020bc0:	f102 0220 	add.w	r2, r2, #32
 8020bc4:	fa01 fc02 	lsl.w	ip, r1, r2
 8020bc8:	f1c2 0220 	rsb	r2, r2, #32
 8020bcc:	ea50 004c 	orrs.w	r0, r0, ip, lsl #1
 8020bd0:	fa21 f202 	lsr.w	r2, r1, r2
 8020bd4:	eb43 0002 	adc.w	r0, r3, r2
 8020bd8:	bf08      	it	eq
 8020bda:	ea20 70dc 	biceq.w	r0, r0, ip, lsr #31
 8020bde:	4770      	bx	lr

08020be0 <__aeabi_fmul>:
__aeabi_fmul():
 8020be0:	f04f 0cff 	mov.w	ip, #255	; 0xff
 8020be4:	ea1c 52d0 	ands.w	r2, ip, r0, lsr #23
 8020be8:	bf1e      	ittt	ne
 8020bea:	ea1c 53d1 	andsne.w	r3, ip, r1, lsr #23
 8020bee:	ea92 0f0c 	teqne	r2, ip
 8020bf2:	ea93 0f0c 	teqne	r3, ip
 8020bf6:	d06f      	beq.n	8020cd8 <__aeabi_fmul+0xf8>
 8020bf8:	441a      	add	r2, r3
 8020bfa:	ea80 0c01 	eor.w	ip, r0, r1
 8020bfe:	0240      	lsls	r0, r0, #9
 8020c00:	bf18      	it	ne
 8020c02:	ea5f 2141 	movsne.w	r1, r1, lsl #9
 8020c06:	d01e      	beq.n	8020c46 <__aeabi_fmul+0x66>
 8020c08:	f04f 6300 	mov.w	r3, #134217728	; 0x8000000
 8020c0c:	ea43 1050 	orr.w	r0, r3, r0, lsr #5
 8020c10:	ea43 1151 	orr.w	r1, r3, r1, lsr #5
 8020c14:	fba0 3101 	umull	r3, r1, r0, r1
 8020c18:	f00c 4000 	and.w	r0, ip, #2147483648	; 0x80000000
 8020c1c:	f5b1 0f00 	cmp.w	r1, #8388608	; 0x800000
 8020c20:	bf3e      	ittt	cc
 8020c22:	0049      	lslcc	r1, r1, #1
 8020c24:	ea41 71d3 	orrcc.w	r1, r1, r3, lsr #31
 8020c28:	005b      	lslcc	r3, r3, #1
 8020c2a:	ea40 0001 	orr.w	r0, r0, r1
 8020c2e:	f162 027f 	sbc.w	r2, r2, #127	; 0x7f
 8020c32:	2afd      	cmp	r2, #253	; 0xfd
 8020c34:	d81d      	bhi.n	8020c72 <__aeabi_fmul+0x92>
 8020c36:	f1b3 4f00 	cmp.w	r3, #2147483648	; 0x80000000
 8020c3a:	eb40 50c2 	adc.w	r0, r0, r2, lsl #23
 8020c3e:	bf08      	it	eq
 8020c40:	f020 0001 	biceq.w	r0, r0, #1
 8020c44:	4770      	bx	lr
 8020c46:	f090 0f00 	teq	r0, #0
 8020c4a:	f00c 4c00 	and.w	ip, ip, #2147483648	; 0x80000000
 8020c4e:	bf08      	it	eq
 8020c50:	0249      	lsleq	r1, r1, #9
 8020c52:	ea4c 2050 	orr.w	r0, ip, r0, lsr #9
 8020c56:	ea40 2051 	orr.w	r0, r0, r1, lsr #9
 8020c5a:	3a7f      	subs	r2, #127	; 0x7f
 8020c5c:	bfc2      	ittt	gt
 8020c5e:	f1d2 03ff 	rsbsgt	r3, r2, #255	; 0xff
 8020c62:	ea40 50c2 	orrgt.w	r0, r0, r2, lsl #23
 8020c66:	4770      	bxgt	lr
 8020c68:	f440 0000 	orr.w	r0, r0, #8388608	; 0x800000
 8020c6c:	f04f 0300 	mov.w	r3, #0
 8020c70:	3a01      	subs	r2, #1
 8020c72:	dc5d      	bgt.n	8020d30 <__aeabi_fmul+0x150>
 8020c74:	f112 0f19 	cmn.w	r2, #25
 8020c78:	bfdc      	itt	le
 8020c7a:	f000 4000 	andle.w	r0, r0, #2147483648	; 0x80000000
 8020c7e:	4770      	bxle	lr
 8020c80:	f1c2 0200 	rsb	r2, r2, #0
 8020c84:	0041      	lsls	r1, r0, #1
 8020c86:	fa21 f102 	lsr.w	r1, r1, r2
 8020c8a:	f1c2 0220 	rsb	r2, r2, #32
 8020c8e:	fa00 fc02 	lsl.w	ip, r0, r2
 8020c92:	ea5f 0031 	movs.w	r0, r1, rrx
 8020c96:	f140 0000 	adc.w	r0, r0, #0
 8020c9a:	ea53 034c 	orrs.w	r3, r3, ip, lsl #1
 8020c9e:	bf08      	it	eq
 8020ca0:	ea20 70dc 	biceq.w	r0, r0, ip, lsr #31
 8020ca4:	4770      	bx	lr
 8020ca6:	f092 0f00 	teq	r2, #0
 8020caa:	f000 4c00 	and.w	ip, r0, #2147483648	; 0x80000000
 8020cae:	bf02      	ittt	eq
 8020cb0:	0040      	lsleq	r0, r0, #1
 8020cb2:	f410 0f00 	tsteq.w	r0, #8388608	; 0x800000
 8020cb6:	3a01      	subeq	r2, #1
 8020cb8:	d0f9      	beq.n	8020cae <__aeabi_fmul+0xce>
 8020cba:	ea40 000c 	orr.w	r0, r0, ip
 8020cbe:	f093 0f00 	teq	r3, #0
 8020cc2:	f001 4c00 	and.w	ip, r1, #2147483648	; 0x80000000
 8020cc6:	bf02      	ittt	eq
 8020cc8:	0049      	lsleq	r1, r1, #1
 8020cca:	f411 0f00 	tsteq.w	r1, #8388608	; 0x800000
 8020cce:	3b01      	subeq	r3, #1
 8020cd0:	d0f9      	beq.n	8020cc6 <__aeabi_fmul+0xe6>
 8020cd2:	ea41 010c 	orr.w	r1, r1, ip
 8020cd6:	e78f      	b.n	8020bf8 <__aeabi_fmul+0x18>
 8020cd8:	ea0c 53d1 	and.w	r3, ip, r1, lsr #23
 8020cdc:	ea92 0f0c 	teq	r2, ip
 8020ce0:	bf18      	it	ne
 8020ce2:	ea93 0f0c 	teqne	r3, ip
 8020ce6:	d00a      	beq.n	8020cfe <__aeabi_fmul+0x11e>
 8020ce8:	f030 4c00 	bics.w	ip, r0, #2147483648	; 0x80000000
 8020cec:	bf18      	it	ne
 8020cee:	f031 4c00 	bicsne.w	ip, r1, #2147483648	; 0x80000000
 8020cf2:	d1d8      	bne.n	8020ca6 <__aeabi_fmul+0xc6>
 8020cf4:	ea80 0001 	eor.w	r0, r0, r1
 8020cf8:	f000 4000 	and.w	r0, r0, #2147483648	; 0x80000000
 8020cfc:	4770      	bx	lr
 8020cfe:	f090 0f00 	teq	r0, #0
 8020d02:	bf17      	itett	ne
 8020d04:	f090 4f00 	teqne	r0, #2147483648	; 0x80000000
 8020d08:	4608      	moveq	r0, r1
 8020d0a:	f091 0f00 	teqne	r1, #0
 8020d0e:	f091 4f00 	teqne	r1, #2147483648	; 0x80000000
 8020d12:	d014      	beq.n	8020d3e <__aeabi_fmul+0x15e>
 8020d14:	ea92 0f0c 	teq	r2, ip
 8020d18:	d101      	bne.n	8020d1e <__aeabi_fmul+0x13e>
 8020d1a:	0242      	lsls	r2, r0, #9
 8020d1c:	d10f      	bne.n	8020d3e <__aeabi_fmul+0x15e>
 8020d1e:	ea93 0f0c 	teq	r3, ip
 8020d22:	d103      	bne.n	8020d2c <__aeabi_fmul+0x14c>
 8020d24:	024b      	lsls	r3, r1, #9
 8020d26:	bf18      	it	ne
 8020d28:	4608      	movne	r0, r1
 8020d2a:	d108      	bne.n	8020d3e <__aeabi_fmul+0x15e>
 8020d2c:	ea80 0001 	eor.w	r0, r0, r1
 8020d30:	f000 4000 	and.w	r0, r0, #2147483648	; 0x80000000
 8020d34:	f040 40fe 	orr.w	r0, r0, #2130706432	; 0x7f000000
 8020d38:	f440 0000 	orr.w	r0, r0, #8388608	; 0x800000
 8020d3c:	4770      	bx	lr
 8020d3e:	f040 40fe 	orr.w	r0, r0, #2130706432	; 0x7f000000
 8020d42:	f440 0040 	orr.w	r0, r0, #12582912	; 0xc00000
 8020d46:	4770      	bx	lr

08020d48 <__aeabi_fdiv>:
__aeabi_fdiv():
 8020d48:	f04f 0cff 	mov.w	ip, #255	; 0xff
 8020d4c:	ea1c 52d0 	ands.w	r2, ip, r0, lsr #23
 8020d50:	bf1e      	ittt	ne
 8020d52:	ea1c 53d1 	andsne.w	r3, ip, r1, lsr #23
 8020d56:	ea92 0f0c 	teqne	r2, ip
 8020d5a:	ea93 0f0c 	teqne	r3, ip
 8020d5e:	d069      	beq.n	8020e34 <__aeabi_fdiv+0xec>
 8020d60:	eba2 0203 	sub.w	r2, r2, r3
 8020d64:	ea80 0c01 	eor.w	ip, r0, r1
 8020d68:	0249      	lsls	r1, r1, #9
 8020d6a:	ea4f 2040 	mov.w	r0, r0, lsl #9
 8020d6e:	d037      	beq.n	8020de0 <__aeabi_fdiv+0x98>
 8020d70:	f04f 5380 	mov.w	r3, #268435456	; 0x10000000
 8020d74:	ea43 1111 	orr.w	r1, r3, r1, lsr #4
 8020d78:	ea43 1310 	orr.w	r3, r3, r0, lsr #4
 8020d7c:	f00c 4000 	and.w	r0, ip, #2147483648	; 0x80000000
 8020d80:	428b      	cmp	r3, r1
 8020d82:	bf38      	it	cc
 8020d84:	005b      	lslcc	r3, r3, #1
 8020d86:	f142 027d 	adc.w	r2, r2, #125	; 0x7d
 8020d8a:	f44f 0c00 	mov.w	ip, #8388608	; 0x800000
 8020d8e:	428b      	cmp	r3, r1
 8020d90:	bf24      	itt	cs
 8020d92:	1a5b      	subcs	r3, r3, r1
 8020d94:	ea40 000c 	orrcs.w	r0, r0, ip
 8020d98:	ebb3 0f51 	cmp.w	r3, r1, lsr #1
 8020d9c:	bf24      	itt	cs
 8020d9e:	eba3 0351 	subcs.w	r3, r3, r1, lsr #1
 8020da2:	ea40 005c 	orrcs.w	r0, r0, ip, lsr #1
 8020da6:	ebb3 0f91 	cmp.w	r3, r1, lsr #2
 8020daa:	bf24      	itt	cs
 8020dac:	eba3 0391 	subcs.w	r3, r3, r1, lsr #2
 8020db0:	ea40 009c 	orrcs.w	r0, r0, ip, lsr #2
 8020db4:	ebb3 0fd1 	cmp.w	r3, r1, lsr #3
 8020db8:	bf24      	itt	cs
 8020dba:	eba3 03d1 	subcs.w	r3, r3, r1, lsr #3
 8020dbe:	ea40 00dc 	orrcs.w	r0, r0, ip, lsr #3
 8020dc2:	011b      	lsls	r3, r3, #4
 8020dc4:	bf18      	it	ne
 8020dc6:	ea5f 1c1c 	movsne.w	ip, ip, lsr #4
 8020dca:	d1e0      	bne.n	8020d8e <__aeabi_fdiv+0x46>
 8020dcc:	2afd      	cmp	r2, #253	; 0xfd
 8020dce:	f63f af50 	bhi.w	8020c72 <__aeabi_fmul+0x92>
 8020dd2:	428b      	cmp	r3, r1
 8020dd4:	eb40 50c2 	adc.w	r0, r0, r2, lsl #23
 8020dd8:	bf08      	it	eq
 8020dda:	f020 0001 	biceq.w	r0, r0, #1
 8020dde:	4770      	bx	lr
 8020de0:	f00c 4c00 	and.w	ip, ip, #2147483648	; 0x80000000
 8020de4:	ea4c 2050 	orr.w	r0, ip, r0, lsr #9
 8020de8:	327f      	adds	r2, #127	; 0x7f
 8020dea:	bfc2      	ittt	gt
 8020dec:	f1d2 03ff 	rsbsgt	r3, r2, #255	; 0xff
 8020df0:	ea40 50c2 	orrgt.w	r0, r0, r2, lsl #23
 8020df4:	4770      	bxgt	lr
 8020df6:	f440 0000 	orr.w	r0, r0, #8388608	; 0x800000
 8020dfa:	f04f 0300 	mov.w	r3, #0
 8020dfe:	3a01      	subs	r2, #1
 8020e00:	e737      	b.n	8020c72 <__aeabi_fmul+0x92>
 8020e02:	f092 0f00 	teq	r2, #0
 8020e06:	f000 4c00 	and.w	ip, r0, #2147483648	; 0x80000000
 8020e0a:	bf02      	ittt	eq
 8020e0c:	0040      	lsleq	r0, r0, #1
 8020e0e:	f410 0f00 	tsteq.w	r0, #8388608	; 0x800000
 8020e12:	3a01      	subeq	r2, #1
 8020e14:	d0f9      	beq.n	8020e0a <__aeabi_fdiv+0xc2>
 8020e16:	ea40 000c 	orr.w	r0, r0, ip
 8020e1a:	f093 0f00 	teq	r3, #0
 8020e1e:	f001 4c00 	and.w	ip, r1, #2147483648	; 0x80000000
 8020e22:	bf02      	ittt	eq
 8020e24:	0049      	lsleq	r1, r1, #1
 8020e26:	f411 0f00 	tsteq.w	r1, #8388608	; 0x800000
 8020e2a:	3b01      	subeq	r3, #1
 8020e2c:	d0f9      	beq.n	8020e22 <__aeabi_fdiv+0xda>
 8020e2e:	ea41 010c 	orr.w	r1, r1, ip
 8020e32:	e795      	b.n	8020d60 <__aeabi_fdiv+0x18>
 8020e34:	ea0c 53d1 	and.w	r3, ip, r1, lsr #23
 8020e38:	ea92 0f0c 	teq	r2, ip
 8020e3c:	d108      	bne.n	8020e50 <__aeabi_fdiv+0x108>
 8020e3e:	0242      	lsls	r2, r0, #9
 8020e40:	f47f af7d 	bne.w	8020d3e <__aeabi_fmul+0x15e>
 8020e44:	ea93 0f0c 	teq	r3, ip
 8020e48:	f47f af70 	bne.w	8020d2c <__aeabi_fmul+0x14c>
 8020e4c:	4608      	mov	r0, r1
 8020e4e:	e776      	b.n	8020d3e <__aeabi_fmul+0x15e>
 8020e50:	ea93 0f0c 	teq	r3, ip
 8020e54:	d104      	bne.n	8020e60 <__aeabi_fdiv+0x118>
 8020e56:	024b      	lsls	r3, r1, #9
 8020e58:	f43f af4c 	beq.w	8020cf4 <__aeabi_fmul+0x114>
 8020e5c:	4608      	mov	r0, r1
 8020e5e:	e76e      	b.n	8020d3e <__aeabi_fmul+0x15e>
 8020e60:	f030 4c00 	bics.w	ip, r0, #2147483648	; 0x80000000
 8020e64:	bf18      	it	ne
 8020e66:	f031 4c00 	bicsne.w	ip, r1, #2147483648	; 0x80000000
 8020e6a:	d1ca      	bne.n	8020e02 <__aeabi_fdiv+0xba>
 8020e6c:	f030 4200 	bics.w	r2, r0, #2147483648	; 0x80000000
 8020e70:	f47f af5c 	bne.w	8020d2c <__aeabi_fmul+0x14c>
 8020e74:	f031 4300 	bics.w	r3, r1, #2147483648	; 0x80000000
 8020e78:	f47f af3c 	bne.w	8020cf4 <__aeabi_fmul+0x114>
 8020e7c:	e75f      	b.n	8020d3e <__aeabi_fmul+0x15e>
 8020e7e:	bf00      	nop

08020e80 <__gesf2>:
__gesf2():
 8020e80:	f04f 3cff 	mov.w	ip, #4294967295
 8020e84:	e006      	b.n	8020e94 <__cmpsf2+0x4>
 8020e86:	bf00      	nop

08020e88 <__lesf2>:
__ltsf2():
 8020e88:	f04f 0c01 	mov.w	ip, #1
 8020e8c:	e002      	b.n	8020e94 <__cmpsf2+0x4>
 8020e8e:	bf00      	nop

08020e90 <__cmpsf2>:
__cmpsf2():
 8020e90:	f04f 0c01 	mov.w	ip, #1
 8020e94:	f84d cd04 	str.w	ip, [sp, #-4]!
 8020e98:	ea4f 0240 	mov.w	r2, r0, lsl #1
 8020e9c:	ea4f 0341 	mov.w	r3, r1, lsl #1
 8020ea0:	ea7f 6c22 	mvns.w	ip, r2, asr #24
 8020ea4:	bf18      	it	ne
 8020ea6:	ea7f 6c23 	mvnsne.w	ip, r3, asr #24
 8020eaa:	d011      	beq.n	8020ed0 <__cmpsf2+0x40>
 8020eac:	b001      	add	sp, #4
 8020eae:	ea52 0c53 	orrs.w	ip, r2, r3, lsr #1
 8020eb2:	bf18      	it	ne
 8020eb4:	ea90 0f01 	teqne	r0, r1
 8020eb8:	bf58      	it	pl
 8020eba:	ebb2 0003 	subspl.w	r0, r2, r3
 8020ebe:	bf88      	it	hi
 8020ec0:	17c8      	asrhi	r0, r1, #31
 8020ec2:	bf38      	it	cc
 8020ec4:	ea6f 70e1 	mvncc.w	r0, r1, asr #31
 8020ec8:	bf18      	it	ne
 8020eca:	f040 0001 	orrne.w	r0, r0, #1
 8020ece:	4770      	bx	lr
 8020ed0:	ea7f 6c22 	mvns.w	ip, r2, asr #24
 8020ed4:	d102      	bne.n	8020edc <__cmpsf2+0x4c>
 8020ed6:	ea5f 2c40 	movs.w	ip, r0, lsl #9
 8020eda:	d105      	bne.n	8020ee8 <__cmpsf2+0x58>
 8020edc:	ea7f 6c23 	mvns.w	ip, r3, asr #24
 8020ee0:	d1e4      	bne.n	8020eac <__cmpsf2+0x1c>
 8020ee2:	ea5f 2c41 	movs.w	ip, r1, lsl #9
 8020ee6:	d0e1      	beq.n	8020eac <__cmpsf2+0x1c>
 8020ee8:	f85d 0b04 	ldr.w	r0, [sp], #4
 8020eec:	4770      	bx	lr
 8020eee:	bf00      	nop

08020ef0 <__aeabi_cfrcmple>:
__aeabi_cfrcmple():
 8020ef0:	4684      	mov	ip, r0
 8020ef2:	4608      	mov	r0, r1
 8020ef4:	4661      	mov	r1, ip
 8020ef6:	e7ff      	b.n	8020ef8 <__aeabi_cfcmpeq>

08020ef8 <__aeabi_cfcmpeq>:
__aeabi_cfcmpeq():
 8020ef8:	b50f      	push	{r0, r1, r2, r3, lr}
 8020efa:	f7ff ffc9 	bl	8020e90 <__cmpsf2>
 8020efe:	2800      	cmp	r0, #0
 8020f00:	bf48      	it	mi
 8020f02:	f110 0f00 	cmnmi.w	r0, #0
 8020f06:	bd0f      	pop	{r0, r1, r2, r3, pc}

08020f08 <__aeabi_fcmpeq>:
__aeabi_fcmpeq():
 8020f08:	f84d ed08 	str.w	lr, [sp, #-8]!
 8020f0c:	f7ff fff4 	bl	8020ef8 <__aeabi_cfcmpeq>
 8020f10:	bf0c      	ite	eq
 8020f12:	2001      	moveq	r0, #1
 8020f14:	2000      	movne	r0, #0
 8020f16:	f85d fb08 	ldr.w	pc, [sp], #8
 8020f1a:	bf00      	nop

08020f1c <__aeabi_fcmplt>:
__aeabi_fcmplt():
 8020f1c:	f84d ed08 	str.w	lr, [sp, #-8]!
 8020f20:	f7ff ffea 	bl	8020ef8 <__aeabi_cfcmpeq>
 8020f24:	bf34      	ite	cc
 8020f26:	2001      	movcc	r0, #1
 8020f28:	2000      	movcs	r0, #0
 8020f2a:	f85d fb08 	ldr.w	pc, [sp], #8
 8020f2e:	bf00      	nop

08020f30 <__aeabi_fcmple>:
__aeabi_fcmple():
 8020f30:	f84d ed08 	str.w	lr, [sp, #-8]!
 8020f34:	f7ff ffe0 	bl	8020ef8 <__aeabi_cfcmpeq>
 8020f38:	bf94      	ite	ls
 8020f3a:	2001      	movls	r0, #1
 8020f3c:	2000      	movhi	r0, #0
 8020f3e:	f85d fb08 	ldr.w	pc, [sp], #8
 8020f42:	bf00      	nop

08020f44 <__aeabi_fcmpge>:
__aeabi_fcmpge():
 8020f44:	f84d ed08 	str.w	lr, [sp, #-8]!
 8020f48:	f7ff ffd2 	bl	8020ef0 <__aeabi_cfrcmple>
 8020f4c:	bf94      	ite	ls
 8020f4e:	2001      	movls	r0, #1
 8020f50:	2000      	movhi	r0, #0
 8020f52:	f85d fb08 	ldr.w	pc, [sp], #8
 8020f56:	bf00      	nop

08020f58 <__aeabi_fcmpgt>:
__aeabi_fcmpgt():
 8020f58:	f84d ed08 	str.w	lr, [sp, #-8]!
 8020f5c:	f7ff ffc8 	bl	8020ef0 <__aeabi_cfrcmple>
 8020f60:	bf34      	ite	cc
 8020f62:	2001      	movcc	r0, #1
 8020f64:	2000      	movcs	r0, #0
 8020f66:	f85d fb08 	ldr.w	pc, [sp], #8
 8020f6a:	bf00      	nop

08020f6c <__aeabi_f2iz>:
__aeabi_f2iz():
 8020f6c:	ea4f 0240 	mov.w	r2, r0, lsl #1
 8020f70:	f1b2 4ffe 	cmp.w	r2, #2130706432	; 0x7f000000
 8020f74:	d30f      	bcc.n	8020f96 <__aeabi_f2iz+0x2a>
 8020f76:	f04f 039e 	mov.w	r3, #158	; 0x9e
 8020f7a:	ebb3 6212 	subs.w	r2, r3, r2, lsr #24
 8020f7e:	d90d      	bls.n	8020f9c <__aeabi_f2iz+0x30>
 8020f80:	ea4f 2300 	mov.w	r3, r0, lsl #8
 8020f84:	f043 4300 	orr.w	r3, r3, #2147483648	; 0x80000000
 8020f88:	f010 4f00 	tst.w	r0, #2147483648	; 0x80000000
 8020f8c:	fa23 f002 	lsr.w	r0, r3, r2
 8020f90:	bf18      	it	ne
 8020f92:	4240      	negne	r0, r0
 8020f94:	4770      	bx	lr
 8020f96:	f04f 0000 	mov.w	r0, #0
 8020f9a:	4770      	bx	lr
 8020f9c:	f112 0f61 	cmn.w	r2, #97	; 0x61
 8020fa0:	d101      	bne.n	8020fa6 <__aeabi_f2iz+0x3a>
 8020fa2:	0242      	lsls	r2, r0, #9
 8020fa4:	d105      	bne.n	8020fb2 <__aeabi_f2iz+0x46>
 8020fa6:	f010 4000 	ands.w	r0, r0, #2147483648	; 0x80000000
 8020faa:	bf08      	it	eq
 8020fac:	f06f 4000 	mvneq.w	r0, #2147483648	; 0x80000000
 8020fb0:	4770      	bx	lr
 8020fb2:	f04f 0000 	mov.w	r0, #0
 8020fb6:	4770      	bx	lr

08020fb8 <__aeabi_fcmpun>:
__unordsf2():
 8020fb8:	ea4f 0240 	mov.w	r2, r0, lsl #1
 8020fbc:	ea4f 0341 	mov.w	r3, r1, lsl #1
 8020fc0:	ea7f 6c22 	mvns.w	ip, r2, asr #24
 8020fc4:	d102      	bne.n	8020fcc <__aeabi_fcmpun+0x14>
 8020fc6:	ea5f 2c40 	movs.w	ip, r0, lsl #9
 8020fca:	d108      	bne.n	8020fde <__aeabi_fcmpun+0x26>
 8020fcc:	ea7f 6c23 	mvns.w	ip, r3, asr #24
 8020fd0:	d102      	bne.n	8020fd8 <__aeabi_fcmpun+0x20>
 8020fd2:	ea5f 2c41 	movs.w	ip, r1, lsl #9
 8020fd6:	d102      	bne.n	8020fde <__aeabi_fcmpun+0x26>
 8020fd8:	f04f 0000 	mov.w	r0, #0
 8020fdc:	4770      	bx	lr
 8020fde:	f04f 0001 	mov.w	r0, #1
 8020fe2:	4770      	bx	lr

08020fe4 <__do_global_dtors_aux>:
__do_global_dtors_aux():
 8020fe4:	b510      	push	{r4, lr}
 8020fe6:	4c05      	ldr	r4, [pc, #20]	; (8020ffc <__do_global_dtors_aux+0x18>)
 8020fe8:	7823      	ldrb	r3, [r4, #0]
 8020fea:	b933      	cbnz	r3, 8020ffa <__do_global_dtors_aux+0x16>
 8020fec:	4b04      	ldr	r3, [pc, #16]	; (8021000 <__do_global_dtors_aux+0x1c>)
 8020fee:	b113      	cbz	r3, 8020ff6 <__do_global_dtors_aux+0x12>
 8020ff0:	4804      	ldr	r0, [pc, #16]	; (8021004 <__do_global_dtors_aux+0x20>)
 8020ff2:	f3af 8000 	nop.w
 8020ff6:	2301      	movs	r3, #1
 8020ff8:	7023      	strb	r3, [r4, #0]
 8020ffa:	bd10      	pop	{r4, pc}
 8020ffc:	20000690 	.word	0x20000690
 8021000:	00000000 	.word	0x00000000
 8021004:	080282d4 	.word	0x080282d4

08021008 <frame_dummy>:
frame_dummy():
 8021008:	b508      	push	{r3, lr}
 802100a:	4b03      	ldr	r3, [pc, #12]	; (8021018 <frame_dummy+0x10>)
 802100c:	b11b      	cbz	r3, 8021016 <frame_dummy+0xe>
 802100e:	4903      	ldr	r1, [pc, #12]	; (802101c <frame_dummy+0x14>)
 8021010:	4803      	ldr	r0, [pc, #12]	; (8021020 <frame_dummy+0x18>)
 8021012:	f3af 8000 	nop.w
 8021016:	bd08      	pop	{r3, pc}
 8021018:	00000000 	.word	0x00000000
 802101c:	20000694 	.word	0x20000694
 8021020:	080282d4 	.word	0x080282d4

08021024 <Reset_Handler>:
Reset_Handler():
C:\Users\leonardo\Desktop\Code\Github\DawnBGC\GD32EBuilder_project\DawnBGC/../gcc_startup/startup_gd32f405_425.S:21
  .weak  Reset_Handler
  .type  Reset_Handler, %function

/* reset Handler */
Reset_Handler:
  movs r1, #0
 8021024:	2100      	movs	r1, #0
C:\Users\leonardo\Desktop\Code\Github\DawnBGC\GD32EBuilder_project\DawnBGC/../gcc_startup/startup_gd32f405_425.S:22
  b DataInit
 8021026:	e003      	b.n	8021030 <DataInit>

08021028 <CopyData>:
CopyData():
C:\Users\leonardo\Desktop\Code\Github\DawnBGC\GD32EBuilder_project\DawnBGC/../gcc_startup/startup_gd32f405_425.S:25

CopyData:
  ldr r3, =_sidata
 8021028:	4b0b      	ldr	r3, [pc, #44]	; (8021058 <Zerobss+0x14>)
C:\Users\leonardo\Desktop\Code\Github\DawnBGC\GD32EBuilder_project\DawnBGC/../gcc_startup/startup_gd32f405_425.S:26
  ldr r3, [r3, r1]
 802102a:	585b      	ldr	r3, [r3, r1]
C:\Users\leonardo\Desktop\Code\Github\DawnBGC\GD32EBuilder_project\DawnBGC/../gcc_startup/startup_gd32f405_425.S:27
  str r3, [r0, r1]
 802102c:	5043      	str	r3, [r0, r1]
C:\Users\leonardo\Desktop\Code\Github\DawnBGC\GD32EBuilder_project\DawnBGC/../gcc_startup/startup_gd32f405_425.S:28
  adds r1, r1, #4
 802102e:	3104      	adds	r1, #4

08021030 <DataInit>:
DataInit():
C:\Users\leonardo\Desktop\Code\Github\DawnBGC\GD32EBuilder_project\DawnBGC/../gcc_startup/startup_gd32f405_425.S:31

DataInit:
  ldr r0, =_sdata
 8021030:	480a      	ldr	r0, [pc, #40]	; (802105c <Zerobss+0x18>)
C:\Users\leonardo\Desktop\Code\Github\DawnBGC\GD32EBuilder_project\DawnBGC/../gcc_startup/startup_gd32f405_425.S:32
  ldr r3, =_edata
 8021032:	4b0b      	ldr	r3, [pc, #44]	; (8021060 <Zerobss+0x1c>)
C:\Users\leonardo\Desktop\Code\Github\DawnBGC\GD32EBuilder_project\DawnBGC/../gcc_startup/startup_gd32f405_425.S:33
  adds r2, r0, r1
 8021034:	1842      	adds	r2, r0, r1
C:\Users\leonardo\Desktop\Code\Github\DawnBGC\GD32EBuilder_project\DawnBGC/../gcc_startup/startup_gd32f405_425.S:34
  cmp r2, r3
 8021036:	429a      	cmp	r2, r3
C:\Users\leonardo\Desktop\Code\Github\DawnBGC\GD32EBuilder_project\DawnBGC/../gcc_startup/startup_gd32f405_425.S:35
  bcc CopyData
 8021038:	d3f6      	bcc.n	8021028 <CopyData>
C:\Users\leonardo\Desktop\Code\Github\DawnBGC\GD32EBuilder_project\DawnBGC/../gcc_startup/startup_gd32f405_425.S:36
  ldr r2, =_sbss
 802103a:	4a0a      	ldr	r2, [pc, #40]	; (8021064 <Zerobss+0x20>)
C:\Users\leonardo\Desktop\Code\Github\DawnBGC\GD32EBuilder_project\DawnBGC/../gcc_startup/startup_gd32f405_425.S:37
  b Zerobss
 802103c:	e002      	b.n	8021044 <Zerobss>

0802103e <FillZerobss>:
FillZerobss():
C:\Users\leonardo\Desktop\Code\Github\DawnBGC\GD32EBuilder_project\DawnBGC/../gcc_startup/startup_gd32f405_425.S:40

FillZerobss:
  movs r3, #0
 802103e:	2300      	movs	r3, #0
C:\Users\leonardo\Desktop\Code\Github\DawnBGC\GD32EBuilder_project\DawnBGC/../gcc_startup/startup_gd32f405_425.S:41
  str r3, [r2], #4
 8021040:	f842 3b04 	str.w	r3, [r2], #4

08021044 <Zerobss>:
Zerobss():
C:\Users\leonardo\Desktop\Code\Github\DawnBGC\GD32EBuilder_project\DawnBGC/../gcc_startup/startup_gd32f405_425.S:44

Zerobss:
  ldr r3, = _ebss
 8021044:	4b08      	ldr	r3, [pc, #32]	; (8021068 <Zerobss+0x24>)
C:\Users\leonardo\Desktop\Code\Github\DawnBGC\GD32EBuilder_project\DawnBGC/../gcc_startup/startup_gd32f405_425.S:45
  cmp r2, r3
 8021046:	429a      	cmp	r2, r3
C:\Users\leonardo\Desktop\Code\Github\DawnBGC\GD32EBuilder_project\DawnBGC/../gcc_startup/startup_gd32f405_425.S:46
  bcc FillZerobss
 8021048:	d3f9      	bcc.n	802103e <FillZerobss>
C:\Users\leonardo\Desktop\Code\Github\DawnBGC\GD32EBuilder_project\DawnBGC/../gcc_startup/startup_gd32f405_425.S:48
/* Call SystemInit function */
  bl  SystemInit
 802104a:	f005 fae9 	bl	8026620 <SystemInit>
C:\Users\leonardo\Desktop\Code\Github\DawnBGC\GD32EBuilder_project\DawnBGC/../gcc_startup/startup_gd32f405_425.S:50
/* Call static constructors */
  bl __libc_init_array
 802104e:	f005 fde1 	bl	8026c14 <__libc_init_array>
C:\Users\leonardo\Desktop\Code\Github\DawnBGC\GD32EBuilder_project\DawnBGC/../gcc_startup/startup_gd32f405_425.S:52
/*Call the main function */
  bl main
 8021052:	f002 fbaf 	bl	80237b4 <main>
C:\Users\leonardo\Desktop\Code\Github\DawnBGC\GD32EBuilder_project\DawnBGC/../gcc_startup/startup_gd32f405_425.S:53
  bx lr
 8021056:	4770      	bx	lr
C:\Users\leonardo\Desktop\Code\Github\DawnBGC\GD32EBuilder_project\DawnBGC/../gcc_startup/startup_gd32f405_425.S:25
  ldr r3, =_sidata
 8021058:	08028728 	.word	0x08028728
C:\Users\leonardo\Desktop\Code\Github\DawnBGC\GD32EBuilder_project\DawnBGC/../gcc_startup/startup_gd32f405_425.S:31
  ldr r0, =_sdata
 802105c:	20000000 	.word	0x20000000
C:\Users\leonardo\Desktop\Code\Github\DawnBGC\GD32EBuilder_project\DawnBGC/../gcc_startup/startup_gd32f405_425.S:32
  ldr r3, =_edata
 8021060:	20000690 	.word	0x20000690
C:\Users\leonardo\Desktop\Code\Github\DawnBGC\GD32EBuilder_project\DawnBGC/../gcc_startup/startup_gd32f405_425.S:36
  ldr r2, =_sbss
 8021064:	20000690 	.word	0x20000690
C:\Users\leonardo\Desktop\Code\Github\DawnBGC\GD32EBuilder_project\DawnBGC/../gcc_startup/startup_gd32f405_425.S:44
  ldr r3, = _ebss
 8021068:	20000f3c 	.word	0x20000f3c

0802106c <ADC_IRQHandler>:
USBHS_EP1_Out_IRQHandler():
C:\Users\leonardo\Desktop\Code\Github\DawnBGC\GD32EBuilder_project\DawnBGC/../gcc_startup/startup_gd32f405_425.S:59
.size Reset_Handler, .-Reset_Handler

    .section .text.Default_Handler,"ax",%progbits
Default_Handler:
Infinite_Loop:
  b Infinite_Loop
 802106c:	e7fe      	b.n	802106c <ADC_IRQHandler>
	...

08021070 <usart_deinit>:
usart_deinit():
C:/Users/leonardo/Desktop/Code/Github/DawnBGC/Libraries/FWLIB/src/gd32f4xx_usart.c:21
    \param[in]  usart_periph: USARTx(x=0,1,2,5)/UARTx(x=3,4,6,7)
    \param[out] none
    \retval     none
*/
void usart_deinit(uint32_t usart_periph)
{
 8021070:	b580      	push	{r7, lr}
 8021072:	b082      	sub	sp, #8
 8021074:	af00      	add	r7, sp, #0
 8021076:	6078      	str	r0, [r7, #4]
C:/Users/leonardo/Desktop/Code/Github/DawnBGC/Libraries/FWLIB/src/gd32f4xx_usart.c:22
    switch(usart_periph){
 8021078:	687b      	ldr	r3, [r7, #4]
 802107a:	4a42      	ldr	r2, [pc, #264]	; (8021184 <usart_deinit+0x114>)
 802107c:	4293      	cmp	r3, r2
 802107e:	d04f      	beq.n	8021120 <usart_deinit+0xb0>
 8021080:	687b      	ldr	r3, [r7, #4]
 8021082:	4a40      	ldr	r2, [pc, #256]	; (8021184 <usart_deinit+0x114>)
 8021084:	4293      	cmp	r3, r2
 8021086:	d878      	bhi.n	802117a <usart_deinit+0x10a>
 8021088:	687b      	ldr	r3, [r7, #4]
 802108a:	4a3f      	ldr	r2, [pc, #252]	; (8021188 <usart_deinit+0x118>)
 802108c:	4293      	cmp	r3, r2
 802108e:	d02c      	beq.n	80210ea <usart_deinit+0x7a>
 8021090:	687b      	ldr	r3, [r7, #4]
 8021092:	4a3d      	ldr	r2, [pc, #244]	; (8021188 <usart_deinit+0x118>)
 8021094:	4293      	cmp	r3, r2
 8021096:	d870      	bhi.n	802117a <usart_deinit+0x10a>
 8021098:	687b      	ldr	r3, [r7, #4]
 802109a:	4a3c      	ldr	r2, [pc, #240]	; (802118c <usart_deinit+0x11c>)
 802109c:	4293      	cmp	r3, r2
 802109e:	d063      	beq.n	8021168 <usart_deinit+0xf8>
 80210a0:	687b      	ldr	r3, [r7, #4]
 80210a2:	4a3a      	ldr	r2, [pc, #232]	; (802118c <usart_deinit+0x11c>)
 80210a4:	4293      	cmp	r3, r2
 80210a6:	d868      	bhi.n	802117a <usart_deinit+0x10a>
 80210a8:	687b      	ldr	r3, [r7, #4]
 80210aa:	4a39      	ldr	r2, [pc, #228]	; (8021190 <usart_deinit+0x120>)
 80210ac:	4293      	cmp	r3, r2
 80210ae:	d052      	beq.n	8021156 <usart_deinit+0xe6>
 80210b0:	687b      	ldr	r3, [r7, #4]
 80210b2:	4a37      	ldr	r2, [pc, #220]	; (8021190 <usart_deinit+0x120>)
 80210b4:	4293      	cmp	r3, r2
 80210b6:	d860      	bhi.n	802117a <usart_deinit+0x10a>
 80210b8:	687b      	ldr	r3, [r7, #4]
 80210ba:	4a36      	ldr	r2, [pc, #216]	; (8021194 <usart_deinit+0x124>)
 80210bc:	4293      	cmp	r3, r2
 80210be:	d041      	beq.n	8021144 <usart_deinit+0xd4>
 80210c0:	687b      	ldr	r3, [r7, #4]
 80210c2:	4a34      	ldr	r2, [pc, #208]	; (8021194 <usart_deinit+0x124>)
 80210c4:	4293      	cmp	r3, r2
 80210c6:	d858      	bhi.n	802117a <usart_deinit+0x10a>
 80210c8:	687b      	ldr	r3, [r7, #4]
 80210ca:	4a33      	ldr	r2, [pc, #204]	; (8021198 <usart_deinit+0x128>)
 80210cc:	4293      	cmp	r3, r2
 80210ce:	d030      	beq.n	8021132 <usart_deinit+0xc2>
 80210d0:	687b      	ldr	r3, [r7, #4]
 80210d2:	4a31      	ldr	r2, [pc, #196]	; (8021198 <usart_deinit+0x128>)
 80210d4:	4293      	cmp	r3, r2
 80210d6:	d850      	bhi.n	802117a <usart_deinit+0x10a>
 80210d8:	687b      	ldr	r3, [r7, #4]
 80210da:	4a30      	ldr	r2, [pc, #192]	; (802119c <usart_deinit+0x12c>)
 80210dc:	4293      	cmp	r3, r2
 80210de:	d00d      	beq.n	80210fc <usart_deinit+0x8c>
 80210e0:	687b      	ldr	r3, [r7, #4]
 80210e2:	4a2f      	ldr	r2, [pc, #188]	; (80211a0 <usart_deinit+0x130>)
 80210e4:	4293      	cmp	r3, r2
 80210e6:	d012      	beq.n	802110e <usart_deinit+0x9e>
C:/Users/leonardo/Desktop/Code/Github/DawnBGC/Libraries/FWLIB/src/gd32f4xx_usart.c:56
    case UART7:
        rcu_periph_reset_enable(RCU_UART7RST);
        rcu_periph_reset_disable(RCU_UART7RST);
        break;
    default:
        break;
 80210e8:	e047      	b.n	802117a <usart_deinit+0x10a>
C:/Users/leonardo/Desktop/Code/Github/DawnBGC/Libraries/FWLIB/src/gd32f4xx_usart.c:24
        rcu_periph_reset_enable(RCU_USART0RST);
 80210ea:	f640 1004 	movw	r0, #2308	; 0x904
 80210ee:	f001 f9ef 	bl	80224d0 <rcu_periph_reset_enable>
C:/Users/leonardo/Desktop/Code/Github/DawnBGC/Libraries/FWLIB/src/gd32f4xx_usart.c:25
        rcu_periph_reset_disable(RCU_USART0RST);
 80210f2:	f640 1004 	movw	r0, #2308	; 0x904
 80210f6:	f001 fa0d 	bl	8022514 <rcu_periph_reset_disable>
C:/Users/leonardo/Desktop/Code/Github/DawnBGC/Libraries/FWLIB/src/gd32f4xx_usart.c:26
        break;
 80210fa:	e03f      	b.n	802117c <usart_deinit+0x10c>
C:/Users/leonardo/Desktop/Code/Github/DawnBGC/Libraries/FWLIB/src/gd32f4xx_usart.c:28
        rcu_periph_reset_enable(RCU_USART1RST);
 80210fc:	f640 0011 	movw	r0, #2065	; 0x811
 8021100:	f001 f9e6 	bl	80224d0 <rcu_periph_reset_enable>
C:/Users/leonardo/Desktop/Code/Github/DawnBGC/Libraries/FWLIB/src/gd32f4xx_usart.c:29
        rcu_periph_reset_disable(RCU_USART1RST);
 8021104:	f640 0011 	movw	r0, #2065	; 0x811
 8021108:	f001 fa04 	bl	8022514 <rcu_periph_reset_disable>
C:/Users/leonardo/Desktop/Code/Github/DawnBGC/Libraries/FWLIB/src/gd32f4xx_usart.c:30
        break;
 802110c:	e036      	b.n	802117c <usart_deinit+0x10c>
C:/Users/leonardo/Desktop/Code/Github/DawnBGC/Libraries/FWLIB/src/gd32f4xx_usart.c:32
        rcu_periph_reset_enable(RCU_USART2RST);
 802110e:	f640 0012 	movw	r0, #2066	; 0x812
 8021112:	f001 f9dd 	bl	80224d0 <rcu_periph_reset_enable>
C:/Users/leonardo/Desktop/Code/Github/DawnBGC/Libraries/FWLIB/src/gd32f4xx_usart.c:33
        rcu_periph_reset_disable(RCU_USART2RST);
 8021116:	f640 0012 	movw	r0, #2066	; 0x812
 802111a:	f001 f9fb 	bl	8022514 <rcu_periph_reset_disable>
C:/Users/leonardo/Desktop/Code/Github/DawnBGC/Libraries/FWLIB/src/gd32f4xx_usart.c:34
        break;
 802111e:	e02d      	b.n	802117c <usart_deinit+0x10c>
C:/Users/leonardo/Desktop/Code/Github/DawnBGC/Libraries/FWLIB/src/gd32f4xx_usart.c:36
        rcu_periph_reset_enable(RCU_USART5RST);
 8021120:	f640 1005 	movw	r0, #2309	; 0x905
 8021124:	f001 f9d4 	bl	80224d0 <rcu_periph_reset_enable>
C:/Users/leonardo/Desktop/Code/Github/DawnBGC/Libraries/FWLIB/src/gd32f4xx_usart.c:37
        rcu_periph_reset_disable(RCU_USART5RST);
 8021128:	f640 1005 	movw	r0, #2309	; 0x905
 802112c:	f001 f9f2 	bl	8022514 <rcu_periph_reset_disable>
C:/Users/leonardo/Desktop/Code/Github/DawnBGC/Libraries/FWLIB/src/gd32f4xx_usart.c:38
        break;
 8021130:	e024      	b.n	802117c <usart_deinit+0x10c>
C:/Users/leonardo/Desktop/Code/Github/DawnBGC/Libraries/FWLIB/src/gd32f4xx_usart.c:40
        rcu_periph_reset_enable(RCU_UART3RST);
 8021132:	f640 0013 	movw	r0, #2067	; 0x813
 8021136:	f001 f9cb 	bl	80224d0 <rcu_periph_reset_enable>
C:/Users/leonardo/Desktop/Code/Github/DawnBGC/Libraries/FWLIB/src/gd32f4xx_usart.c:41
        rcu_periph_reset_disable(RCU_UART3RST);
 802113a:	f640 0013 	movw	r0, #2067	; 0x813
 802113e:	f001 f9e9 	bl	8022514 <rcu_periph_reset_disable>
C:/Users/leonardo/Desktop/Code/Github/DawnBGC/Libraries/FWLIB/src/gd32f4xx_usart.c:42
        break;
 8021142:	e01b      	b.n	802117c <usart_deinit+0x10c>
C:/Users/leonardo/Desktop/Code/Github/DawnBGC/Libraries/FWLIB/src/gd32f4xx_usart.c:44
        rcu_periph_reset_enable(RCU_UART4RST);
 8021144:	f640 0014 	movw	r0, #2068	; 0x814
 8021148:	f001 f9c2 	bl	80224d0 <rcu_periph_reset_enable>
C:/Users/leonardo/Desktop/Code/Github/DawnBGC/Libraries/FWLIB/src/gd32f4xx_usart.c:45
        rcu_periph_reset_disable(RCU_UART4RST);
 802114c:	f640 0014 	movw	r0, #2068	; 0x814
 8021150:	f001 f9e0 	bl	8022514 <rcu_periph_reset_disable>
C:/Users/leonardo/Desktop/Code/Github/DawnBGC/Libraries/FWLIB/src/gd32f4xx_usart.c:46
        break;
 8021154:	e012      	b.n	802117c <usart_deinit+0x10c>
C:/Users/leonardo/Desktop/Code/Github/DawnBGC/Libraries/FWLIB/src/gd32f4xx_usart.c:48
        rcu_periph_reset_enable(RCU_UART6RST);
 8021156:	f640 001e 	movw	r0, #2078	; 0x81e
 802115a:	f001 f9b9 	bl	80224d0 <rcu_periph_reset_enable>
C:/Users/leonardo/Desktop/Code/Github/DawnBGC/Libraries/FWLIB/src/gd32f4xx_usart.c:49
        rcu_periph_reset_disable(RCU_UART6RST);
 802115e:	f640 001e 	movw	r0, #2078	; 0x81e
 8021162:	f001 f9d7 	bl	8022514 <rcu_periph_reset_disable>
C:/Users/leonardo/Desktop/Code/Github/DawnBGC/Libraries/FWLIB/src/gd32f4xx_usart.c:50
        break;
 8021166:	e009      	b.n	802117c <usart_deinit+0x10c>
C:/Users/leonardo/Desktop/Code/Github/DawnBGC/Libraries/FWLIB/src/gd32f4xx_usart.c:52
        rcu_periph_reset_enable(RCU_UART7RST);
 8021168:	f640 001f 	movw	r0, #2079	; 0x81f
 802116c:	f001 f9b0 	bl	80224d0 <rcu_periph_reset_enable>
C:/Users/leonardo/Desktop/Code/Github/DawnBGC/Libraries/FWLIB/src/gd32f4xx_usart.c:53
        rcu_periph_reset_disable(RCU_UART7RST);
 8021170:	f640 001f 	movw	r0, #2079	; 0x81f
 8021174:	f001 f9ce 	bl	8022514 <rcu_periph_reset_disable>
C:/Users/leonardo/Desktop/Code/Github/DawnBGC/Libraries/FWLIB/src/gd32f4xx_usart.c:54
        break;
 8021178:	e000      	b.n	802117c <usart_deinit+0x10c>
C:/Users/leonardo/Desktop/Code/Github/DawnBGC/Libraries/FWLIB/src/gd32f4xx_usart.c:56
        break;
 802117a:	bf00      	nop
C:/Users/leonardo/Desktop/Code/Github/DawnBGC/Libraries/FWLIB/src/gd32f4xx_usart.c:58
    }
}
 802117c:	bf00      	nop
 802117e:	3708      	adds	r7, #8
 8021180:	46bd      	mov	sp, r7
 8021182:	bd80      	pop	{r7, pc}
 8021184:	40011400 	.word	0x40011400
 8021188:	40011000 	.word	0x40011000
 802118c:	40007c00 	.word	0x40007c00
 8021190:	40007800 	.word	0x40007800
 8021194:	40005000 	.word	0x40005000
 8021198:	40004c00 	.word	0x40004c00
 802119c:	40004400 	.word	0x40004400
 80211a0:	40004800 	.word	0x40004800

080211a4 <usart_baudrate_set>:
usart_baudrate_set():
C:/Users/leonardo/Desktop/Code/Github/DawnBGC/Libraries/FWLIB/src/gd32f4xx_usart.c:68
    \param[in]  baudval: baud rate value
    \param[out] none
    \retval     none
*/ 
void usart_baudrate_set(uint32_t usart_periph, uint32_t baudval)
{
 80211a4:	b580      	push	{r7, lr}
 80211a6:	b086      	sub	sp, #24
 80211a8:	af00      	add	r7, sp, #0
 80211aa:	6078      	str	r0, [r7, #4]
 80211ac:	6039      	str	r1, [r7, #0]
C:/Users/leonardo/Desktop/Code/Github/DawnBGC/Libraries/FWLIB/src/gd32f4xx_usart.c:69
    uint32_t uclk=0U, intdiv=0U, fradiv=0U, udiv=0U;
 80211ae:	2300      	movs	r3, #0
 80211b0:	617b      	str	r3, [r7, #20]
 80211b2:	2300      	movs	r3, #0
 80211b4:	613b      	str	r3, [r7, #16]
 80211b6:	2300      	movs	r3, #0
 80211b8:	60fb      	str	r3, [r7, #12]
 80211ba:	2300      	movs	r3, #0
 80211bc:	60bb      	str	r3, [r7, #8]
C:/Users/leonardo/Desktop/Code/Github/DawnBGC/Libraries/FWLIB/src/gd32f4xx_usart.c:70
    switch(usart_periph){
 80211be:	687b      	ldr	r3, [r7, #4]
 80211c0:	4a52      	ldr	r2, [pc, #328]	; (802130c <usart_baudrate_set+0x168>)
 80211c2:	4293      	cmp	r3, r2
 80211c4:	d039      	beq.n	802123a <usart_baudrate_set+0x96>
 80211c6:	687b      	ldr	r3, [r7, #4]
 80211c8:	4a50      	ldr	r2, [pc, #320]	; (802130c <usart_baudrate_set+0x168>)
 80211ca:	4293      	cmp	r3, r2
 80211cc:	d858      	bhi.n	8021280 <usart_baudrate_set+0xdc>
 80211ce:	687b      	ldr	r3, [r7, #4]
 80211d0:	4a4f      	ldr	r2, [pc, #316]	; (8021310 <usart_baudrate_set+0x16c>)
 80211d2:	4293      	cmp	r3, r2
 80211d4:	d02c      	beq.n	8021230 <usart_baudrate_set+0x8c>
 80211d6:	687b      	ldr	r3, [r7, #4]
 80211d8:	4a4d      	ldr	r2, [pc, #308]	; (8021310 <usart_baudrate_set+0x16c>)
 80211da:	4293      	cmp	r3, r2
 80211dc:	d850      	bhi.n	8021280 <usart_baudrate_set+0xdc>
 80211de:	687b      	ldr	r3, [r7, #4]
 80211e0:	4a4c      	ldr	r2, [pc, #304]	; (8021314 <usart_baudrate_set+0x170>)
 80211e2:	4293      	cmp	r3, r2
 80211e4:	d047      	beq.n	8021276 <usart_baudrate_set+0xd2>
 80211e6:	687b      	ldr	r3, [r7, #4]
 80211e8:	4a4a      	ldr	r2, [pc, #296]	; (8021314 <usart_baudrate_set+0x170>)
 80211ea:	4293      	cmp	r3, r2
 80211ec:	d848      	bhi.n	8021280 <usart_baudrate_set+0xdc>
 80211ee:	687b      	ldr	r3, [r7, #4]
 80211f0:	4a49      	ldr	r2, [pc, #292]	; (8021318 <usart_baudrate_set+0x174>)
 80211f2:	4293      	cmp	r3, r2
 80211f4:	d03a      	beq.n	802126c <usart_baudrate_set+0xc8>
 80211f6:	687b      	ldr	r3, [r7, #4]
 80211f8:	4a47      	ldr	r2, [pc, #284]	; (8021318 <usart_baudrate_set+0x174>)
 80211fa:	4293      	cmp	r3, r2
 80211fc:	d840      	bhi.n	8021280 <usart_baudrate_set+0xdc>
 80211fe:	687b      	ldr	r3, [r7, #4]
 8021200:	4a46      	ldr	r2, [pc, #280]	; (802131c <usart_baudrate_set+0x178>)
 8021202:	4293      	cmp	r3, r2
 8021204:	d02d      	beq.n	8021262 <usart_baudrate_set+0xbe>
 8021206:	687b      	ldr	r3, [r7, #4]
 8021208:	4a44      	ldr	r2, [pc, #272]	; (802131c <usart_baudrate_set+0x178>)
 802120a:	4293      	cmp	r3, r2
 802120c:	d838      	bhi.n	8021280 <usart_baudrate_set+0xdc>
 802120e:	687b      	ldr	r3, [r7, #4]
 8021210:	4a43      	ldr	r2, [pc, #268]	; (8021320 <usart_baudrate_set+0x17c>)
 8021212:	4293      	cmp	r3, r2
 8021214:	d020      	beq.n	8021258 <usart_baudrate_set+0xb4>
 8021216:	687b      	ldr	r3, [r7, #4]
 8021218:	4a41      	ldr	r2, [pc, #260]	; (8021320 <usart_baudrate_set+0x17c>)
 802121a:	4293      	cmp	r3, r2
 802121c:	d830      	bhi.n	8021280 <usart_baudrate_set+0xdc>
 802121e:	687b      	ldr	r3, [r7, #4]
 8021220:	4a40      	ldr	r2, [pc, #256]	; (8021324 <usart_baudrate_set+0x180>)
 8021222:	4293      	cmp	r3, r2
 8021224:	d00e      	beq.n	8021244 <usart_baudrate_set+0xa0>
 8021226:	687b      	ldr	r3, [r7, #4]
 8021228:	4a3f      	ldr	r2, [pc, #252]	; (8021328 <usart_baudrate_set+0x184>)
 802122a:	4293      	cmp	r3, r2
 802122c:	d00f      	beq.n	802124e <usart_baudrate_set+0xaa>
C:/Users/leonardo/Desktop/Code/Github/DawnBGC/Libraries/FWLIB/src/gd32f4xx_usart.c:97
         break;
    case UART7:
         uclk=rcu_clock_freq_get(CK_APB1);
         break;
    default:
         break;
 802122e:	e027      	b.n	8021280 <usart_baudrate_set+0xdc>
C:/Users/leonardo/Desktop/Code/Github/DawnBGC/Libraries/FWLIB/src/gd32f4xx_usart.c:73
         uclk=rcu_clock_freq_get(CK_APB2);
 8021230:	2003      	movs	r0, #3
 8021232:	f001 f9b1 	bl	8022598 <rcu_clock_freq_get>
 8021236:	6178      	str	r0, [r7, #20]
C:/Users/leonardo/Desktop/Code/Github/DawnBGC/Libraries/FWLIB/src/gd32f4xx_usart.c:74
         break;
 8021238:	e023      	b.n	8021282 <usart_baudrate_set+0xde>
C:/Users/leonardo/Desktop/Code/Github/DawnBGC/Libraries/FWLIB/src/gd32f4xx_usart.c:76
         uclk=rcu_clock_freq_get(CK_APB2);
 802123a:	2003      	movs	r0, #3
 802123c:	f001 f9ac 	bl	8022598 <rcu_clock_freq_get>
 8021240:	6178      	str	r0, [r7, #20]
C:/Users/leonardo/Desktop/Code/Github/DawnBGC/Libraries/FWLIB/src/gd32f4xx_usart.c:77
         break;
 8021242:	e01e      	b.n	8021282 <usart_baudrate_set+0xde>
C:/Users/leonardo/Desktop/Code/Github/DawnBGC/Libraries/FWLIB/src/gd32f4xx_usart.c:79
         uclk=rcu_clock_freq_get(CK_APB1);
 8021244:	2002      	movs	r0, #2
 8021246:	f001 f9a7 	bl	8022598 <rcu_clock_freq_get>
 802124a:	6178      	str	r0, [r7, #20]
C:/Users/leonardo/Desktop/Code/Github/DawnBGC/Libraries/FWLIB/src/gd32f4xx_usart.c:80
         break;
 802124c:	e019      	b.n	8021282 <usart_baudrate_set+0xde>
C:/Users/leonardo/Desktop/Code/Github/DawnBGC/Libraries/FWLIB/src/gd32f4xx_usart.c:82
         uclk=rcu_clock_freq_get(CK_APB1);
 802124e:	2002      	movs	r0, #2
 8021250:	f001 f9a2 	bl	8022598 <rcu_clock_freq_get>
 8021254:	6178      	str	r0, [r7, #20]
C:/Users/leonardo/Desktop/Code/Github/DawnBGC/Libraries/FWLIB/src/gd32f4xx_usart.c:83
         break;
 8021256:	e014      	b.n	8021282 <usart_baudrate_set+0xde>
C:/Users/leonardo/Desktop/Code/Github/DawnBGC/Libraries/FWLIB/src/gd32f4xx_usart.c:85
         uclk=rcu_clock_freq_get(CK_APB1);
 8021258:	2002      	movs	r0, #2
 802125a:	f001 f99d 	bl	8022598 <rcu_clock_freq_get>
 802125e:	6178      	str	r0, [r7, #20]
C:/Users/leonardo/Desktop/Code/Github/DawnBGC/Libraries/FWLIB/src/gd32f4xx_usart.c:86
         break;
 8021260:	e00f      	b.n	8021282 <usart_baudrate_set+0xde>
C:/Users/leonardo/Desktop/Code/Github/DawnBGC/Libraries/FWLIB/src/gd32f4xx_usart.c:88
         uclk=rcu_clock_freq_get(CK_APB1);
 8021262:	2002      	movs	r0, #2
 8021264:	f001 f998 	bl	8022598 <rcu_clock_freq_get>
 8021268:	6178      	str	r0, [r7, #20]
C:/Users/leonardo/Desktop/Code/Github/DawnBGC/Libraries/FWLIB/src/gd32f4xx_usart.c:89
         break;
 802126a:	e00a      	b.n	8021282 <usart_baudrate_set+0xde>
C:/Users/leonardo/Desktop/Code/Github/DawnBGC/Libraries/FWLIB/src/gd32f4xx_usart.c:91
         uclk=rcu_clock_freq_get(CK_APB1);
 802126c:	2002      	movs	r0, #2
 802126e:	f001 f993 	bl	8022598 <rcu_clock_freq_get>
 8021272:	6178      	str	r0, [r7, #20]
C:/Users/leonardo/Desktop/Code/Github/DawnBGC/Libraries/FWLIB/src/gd32f4xx_usart.c:92
         break;
 8021274:	e005      	b.n	8021282 <usart_baudrate_set+0xde>
C:/Users/leonardo/Desktop/Code/Github/DawnBGC/Libraries/FWLIB/src/gd32f4xx_usart.c:94
         uclk=rcu_clock_freq_get(CK_APB1);
 8021276:	2002      	movs	r0, #2
 8021278:	f001 f98e 	bl	8022598 <rcu_clock_freq_get>
 802127c:	6178      	str	r0, [r7, #20]
C:/Users/leonardo/Desktop/Code/Github/DawnBGC/Libraries/FWLIB/src/gd32f4xx_usart.c:95
         break;
 802127e:	e000      	b.n	8021282 <usart_baudrate_set+0xde>
C:/Users/leonardo/Desktop/Code/Github/DawnBGC/Libraries/FWLIB/src/gd32f4xx_usart.c:97
         break;
 8021280:	bf00      	nop
C:/Users/leonardo/Desktop/Code/Github/DawnBGC/Libraries/FWLIB/src/gd32f4xx_usart.c:99
    }
    if(USART_CTL0(usart_periph) & USART_CTL0_OVSMOD){
 8021282:	687b      	ldr	r3, [r7, #4]
 8021284:	330c      	adds	r3, #12
 8021286:	681b      	ldr	r3, [r3, #0]
 8021288:	f403 4300 	and.w	r3, r3, #32768	; 0x8000
 802128c:	2b00      	cmp	r3, #0
 802128e:	d01d      	beq.n	80212cc <usart_baudrate_set+0x128>
C:/Users/leonardo/Desktop/Code/Github/DawnBGC/Libraries/FWLIB/src/gd32f4xx_usart.c:101
        /* when oversampling by 8, configure the value of USART_BAUD */
        udiv = ((2U*uclk) + baudval/2U)/baudval;
 8021290:	697b      	ldr	r3, [r7, #20]
 8021292:	005a      	lsls	r2, r3, #1
 8021294:	683b      	ldr	r3, [r7, #0]
 8021296:	085b      	lsrs	r3, r3, #1
 8021298:	441a      	add	r2, r3
 802129a:	683b      	ldr	r3, [r7, #0]
 802129c:	fbb2 f3f3 	udiv	r3, r2, r3
 80212a0:	60bb      	str	r3, [r7, #8]
C:/Users/leonardo/Desktop/Code/Github/DawnBGC/Libraries/FWLIB/src/gd32f4xx_usart.c:102
        intdiv = udiv & 0xfff0U;
 80212a2:	68ba      	ldr	r2, [r7, #8]
 80212a4:	f64f 73f0 	movw	r3, #65520	; 0xfff0
 80212a8:	4013      	ands	r3, r2
 80212aa:	613b      	str	r3, [r7, #16]
C:/Users/leonardo/Desktop/Code/Github/DawnBGC/Libraries/FWLIB/src/gd32f4xx_usart.c:103
        fradiv = udiv & 0x7U;
 80212ac:	68bb      	ldr	r3, [r7, #8]
 80212ae:	f003 0307 	and.w	r3, r3, #7
 80212b2:	60fb      	str	r3, [r7, #12]
C:/Users/leonardo/Desktop/Code/Github/DawnBGC/Libraries/FWLIB/src/gd32f4xx_usart.c:104
        USART_BAUD(usart_periph) |= ((USART_BAUD_FRADIV | USART_BAUD_INTDIV) & (intdiv | fradiv));
 80212b4:	687b      	ldr	r3, [r7, #4]
 80212b6:	3308      	adds	r3, #8
 80212b8:	681a      	ldr	r2, [r3, #0]
 80212ba:	6939      	ldr	r1, [r7, #16]
 80212bc:	68fb      	ldr	r3, [r7, #12]
 80212be:	430b      	orrs	r3, r1
 80212c0:	b29b      	uxth	r3, r3
 80212c2:	6879      	ldr	r1, [r7, #4]
 80212c4:	3108      	adds	r1, #8
 80212c6:	4313      	orrs	r3, r2
 80212c8:	600b      	str	r3, [r1, #0]
C:/Users/leonardo/Desktop/Code/Github/DawnBGC/Libraries/FWLIB/src/gd32f4xx_usart.c:112
        udiv = (uclk+baudval/2U)/baudval;
        intdiv = udiv & 0xfff0U;
        fradiv = udiv & 0xfU;
        USART_BAUD(usart_periph) |= ((USART_BAUD_FRADIV | USART_BAUD_INTDIV) & (intdiv | fradiv));
    }   
}
 80212ca:	e01b      	b.n	8021304 <usart_baudrate_set+0x160>
C:/Users/leonardo/Desktop/Code/Github/DawnBGC/Libraries/FWLIB/src/gd32f4xx_usart.c:107
        udiv = (uclk+baudval/2U)/baudval;
 80212cc:	683b      	ldr	r3, [r7, #0]
 80212ce:	085a      	lsrs	r2, r3, #1
 80212d0:	697b      	ldr	r3, [r7, #20]
 80212d2:	441a      	add	r2, r3
 80212d4:	683b      	ldr	r3, [r7, #0]
 80212d6:	fbb2 f3f3 	udiv	r3, r2, r3
 80212da:	60bb      	str	r3, [r7, #8]
C:/Users/leonardo/Desktop/Code/Github/DawnBGC/Libraries/FWLIB/src/gd32f4xx_usart.c:108
        intdiv = udiv & 0xfff0U;
 80212dc:	68ba      	ldr	r2, [r7, #8]
 80212de:	f64f 73f0 	movw	r3, #65520	; 0xfff0
 80212e2:	4013      	ands	r3, r2
 80212e4:	613b      	str	r3, [r7, #16]
C:/Users/leonardo/Desktop/Code/Github/DawnBGC/Libraries/FWLIB/src/gd32f4xx_usart.c:109
        fradiv = udiv & 0xfU;
 80212e6:	68bb      	ldr	r3, [r7, #8]
 80212e8:	f003 030f 	and.w	r3, r3, #15
 80212ec:	60fb      	str	r3, [r7, #12]
C:/Users/leonardo/Desktop/Code/Github/DawnBGC/Libraries/FWLIB/src/gd32f4xx_usart.c:110
        USART_BAUD(usart_periph) |= ((USART_BAUD_FRADIV | USART_BAUD_INTDIV) & (intdiv | fradiv));
 80212ee:	687b      	ldr	r3, [r7, #4]
 80212f0:	3308      	adds	r3, #8
 80212f2:	681a      	ldr	r2, [r3, #0]
 80212f4:	6939      	ldr	r1, [r7, #16]
 80212f6:	68fb      	ldr	r3, [r7, #12]
 80212f8:	430b      	orrs	r3, r1
 80212fa:	b29b      	uxth	r3, r3
 80212fc:	6879      	ldr	r1, [r7, #4]
 80212fe:	3108      	adds	r1, #8
 8021300:	4313      	orrs	r3, r2
 8021302:	600b      	str	r3, [r1, #0]
C:/Users/leonardo/Desktop/Code/Github/DawnBGC/Libraries/FWLIB/src/gd32f4xx_usart.c:112
}
 8021304:	bf00      	nop
 8021306:	3718      	adds	r7, #24
 8021308:	46bd      	mov	sp, r7
 802130a:	bd80      	pop	{r7, pc}
 802130c:	40011400 	.word	0x40011400
 8021310:	40011000 	.word	0x40011000
 8021314:	40007c00 	.word	0x40007c00
 8021318:	40007800 	.word	0x40007800
 802131c:	40005000 	.word	0x40005000
 8021320:	40004c00 	.word	0x40004c00
 8021324:	40004400 	.word	0x40004400
 8021328:	40004800 	.word	0x40004800

0802132c <usart_parity_config>:
usart_parity_config():
C:/Users/leonardo/Desktop/Code/Github/DawnBGC/Libraries/FWLIB/src/gd32f4xx_usart.c:125
      \arg       USART_PM_ODD:  odd parity
    \param[out] none
    \retval     none
*/
void usart_parity_config(uint32_t usart_periph, uint32_t paritycfg)
{
 802132c:	b480      	push	{r7}
 802132e:	b083      	sub	sp, #12
 8021330:	af00      	add	r7, sp, #0
 8021332:	6078      	str	r0, [r7, #4]
 8021334:	6039      	str	r1, [r7, #0]
C:/Users/leonardo/Desktop/Code/Github/DawnBGC/Libraries/FWLIB/src/gd32f4xx_usart.c:127
    /* clear USART_CTL0 PM,PCEN Bits */
    USART_CTL0(usart_periph) &= ~(USART_CTL0_PM | USART_CTL0_PCEN);
 8021336:	687b      	ldr	r3, [r7, #4]
 8021338:	330c      	adds	r3, #12
 802133a:	681b      	ldr	r3, [r3, #0]
 802133c:	687a      	ldr	r2, [r7, #4]
 802133e:	320c      	adds	r2, #12
 8021340:	f423 63c0 	bic.w	r3, r3, #1536	; 0x600
 8021344:	6013      	str	r3, [r2, #0]
C:/Users/leonardo/Desktop/Code/Github/DawnBGC/Libraries/FWLIB/src/gd32f4xx_usart.c:129
     /* configure USART parity mode */
    USART_CTL0(usart_periph) |= paritycfg ;
 8021346:	687b      	ldr	r3, [r7, #4]
 8021348:	330c      	adds	r3, #12
 802134a:	681a      	ldr	r2, [r3, #0]
 802134c:	687b      	ldr	r3, [r7, #4]
 802134e:	330c      	adds	r3, #12
 8021350:	4619      	mov	r1, r3
 8021352:	683b      	ldr	r3, [r7, #0]
 8021354:	4313      	orrs	r3, r2
 8021356:	600b      	str	r3, [r1, #0]
C:/Users/leonardo/Desktop/Code/Github/DawnBGC/Libraries/FWLIB/src/gd32f4xx_usart.c:130
}
 8021358:	bf00      	nop
 802135a:	370c      	adds	r7, #12
 802135c:	46bd      	mov	sp, r7
 802135e:	bc80      	pop	{r7}
 8021360:	4770      	bx	lr

08021362 <usart_word_length_set>:
usart_word_length_set():
C:/Users/leonardo/Desktop/Code/Github/DawnBGC/Libraries/FWLIB/src/gd32f4xx_usart.c:142
      \arg       USART_WL_9BIT: 9 bits
    \param[out] none
    \retval     none
*/
void usart_word_length_set(uint32_t usart_periph, uint32_t wlen)
{
 8021362:	b480      	push	{r7}
 8021364:	b083      	sub	sp, #12
 8021366:	af00      	add	r7, sp, #0
 8021368:	6078      	str	r0, [r7, #4]
 802136a:	6039      	str	r1, [r7, #0]
C:/Users/leonardo/Desktop/Code/Github/DawnBGC/Libraries/FWLIB/src/gd32f4xx_usart.c:144
    /* clear USART_CTL0 WL bit */
    USART_CTL0(usart_periph) &= ~USART_CTL0_WL;
 802136c:	687b      	ldr	r3, [r7, #4]
 802136e:	330c      	adds	r3, #12
 8021370:	681b      	ldr	r3, [r3, #0]
 8021372:	687a      	ldr	r2, [r7, #4]
 8021374:	320c      	adds	r2, #12
 8021376:	f423 5380 	bic.w	r3, r3, #4096	; 0x1000
 802137a:	6013      	str	r3, [r2, #0]
C:/Users/leonardo/Desktop/Code/Github/DawnBGC/Libraries/FWLIB/src/gd32f4xx_usart.c:146
    /* configure USART word length */
    USART_CTL0(usart_periph) |= wlen;
 802137c:	687b      	ldr	r3, [r7, #4]
 802137e:	330c      	adds	r3, #12
 8021380:	681a      	ldr	r2, [r3, #0]
 8021382:	687b      	ldr	r3, [r7, #4]
 8021384:	330c      	adds	r3, #12
 8021386:	4619      	mov	r1, r3
 8021388:	683b      	ldr	r3, [r7, #0]
 802138a:	4313      	orrs	r3, r2
 802138c:	600b      	str	r3, [r1, #0]
C:/Users/leonardo/Desktop/Code/Github/DawnBGC/Libraries/FWLIB/src/gd32f4xx_usart.c:147
}
 802138e:	bf00      	nop
 8021390:	370c      	adds	r7, #12
 8021392:	46bd      	mov	sp, r7
 8021394:	bc80      	pop	{r7}
 8021396:	4770      	bx	lr

08021398 <usart_stop_bit_set>:
usart_stop_bit_set():
C:/Users/leonardo/Desktop/Code/Github/DawnBGC/Libraries/FWLIB/src/gd32f4xx_usart.c:161
      \arg       USART_STB_1_5BIT: 1.5 bits(not available for UARTx(x=3,4,6,7))
    \param[out] none
    \retval     none
*/
void usart_stop_bit_set(uint32_t usart_periph, uint32_t stblen)
{
 8021398:	b480      	push	{r7}
 802139a:	b083      	sub	sp, #12
 802139c:	af00      	add	r7, sp, #0
 802139e:	6078      	str	r0, [r7, #4]
 80213a0:	6039      	str	r1, [r7, #0]
C:/Users/leonardo/Desktop/Code/Github/DawnBGC/Libraries/FWLIB/src/gd32f4xx_usart.c:163
    /* clear USART_CTL1 STB bits */
    USART_CTL1(usart_periph) &= ~USART_CTL1_STB; 
 80213a2:	687b      	ldr	r3, [r7, #4]
 80213a4:	3310      	adds	r3, #16
 80213a6:	681b      	ldr	r3, [r3, #0]
 80213a8:	687a      	ldr	r2, [r7, #4]
 80213aa:	3210      	adds	r2, #16
 80213ac:	f423 5340 	bic.w	r3, r3, #12288	; 0x3000
 80213b0:	6013      	str	r3, [r2, #0]
C:/Users/leonardo/Desktop/Code/Github/DawnBGC/Libraries/FWLIB/src/gd32f4xx_usart.c:165
    /* configure USART stop bits */
    USART_CTL1(usart_periph) |= stblen;
 80213b2:	687b      	ldr	r3, [r7, #4]
 80213b4:	3310      	adds	r3, #16
 80213b6:	681a      	ldr	r2, [r3, #0]
 80213b8:	687b      	ldr	r3, [r7, #4]
 80213ba:	3310      	adds	r3, #16
 80213bc:	4619      	mov	r1, r3
 80213be:	683b      	ldr	r3, [r7, #0]
 80213c0:	4313      	orrs	r3, r2
 80213c2:	600b      	str	r3, [r1, #0]
C:/Users/leonardo/Desktop/Code/Github/DawnBGC/Libraries/FWLIB/src/gd32f4xx_usart.c:166
}
 80213c4:	bf00      	nop
 80213c6:	370c      	adds	r7, #12
 80213c8:	46bd      	mov	sp, r7
 80213ca:	bc80      	pop	{r7}
 80213cc:	4770      	bx	lr

080213ce <usart_enable>:
usart_enable():
C:/Users/leonardo/Desktop/Code/Github/DawnBGC/Libraries/FWLIB/src/gd32f4xx_usart.c:174
    \param[in]  usart_periph: USARTx(x=0,1,2,5)/UARTx(x=3,4,6,7)
    \param[out] none
    \retval     none
*/
void usart_enable(uint32_t usart_periph)
{
 80213ce:	b480      	push	{r7}
 80213d0:	b083      	sub	sp, #12
 80213d2:	af00      	add	r7, sp, #0
 80213d4:	6078      	str	r0, [r7, #4]
C:/Users/leonardo/Desktop/Code/Github/DawnBGC/Libraries/FWLIB/src/gd32f4xx_usart.c:175
    USART_CTL0(usart_periph) |= USART_CTL0_UEN;
 80213d6:	687b      	ldr	r3, [r7, #4]
 80213d8:	330c      	adds	r3, #12
 80213da:	681b      	ldr	r3, [r3, #0]
 80213dc:	687a      	ldr	r2, [r7, #4]
 80213de:	320c      	adds	r2, #12
 80213e0:	f443 5300 	orr.w	r3, r3, #8192	; 0x2000
 80213e4:	6013      	str	r3, [r2, #0]
C:/Users/leonardo/Desktop/Code/Github/DawnBGC/Libraries/FWLIB/src/gd32f4xx_usart.c:176
}
 80213e6:	bf00      	nop
 80213e8:	370c      	adds	r7, #12
 80213ea:	46bd      	mov	sp, r7
 80213ec:	bc80      	pop	{r7}
 80213ee:	4770      	bx	lr

080213f0 <usart_disable>:
usart_disable():
C:/Users/leonardo/Desktop/Code/Github/DawnBGC/Libraries/FWLIB/src/gd32f4xx_usart.c:185
    \param[in] usart_periph: USARTx(x=0,1,2,5)/UARTx(x=3,4,6,7)
    \param[out] none
    \retval     none
*/
void usart_disable(uint32_t usart_periph)
{
 80213f0:	b480      	push	{r7}
 80213f2:	b083      	sub	sp, #12
 80213f4:	af00      	add	r7, sp, #0
 80213f6:	6078      	str	r0, [r7, #4]
C:/Users/leonardo/Desktop/Code/Github/DawnBGC/Libraries/FWLIB/src/gd32f4xx_usart.c:186
    USART_CTL0(usart_periph) &= ~(USART_CTL0_UEN);
 80213f8:	687b      	ldr	r3, [r7, #4]
 80213fa:	330c      	adds	r3, #12
 80213fc:	681b      	ldr	r3, [r3, #0]
 80213fe:	687a      	ldr	r2, [r7, #4]
 8021400:	320c      	adds	r2, #12
 8021402:	f423 5300 	bic.w	r3, r3, #8192	; 0x2000
 8021406:	6013      	str	r3, [r2, #0]
C:/Users/leonardo/Desktop/Code/Github/DawnBGC/Libraries/FWLIB/src/gd32f4xx_usart.c:187
}
 8021408:	bf00      	nop
 802140a:	370c      	adds	r7, #12
 802140c:	46bd      	mov	sp, r7
 802140e:	bc80      	pop	{r7}
 8021410:	4770      	bx	lr

08021412 <usart_transmit_config>:
usart_transmit_config():
C:/Users/leonardo/Desktop/Code/Github/DawnBGC/Libraries/FWLIB/src/gd32f4xx_usart.c:199
      \arg        USART_TRANSMIT_DISABLE: enable USART transmission
    \param[out] none
    \retval     none
*/
void usart_transmit_config(uint32_t usart_periph, uint32_t txconfig)
{
 8021412:	b480      	push	{r7}
 8021414:	b085      	sub	sp, #20
 8021416:	af00      	add	r7, sp, #0
 8021418:	6078      	str	r0, [r7, #4]
 802141a:	6039      	str	r1, [r7, #0]
C:/Users/leonardo/Desktop/Code/Github/DawnBGC/Libraries/FWLIB/src/gd32f4xx_usart.c:200
    uint32_t ctl = 0U;
 802141c:	2300      	movs	r3, #0
 802141e:	60fb      	str	r3, [r7, #12]
C:/Users/leonardo/Desktop/Code/Github/DawnBGC/Libraries/FWLIB/src/gd32f4xx_usart.c:202
    
    ctl = USART_CTL0(usart_periph);
 8021420:	687b      	ldr	r3, [r7, #4]
 8021422:	330c      	adds	r3, #12
 8021424:	681b      	ldr	r3, [r3, #0]
 8021426:	60fb      	str	r3, [r7, #12]
C:/Users/leonardo/Desktop/Code/Github/DawnBGC/Libraries/FWLIB/src/gd32f4xx_usart.c:203
    ctl &= ~USART_CTL0_TEN;
 8021428:	68fb      	ldr	r3, [r7, #12]
 802142a:	f023 0308 	bic.w	r3, r3, #8
 802142e:	60fb      	str	r3, [r7, #12]
C:/Users/leonardo/Desktop/Code/Github/DawnBGC/Libraries/FWLIB/src/gd32f4xx_usart.c:204
    ctl |= txconfig;
 8021430:	68fa      	ldr	r2, [r7, #12]
 8021432:	683b      	ldr	r3, [r7, #0]
 8021434:	4313      	orrs	r3, r2
 8021436:	60fb      	str	r3, [r7, #12]
C:/Users/leonardo/Desktop/Code/Github/DawnBGC/Libraries/FWLIB/src/gd32f4xx_usart.c:206
    /* configure transfer mode */
    USART_CTL0(usart_periph) = ctl;
 8021438:	687b      	ldr	r3, [r7, #4]
 802143a:	330c      	adds	r3, #12
 802143c:	461a      	mov	r2, r3
 802143e:	68fb      	ldr	r3, [r7, #12]
 8021440:	6013      	str	r3, [r2, #0]
C:/Users/leonardo/Desktop/Code/Github/DawnBGC/Libraries/FWLIB/src/gd32f4xx_usart.c:207
}
 8021442:	bf00      	nop
 8021444:	3714      	adds	r7, #20
 8021446:	46bd      	mov	sp, r7
 8021448:	bc80      	pop	{r7}
 802144a:	4770      	bx	lr

0802144c <usart_receive_config>:
usart_receive_config():
C:/Users/leonardo/Desktop/Code/Github/DawnBGC/Libraries/FWLIB/src/gd32f4xx_usart.c:219
      \arg        USART_RECEIVE_DISABLE: disable USART reception
    \param[out] none
    \retval     none
*/
void usart_receive_config(uint32_t usart_periph, uint32_t rxconfig)
{
 802144c:	b480      	push	{r7}
 802144e:	b085      	sub	sp, #20
 8021450:	af00      	add	r7, sp, #0
 8021452:	6078      	str	r0, [r7, #4]
 8021454:	6039      	str	r1, [r7, #0]
C:/Users/leonardo/Desktop/Code/Github/DawnBGC/Libraries/FWLIB/src/gd32f4xx_usart.c:220
    uint32_t ctl = 0U;
 8021456:	2300      	movs	r3, #0
 8021458:	60fb      	str	r3, [r7, #12]
C:/Users/leonardo/Desktop/Code/Github/DawnBGC/Libraries/FWLIB/src/gd32f4xx_usart.c:222
    
    ctl = USART_CTL0(usart_periph);
 802145a:	687b      	ldr	r3, [r7, #4]
 802145c:	330c      	adds	r3, #12
 802145e:	681b      	ldr	r3, [r3, #0]
 8021460:	60fb      	str	r3, [r7, #12]
C:/Users/leonardo/Desktop/Code/Github/DawnBGC/Libraries/FWLIB/src/gd32f4xx_usart.c:223
    ctl &= ~USART_CTL0_REN;
 8021462:	68fb      	ldr	r3, [r7, #12]
 8021464:	f023 0304 	bic.w	r3, r3, #4
 8021468:	60fb      	str	r3, [r7, #12]
C:/Users/leonardo/Desktop/Code/Github/DawnBGC/Libraries/FWLIB/src/gd32f4xx_usart.c:224
    ctl |= rxconfig;
 802146a:	68fa      	ldr	r2, [r7, #12]
 802146c:	683b      	ldr	r3, [r7, #0]
 802146e:	4313      	orrs	r3, r2
 8021470:	60fb      	str	r3, [r7, #12]
C:/Users/leonardo/Desktop/Code/Github/DawnBGC/Libraries/FWLIB/src/gd32f4xx_usart.c:226
    /* configure transfer mode */
    USART_CTL0(usart_periph) = ctl;
 8021472:	687b      	ldr	r3, [r7, #4]
 8021474:	330c      	adds	r3, #12
 8021476:	461a      	mov	r2, r3
 8021478:	68fb      	ldr	r3, [r7, #12]
 802147a:	6013      	str	r3, [r2, #0]
C:/Users/leonardo/Desktop/Code/Github/DawnBGC/Libraries/FWLIB/src/gd32f4xx_usart.c:227
}
 802147c:	bf00      	nop
 802147e:	3714      	adds	r7, #20
 8021480:	46bd      	mov	sp, r7
 8021482:	bc80      	pop	{r7}
 8021484:	4770      	bx	lr

08021486 <usart_data_receive>:
usart_data_receive():
C:/Users/leonardo/Desktop/Code/Github/DawnBGC/Libraries/FWLIB/src/gd32f4xx_usart.c:369
    \param[in]  usart_periph: USARTx(x=0,1,2,5)/UARTx(x=3,4,6,7)
    \param[out] none
    \retval     data of received
*/
uint16_t usart_data_receive(uint32_t usart_periph)
{
 8021486:	b480      	push	{r7}
 8021488:	b083      	sub	sp, #12
 802148a:	af00      	add	r7, sp, #0
 802148c:	6078      	str	r0, [r7, #4]
C:/Users/leonardo/Desktop/Code/Github/DawnBGC/Libraries/FWLIB/src/gd32f4xx_usart.c:370
    return (uint16_t)(GET_BITS(USART_DATA(usart_periph), 0U, 8U));
 802148e:	687b      	ldr	r3, [r7, #4]
 8021490:	3304      	adds	r3, #4
 8021492:	681b      	ldr	r3, [r3, #0]
 8021494:	b29b      	uxth	r3, r3
 8021496:	f3c3 0308 	ubfx	r3, r3, #0, #9
 802149a:	b29b      	uxth	r3, r3
C:/Users/leonardo/Desktop/Code/Github/DawnBGC/Libraries/FWLIB/src/gd32f4xx_usart.c:371
}
 802149c:	4618      	mov	r0, r3
 802149e:	370c      	adds	r7, #12
 80214a0:	46bd      	mov	sp, r7
 80214a2:	bc80      	pop	{r7}
 80214a4:	4770      	bx	lr

080214a6 <usart_hardware_flow_rts_config>:
usart_hardware_flow_rts_config():
C:/Users/leonardo/Desktop/Code/Github/DawnBGC/Libraries/FWLIB/src/gd32f4xx_usart.c:685
      \arg        USART_RTS_DISABLE: disable RTS
    \param[out] none
    \retval     none
*/
void usart_hardware_flow_rts_config(uint32_t usart_periph, uint32_t rtsconfig)
{
 80214a6:	b480      	push	{r7}
 80214a8:	b085      	sub	sp, #20
 80214aa:	af00      	add	r7, sp, #0
 80214ac:	6078      	str	r0, [r7, #4]
 80214ae:	6039      	str	r1, [r7, #0]
C:/Users/leonardo/Desktop/Code/Github/DawnBGC/Libraries/FWLIB/src/gd32f4xx_usart.c:686
    uint32_t ctl = 0U;
 80214b0:	2300      	movs	r3, #0
 80214b2:	60fb      	str	r3, [r7, #12]
C:/Users/leonardo/Desktop/Code/Github/DawnBGC/Libraries/FWLIB/src/gd32f4xx_usart.c:688
    
    ctl = USART_CTL2(usart_periph);
 80214b4:	687b      	ldr	r3, [r7, #4]
 80214b6:	3314      	adds	r3, #20
 80214b8:	681b      	ldr	r3, [r3, #0]
 80214ba:	60fb      	str	r3, [r7, #12]
C:/Users/leonardo/Desktop/Code/Github/DawnBGC/Libraries/FWLIB/src/gd32f4xx_usart.c:689
    ctl &= ~USART_CTL2_RTSEN;
 80214bc:	68fb      	ldr	r3, [r7, #12]
 80214be:	f423 7380 	bic.w	r3, r3, #256	; 0x100
 80214c2:	60fb      	str	r3, [r7, #12]
C:/Users/leonardo/Desktop/Code/Github/DawnBGC/Libraries/FWLIB/src/gd32f4xx_usart.c:690
    ctl |= rtsconfig;
 80214c4:	68fa      	ldr	r2, [r7, #12]
 80214c6:	683b      	ldr	r3, [r7, #0]
 80214c8:	4313      	orrs	r3, r2
 80214ca:	60fb      	str	r3, [r7, #12]
C:/Users/leonardo/Desktop/Code/Github/DawnBGC/Libraries/FWLIB/src/gd32f4xx_usart.c:692
    /* configure RTS */
    USART_CTL2(usart_periph) = ctl;
 80214cc:	687b      	ldr	r3, [r7, #4]
 80214ce:	3314      	adds	r3, #20
 80214d0:	461a      	mov	r2, r3
 80214d2:	68fb      	ldr	r3, [r7, #12]
 80214d4:	6013      	str	r3, [r2, #0]
C:/Users/leonardo/Desktop/Code/Github/DawnBGC/Libraries/FWLIB/src/gd32f4xx_usart.c:693
}
 80214d6:	bf00      	nop
 80214d8:	3714      	adds	r7, #20
 80214da:	46bd      	mov	sp, r7
 80214dc:	bc80      	pop	{r7}
 80214de:	4770      	bx	lr

080214e0 <usart_hardware_flow_cts_config>:
usart_hardware_flow_cts_config():
C:/Users/leonardo/Desktop/Code/Github/DawnBGC/Libraries/FWLIB/src/gd32f4xx_usart.c:705
      \arg        USART_CTS_DISABLE: disable CTS
    \param[out] none
    \retval     none
*/
void usart_hardware_flow_cts_config(uint32_t usart_periph, uint32_t ctsconfig)
{
 80214e0:	b480      	push	{r7}
 80214e2:	b085      	sub	sp, #20
 80214e4:	af00      	add	r7, sp, #0
 80214e6:	6078      	str	r0, [r7, #4]
 80214e8:	6039      	str	r1, [r7, #0]
C:/Users/leonardo/Desktop/Code/Github/DawnBGC/Libraries/FWLIB/src/gd32f4xx_usart.c:706
    uint32_t ctl = 0U;
 80214ea:	2300      	movs	r3, #0
 80214ec:	60fb      	str	r3, [r7, #12]
C:/Users/leonardo/Desktop/Code/Github/DawnBGC/Libraries/FWLIB/src/gd32f4xx_usart.c:708
    
    ctl = USART_CTL2(usart_periph);
 80214ee:	687b      	ldr	r3, [r7, #4]
 80214f0:	3314      	adds	r3, #20
 80214f2:	681b      	ldr	r3, [r3, #0]
 80214f4:	60fb      	str	r3, [r7, #12]
C:/Users/leonardo/Desktop/Code/Github/DawnBGC/Libraries/FWLIB/src/gd32f4xx_usart.c:709
    ctl &= ~USART_CTL2_CTSEN;
 80214f6:	68fb      	ldr	r3, [r7, #12]
 80214f8:	f423 7300 	bic.w	r3, r3, #512	; 0x200
 80214fc:	60fb      	str	r3, [r7, #12]
C:/Users/leonardo/Desktop/Code/Github/DawnBGC/Libraries/FWLIB/src/gd32f4xx_usart.c:710
    ctl |= ctsconfig;
 80214fe:	68fa      	ldr	r2, [r7, #12]
 8021500:	683b      	ldr	r3, [r7, #0]
 8021502:	4313      	orrs	r3, r2
 8021504:	60fb      	str	r3, [r7, #12]
C:/Users/leonardo/Desktop/Code/Github/DawnBGC/Libraries/FWLIB/src/gd32f4xx_usart.c:712
    /* configure CTS */
    USART_CTL2(usart_periph) = ctl;
 8021506:	687b      	ldr	r3, [r7, #4]
 8021508:	3314      	adds	r3, #20
 802150a:	461a      	mov	r2, r3
 802150c:	68fb      	ldr	r3, [r7, #12]
 802150e:	6013      	str	r3, [r2, #0]
C:/Users/leonardo/Desktop/Code/Github/DawnBGC/Libraries/FWLIB/src/gd32f4xx_usart.c:713
}
 8021510:	bf00      	nop
 8021512:	3714      	adds	r7, #20
 8021514:	46bd      	mov	sp, r7
 8021516:	bc80      	pop	{r7}
 8021518:	4770      	bx	lr

0802151a <usart_dma_receive_config>:
usart_dma_receive_config():
C:/Users/leonardo/Desktop/Code/Github/DawnBGC/Libraries/FWLIB/src/gd32f4xx_usart.c:770
      \arg        USART_DENR_DISABLE: DMA disable for reception
    \param[out] none
    \retval     none
*/
void usart_dma_receive_config(uint32_t usart_periph, uint32_t dmacmd)
{
 802151a:	b480      	push	{r7}
 802151c:	b085      	sub	sp, #20
 802151e:	af00      	add	r7, sp, #0
 8021520:	6078      	str	r0, [r7, #4]
 8021522:	6039      	str	r1, [r7, #0]
C:/Users/leonardo/Desktop/Code/Github/DawnBGC/Libraries/FWLIB/src/gd32f4xx_usart.c:771
    uint32_t ctl = 0U;
 8021524:	2300      	movs	r3, #0
 8021526:	60fb      	str	r3, [r7, #12]
C:/Users/leonardo/Desktop/Code/Github/DawnBGC/Libraries/FWLIB/src/gd32f4xx_usart.c:773
    
    ctl = USART_CTL2(usart_periph);
 8021528:	687b      	ldr	r3, [r7, #4]
 802152a:	3314      	adds	r3, #20
 802152c:	681b      	ldr	r3, [r3, #0]
 802152e:	60fb      	str	r3, [r7, #12]
C:/Users/leonardo/Desktop/Code/Github/DawnBGC/Libraries/FWLIB/src/gd32f4xx_usart.c:774
    ctl &= ~USART_CTL2_DENR;
 8021530:	68fb      	ldr	r3, [r7, #12]
 8021532:	f023 0340 	bic.w	r3, r3, #64	; 0x40
 8021536:	60fb      	str	r3, [r7, #12]
C:/Users/leonardo/Desktop/Code/Github/DawnBGC/Libraries/FWLIB/src/gd32f4xx_usart.c:775
    ctl |= dmacmd;
 8021538:	68fa      	ldr	r2, [r7, #12]
 802153a:	683b      	ldr	r3, [r7, #0]
 802153c:	4313      	orrs	r3, r2
 802153e:	60fb      	str	r3, [r7, #12]
C:/Users/leonardo/Desktop/Code/Github/DawnBGC/Libraries/FWLIB/src/gd32f4xx_usart.c:777
    /* configure DMA reception */
    USART_CTL2(usart_periph) = ctl;
 8021540:	687b      	ldr	r3, [r7, #4]
 8021542:	3314      	adds	r3, #20
 8021544:	461a      	mov	r2, r3
 8021546:	68fb      	ldr	r3, [r7, #12]
 8021548:	6013      	str	r3, [r2, #0]
C:/Users/leonardo/Desktop/Code/Github/DawnBGC/Libraries/FWLIB/src/gd32f4xx_usart.c:778
}
 802154a:	bf00      	nop
 802154c:	3714      	adds	r7, #20
 802154e:	46bd      	mov	sp, r7
 8021550:	bc80      	pop	{r7}
 8021552:	4770      	bx	lr

08021554 <usart_dma_transmit_config>:
usart_dma_transmit_config():
C:/Users/leonardo/Desktop/Code/Github/DawnBGC/Libraries/FWLIB/src/gd32f4xx_usart.c:790
      \arg        USART_DENT_DISABLE: DMA disable for transmission
    \param[out] none
    \retval     none
*/
void usart_dma_transmit_config(uint32_t usart_periph, uint32_t dmacmd)
{
 8021554:	b480      	push	{r7}
 8021556:	b085      	sub	sp, #20
 8021558:	af00      	add	r7, sp, #0
 802155a:	6078      	str	r0, [r7, #4]
 802155c:	6039      	str	r1, [r7, #0]
C:/Users/leonardo/Desktop/Code/Github/DawnBGC/Libraries/FWLIB/src/gd32f4xx_usart.c:791
    uint32_t ctl = 0U;
 802155e:	2300      	movs	r3, #0
 8021560:	60fb      	str	r3, [r7, #12]
C:/Users/leonardo/Desktop/Code/Github/DawnBGC/Libraries/FWLIB/src/gd32f4xx_usart.c:793
    
    ctl = USART_CTL2(usart_periph);
 8021562:	687b      	ldr	r3, [r7, #4]
 8021564:	3314      	adds	r3, #20
 8021566:	681b      	ldr	r3, [r3, #0]
 8021568:	60fb      	str	r3, [r7, #12]
C:/Users/leonardo/Desktop/Code/Github/DawnBGC/Libraries/FWLIB/src/gd32f4xx_usart.c:794
    ctl &= ~USART_CTL2_DENT;
 802156a:	68fb      	ldr	r3, [r7, #12]
 802156c:	f023 0380 	bic.w	r3, r3, #128	; 0x80
 8021570:	60fb      	str	r3, [r7, #12]
C:/Users/leonardo/Desktop/Code/Github/DawnBGC/Libraries/FWLIB/src/gd32f4xx_usart.c:795
    ctl |= dmacmd;
 8021572:	68fa      	ldr	r2, [r7, #12]
 8021574:	683b      	ldr	r3, [r7, #0]
 8021576:	4313      	orrs	r3, r2
 8021578:	60fb      	str	r3, [r7, #12]
C:/Users/leonardo/Desktop/Code/Github/DawnBGC/Libraries/FWLIB/src/gd32f4xx_usart.c:797
    /* configure DMA transmission */
    USART_CTL2(usart_periph) = ctl;
 802157a:	687b      	ldr	r3, [r7, #4]
 802157c:	3314      	adds	r3, #20
 802157e:	461a      	mov	r2, r3
 8021580:	68fb      	ldr	r3, [r7, #12]
 8021582:	6013      	str	r3, [r2, #0]
C:/Users/leonardo/Desktop/Code/Github/DawnBGC/Libraries/FWLIB/src/gd32f4xx_usart.c:798
}
 8021584:	bf00      	nop
 8021586:	3714      	adds	r7, #20
 8021588:	46bd      	mov	sp, r7
 802158a:	bc80      	pop	{r7}
 802158c:	4770      	bx	lr

0802158e <usart_flag_get>:
usart_flag_get():
C:/Users/leonardo/Desktop/Code/Github/DawnBGC/Libraries/FWLIB/src/gd32f4xx_usart.c:822
      \arg        USART_FLAG_EPERR: early parity error flag
    \param[out] none
    \retval     FlagStatus: SET or RESET
*/
FlagStatus usart_flag_get(uint32_t usart_periph, usart_flag_enum flag)
{
 802158e:	b480      	push	{r7}
 8021590:	b083      	sub	sp, #12
 8021592:	af00      	add	r7, sp, #0
 8021594:	6078      	str	r0, [r7, #4]
 8021596:	460b      	mov	r3, r1
 8021598:	807b      	strh	r3, [r7, #2]
C:/Users/leonardo/Desktop/Code/Github/DawnBGC/Libraries/FWLIB/src/gd32f4xx_usart.c:823
    if(RESET != (USART_REG_VAL(usart_periph, flag) & BIT(USART_BIT_POS(flag)))){
 802159a:	887b      	ldrh	r3, [r7, #2]
 802159c:	099b      	lsrs	r3, r3, #6
 802159e:	b29b      	uxth	r3, r3
 80215a0:	461a      	mov	r2, r3
 80215a2:	687b      	ldr	r3, [r7, #4]
 80215a4:	4413      	add	r3, r2
 80215a6:	681a      	ldr	r2, [r3, #0]
 80215a8:	887b      	ldrh	r3, [r7, #2]
 80215aa:	f003 031f 	and.w	r3, r3, #31
 80215ae:	fa22 f303 	lsr.w	r3, r2, r3
 80215b2:	f003 0301 	and.w	r3, r3, #1
 80215b6:	2b00      	cmp	r3, #0
 80215b8:	d001      	beq.n	80215be <usart_flag_get+0x30>
C:/Users/leonardo/Desktop/Code/Github/DawnBGC/Libraries/FWLIB/src/gd32f4xx_usart.c:824
        return SET;
 80215ba:	2301      	movs	r3, #1
 80215bc:	e000      	b.n	80215c0 <usart_flag_get+0x32>
C:/Users/leonardo/Desktop/Code/Github/DawnBGC/Libraries/FWLIB/src/gd32f4xx_usart.c:826
    }else{
        return RESET;
 80215be:	2300      	movs	r3, #0
C:/Users/leonardo/Desktop/Code/Github/DawnBGC/Libraries/FWLIB/src/gd32f4xx_usart.c:828
    }
}
 80215c0:	4618      	mov	r0, r3
 80215c2:	370c      	adds	r7, #12
 80215c4:	46bd      	mov	sp, r7
 80215c6:	bc80      	pop	{r7}
 80215c8:	4770      	bx	lr

080215ca <usart_flag_clear>:
usart_flag_clear():
C:/Users/leonardo/Desktop/Code/Github/DawnBGC/Libraries/FWLIB/src/gd32f4xx_usart.c:845
      \arg        USART_FLAG_EPERR: early parity error flag
    \param[out] none
    \retval     none
*/
void usart_flag_clear(uint32_t usart_periph, usart_flag_enum flag)
{
 80215ca:	b480      	push	{r7}
 80215cc:	b083      	sub	sp, #12
 80215ce:	af00      	add	r7, sp, #0
 80215d0:	6078      	str	r0, [r7, #4]
 80215d2:	460b      	mov	r3, r1
 80215d4:	807b      	strh	r3, [r7, #2]
C:/Users/leonardo/Desktop/Code/Github/DawnBGC/Libraries/FWLIB/src/gd32f4xx_usart.c:846
    USART_REG_VAL(usart_periph, flag) &= ~BIT(USART_BIT_POS(flag));
 80215d6:	887b      	ldrh	r3, [r7, #2]
 80215d8:	099b      	lsrs	r3, r3, #6
 80215da:	b29b      	uxth	r3, r3
 80215dc:	461a      	mov	r2, r3
 80215de:	687b      	ldr	r3, [r7, #4]
 80215e0:	4413      	add	r3, r2
 80215e2:	681a      	ldr	r2, [r3, #0]
 80215e4:	887b      	ldrh	r3, [r7, #2]
 80215e6:	f003 031f 	and.w	r3, r3, #31
 80215ea:	2101      	movs	r1, #1
 80215ec:	fa01 f303 	lsl.w	r3, r1, r3
 80215f0:	43db      	mvns	r3, r3
 80215f2:	8879      	ldrh	r1, [r7, #2]
 80215f4:	0989      	lsrs	r1, r1, #6
 80215f6:	b289      	uxth	r1, r1
 80215f8:	4608      	mov	r0, r1
 80215fa:	6879      	ldr	r1, [r7, #4]
 80215fc:	4401      	add	r1, r0
 80215fe:	4013      	ands	r3, r2
 8021600:	600b      	str	r3, [r1, #0]
C:/Users/leonardo/Desktop/Code/Github/DawnBGC/Libraries/FWLIB/src/gd32f4xx_usart.c:847
}
 8021602:	bf00      	nop
 8021604:	370c      	adds	r7, #12
 8021606:	46bd      	mov	sp, r7
 8021608:	bc80      	pop	{r7}
 802160a:	4770      	bx	lr

0802160c <usart_interrupt_enable>:
usart_interrupt_enable():
C:/Users/leonardo/Desktop/Code/Github/DawnBGC/Libraries/FWLIB/src/gd32f4xx_usart.c:867
      \arg        USART_INTEN_EBIE: interrupt enable bit of end of block event
    \param[out] none
    \retval     none
*/
void usart_interrupt_enable(uint32_t usart_periph, uint32_t int_flag)
{
 802160c:	b480      	push	{r7}
 802160e:	b085      	sub	sp, #20
 8021610:	af00      	add	r7, sp, #0
 8021612:	6078      	str	r0, [r7, #4]
 8021614:	6039      	str	r1, [r7, #0]
C:/Users/leonardo/Desktop/Code/Github/DawnBGC/Libraries/FWLIB/src/gd32f4xx_usart.c:868
    uint32_t usart_reg = 0U;
 8021616:	2300      	movs	r3, #0
 8021618:	60fb      	str	r3, [r7, #12]
C:/Users/leonardo/Desktop/Code/Github/DawnBGC/Libraries/FWLIB/src/gd32f4xx_usart.c:870
    
    usart_reg = int_flag & (~(uint32_t)USART_INTEN_MASK);
 802161a:	683b      	ldr	r3, [r7, #0]
 802161c:	f423 637f 	bic.w	r3, r3, #4080	; 0xff0
 8021620:	f023 030f 	bic.w	r3, r3, #15
 8021624:	60fb      	str	r3, [r7, #12]
C:/Users/leonardo/Desktop/Code/Github/DawnBGC/Libraries/FWLIB/src/gd32f4xx_usart.c:871
    int_flag &= USART_INTEN_MASK;
 8021626:	683b      	ldr	r3, [r7, #0]
 8021628:	f3c3 030b 	ubfx	r3, r3, #0, #12
 802162c:	603b      	str	r3, [r7, #0]
C:/Users/leonardo/Desktop/Code/Github/DawnBGC/Libraries/FWLIB/src/gd32f4xx_usart.c:873
    /* flags in USART_CTL0 */
    if(USART_INTS_CTL0 == usart_reg){
 802162e:	68fb      	ldr	r3, [r7, #12]
 8021630:	f1b3 5f80 	cmp.w	r3, #268435456	; 0x10000000
 8021634:	d109      	bne.n	802164a <usart_interrupt_enable+0x3e>
C:/Users/leonardo/Desktop/Code/Github/DawnBGC/Libraries/FWLIB/src/gd32f4xx_usart.c:874
        USART_CTL0(usart_periph) |= int_flag;
 8021636:	687b      	ldr	r3, [r7, #4]
 8021638:	330c      	adds	r3, #12
 802163a:	681a      	ldr	r2, [r3, #0]
 802163c:	687b      	ldr	r3, [r7, #4]
 802163e:	330c      	adds	r3, #12
 8021640:	4619      	mov	r1, r3
 8021642:	683b      	ldr	r3, [r7, #0]
 8021644:	4313      	orrs	r3, r2
 8021646:	600b      	str	r3, [r1, #0]
C:/Users/leonardo/Desktop/Code/Github/DawnBGC/Libraries/FWLIB/src/gd32f4xx_usart.c:887
    }else if(USART_INTS_CTL3 == usart_reg){
        USART_CTL3(usart_periph) |= int_flag;
    }else{
        /* illegal parameters */
    }
}
 8021648:	e028      	b.n	802169c <usart_interrupt_enable+0x90>
C:/Users/leonardo/Desktop/Code/Github/DawnBGC/Libraries/FWLIB/src/gd32f4xx_usart.c:876
    }else if(USART_INTS_CTL1 == usart_reg){
 802164a:	68fb      	ldr	r3, [r7, #12]
 802164c:	f1b3 5f00 	cmp.w	r3, #536870912	; 0x20000000
 8021650:	d109      	bne.n	8021666 <usart_interrupt_enable+0x5a>
C:/Users/leonardo/Desktop/Code/Github/DawnBGC/Libraries/FWLIB/src/gd32f4xx_usart.c:877
        USART_CTL1(usart_periph) |= int_flag;
 8021652:	687b      	ldr	r3, [r7, #4]
 8021654:	3310      	adds	r3, #16
 8021656:	681a      	ldr	r2, [r3, #0]
 8021658:	687b      	ldr	r3, [r7, #4]
 802165a:	3310      	adds	r3, #16
 802165c:	4619      	mov	r1, r3
 802165e:	683b      	ldr	r3, [r7, #0]
 8021660:	4313      	orrs	r3, r2
 8021662:	600b      	str	r3, [r1, #0]
C:/Users/leonardo/Desktop/Code/Github/DawnBGC/Libraries/FWLIB/src/gd32f4xx_usart.c:887
}
 8021664:	e01a      	b.n	802169c <usart_interrupt_enable+0x90>
C:/Users/leonardo/Desktop/Code/Github/DawnBGC/Libraries/FWLIB/src/gd32f4xx_usart.c:879
    }else if(USART_INTS_CTL2 == usart_reg){
 8021666:	68fb      	ldr	r3, [r7, #12]
 8021668:	f1b3 4f80 	cmp.w	r3, #1073741824	; 0x40000000
 802166c:	d109      	bne.n	8021682 <usart_interrupt_enable+0x76>
C:/Users/leonardo/Desktop/Code/Github/DawnBGC/Libraries/FWLIB/src/gd32f4xx_usart.c:880
        USART_CTL2(usart_periph) |= int_flag;
 802166e:	687b      	ldr	r3, [r7, #4]
 8021670:	3314      	adds	r3, #20
 8021672:	681a      	ldr	r2, [r3, #0]
 8021674:	687b      	ldr	r3, [r7, #4]
 8021676:	3314      	adds	r3, #20
 8021678:	4619      	mov	r1, r3
 802167a:	683b      	ldr	r3, [r7, #0]
 802167c:	4313      	orrs	r3, r2
 802167e:	600b      	str	r3, [r1, #0]
C:/Users/leonardo/Desktop/Code/Github/DawnBGC/Libraries/FWLIB/src/gd32f4xx_usart.c:887
}
 8021680:	e00c      	b.n	802169c <usart_interrupt_enable+0x90>
C:/Users/leonardo/Desktop/Code/Github/DawnBGC/Libraries/FWLIB/src/gd32f4xx_usart.c:882
    }else if(USART_INTS_CTL3 == usart_reg){
 8021682:	68fb      	ldr	r3, [r7, #12]
 8021684:	f1b3 4f00 	cmp.w	r3, #2147483648	; 0x80000000
 8021688:	d108      	bne.n	802169c <usart_interrupt_enable+0x90>
C:/Users/leonardo/Desktop/Code/Github/DawnBGC/Libraries/FWLIB/src/gd32f4xx_usart.c:883
        USART_CTL3(usart_periph) |= int_flag;
 802168a:	687b      	ldr	r3, [r7, #4]
 802168c:	3380      	adds	r3, #128	; 0x80
 802168e:	681a      	ldr	r2, [r3, #0]
 8021690:	687b      	ldr	r3, [r7, #4]
 8021692:	3380      	adds	r3, #128	; 0x80
 8021694:	4619      	mov	r1, r3
 8021696:	683b      	ldr	r3, [r7, #0]
 8021698:	4313      	orrs	r3, r2
 802169a:	600b      	str	r3, [r1, #0]
C:/Users/leonardo/Desktop/Code/Github/DawnBGC/Libraries/FWLIB/src/gd32f4xx_usart.c:887
}
 802169c:	bf00      	nop
 802169e:	3714      	adds	r7, #20
 80216a0:	46bd      	mov	sp, r7
 80216a2:	bc80      	pop	{r7}
 80216a4:	4770      	bx	lr

080216a6 <usart_interrupt_disable>:
usart_interrupt_disable():
C:/Users/leonardo/Desktop/Code/Github/DawnBGC/Libraries/FWLIB/src/gd32f4xx_usart.c:907
      \arg        USART_INTEN_EBIE: interrupt enable bit of end of block event
    \param[out] none
    \retval     none
*/
void usart_interrupt_disable(uint32_t usart_periph, uint32_t int_flag)
{
 80216a6:	b480      	push	{r7}
 80216a8:	b085      	sub	sp, #20
 80216aa:	af00      	add	r7, sp, #0
 80216ac:	6078      	str	r0, [r7, #4]
 80216ae:	6039      	str	r1, [r7, #0]
C:/Users/leonardo/Desktop/Code/Github/DawnBGC/Libraries/FWLIB/src/gd32f4xx_usart.c:908
    uint32_t usart_reg = 0U;
 80216b0:	2300      	movs	r3, #0
 80216b2:	60fb      	str	r3, [r7, #12]
C:/Users/leonardo/Desktop/Code/Github/DawnBGC/Libraries/FWLIB/src/gd32f4xx_usart.c:910
    
    usart_reg = int_flag & (~(uint32_t)USART_INTEN_MASK);
 80216b4:	683b      	ldr	r3, [r7, #0]
 80216b6:	f423 637f 	bic.w	r3, r3, #4080	; 0xff0
 80216ba:	f023 030f 	bic.w	r3, r3, #15
 80216be:	60fb      	str	r3, [r7, #12]
C:/Users/leonardo/Desktop/Code/Github/DawnBGC/Libraries/FWLIB/src/gd32f4xx_usart.c:911
    int_flag &= USART_INTEN_MASK;
 80216c0:	683b      	ldr	r3, [r7, #0]
 80216c2:	f3c3 030b 	ubfx	r3, r3, #0, #12
 80216c6:	603b      	str	r3, [r7, #0]
C:/Users/leonardo/Desktop/Code/Github/DawnBGC/Libraries/FWLIB/src/gd32f4xx_usart.c:913
    /* flags in USART_CTL0 */
    if(USART_INTS_CTL0 == usart_reg){
 80216c8:	68fb      	ldr	r3, [r7, #12]
 80216ca:	f1b3 5f80 	cmp.w	r3, #268435456	; 0x10000000
 80216ce:	d109      	bne.n	80216e4 <usart_interrupt_disable+0x3e>
C:/Users/leonardo/Desktop/Code/Github/DawnBGC/Libraries/FWLIB/src/gd32f4xx_usart.c:914
        USART_CTL0(usart_periph) &= ~(int_flag);
 80216d0:	687b      	ldr	r3, [r7, #4]
 80216d2:	330c      	adds	r3, #12
 80216d4:	681a      	ldr	r2, [r3, #0]
 80216d6:	683b      	ldr	r3, [r7, #0]
 80216d8:	43db      	mvns	r3, r3
 80216da:	6879      	ldr	r1, [r7, #4]
 80216dc:	310c      	adds	r1, #12
 80216de:	4013      	ands	r3, r2
 80216e0:	600b      	str	r3, [r1, #0]
C:/Users/leonardo/Desktop/Code/Github/DawnBGC/Libraries/FWLIB/src/gd32f4xx_usart.c:927
    }else if(USART_INTS_CTL3 == usart_reg){
        USART_CTL3(usart_periph) &= ~(int_flag);
    }else{
        /* illegal parameters */
    }
}
 80216e2:	e028      	b.n	8021736 <usart_interrupt_disable+0x90>
C:/Users/leonardo/Desktop/Code/Github/DawnBGC/Libraries/FWLIB/src/gd32f4xx_usart.c:916
    }else if(USART_INTS_CTL1 == usart_reg){
 80216e4:	68fb      	ldr	r3, [r7, #12]
 80216e6:	f1b3 5f00 	cmp.w	r3, #536870912	; 0x20000000
 80216ea:	d109      	bne.n	8021700 <usart_interrupt_disable+0x5a>
C:/Users/leonardo/Desktop/Code/Github/DawnBGC/Libraries/FWLIB/src/gd32f4xx_usart.c:917
        USART_CTL1(usart_periph) &= ~(int_flag);
 80216ec:	687b      	ldr	r3, [r7, #4]
 80216ee:	3310      	adds	r3, #16
 80216f0:	681a      	ldr	r2, [r3, #0]
 80216f2:	683b      	ldr	r3, [r7, #0]
 80216f4:	43db      	mvns	r3, r3
 80216f6:	6879      	ldr	r1, [r7, #4]
 80216f8:	3110      	adds	r1, #16
 80216fa:	4013      	ands	r3, r2
 80216fc:	600b      	str	r3, [r1, #0]
C:/Users/leonardo/Desktop/Code/Github/DawnBGC/Libraries/FWLIB/src/gd32f4xx_usart.c:927
}
 80216fe:	e01a      	b.n	8021736 <usart_interrupt_disable+0x90>
C:/Users/leonardo/Desktop/Code/Github/DawnBGC/Libraries/FWLIB/src/gd32f4xx_usart.c:919
    }else if(USART_INTS_CTL2 == usart_reg){
 8021700:	68fb      	ldr	r3, [r7, #12]
 8021702:	f1b3 4f80 	cmp.w	r3, #1073741824	; 0x40000000
 8021706:	d109      	bne.n	802171c <usart_interrupt_disable+0x76>
C:/Users/leonardo/Desktop/Code/Github/DawnBGC/Libraries/FWLIB/src/gd32f4xx_usart.c:920
        USART_CTL2(usart_periph) &= ~(int_flag);
 8021708:	687b      	ldr	r3, [r7, #4]
 802170a:	3314      	adds	r3, #20
 802170c:	681a      	ldr	r2, [r3, #0]
 802170e:	683b      	ldr	r3, [r7, #0]
 8021710:	43db      	mvns	r3, r3
 8021712:	6879      	ldr	r1, [r7, #4]
 8021714:	3114      	adds	r1, #20
 8021716:	4013      	ands	r3, r2
 8021718:	600b      	str	r3, [r1, #0]
C:/Users/leonardo/Desktop/Code/Github/DawnBGC/Libraries/FWLIB/src/gd32f4xx_usart.c:927
}
 802171a:	e00c      	b.n	8021736 <usart_interrupt_disable+0x90>
C:/Users/leonardo/Desktop/Code/Github/DawnBGC/Libraries/FWLIB/src/gd32f4xx_usart.c:922
    }else if(USART_INTS_CTL3 == usart_reg){
 802171c:	68fb      	ldr	r3, [r7, #12]
 802171e:	f1b3 4f00 	cmp.w	r3, #2147483648	; 0x80000000
 8021722:	d108      	bne.n	8021736 <usart_interrupt_disable+0x90>
C:/Users/leonardo/Desktop/Code/Github/DawnBGC/Libraries/FWLIB/src/gd32f4xx_usart.c:923
        USART_CTL3(usart_periph) &= ~(int_flag);
 8021724:	687b      	ldr	r3, [r7, #4]
 8021726:	3380      	adds	r3, #128	; 0x80
 8021728:	681a      	ldr	r2, [r3, #0]
 802172a:	683b      	ldr	r3, [r7, #0]
 802172c:	43db      	mvns	r3, r3
 802172e:	6879      	ldr	r1, [r7, #4]
 8021730:	3180      	adds	r1, #128	; 0x80
 8021732:	4013      	ands	r3, r2
 8021734:	600b      	str	r3, [r1, #0]
C:/Users/leonardo/Desktop/Code/Github/DawnBGC/Libraries/FWLIB/src/gd32f4xx_usart.c:927
}
 8021736:	bf00      	nop
 8021738:	3714      	adds	r7, #20
 802173a:	46bd      	mov	sp, r7
 802173c:	bc80      	pop	{r7}
 802173e:	4770      	bx	lr

08021740 <usart_interrupt_flag_get>:
usart_interrupt_flag_get():
C:/Users/leonardo/Desktop/Code/Github/DawnBGC/Libraries/FWLIB/src/gd32f4xx_usart.c:947
      \arg        USART_INT_RTIE: interrupt enable bit of receive timeout event
    \param[out] none
    \retval     FlagStatus
*/
FlagStatus usart_interrupt_flag_get(uint32_t usart_periph, uint32_t int_flag)
{
 8021740:	b480      	push	{r7}
 8021742:	b083      	sub	sp, #12
 8021744:	af00      	add	r7, sp, #0
 8021746:	6078      	str	r0, [r7, #4]
 8021748:	6039      	str	r1, [r7, #0]
C:/Users/leonardo/Desktop/Code/Github/DawnBGC/Libraries/FWLIB/src/gd32f4xx_usart.c:948
    if(RESET != (USART_REG_VAL(usart_periph, int_flag) & BIT(USART_BIT_POS(int_flag)))){
 802174a:	683b      	ldr	r3, [r7, #0]
 802174c:	099a      	lsrs	r2, r3, #6
 802174e:	687b      	ldr	r3, [r7, #4]
 8021750:	4413      	add	r3, r2
 8021752:	681a      	ldr	r2, [r3, #0]
 8021754:	683b      	ldr	r3, [r7, #0]
 8021756:	f003 031f 	and.w	r3, r3, #31
 802175a:	fa22 f303 	lsr.w	r3, r2, r3
 802175e:	f003 0301 	and.w	r3, r3, #1
 8021762:	2b00      	cmp	r3, #0
 8021764:	d001      	beq.n	802176a <usart_interrupt_flag_get+0x2a>
C:/Users/leonardo/Desktop/Code/Github/DawnBGC/Libraries/FWLIB/src/gd32f4xx_usart.c:949
        return SET;
 8021766:	2301      	movs	r3, #1
 8021768:	e000      	b.n	802176c <usart_interrupt_flag_get+0x2c>
C:/Users/leonardo/Desktop/Code/Github/DawnBGC/Libraries/FWLIB/src/gd32f4xx_usart.c:951
    }else{
        return RESET;
 802176a:	2300      	movs	r3, #0
C:/Users/leonardo/Desktop/Code/Github/DawnBGC/Libraries/FWLIB/src/gd32f4xx_usart.c:953
    }
}
 802176c:	4618      	mov	r0, r3
 802176e:	370c      	adds	r7, #12
 8021770:	46bd      	mov	sp, r7
 8021772:	bc80      	pop	{r7}
 8021774:	4770      	bx	lr
	...

08021778 <timer_deinit>:
timer_deinit():
C:/Users/leonardo/Desktop/Code/Github/DawnBGC/Libraries/FWLIB/src/gd32f4xx_timer.c:21
    \param[in]  timer_periph: TIMERx(x=0..13)
    \param[out] none
    \retval     none
*/
void timer_deinit(uint32_t timer_periph)
{
 8021778:	b580      	push	{r7, lr}
 802177a:	b082      	sub	sp, #8
 802177c:	af00      	add	r7, sp, #0
 802177e:	6078      	str	r0, [r7, #4]
C:/Users/leonardo/Desktop/Code/Github/DawnBGC/Libraries/FWLIB/src/gd32f4xx_timer.c:22
    switch(timer_periph){
 8021780:	687b      	ldr	r3, [r7, #4]
 8021782:	4a7f      	ldr	r2, [pc, #508]	; (8021980 <timer_deinit+0x208>)
 8021784:	4293      	cmp	r3, r2
 8021786:	f000 80d1 	beq.w	802192c <timer_deinit+0x1b4>
 802178a:	687b      	ldr	r3, [r7, #4]
 802178c:	4a7c      	ldr	r2, [pc, #496]	; (8021980 <timer_deinit+0x208>)
 802178e:	4293      	cmp	r3, r2
 8021790:	f200 80f0 	bhi.w	8021974 <timer_deinit+0x1fc>
 8021794:	687b      	ldr	r3, [r7, #4]
 8021796:	4a7b      	ldr	r2, [pc, #492]	; (8021984 <timer_deinit+0x20c>)
 8021798:	4293      	cmp	r3, r2
 802179a:	f000 80be 	beq.w	802191a <timer_deinit+0x1a2>
 802179e:	687b      	ldr	r3, [r7, #4]
 80217a0:	4a78      	ldr	r2, [pc, #480]	; (8021984 <timer_deinit+0x20c>)
 80217a2:	4293      	cmp	r3, r2
 80217a4:	f200 80e6 	bhi.w	8021974 <timer_deinit+0x1fc>
 80217a8:	687b      	ldr	r3, [r7, #4]
 80217aa:	4a77      	ldr	r2, [pc, #476]	; (8021988 <timer_deinit+0x210>)
 80217ac:	4293      	cmp	r3, r2
 80217ae:	f000 80ab 	beq.w	8021908 <timer_deinit+0x190>
 80217b2:	687b      	ldr	r3, [r7, #4]
 80217b4:	4a74      	ldr	r2, [pc, #464]	; (8021988 <timer_deinit+0x210>)
 80217b6:	4293      	cmp	r3, r2
 80217b8:	f200 80dc 	bhi.w	8021974 <timer_deinit+0x1fc>
 80217bc:	687b      	ldr	r3, [r7, #4]
 80217be:	4a73      	ldr	r2, [pc, #460]	; (802198c <timer_deinit+0x214>)
 80217c0:	4293      	cmp	r3, r2
 80217c2:	f000 8098 	beq.w	80218f6 <timer_deinit+0x17e>
 80217c6:	687b      	ldr	r3, [r7, #4]
 80217c8:	4a70      	ldr	r2, [pc, #448]	; (802198c <timer_deinit+0x214>)
 80217ca:	4293      	cmp	r3, r2
 80217cc:	f200 80d2 	bhi.w	8021974 <timer_deinit+0x1fc>
 80217d0:	687b      	ldr	r3, [r7, #4]
 80217d2:	4a6f      	ldr	r2, [pc, #444]	; (8021990 <timer_deinit+0x218>)
 80217d4:	4293      	cmp	r3, r2
 80217d6:	d04f      	beq.n	8021878 <timer_deinit+0x100>
 80217d8:	687b      	ldr	r3, [r7, #4]
 80217da:	4a6d      	ldr	r2, [pc, #436]	; (8021990 <timer_deinit+0x218>)
 80217dc:	4293      	cmp	r3, r2
 80217de:	f200 80c9 	bhi.w	8021974 <timer_deinit+0x1fc>
 80217e2:	687b      	ldr	r3, [r7, #4]
 80217e4:	4a6b      	ldr	r2, [pc, #428]	; (8021994 <timer_deinit+0x21c>)
 80217e6:	4293      	cmp	r3, r2
 80217e8:	f000 80bb 	beq.w	8021962 <timer_deinit+0x1ea>
 80217ec:	687b      	ldr	r3, [r7, #4]
 80217ee:	4a69      	ldr	r2, [pc, #420]	; (8021994 <timer_deinit+0x21c>)
 80217f0:	4293      	cmp	r3, r2
 80217f2:	f200 80bf 	bhi.w	8021974 <timer_deinit+0x1fc>
 80217f6:	687b      	ldr	r3, [r7, #4]
 80217f8:	4a67      	ldr	r2, [pc, #412]	; (8021998 <timer_deinit+0x220>)
 80217fa:	4293      	cmp	r3, r2
 80217fc:	f000 80a8 	beq.w	8021950 <timer_deinit+0x1d8>
 8021800:	687b      	ldr	r3, [r7, #4]
 8021802:	4a65      	ldr	r2, [pc, #404]	; (8021998 <timer_deinit+0x220>)
 8021804:	4293      	cmp	r3, r2
 8021806:	f200 80b5 	bhi.w	8021974 <timer_deinit+0x1fc>
 802180a:	687b      	ldr	r3, [r7, #4]
 802180c:	4a63      	ldr	r2, [pc, #396]	; (802199c <timer_deinit+0x224>)
 802180e:	4293      	cmp	r3, r2
 8021810:	f000 8095 	beq.w	802193e <timer_deinit+0x1c6>
 8021814:	687b      	ldr	r3, [r7, #4]
 8021816:	4a61      	ldr	r2, [pc, #388]	; (802199c <timer_deinit+0x224>)
 8021818:	4293      	cmp	r3, r2
 802181a:	f200 80ab 	bhi.w	8021974 <timer_deinit+0x1fc>
 802181e:	687b      	ldr	r3, [r7, #4]
 8021820:	4a5f      	ldr	r2, [pc, #380]	; (80219a0 <timer_deinit+0x228>)
 8021822:	4293      	cmp	r3, r2
 8021824:	d05e      	beq.n	80218e4 <timer_deinit+0x16c>
 8021826:	687b      	ldr	r3, [r7, #4]
 8021828:	4a5d      	ldr	r2, [pc, #372]	; (80219a0 <timer_deinit+0x228>)
 802182a:	4293      	cmp	r3, r2
 802182c:	f200 80a2 	bhi.w	8021974 <timer_deinit+0x1fc>
 8021830:	687b      	ldr	r3, [r7, #4]
 8021832:	4a5c      	ldr	r2, [pc, #368]	; (80219a4 <timer_deinit+0x22c>)
 8021834:	4293      	cmp	r3, r2
 8021836:	d04c      	beq.n	80218d2 <timer_deinit+0x15a>
 8021838:	687b      	ldr	r3, [r7, #4]
 802183a:	4a5a      	ldr	r2, [pc, #360]	; (80219a4 <timer_deinit+0x22c>)
 802183c:	4293      	cmp	r3, r2
 802183e:	f200 8099 	bhi.w	8021974 <timer_deinit+0x1fc>
 8021842:	687b      	ldr	r3, [r7, #4]
 8021844:	4a58      	ldr	r2, [pc, #352]	; (80219a8 <timer_deinit+0x230>)
 8021846:	4293      	cmp	r3, r2
 8021848:	d03a      	beq.n	80218c0 <timer_deinit+0x148>
 802184a:	687b      	ldr	r3, [r7, #4]
 802184c:	4a56      	ldr	r2, [pc, #344]	; (80219a8 <timer_deinit+0x230>)
 802184e:	4293      	cmp	r3, r2
 8021850:	f200 8090 	bhi.w	8021974 <timer_deinit+0x1fc>
 8021854:	687b      	ldr	r3, [r7, #4]
 8021856:	4a55      	ldr	r2, [pc, #340]	; (80219ac <timer_deinit+0x234>)
 8021858:	4293      	cmp	r3, r2
 802185a:	d028      	beq.n	80218ae <timer_deinit+0x136>
 802185c:	687b      	ldr	r3, [r7, #4]
 802185e:	4a53      	ldr	r2, [pc, #332]	; (80219ac <timer_deinit+0x234>)
 8021860:	4293      	cmp	r3, r2
 8021862:	f200 8087 	bhi.w	8021974 <timer_deinit+0x1fc>
 8021866:	687b      	ldr	r3, [r7, #4]
 8021868:	f1b3 4f80 	cmp.w	r3, #1073741824	; 0x40000000
 802186c:	d00d      	beq.n	802188a <timer_deinit+0x112>
 802186e:	687b      	ldr	r3, [r7, #4]
 8021870:	4a4f      	ldr	r2, [pc, #316]	; (80219b0 <timer_deinit+0x238>)
 8021872:	4293      	cmp	r3, r2
 8021874:	d012      	beq.n	802189c <timer_deinit+0x124>
C:/Users/leonardo/Desktop/Code/Github/DawnBGC/Libraries/FWLIB/src/gd32f4xx_timer.c:94
        /* reset TIMER13 */
        rcu_periph_reset_enable(RCU_TIMER13RST);
        rcu_periph_reset_disable(RCU_TIMER13RST);
        break;
    default:
        break;
 8021876:	e07d      	b.n	8021974 <timer_deinit+0x1fc>
C:/Users/leonardo/Desktop/Code/Github/DawnBGC/Libraries/FWLIB/src/gd32f4xx_timer.c:25
        rcu_periph_reset_enable(RCU_TIMER0RST);
 8021878:	f44f 6010 	mov.w	r0, #2304	; 0x900
 802187c:	f000 fe28 	bl	80224d0 <rcu_periph_reset_enable>
C:/Users/leonardo/Desktop/Code/Github/DawnBGC/Libraries/FWLIB/src/gd32f4xx_timer.c:26
        rcu_periph_reset_disable(RCU_TIMER0RST);
 8021880:	f44f 6010 	mov.w	r0, #2304	; 0x900
 8021884:	f000 fe46 	bl	8022514 <rcu_periph_reset_disable>
C:/Users/leonardo/Desktop/Code/Github/DawnBGC/Libraries/FWLIB/src/gd32f4xx_timer.c:27
        break;
 8021888:	e075      	b.n	8021976 <timer_deinit+0x1fe>
C:/Users/leonardo/Desktop/Code/Github/DawnBGC/Libraries/FWLIB/src/gd32f4xx_timer.c:30
        rcu_periph_reset_enable(RCU_TIMER1RST);
 802188a:	f44f 6000 	mov.w	r0, #2048	; 0x800
 802188e:	f000 fe1f 	bl	80224d0 <rcu_periph_reset_enable>
C:/Users/leonardo/Desktop/Code/Github/DawnBGC/Libraries/FWLIB/src/gd32f4xx_timer.c:31
        rcu_periph_reset_disable(RCU_TIMER1RST);
 8021892:	f44f 6000 	mov.w	r0, #2048	; 0x800
 8021896:	f000 fe3d 	bl	8022514 <rcu_periph_reset_disable>
C:/Users/leonardo/Desktop/Code/Github/DawnBGC/Libraries/FWLIB/src/gd32f4xx_timer.c:32
        break;
 802189a:	e06c      	b.n	8021976 <timer_deinit+0x1fe>
C:/Users/leonardo/Desktop/Code/Github/DawnBGC/Libraries/FWLIB/src/gd32f4xx_timer.c:35
        rcu_periph_reset_enable(RCU_TIMER2RST);
 802189c:	f640 0001 	movw	r0, #2049	; 0x801
 80218a0:	f000 fe16 	bl	80224d0 <rcu_periph_reset_enable>
C:/Users/leonardo/Desktop/Code/Github/DawnBGC/Libraries/FWLIB/src/gd32f4xx_timer.c:36
        rcu_periph_reset_disable(RCU_TIMER2RST);
 80218a4:	f640 0001 	movw	r0, #2049	; 0x801
 80218a8:	f000 fe34 	bl	8022514 <rcu_periph_reset_disable>
C:/Users/leonardo/Desktop/Code/Github/DawnBGC/Libraries/FWLIB/src/gd32f4xx_timer.c:37
        break;
 80218ac:	e063      	b.n	8021976 <timer_deinit+0x1fe>
C:/Users/leonardo/Desktop/Code/Github/DawnBGC/Libraries/FWLIB/src/gd32f4xx_timer.c:40
        rcu_periph_reset_enable(RCU_TIMER3RST);
 80218ae:	f640 0002 	movw	r0, #2050	; 0x802
 80218b2:	f000 fe0d 	bl	80224d0 <rcu_periph_reset_enable>
C:/Users/leonardo/Desktop/Code/Github/DawnBGC/Libraries/FWLIB/src/gd32f4xx_timer.c:41
        rcu_periph_reset_disable(RCU_TIMER3RST);
 80218b6:	f640 0002 	movw	r0, #2050	; 0x802
 80218ba:	f000 fe2b 	bl	8022514 <rcu_periph_reset_disable>
C:/Users/leonardo/Desktop/Code/Github/DawnBGC/Libraries/FWLIB/src/gd32f4xx_timer.c:42
        break;
 80218be:	e05a      	b.n	8021976 <timer_deinit+0x1fe>
C:/Users/leonardo/Desktop/Code/Github/DawnBGC/Libraries/FWLIB/src/gd32f4xx_timer.c:45
        rcu_periph_reset_enable(RCU_TIMER4RST);
 80218c0:	f640 0003 	movw	r0, #2051	; 0x803
 80218c4:	f000 fe04 	bl	80224d0 <rcu_periph_reset_enable>
C:/Users/leonardo/Desktop/Code/Github/DawnBGC/Libraries/FWLIB/src/gd32f4xx_timer.c:46
        rcu_periph_reset_disable(RCU_TIMER4RST);
 80218c8:	f640 0003 	movw	r0, #2051	; 0x803
 80218cc:	f000 fe22 	bl	8022514 <rcu_periph_reset_disable>
C:/Users/leonardo/Desktop/Code/Github/DawnBGC/Libraries/FWLIB/src/gd32f4xx_timer.c:47
        break;
 80218d0:	e051      	b.n	8021976 <timer_deinit+0x1fe>
C:/Users/leonardo/Desktop/Code/Github/DawnBGC/Libraries/FWLIB/src/gd32f4xx_timer.c:50
        rcu_periph_reset_enable(RCU_TIMER5RST);
 80218d2:	f640 0004 	movw	r0, #2052	; 0x804
 80218d6:	f000 fdfb 	bl	80224d0 <rcu_periph_reset_enable>
C:/Users/leonardo/Desktop/Code/Github/DawnBGC/Libraries/FWLIB/src/gd32f4xx_timer.c:51
        rcu_periph_reset_disable(RCU_TIMER5RST);
 80218da:	f640 0004 	movw	r0, #2052	; 0x804
 80218de:	f000 fe19 	bl	8022514 <rcu_periph_reset_disable>
C:/Users/leonardo/Desktop/Code/Github/DawnBGC/Libraries/FWLIB/src/gd32f4xx_timer.c:52
        break;
 80218e2:	e048      	b.n	8021976 <timer_deinit+0x1fe>
C:/Users/leonardo/Desktop/Code/Github/DawnBGC/Libraries/FWLIB/src/gd32f4xx_timer.c:55
        rcu_periph_reset_enable(RCU_TIMER6RST);
 80218e4:	f640 0005 	movw	r0, #2053	; 0x805
 80218e8:	f000 fdf2 	bl	80224d0 <rcu_periph_reset_enable>
C:/Users/leonardo/Desktop/Code/Github/DawnBGC/Libraries/FWLIB/src/gd32f4xx_timer.c:56
        rcu_periph_reset_disable(RCU_TIMER6RST);
 80218ec:	f640 0005 	movw	r0, #2053	; 0x805
 80218f0:	f000 fe10 	bl	8022514 <rcu_periph_reset_disable>
C:/Users/leonardo/Desktop/Code/Github/DawnBGC/Libraries/FWLIB/src/gd32f4xx_timer.c:57
        break;
 80218f4:	e03f      	b.n	8021976 <timer_deinit+0x1fe>
C:/Users/leonardo/Desktop/Code/Github/DawnBGC/Libraries/FWLIB/src/gd32f4xx_timer.c:60
        rcu_periph_reset_enable(RCU_TIMER7RST);
 80218f6:	f640 1001 	movw	r0, #2305	; 0x901
 80218fa:	f000 fde9 	bl	80224d0 <rcu_periph_reset_enable>
C:/Users/leonardo/Desktop/Code/Github/DawnBGC/Libraries/FWLIB/src/gd32f4xx_timer.c:61
        rcu_periph_reset_disable(RCU_TIMER7RST);
 80218fe:	f640 1001 	movw	r0, #2305	; 0x901
 8021902:	f000 fe07 	bl	8022514 <rcu_periph_reset_disable>
C:/Users/leonardo/Desktop/Code/Github/DawnBGC/Libraries/FWLIB/src/gd32f4xx_timer.c:62
        break;
 8021906:	e036      	b.n	8021976 <timer_deinit+0x1fe>
C:/Users/leonardo/Desktop/Code/Github/DawnBGC/Libraries/FWLIB/src/gd32f4xx_timer.c:65
        rcu_periph_reset_enable(RCU_TIMER8RST);
 8021908:	f44f 6011 	mov.w	r0, #2320	; 0x910
 802190c:	f000 fde0 	bl	80224d0 <rcu_periph_reset_enable>
C:/Users/leonardo/Desktop/Code/Github/DawnBGC/Libraries/FWLIB/src/gd32f4xx_timer.c:66
        rcu_periph_reset_disable(RCU_TIMER8RST);
 8021910:	f44f 6011 	mov.w	r0, #2320	; 0x910
 8021914:	f000 fdfe 	bl	8022514 <rcu_periph_reset_disable>
C:/Users/leonardo/Desktop/Code/Github/DawnBGC/Libraries/FWLIB/src/gd32f4xx_timer.c:67
        break;
 8021918:	e02d      	b.n	8021976 <timer_deinit+0x1fe>
C:/Users/leonardo/Desktop/Code/Github/DawnBGC/Libraries/FWLIB/src/gd32f4xx_timer.c:70
        rcu_periph_reset_enable(RCU_TIMER9RST);
 802191a:	f640 1011 	movw	r0, #2321	; 0x911
 802191e:	f000 fdd7 	bl	80224d0 <rcu_periph_reset_enable>
C:/Users/leonardo/Desktop/Code/Github/DawnBGC/Libraries/FWLIB/src/gd32f4xx_timer.c:71
        rcu_periph_reset_disable(RCU_TIMER9RST);
 8021922:	f640 1011 	movw	r0, #2321	; 0x911
 8021926:	f000 fdf5 	bl	8022514 <rcu_periph_reset_disable>
C:/Users/leonardo/Desktop/Code/Github/DawnBGC/Libraries/FWLIB/src/gd32f4xx_timer.c:72
        break;
 802192a:	e024      	b.n	8021976 <timer_deinit+0x1fe>
C:/Users/leonardo/Desktop/Code/Github/DawnBGC/Libraries/FWLIB/src/gd32f4xx_timer.c:75
        rcu_periph_reset_enable(RCU_TIMER10RST);
 802192c:	f640 1012 	movw	r0, #2322	; 0x912
 8021930:	f000 fdce 	bl	80224d0 <rcu_periph_reset_enable>
C:/Users/leonardo/Desktop/Code/Github/DawnBGC/Libraries/FWLIB/src/gd32f4xx_timer.c:76
        rcu_periph_reset_disable(RCU_TIMER10RST);
 8021934:	f640 1012 	movw	r0, #2322	; 0x912
 8021938:	f000 fdec 	bl	8022514 <rcu_periph_reset_disable>
C:/Users/leonardo/Desktop/Code/Github/DawnBGC/Libraries/FWLIB/src/gd32f4xx_timer.c:77
        break;
 802193c:	e01b      	b.n	8021976 <timer_deinit+0x1fe>
C:/Users/leonardo/Desktop/Code/Github/DawnBGC/Libraries/FWLIB/src/gd32f4xx_timer.c:80
        rcu_periph_reset_enable(RCU_TIMER11RST);
 802193e:	f640 0006 	movw	r0, #2054	; 0x806
 8021942:	f000 fdc5 	bl	80224d0 <rcu_periph_reset_enable>
C:/Users/leonardo/Desktop/Code/Github/DawnBGC/Libraries/FWLIB/src/gd32f4xx_timer.c:81
        rcu_periph_reset_disable(RCU_TIMER11RST);
 8021946:	f640 0006 	movw	r0, #2054	; 0x806
 802194a:	f000 fde3 	bl	8022514 <rcu_periph_reset_disable>
C:/Users/leonardo/Desktop/Code/Github/DawnBGC/Libraries/FWLIB/src/gd32f4xx_timer.c:82
        break;
 802194e:	e012      	b.n	8021976 <timer_deinit+0x1fe>
C:/Users/leonardo/Desktop/Code/Github/DawnBGC/Libraries/FWLIB/src/gd32f4xx_timer.c:85
        rcu_periph_reset_enable(RCU_TIMER12RST);
 8021950:	f640 0007 	movw	r0, #2055	; 0x807
 8021954:	f000 fdbc 	bl	80224d0 <rcu_periph_reset_enable>
C:/Users/leonardo/Desktop/Code/Github/DawnBGC/Libraries/FWLIB/src/gd32f4xx_timer.c:86
        rcu_periph_reset_disable(RCU_TIMER12RST);
 8021958:	f640 0007 	movw	r0, #2055	; 0x807
 802195c:	f000 fdda 	bl	8022514 <rcu_periph_reset_disable>
C:/Users/leonardo/Desktop/Code/Github/DawnBGC/Libraries/FWLIB/src/gd32f4xx_timer.c:87
        break;
 8021960:	e009      	b.n	8021976 <timer_deinit+0x1fe>
C:/Users/leonardo/Desktop/Code/Github/DawnBGC/Libraries/FWLIB/src/gd32f4xx_timer.c:90
        rcu_periph_reset_enable(RCU_TIMER13RST);
 8021962:	f640 0008 	movw	r0, #2056	; 0x808
 8021966:	f000 fdb3 	bl	80224d0 <rcu_periph_reset_enable>
C:/Users/leonardo/Desktop/Code/Github/DawnBGC/Libraries/FWLIB/src/gd32f4xx_timer.c:91
        rcu_periph_reset_disable(RCU_TIMER13RST);
 802196a:	f640 0008 	movw	r0, #2056	; 0x808
 802196e:	f000 fdd1 	bl	8022514 <rcu_periph_reset_disable>
C:/Users/leonardo/Desktop/Code/Github/DawnBGC/Libraries/FWLIB/src/gd32f4xx_timer.c:92
        break;
 8021972:	e000      	b.n	8021976 <timer_deinit+0x1fe>
C:/Users/leonardo/Desktop/Code/Github/DawnBGC/Libraries/FWLIB/src/gd32f4xx_timer.c:94
        break;
 8021974:	bf00      	nop
C:/Users/leonardo/Desktop/Code/Github/DawnBGC/Libraries/FWLIB/src/gd32f4xx_timer.c:96
    }
}
 8021976:	bf00      	nop
 8021978:	3708      	adds	r7, #8
 802197a:	46bd      	mov	sp, r7
 802197c:	bd80      	pop	{r7, pc}
 802197e:	bf00      	nop
 8021980:	40014800 	.word	0x40014800
 8021984:	40014400 	.word	0x40014400
 8021988:	40014000 	.word	0x40014000
 802198c:	40010400 	.word	0x40010400
 8021990:	40010000 	.word	0x40010000
 8021994:	40002000 	.word	0x40002000
 8021998:	40001c00 	.word	0x40001c00
 802199c:	40001800 	.word	0x40001800
 80219a0:	40001400 	.word	0x40001400
 80219a4:	40001000 	.word	0x40001000
 80219a8:	40000c00 	.word	0x40000c00
 80219ac:	40000800 	.word	0x40000800
 80219b0:	40000400 	.word	0x40000400

080219b4 <timer_init>:
timer_init():
C:/Users/leonardo/Desktop/Code/Github/DawnBGC/Libraries/FWLIB/src/gd32f4xx_timer.c:112
                repetitioncounter: counter repetition value,0~255
    \param[out] none
    \retval     none
*/
void timer_init(uint32_t timer_periph, timer_parameter_struct* timer_initpara)
{
 80219b4:	b480      	push	{r7}
 80219b6:	b083      	sub	sp, #12
 80219b8:	af00      	add	r7, sp, #0
 80219ba:	6078      	str	r0, [r7, #4]
 80219bc:	6039      	str	r1, [r7, #0]
C:/Users/leonardo/Desktop/Code/Github/DawnBGC/Libraries/FWLIB/src/gd32f4xx_timer.c:114
    /* configure the counter prescaler value */
    TIMER_PSC(timer_periph) = (uint16_t)timer_initpara->prescaler;
 80219be:	683b      	ldr	r3, [r7, #0]
 80219c0:	881a      	ldrh	r2, [r3, #0]
 80219c2:	687b      	ldr	r3, [r7, #4]
 80219c4:	3328      	adds	r3, #40	; 0x28
 80219c6:	601a      	str	r2, [r3, #0]
C:/Users/leonardo/Desktop/Code/Github/DawnBGC/Libraries/FWLIB/src/gd32f4xx_timer.c:117

    /* configure the counter direction and aligned mode */
    if((TIMER0 == timer_periph) || (TIMER1 == timer_periph) || (TIMER2 == timer_periph)
 80219c8:	687b      	ldr	r3, [r7, #4]
 80219ca:	4a31      	ldr	r2, [pc, #196]	; (8021a90 <timer_init+0xdc>)
 80219cc:	4293      	cmp	r3, r2
 80219ce:	d013      	beq.n	80219f8 <timer_init+0x44>
C:/Users/leonardo/Desktop/Code/Github/DawnBGC/Libraries/FWLIB/src/gd32f4xx_timer.c:117 (discriminator 1)
 80219d0:	687b      	ldr	r3, [r7, #4]
 80219d2:	f1b3 4f80 	cmp.w	r3, #1073741824	; 0x40000000
 80219d6:	d00f      	beq.n	80219f8 <timer_init+0x44>
C:/Users/leonardo/Desktop/Code/Github/DawnBGC/Libraries/FWLIB/src/gd32f4xx_timer.c:117 (discriminator 2)
 80219d8:	687b      	ldr	r3, [r7, #4]
 80219da:	4a2e      	ldr	r2, [pc, #184]	; (8021a94 <timer_init+0xe0>)
 80219dc:	4293      	cmp	r3, r2
 80219de:	d00b      	beq.n	80219f8 <timer_init+0x44>
C:/Users/leonardo/Desktop/Code/Github/DawnBGC/Libraries/FWLIB/src/gd32f4xx_timer.c:118
        || (TIMER3 == timer_periph) || (TIMER4 == timer_periph) || (TIMER7 == timer_periph)){
 80219e0:	687b      	ldr	r3, [r7, #4]
 80219e2:	4a2d      	ldr	r2, [pc, #180]	; (8021a98 <timer_init+0xe4>)
 80219e4:	4293      	cmp	r3, r2
 80219e6:	d007      	beq.n	80219f8 <timer_init+0x44>
C:/Users/leonardo/Desktop/Code/Github/DawnBGC/Libraries/FWLIB/src/gd32f4xx_timer.c:118 (discriminator 1)
 80219e8:	687b      	ldr	r3, [r7, #4]
 80219ea:	4a2c      	ldr	r2, [pc, #176]	; (8021a9c <timer_init+0xe8>)
 80219ec:	4293      	cmp	r3, r2
 80219ee:	d003      	beq.n	80219f8 <timer_init+0x44>
C:/Users/leonardo/Desktop/Code/Github/DawnBGC/Libraries/FWLIB/src/gd32f4xx_timer.c:118 (discriminator 2)
 80219f0:	687b      	ldr	r3, [r7, #4]
 80219f2:	4a2b      	ldr	r2, [pc, #172]	; (8021aa0 <timer_init+0xec>)
 80219f4:	4293      	cmp	r3, r2
 80219f6:	d115      	bne.n	8021a24 <timer_init+0x70>
C:/Users/leonardo/Desktop/Code/Github/DawnBGC/Libraries/FWLIB/src/gd32f4xx_timer.c:119
        TIMER_CTL0(timer_periph) &= ~(uint32_t)(TIMER_CTL0_DIR|TIMER_CTL0_CAM);
 80219f8:	687b      	ldr	r3, [r7, #4]
 80219fa:	681a      	ldr	r2, [r3, #0]
 80219fc:	687b      	ldr	r3, [r7, #4]
 80219fe:	f022 0270 	bic.w	r2, r2, #112	; 0x70
 8021a02:	601a      	str	r2, [r3, #0]
C:/Users/leonardo/Desktop/Code/Github/DawnBGC/Libraries/FWLIB/src/gd32f4xx_timer.c:120
        TIMER_CTL0(timer_periph) |= (uint32_t)timer_initpara->alignedmode;
 8021a04:	687b      	ldr	r3, [r7, #4]
 8021a06:	681a      	ldr	r2, [r3, #0]
 8021a08:	683b      	ldr	r3, [r7, #0]
 8021a0a:	885b      	ldrh	r3, [r3, #2]
 8021a0c:	4619      	mov	r1, r3
 8021a0e:	687b      	ldr	r3, [r7, #4]
 8021a10:	430a      	orrs	r2, r1
 8021a12:	601a      	str	r2, [r3, #0]
C:/Users/leonardo/Desktop/Code/Github/DawnBGC/Libraries/FWLIB/src/gd32f4xx_timer.c:121
        TIMER_CTL0(timer_periph) |= (uint32_t)timer_initpara->counterdirection;
 8021a14:	687b      	ldr	r3, [r7, #4]
 8021a16:	681a      	ldr	r2, [r3, #0]
 8021a18:	683b      	ldr	r3, [r7, #0]
 8021a1a:	889b      	ldrh	r3, [r3, #4]
 8021a1c:	4619      	mov	r1, r3
 8021a1e:	687b      	ldr	r3, [r7, #4]
 8021a20:	430a      	orrs	r2, r1
 8021a22:	601a      	str	r2, [r3, #0]
C:/Users/leonardo/Desktop/Code/Github/DawnBGC/Libraries/FWLIB/src/gd32f4xx_timer.c:125
    }

    /* configure the autoreload value */
    TIMER_CAR(timer_periph) = (uint32_t)timer_initpara->period;
 8021a24:	687b      	ldr	r3, [r7, #4]
 8021a26:	332c      	adds	r3, #44	; 0x2c
 8021a28:	461a      	mov	r2, r3
 8021a2a:	683b      	ldr	r3, [r7, #0]
 8021a2c:	689b      	ldr	r3, [r3, #8]
 8021a2e:	6013      	str	r3, [r2, #0]
C:/Users/leonardo/Desktop/Code/Github/DawnBGC/Libraries/FWLIB/src/gd32f4xx_timer.c:127

    if((TIMER5 != timer_periph) && (TIMER6 != timer_periph)){
 8021a30:	687b      	ldr	r3, [r7, #4]
 8021a32:	4a1c      	ldr	r2, [pc, #112]	; (8021aa4 <timer_init+0xf0>)
 8021a34:	4293      	cmp	r3, r2
 8021a36:	d011      	beq.n	8021a5c <timer_init+0xa8>
C:/Users/leonardo/Desktop/Code/Github/DawnBGC/Libraries/FWLIB/src/gd32f4xx_timer.c:127 (discriminator 1)
 8021a38:	687b      	ldr	r3, [r7, #4]
 8021a3a:	4a1b      	ldr	r2, [pc, #108]	; (8021aa8 <timer_init+0xf4>)
 8021a3c:	4293      	cmp	r3, r2
 8021a3e:	d00d      	beq.n	8021a5c <timer_init+0xa8>
C:/Users/leonardo/Desktop/Code/Github/DawnBGC/Libraries/FWLIB/src/gd32f4xx_timer.c:129
        /* reset the CKDIV bit */
        TIMER_CTL0(timer_periph) &= ~(uint32_t)TIMER_CTL0_CKDIV;
 8021a40:	687b      	ldr	r3, [r7, #4]
 8021a42:	681a      	ldr	r2, [r3, #0]
 8021a44:	687b      	ldr	r3, [r7, #4]
 8021a46:	f422 7240 	bic.w	r2, r2, #768	; 0x300
 8021a4a:	601a      	str	r2, [r3, #0]
C:/Users/leonardo/Desktop/Code/Github/DawnBGC/Libraries/FWLIB/src/gd32f4xx_timer.c:130
        TIMER_CTL0(timer_periph) |= (uint32_t)timer_initpara->clockdivision;
 8021a4c:	687b      	ldr	r3, [r7, #4]
 8021a4e:	681a      	ldr	r2, [r3, #0]
 8021a50:	683b      	ldr	r3, [r7, #0]
 8021a52:	899b      	ldrh	r3, [r3, #12]
 8021a54:	4619      	mov	r1, r3
 8021a56:	687b      	ldr	r3, [r7, #4]
 8021a58:	430a      	orrs	r2, r1
 8021a5a:	601a      	str	r2, [r3, #0]
C:/Users/leonardo/Desktop/Code/Github/DawnBGC/Libraries/FWLIB/src/gd32f4xx_timer.c:133
    }

    if((TIMER0 == timer_periph) || (TIMER7 == timer_periph)){
 8021a5c:	687b      	ldr	r3, [r7, #4]
 8021a5e:	4a0c      	ldr	r2, [pc, #48]	; (8021a90 <timer_init+0xdc>)
 8021a60:	4293      	cmp	r3, r2
 8021a62:	d003      	beq.n	8021a6c <timer_init+0xb8>
C:/Users/leonardo/Desktop/Code/Github/DawnBGC/Libraries/FWLIB/src/gd32f4xx_timer.c:133 (discriminator 1)
 8021a64:	687b      	ldr	r3, [r7, #4]
 8021a66:	4a0e      	ldr	r2, [pc, #56]	; (8021aa0 <timer_init+0xec>)
 8021a68:	4293      	cmp	r3, r2
 8021a6a:	d104      	bne.n	8021a76 <timer_init+0xc2>
C:/Users/leonardo/Desktop/Code/Github/DawnBGC/Libraries/FWLIB/src/gd32f4xx_timer.c:135
        /* configure the repetition counter value */
        TIMER_CREP(timer_periph) = (uint32_t)timer_initpara->repetitioncounter;
 8021a6c:	683b      	ldr	r3, [r7, #0]
 8021a6e:	7b9a      	ldrb	r2, [r3, #14]
 8021a70:	687b      	ldr	r3, [r7, #4]
 8021a72:	3330      	adds	r3, #48	; 0x30
 8021a74:	601a      	str	r2, [r3, #0]
C:/Users/leonardo/Desktop/Code/Github/DawnBGC/Libraries/FWLIB/src/gd32f4xx_timer.c:139
    }

    /* generate an update event */
    TIMER_SWEVG(timer_periph) |= (uint32_t)TIMER_SWEVG_UPG;
 8021a76:	687b      	ldr	r3, [r7, #4]
 8021a78:	3314      	adds	r3, #20
 8021a7a:	681b      	ldr	r3, [r3, #0]
 8021a7c:	687a      	ldr	r2, [r7, #4]
 8021a7e:	3214      	adds	r2, #20
 8021a80:	f043 0301 	orr.w	r3, r3, #1
 8021a84:	6013      	str	r3, [r2, #0]
C:/Users/leonardo/Desktop/Code/Github/DawnBGC/Libraries/FWLIB/src/gd32f4xx_timer.c:140
}
 8021a86:	bf00      	nop
 8021a88:	370c      	adds	r7, #12
 8021a8a:	46bd      	mov	sp, r7
 8021a8c:	bc80      	pop	{r7}
 8021a8e:	4770      	bx	lr
 8021a90:	40010000 	.word	0x40010000
 8021a94:	40000400 	.word	0x40000400
 8021a98:	40000800 	.word	0x40000800
 8021a9c:	40000c00 	.word	0x40000c00
 8021aa0:	40010400 	.word	0x40010400
 8021aa4:	40001000 	.word	0x40001000
 8021aa8:	40001400 	.word	0x40001400

08021aac <timer_enable>:
timer_enable():
C:/Users/leonardo/Desktop/Code/Github/DawnBGC/Libraries/FWLIB/src/gd32f4xx_timer.c:149
    \param[in]  timer_periph: TIMERx(x=0..13)
    \param[out] none
    \retval     none
*/
void timer_enable(uint32_t timer_periph)
{
 8021aac:	b480      	push	{r7}
 8021aae:	b083      	sub	sp, #12
 8021ab0:	af00      	add	r7, sp, #0
 8021ab2:	6078      	str	r0, [r7, #4]
C:/Users/leonardo/Desktop/Code/Github/DawnBGC/Libraries/FWLIB/src/gd32f4xx_timer.c:150
    TIMER_CTL0(timer_periph) |= (uint32_t)TIMER_CTL0_CEN;
 8021ab4:	687b      	ldr	r3, [r7, #4]
 8021ab6:	681a      	ldr	r2, [r3, #0]
 8021ab8:	687b      	ldr	r3, [r7, #4]
 8021aba:	f042 0201 	orr.w	r2, r2, #1
 8021abe:	601a      	str	r2, [r3, #0]
C:/Users/leonardo/Desktop/Code/Github/DawnBGC/Libraries/FWLIB/src/gd32f4xx_timer.c:151
}
 8021ac0:	bf00      	nop
 8021ac2:	370c      	adds	r7, #12
 8021ac4:	46bd      	mov	sp, r7
 8021ac6:	bc80      	pop	{r7}
 8021ac8:	4770      	bx	lr

08021aca <timer_auto_reload_shadow_enable>:
timer_auto_reload_shadow_enable():
C:/Users/leonardo/Desktop/Code/Github/DawnBGC/Libraries/FWLIB/src/gd32f4xx_timer.c:171
    \param[in]  timer_periph: TIMERx(x=0..13)
    \param[out] none
    \retval     none
*/
void timer_auto_reload_shadow_enable(uint32_t timer_periph)
{
 8021aca:	b480      	push	{r7}
 8021acc:	b083      	sub	sp, #12
 8021ace:	af00      	add	r7, sp, #0
 8021ad0:	6078      	str	r0, [r7, #4]
C:/Users/leonardo/Desktop/Code/Github/DawnBGC/Libraries/FWLIB/src/gd32f4xx_timer.c:172
    TIMER_CTL0(timer_periph) |= (uint32_t)TIMER_CTL0_ARSE;
 8021ad2:	687b      	ldr	r3, [r7, #4]
 8021ad4:	681a      	ldr	r2, [r3, #0]
 8021ad6:	687b      	ldr	r3, [r7, #4]
 8021ad8:	f042 0280 	orr.w	r2, r2, #128	; 0x80
 8021adc:	601a      	str	r2, [r3, #0]
C:/Users/leonardo/Desktop/Code/Github/DawnBGC/Libraries/FWLIB/src/gd32f4xx_timer.c:173
}
 8021ade:	bf00      	nop
 8021ae0:	370c      	adds	r7, #12
 8021ae2:	46bd      	mov	sp, r7
 8021ae4:	bc80      	pop	{r7}
 8021ae6:	4770      	bx	lr

08021ae8 <timer_counter_value_config>:
timer_counter_value_config():
C:/Users/leonardo/Desktop/Code/Github/DawnBGC/Libraries/FWLIB/src/gd32f4xx_timer.c:298
    \param[in]  timer_counter: the counter value
    \param[out] none
    \retval     none
*/         
void timer_counter_value_config(uint32_t timer_periph , uint32_t timer_counter)
{
 8021ae8:	b480      	push	{r7}
 8021aea:	b083      	sub	sp, #12
 8021aec:	af00      	add	r7, sp, #0
 8021aee:	6078      	str	r0, [r7, #4]
 8021af0:	6039      	str	r1, [r7, #0]
C:/Users/leonardo/Desktop/Code/Github/DawnBGC/Libraries/FWLIB/src/gd32f4xx_timer.c:299
    TIMER_CNT(timer_periph) = (uint32_t)timer_counter;
 8021af2:	687b      	ldr	r3, [r7, #4]
 8021af4:	3324      	adds	r3, #36	; 0x24
 8021af6:	461a      	mov	r2, r3
 8021af8:	683b      	ldr	r3, [r7, #0]
 8021afa:	6013      	str	r3, [r2, #0]
C:/Users/leonardo/Desktop/Code/Github/DawnBGC/Libraries/FWLIB/src/gd32f4xx_timer.c:300
}
 8021afc:	bf00      	nop
 8021afe:	370c      	adds	r7, #12
 8021b00:	46bd      	mov	sp, r7
 8021b02:	bc80      	pop	{r7}
 8021b04:	4770      	bx	lr

08021b06 <timer_interrupt_enable>:
timer_interrupt_enable():
C:/Users/leonardo/Desktop/Code/Github/DawnBGC/Libraries/FWLIB/src/gd32f4xx_timer.c:382
      \arg        TIMER_INT_BRK: break interrupt enable, TIMERx(x=0,7)
    \param[out] none
    \retval     none
*/
void timer_interrupt_enable(uint32_t timer_periph,uint32_t timer_interrupt)
{
 8021b06:	b480      	push	{r7}
 8021b08:	b083      	sub	sp, #12
 8021b0a:	af00      	add	r7, sp, #0
 8021b0c:	6078      	str	r0, [r7, #4]
 8021b0e:	6039      	str	r1, [r7, #0]
C:/Users/leonardo/Desktop/Code/Github/DawnBGC/Libraries/FWLIB/src/gd32f4xx_timer.c:383
    TIMER_DMAINTEN(timer_periph) |= (uint32_t) timer_interrupt; 
 8021b10:	687b      	ldr	r3, [r7, #4]
 8021b12:	330c      	adds	r3, #12
 8021b14:	681a      	ldr	r2, [r3, #0]
 8021b16:	687b      	ldr	r3, [r7, #4]
 8021b18:	330c      	adds	r3, #12
 8021b1a:	4619      	mov	r1, r3
 8021b1c:	683b      	ldr	r3, [r7, #0]
 8021b1e:	4313      	orrs	r3, r2
 8021b20:	600b      	str	r3, [r1, #0]
C:/Users/leonardo/Desktop/Code/Github/DawnBGC/Libraries/FWLIB/src/gd32f4xx_timer.c:384
}
 8021b22:	bf00      	nop
 8021b24:	370c      	adds	r7, #12
 8021b26:	46bd      	mov	sp, r7
 8021b28:	bc80      	pop	{r7}
 8021b2a:	4770      	bx	lr

08021b2c <timer_interrupt_flag_get>:
timer_interrupt_flag_get():
C:/Users/leonardo/Desktop/Code/Github/DawnBGC/Libraries/FWLIB/src/gd32f4xx_timer.c:422
      \arg        TIMER_INT_BRK:  break interrupt flag,TIMERx(x=0,7)
    \param[out] none
    \retval     FlagStatus: SET or RESET
*/
FlagStatus timer_interrupt_flag_get(uint32_t timer_periph,uint32_t timer_interrupt)
{
 8021b2c:	b480      	push	{r7}
 8021b2e:	b085      	sub	sp, #20
 8021b30:	af00      	add	r7, sp, #0
 8021b32:	6078      	str	r0, [r7, #4]
 8021b34:	6039      	str	r1, [r7, #0]
C:/Users/leonardo/Desktop/Code/Github/DawnBGC/Libraries/FWLIB/src/gd32f4xx_timer.c:424
    uint32_t val;
    val = (TIMER_DMAINTEN(timer_periph) & timer_interrupt);
 8021b36:	687b      	ldr	r3, [r7, #4]
 8021b38:	330c      	adds	r3, #12
 8021b3a:	681b      	ldr	r3, [r3, #0]
 8021b3c:	683a      	ldr	r2, [r7, #0]
 8021b3e:	4013      	ands	r3, r2
 8021b40:	60fb      	str	r3, [r7, #12]
C:/Users/leonardo/Desktop/Code/Github/DawnBGC/Libraries/FWLIB/src/gd32f4xx_timer.c:425
    if((RESET != (TIMER_INTF(timer_periph) & timer_interrupt) ) && (RESET != val)){
 8021b42:	687b      	ldr	r3, [r7, #4]
 8021b44:	3310      	adds	r3, #16
 8021b46:	681a      	ldr	r2, [r3, #0]
 8021b48:	683b      	ldr	r3, [r7, #0]
 8021b4a:	4013      	ands	r3, r2
 8021b4c:	2b00      	cmp	r3, #0
 8021b4e:	d004      	beq.n	8021b5a <timer_interrupt_flag_get+0x2e>
C:/Users/leonardo/Desktop/Code/Github/DawnBGC/Libraries/FWLIB/src/gd32f4xx_timer.c:425 (discriminator 1)
 8021b50:	68fb      	ldr	r3, [r7, #12]
 8021b52:	2b00      	cmp	r3, #0
 8021b54:	d001      	beq.n	8021b5a <timer_interrupt_flag_get+0x2e>
C:/Users/leonardo/Desktop/Code/Github/DawnBGC/Libraries/FWLIB/src/gd32f4xx_timer.c:426
        return SET;
 8021b56:	2301      	movs	r3, #1
 8021b58:	e000      	b.n	8021b5c <timer_interrupt_flag_get+0x30>
C:/Users/leonardo/Desktop/Code/Github/DawnBGC/Libraries/FWLIB/src/gd32f4xx_timer.c:428
    }else{
        return RESET;
 8021b5a:	2300      	movs	r3, #0
C:/Users/leonardo/Desktop/Code/Github/DawnBGC/Libraries/FWLIB/src/gd32f4xx_timer.c:430
    }
}
 8021b5c:	4618      	mov	r0, r3
 8021b5e:	3714      	adds	r7, #20
 8021b60:	46bd      	mov	sp, r7
 8021b62:	bc80      	pop	{r7}
 8021b64:	4770      	bx	lr

08021b66 <timer_interrupt_flag_clear>:
timer_interrupt_flag_clear():
C:/Users/leonardo/Desktop/Code/Github/DawnBGC/Libraries/FWLIB/src/gd32f4xx_timer.c:448
      \arg        TIMER_INT_BRK:  break interrupt flag,TIMERx(x=0,7)
    \param[out] none
    \retval     none
*/
void timer_interrupt_flag_clear(uint32_t timer_periph,uint32_t timer_interrupt)
{
 8021b66:	b480      	push	{r7}
 8021b68:	b083      	sub	sp, #12
 8021b6a:	af00      	add	r7, sp, #0
 8021b6c:	6078      	str	r0, [r7, #4]
 8021b6e:	6039      	str	r1, [r7, #0]
C:/Users/leonardo/Desktop/Code/Github/DawnBGC/Libraries/FWLIB/src/gd32f4xx_timer.c:449
    TIMER_INTF(timer_periph) &= (~(uint32_t)timer_interrupt);
 8021b70:	687b      	ldr	r3, [r7, #4]
 8021b72:	3310      	adds	r3, #16
 8021b74:	681a      	ldr	r2, [r3, #0]
 8021b76:	683b      	ldr	r3, [r7, #0]
 8021b78:	43db      	mvns	r3, r3
 8021b7a:	6879      	ldr	r1, [r7, #4]
 8021b7c:	3110      	adds	r1, #16
 8021b7e:	4013      	ands	r3, r2
 8021b80:	600b      	str	r3, [r1, #0]
C:/Users/leonardo/Desktop/Code/Github/DawnBGC/Libraries/FWLIB/src/gd32f4xx_timer.c:450
}
 8021b82:	bf00      	nop
 8021b84:	370c      	adds	r7, #12
 8021b86:	46bd      	mov	sp, r7
 8021b88:	bc80      	pop	{r7}
 8021b8a:	4770      	bx	lr

08021b8c <timer_primary_output_config>:
timer_primary_output_config():
C:/Users/leonardo/Desktop/Code/Github/DawnBGC/Libraries/FWLIB/src/gd32f4xx_timer.c:693
    \param[in]  newvalue: ENABLE or DISABLE
    \param[out] none
    \retval     none
*/
void timer_primary_output_config(uint32_t timer_periph,ControlStatus newvalue)
{
 8021b8c:	b480      	push	{r7}
 8021b8e:	b083      	sub	sp, #12
 8021b90:	af00      	add	r7, sp, #0
 8021b92:	6078      	str	r0, [r7, #4]
 8021b94:	460b      	mov	r3, r1
 8021b96:	70fb      	strb	r3, [r7, #3]
C:/Users/leonardo/Desktop/Code/Github/DawnBGC/Libraries/FWLIB/src/gd32f4xx_timer.c:694
    if(ENABLE == newvalue){
 8021b98:	78fb      	ldrb	r3, [r7, #3]
 8021b9a:	2b01      	cmp	r3, #1
 8021b9c:	d108      	bne.n	8021bb0 <timer_primary_output_config+0x24>
C:/Users/leonardo/Desktop/Code/Github/DawnBGC/Libraries/FWLIB/src/gd32f4xx_timer.c:695
        TIMER_CCHP(timer_periph) |= (uint32_t)TIMER_CCHP_POEN;
 8021b9e:	687b      	ldr	r3, [r7, #4]
 8021ba0:	3344      	adds	r3, #68	; 0x44
 8021ba2:	681b      	ldr	r3, [r3, #0]
 8021ba4:	687a      	ldr	r2, [r7, #4]
 8021ba6:	3244      	adds	r2, #68	; 0x44
 8021ba8:	f443 4300 	orr.w	r3, r3, #32768	; 0x8000
 8021bac:	6013      	str	r3, [r2, #0]
C:/Users/leonardo/Desktop/Code/Github/DawnBGC/Libraries/FWLIB/src/gd32f4xx_timer.c:699
    }else{
        TIMER_CCHP(timer_periph) &= (~(uint32_t)TIMER_CCHP_POEN);
    }
}
 8021bae:	e007      	b.n	8021bc0 <timer_primary_output_config+0x34>
C:/Users/leonardo/Desktop/Code/Github/DawnBGC/Libraries/FWLIB/src/gd32f4xx_timer.c:697
        TIMER_CCHP(timer_periph) &= (~(uint32_t)TIMER_CCHP_POEN);
 8021bb0:	687b      	ldr	r3, [r7, #4]
 8021bb2:	3344      	adds	r3, #68	; 0x44
 8021bb4:	681b      	ldr	r3, [r3, #0]
 8021bb6:	687a      	ldr	r2, [r7, #4]
 8021bb8:	3244      	adds	r2, #68	; 0x44
 8021bba:	f423 4300 	bic.w	r3, r3, #32768	; 0x8000
 8021bbe:	6013      	str	r3, [r2, #0]
C:/Users/leonardo/Desktop/Code/Github/DawnBGC/Libraries/FWLIB/src/gd32f4xx_timer.c:699
}
 8021bc0:	bf00      	nop
 8021bc2:	370c      	adds	r7, #12
 8021bc4:	46bd      	mov	sp, r7
 8021bc6:	bc80      	pop	{r7}
 8021bc8:	4770      	bx	lr
	...

08021bcc <timer_channel_output_config>:
timer_channel_output_config():
C:/Users/leonardo/Desktop/Code/Github/DawnBGC/Libraries/FWLIB/src/gd32f4xx_timer.c:755
                ocnidlestate: TIMER_OCN_IDLE_STATE_LOW,TIMER_OCN_IDLE_STATE_HIGH
    \param[out] none
    \retval     none
*/
void timer_channel_output_config(uint32_t timer_periph,uint16_t timer_channel,timer_oc_parameter_struct* timer_ocpara)
{
 8021bcc:	b480      	push	{r7}
 8021bce:	b085      	sub	sp, #20
 8021bd0:	af00      	add	r7, sp, #0
 8021bd2:	60f8      	str	r0, [r7, #12]
 8021bd4:	460b      	mov	r3, r1
 8021bd6:	607a      	str	r2, [r7, #4]
 8021bd8:	817b      	strh	r3, [r7, #10]
C:/Users/leonardo/Desktop/Code/Github/DawnBGC/Libraries/FWLIB/src/gd32f4xx_timer.c:756
    switch(timer_channel){
 8021bda:	897b      	ldrh	r3, [r7, #10]
 8021bdc:	2b03      	cmp	r3, #3
 8021bde:	f200 81cd 	bhi.w	8021f7c <timer_channel_output_config+0x3b0>
 8021be2:	a201      	add	r2, pc, #4	; (adr r2, 8021be8 <timer_channel_output_config+0x1c>)
 8021be4:	f852 f023 	ldr.w	pc, [r2, r3, lsl #2]
 8021be8:	08021bf9 	.word	0x08021bf9
 8021bec:	08021cf1 	.word	0x08021cf1
 8021bf0:	08021df5 	.word	0x08021df5
 8021bf4:	08021eef 	.word	0x08021eef
C:/Users/leonardo/Desktop/Code/Github/DawnBGC/Libraries/FWLIB/src/gd32f4xx_timer.c:760
    /* configure TIMER_CH_0 */
    case TIMER_CH_0:
        /* reset the CH0EN bit */
        TIMER_CHCTL2(timer_periph) &= (~(uint32_t)TIMER_CHCTL2_CH0EN);
 8021bf8:	68fb      	ldr	r3, [r7, #12]
 8021bfa:	3320      	adds	r3, #32
 8021bfc:	681b      	ldr	r3, [r3, #0]
 8021bfe:	68fa      	ldr	r2, [r7, #12]
 8021c00:	3220      	adds	r2, #32
 8021c02:	f023 0301 	bic.w	r3, r3, #1
 8021c06:	6013      	str	r3, [r2, #0]
C:/Users/leonardo/Desktop/Code/Github/DawnBGC/Libraries/FWLIB/src/gd32f4xx_timer.c:762
        /* set the CH0EN bit */
        TIMER_CHCTL2(timer_periph) |= (uint32_t)timer_ocpara->outputstate;
 8021c08:	68fb      	ldr	r3, [r7, #12]
 8021c0a:	3320      	adds	r3, #32
 8021c0c:	681a      	ldr	r2, [r3, #0]
 8021c0e:	687b      	ldr	r3, [r7, #4]
 8021c10:	681b      	ldr	r3, [r3, #0]
 8021c12:	68f9      	ldr	r1, [r7, #12]
 8021c14:	3120      	adds	r1, #32
 8021c16:	4313      	orrs	r3, r2
 8021c18:	600b      	str	r3, [r1, #0]
C:/Users/leonardo/Desktop/Code/Github/DawnBGC/Libraries/FWLIB/src/gd32f4xx_timer.c:764
        /* reset the CH0P bit */
        TIMER_CHCTL2(timer_periph) &= (~(uint32_t)TIMER_CHCTL2_CH0P);
 8021c1a:	68fb      	ldr	r3, [r7, #12]
 8021c1c:	3320      	adds	r3, #32
 8021c1e:	681b      	ldr	r3, [r3, #0]
 8021c20:	68fa      	ldr	r2, [r7, #12]
 8021c22:	3220      	adds	r2, #32
 8021c24:	f023 0302 	bic.w	r3, r3, #2
 8021c28:	6013      	str	r3, [r2, #0]
C:/Users/leonardo/Desktop/Code/Github/DawnBGC/Libraries/FWLIB/src/gd32f4xx_timer.c:766
        /* set the CH0P bit */
        TIMER_CHCTL2(timer_periph) |= (uint32_t)timer_ocpara->ocpolarity;
 8021c2a:	68fb      	ldr	r3, [r7, #12]
 8021c2c:	3320      	adds	r3, #32
 8021c2e:	681b      	ldr	r3, [r3, #0]
 8021c30:	687a      	ldr	r2, [r7, #4]
 8021c32:	88d2      	ldrh	r2, [r2, #6]
 8021c34:	4611      	mov	r1, r2
 8021c36:	68fa      	ldr	r2, [r7, #12]
 8021c38:	3220      	adds	r2, #32
 8021c3a:	430b      	orrs	r3, r1
 8021c3c:	6013      	str	r3, [r2, #0]
C:/Users/leonardo/Desktop/Code/Github/DawnBGC/Libraries/FWLIB/src/gd32f4xx_timer.c:768

        if((TIMER0 == timer_periph) || (TIMER7 == timer_periph)){
 8021c3e:	68fb      	ldr	r3, [r7, #12]
 8021c40:	4a6a      	ldr	r2, [pc, #424]	; (8021dec <timer_channel_output_config+0x220>)
 8021c42:	4293      	cmp	r3, r2
 8021c44:	d003      	beq.n	8021c4e <timer_channel_output_config+0x82>
C:/Users/leonardo/Desktop/Code/Github/DawnBGC/Libraries/FWLIB/src/gd32f4xx_timer.c:768 (discriminator 1)
 8021c46:	68fb      	ldr	r3, [r7, #12]
 8021c48:	4a69      	ldr	r2, [pc, #420]	; (8021df0 <timer_channel_output_config+0x224>)
 8021c4a:	4293      	cmp	r3, r2
 8021c4c:	d147      	bne.n	8021cde <timer_channel_output_config+0x112>
C:/Users/leonardo/Desktop/Code/Github/DawnBGC/Libraries/FWLIB/src/gd32f4xx_timer.c:770
            /* reset the CH0NEN bit */
            TIMER_CHCTL2(timer_periph) &= (~(uint32_t)TIMER_CHCTL2_CH0NEN);
 8021c4e:	68fb      	ldr	r3, [r7, #12]
 8021c50:	3320      	adds	r3, #32
 8021c52:	681b      	ldr	r3, [r3, #0]
 8021c54:	68fa      	ldr	r2, [r7, #12]
 8021c56:	3220      	adds	r2, #32
 8021c58:	f023 0304 	bic.w	r3, r3, #4
 8021c5c:	6013      	str	r3, [r2, #0]
C:/Users/leonardo/Desktop/Code/Github/DawnBGC/Libraries/FWLIB/src/gd32f4xx_timer.c:772
            /* set the CH0NEN bit */
            TIMER_CHCTL2(timer_periph) |= (uint32_t)timer_ocpara->outputnstate;
 8021c5e:	68fb      	ldr	r3, [r7, #12]
 8021c60:	3320      	adds	r3, #32
 8021c62:	681b      	ldr	r3, [r3, #0]
 8021c64:	687a      	ldr	r2, [r7, #4]
 8021c66:	8892      	ldrh	r2, [r2, #4]
 8021c68:	4611      	mov	r1, r2
 8021c6a:	68fa      	ldr	r2, [r7, #12]
 8021c6c:	3220      	adds	r2, #32
 8021c6e:	430b      	orrs	r3, r1
 8021c70:	6013      	str	r3, [r2, #0]
C:/Users/leonardo/Desktop/Code/Github/DawnBGC/Libraries/FWLIB/src/gd32f4xx_timer.c:774
            /* reset the CH0NP bit */
            TIMER_CHCTL2(timer_periph) &= (~(uint32_t)TIMER_CHCTL2_CH0NP);
 8021c72:	68fb      	ldr	r3, [r7, #12]
 8021c74:	3320      	adds	r3, #32
 8021c76:	681b      	ldr	r3, [r3, #0]
 8021c78:	68fa      	ldr	r2, [r7, #12]
 8021c7a:	3220      	adds	r2, #32
 8021c7c:	f023 0308 	bic.w	r3, r3, #8
 8021c80:	6013      	str	r3, [r2, #0]
C:/Users/leonardo/Desktop/Code/Github/DawnBGC/Libraries/FWLIB/src/gd32f4xx_timer.c:776
            /* set the CH0NP bit */
            TIMER_CHCTL2(timer_periph) |= (uint32_t)timer_ocpara->ocnpolarity;
 8021c82:	68fb      	ldr	r3, [r7, #12]
 8021c84:	3320      	adds	r3, #32
 8021c86:	681b      	ldr	r3, [r3, #0]
 8021c88:	687a      	ldr	r2, [r7, #4]
 8021c8a:	8912      	ldrh	r2, [r2, #8]
 8021c8c:	4611      	mov	r1, r2
 8021c8e:	68fa      	ldr	r2, [r7, #12]
 8021c90:	3220      	adds	r2, #32
 8021c92:	430b      	orrs	r3, r1
 8021c94:	6013      	str	r3, [r2, #0]
C:/Users/leonardo/Desktop/Code/Github/DawnBGC/Libraries/FWLIB/src/gd32f4xx_timer.c:778
            /* reset the ISO0 bit */
            TIMER_CTL1(timer_periph) &= (~(uint32_t)TIMER_CTL1_ISO0);
 8021c96:	68fb      	ldr	r3, [r7, #12]
 8021c98:	3304      	adds	r3, #4
 8021c9a:	681b      	ldr	r3, [r3, #0]
 8021c9c:	68fa      	ldr	r2, [r7, #12]
 8021c9e:	3204      	adds	r2, #4
 8021ca0:	f423 7380 	bic.w	r3, r3, #256	; 0x100
 8021ca4:	6013      	str	r3, [r2, #0]
C:/Users/leonardo/Desktop/Code/Github/DawnBGC/Libraries/FWLIB/src/gd32f4xx_timer.c:780
            /* set the ISO0 bit */
            TIMER_CTL1(timer_periph) |= (uint32_t)timer_ocpara->ocidlestate;
 8021ca6:	68fb      	ldr	r3, [r7, #12]
 8021ca8:	3304      	adds	r3, #4
 8021caa:	681b      	ldr	r3, [r3, #0]
 8021cac:	687a      	ldr	r2, [r7, #4]
 8021cae:	8952      	ldrh	r2, [r2, #10]
 8021cb0:	4611      	mov	r1, r2
 8021cb2:	68fa      	ldr	r2, [r7, #12]
 8021cb4:	3204      	adds	r2, #4
 8021cb6:	430b      	orrs	r3, r1
 8021cb8:	6013      	str	r3, [r2, #0]
C:/Users/leonardo/Desktop/Code/Github/DawnBGC/Libraries/FWLIB/src/gd32f4xx_timer.c:782
            /* reset the ISO0N bit */
            TIMER_CTL1(timer_periph) &= (~(uint32_t)TIMER_CTL1_ISO0N);
 8021cba:	68fb      	ldr	r3, [r7, #12]
 8021cbc:	3304      	adds	r3, #4
 8021cbe:	681b      	ldr	r3, [r3, #0]
 8021cc0:	68fa      	ldr	r2, [r7, #12]
 8021cc2:	3204      	adds	r2, #4
 8021cc4:	f423 7300 	bic.w	r3, r3, #512	; 0x200
 8021cc8:	6013      	str	r3, [r2, #0]
C:/Users/leonardo/Desktop/Code/Github/DawnBGC/Libraries/FWLIB/src/gd32f4xx_timer.c:784
            /* set the ISO0N bit */
            TIMER_CTL1(timer_periph) |= (uint32_t)timer_ocpara->ocnidlestate;
 8021cca:	68fb      	ldr	r3, [r7, #12]
 8021ccc:	3304      	adds	r3, #4
 8021cce:	681b      	ldr	r3, [r3, #0]
 8021cd0:	687a      	ldr	r2, [r7, #4]
 8021cd2:	8992      	ldrh	r2, [r2, #12]
 8021cd4:	4611      	mov	r1, r2
 8021cd6:	68fa      	ldr	r2, [r7, #12]
 8021cd8:	3204      	adds	r2, #4
 8021cda:	430b      	orrs	r3, r1
 8021cdc:	6013      	str	r3, [r2, #0]
C:/Users/leonardo/Desktop/Code/Github/DawnBGC/Libraries/FWLIB/src/gd32f4xx_timer.c:786
        }
        TIMER_CHCTL0(timer_periph) &= ~(uint32_t)TIMER_CHCTL0_CH0MS;
 8021cde:	68fb      	ldr	r3, [r7, #12]
 8021ce0:	3318      	adds	r3, #24
 8021ce2:	681b      	ldr	r3, [r3, #0]
 8021ce4:	68fa      	ldr	r2, [r7, #12]
 8021ce6:	3218      	adds	r2, #24
 8021ce8:	f023 0303 	bic.w	r3, r3, #3
 8021cec:	6013      	str	r3, [r2, #0]
C:/Users/leonardo/Desktop/Code/Github/DawnBGC/Libraries/FWLIB/src/gd32f4xx_timer.c:787
        break;
 8021cee:	e146      	b.n	8021f7e <timer_channel_output_config+0x3b2>
C:/Users/leonardo/Desktop/Code/Github/DawnBGC/Libraries/FWLIB/src/gd32f4xx_timer.c:791
    /* configure TIMER_CH_1 */
    case TIMER_CH_1:
        /* reset the CH1EN bit */
        TIMER_CHCTL2(timer_periph) &= (~(uint32_t)TIMER_CHCTL2_CH1EN);
 8021cf0:	68fb      	ldr	r3, [r7, #12]
 8021cf2:	3320      	adds	r3, #32
 8021cf4:	681b      	ldr	r3, [r3, #0]
 8021cf6:	68fa      	ldr	r2, [r7, #12]
 8021cf8:	3220      	adds	r2, #32
 8021cfa:	f023 0310 	bic.w	r3, r3, #16
 8021cfe:	6013      	str	r3, [r2, #0]
C:/Users/leonardo/Desktop/Code/Github/DawnBGC/Libraries/FWLIB/src/gd32f4xx_timer.c:793
        /* set the CH1EN bit */
        TIMER_CHCTL2(timer_periph) |= (uint32_t)(timer_ocpara->outputstate<< 4U);
 8021d00:	68fb      	ldr	r3, [r7, #12]
 8021d02:	3320      	adds	r3, #32
 8021d04:	681a      	ldr	r2, [r3, #0]
 8021d06:	687b      	ldr	r3, [r7, #4]
 8021d08:	681b      	ldr	r3, [r3, #0]
 8021d0a:	011b      	lsls	r3, r3, #4
 8021d0c:	68f9      	ldr	r1, [r7, #12]
 8021d0e:	3120      	adds	r1, #32
 8021d10:	4313      	orrs	r3, r2
 8021d12:	600b      	str	r3, [r1, #0]
C:/Users/leonardo/Desktop/Code/Github/DawnBGC/Libraries/FWLIB/src/gd32f4xx_timer.c:795
        /* reset the CH1P bit */
        TIMER_CHCTL2(timer_periph) &= (~(uint32_t)TIMER_CHCTL2_CH1P);
 8021d14:	68fb      	ldr	r3, [r7, #12]
 8021d16:	3320      	adds	r3, #32
 8021d18:	681b      	ldr	r3, [r3, #0]
 8021d1a:	68fa      	ldr	r2, [r7, #12]
 8021d1c:	3220      	adds	r2, #32
 8021d1e:	f023 0320 	bic.w	r3, r3, #32
 8021d22:	6013      	str	r3, [r2, #0]
C:/Users/leonardo/Desktop/Code/Github/DawnBGC/Libraries/FWLIB/src/gd32f4xx_timer.c:797
        /* set the CH1P bit */
        TIMER_CHCTL2(timer_periph) |= (uint32_t)((uint32_t)(timer_ocpara->ocpolarity)<< 4U);
 8021d24:	68fb      	ldr	r3, [r7, #12]
 8021d26:	3320      	adds	r3, #32
 8021d28:	681a      	ldr	r2, [r3, #0]
 8021d2a:	687b      	ldr	r3, [r7, #4]
 8021d2c:	88db      	ldrh	r3, [r3, #6]
 8021d2e:	011b      	lsls	r3, r3, #4
 8021d30:	68f9      	ldr	r1, [r7, #12]
 8021d32:	3120      	adds	r1, #32
 8021d34:	4313      	orrs	r3, r2
 8021d36:	600b      	str	r3, [r1, #0]
C:/Users/leonardo/Desktop/Code/Github/DawnBGC/Libraries/FWLIB/src/gd32f4xx_timer.c:799

        if((TIMER0 == timer_periph) || (TIMER7 == timer_periph)){
 8021d38:	68fb      	ldr	r3, [r7, #12]
 8021d3a:	4a2c      	ldr	r2, [pc, #176]	; (8021dec <timer_channel_output_config+0x220>)
 8021d3c:	4293      	cmp	r3, r2
 8021d3e:	d003      	beq.n	8021d48 <timer_channel_output_config+0x17c>
C:/Users/leonardo/Desktop/Code/Github/DawnBGC/Libraries/FWLIB/src/gd32f4xx_timer.c:799 (discriminator 1)
 8021d40:	68fb      	ldr	r3, [r7, #12]
 8021d42:	4a2b      	ldr	r2, [pc, #172]	; (8021df0 <timer_channel_output_config+0x224>)
 8021d44:	4293      	cmp	r3, r2
 8021d46:	d147      	bne.n	8021dd8 <timer_channel_output_config+0x20c>
C:/Users/leonardo/Desktop/Code/Github/DawnBGC/Libraries/FWLIB/src/gd32f4xx_timer.c:801
            /* reset the CH1NEN bit */
            TIMER_CHCTL2(timer_periph) &= (~(uint32_t)TIMER_CHCTL2_CH1NEN);
 8021d48:	68fb      	ldr	r3, [r7, #12]
 8021d4a:	3320      	adds	r3, #32
 8021d4c:	681b      	ldr	r3, [r3, #0]
 8021d4e:	68fa      	ldr	r2, [r7, #12]
 8021d50:	3220      	adds	r2, #32
 8021d52:	f023 0340 	bic.w	r3, r3, #64	; 0x40
 8021d56:	6013      	str	r3, [r2, #0]
C:/Users/leonardo/Desktop/Code/Github/DawnBGC/Libraries/FWLIB/src/gd32f4xx_timer.c:803
            /* set the CH1NEN bit */
            TIMER_CHCTL2(timer_periph) |= (uint32_t)((uint32_t)(timer_ocpara->outputnstate)<< 4U);
 8021d58:	68fb      	ldr	r3, [r7, #12]
 8021d5a:	3320      	adds	r3, #32
 8021d5c:	681a      	ldr	r2, [r3, #0]
 8021d5e:	687b      	ldr	r3, [r7, #4]
 8021d60:	889b      	ldrh	r3, [r3, #4]
 8021d62:	011b      	lsls	r3, r3, #4
 8021d64:	68f9      	ldr	r1, [r7, #12]
 8021d66:	3120      	adds	r1, #32
 8021d68:	4313      	orrs	r3, r2
 8021d6a:	600b      	str	r3, [r1, #0]
C:/Users/leonardo/Desktop/Code/Github/DawnBGC/Libraries/FWLIB/src/gd32f4xx_timer.c:805
            /* reset the CH1NP bit */
            TIMER_CHCTL2(timer_periph) &= (~(uint32_t)TIMER_CHCTL2_CH1NP);
 8021d6c:	68fb      	ldr	r3, [r7, #12]
 8021d6e:	3320      	adds	r3, #32
 8021d70:	681b      	ldr	r3, [r3, #0]
 8021d72:	68fa      	ldr	r2, [r7, #12]
 8021d74:	3220      	adds	r2, #32
 8021d76:	f023 0380 	bic.w	r3, r3, #128	; 0x80
 8021d7a:	6013      	str	r3, [r2, #0]
C:/Users/leonardo/Desktop/Code/Github/DawnBGC/Libraries/FWLIB/src/gd32f4xx_timer.c:807
            /* set the CH1NP bit */
            TIMER_CHCTL2(timer_periph) |= (uint32_t)((uint32_t)(timer_ocpara->ocnpolarity)<< 4U);
 8021d7c:	68fb      	ldr	r3, [r7, #12]
 8021d7e:	3320      	adds	r3, #32
 8021d80:	681a      	ldr	r2, [r3, #0]
 8021d82:	687b      	ldr	r3, [r7, #4]
 8021d84:	891b      	ldrh	r3, [r3, #8]
 8021d86:	011b      	lsls	r3, r3, #4
 8021d88:	68f9      	ldr	r1, [r7, #12]
 8021d8a:	3120      	adds	r1, #32
 8021d8c:	4313      	orrs	r3, r2
 8021d8e:	600b      	str	r3, [r1, #0]
C:/Users/leonardo/Desktop/Code/Github/DawnBGC/Libraries/FWLIB/src/gd32f4xx_timer.c:809
            /* reset the ISO1 bit */
            TIMER_CTL1(timer_periph) &= (~(uint32_t)TIMER_CTL1_ISO1);
 8021d90:	68fb      	ldr	r3, [r7, #12]
 8021d92:	3304      	adds	r3, #4
 8021d94:	681b      	ldr	r3, [r3, #0]
 8021d96:	68fa      	ldr	r2, [r7, #12]
 8021d98:	3204      	adds	r2, #4
 8021d9a:	f423 6380 	bic.w	r3, r3, #1024	; 0x400
 8021d9e:	6013      	str	r3, [r2, #0]
C:/Users/leonardo/Desktop/Code/Github/DawnBGC/Libraries/FWLIB/src/gd32f4xx_timer.c:811
            /* set the ISO1 bit */
            TIMER_CTL1(timer_periph) |= (uint32_t)((uint32_t)(timer_ocpara->ocidlestate)<< 2U);
 8021da0:	68fb      	ldr	r3, [r7, #12]
 8021da2:	3304      	adds	r3, #4
 8021da4:	681a      	ldr	r2, [r3, #0]
 8021da6:	687b      	ldr	r3, [r7, #4]
 8021da8:	895b      	ldrh	r3, [r3, #10]
 8021daa:	009b      	lsls	r3, r3, #2
 8021dac:	68f9      	ldr	r1, [r7, #12]
 8021dae:	3104      	adds	r1, #4
 8021db0:	4313      	orrs	r3, r2
 8021db2:	600b      	str	r3, [r1, #0]
C:/Users/leonardo/Desktop/Code/Github/DawnBGC/Libraries/FWLIB/src/gd32f4xx_timer.c:813
            /* reset the ISO1N bit */
            TIMER_CTL1(timer_periph) &= (~(uint32_t)TIMER_CTL1_ISO1N);
 8021db4:	68fb      	ldr	r3, [r7, #12]
 8021db6:	3304      	adds	r3, #4
 8021db8:	681b      	ldr	r3, [r3, #0]
 8021dba:	68fa      	ldr	r2, [r7, #12]
 8021dbc:	3204      	adds	r2, #4
 8021dbe:	f423 6300 	bic.w	r3, r3, #2048	; 0x800
 8021dc2:	6013      	str	r3, [r2, #0]
C:/Users/leonardo/Desktop/Code/Github/DawnBGC/Libraries/FWLIB/src/gd32f4xx_timer.c:815
            /* set the ISO1N bit */
            TIMER_CTL1(timer_periph) |= (uint32_t)((uint32_t)(timer_ocpara->ocnidlestate)<< 2U);
 8021dc4:	68fb      	ldr	r3, [r7, #12]
 8021dc6:	3304      	adds	r3, #4
 8021dc8:	681a      	ldr	r2, [r3, #0]
 8021dca:	687b      	ldr	r3, [r7, #4]
 8021dcc:	899b      	ldrh	r3, [r3, #12]
 8021dce:	009b      	lsls	r3, r3, #2
 8021dd0:	68f9      	ldr	r1, [r7, #12]
 8021dd2:	3104      	adds	r1, #4
 8021dd4:	4313      	orrs	r3, r2
 8021dd6:	600b      	str	r3, [r1, #0]
C:/Users/leonardo/Desktop/Code/Github/DawnBGC/Libraries/FWLIB/src/gd32f4xx_timer.c:817
        }
        TIMER_CHCTL0(timer_periph) &= ~(uint32_t)TIMER_CHCTL0_CH1MS;
 8021dd8:	68fb      	ldr	r3, [r7, #12]
 8021dda:	3318      	adds	r3, #24
 8021ddc:	681b      	ldr	r3, [r3, #0]
 8021dde:	68fa      	ldr	r2, [r7, #12]
 8021de0:	3218      	adds	r2, #24
 8021de2:	f423 7340 	bic.w	r3, r3, #768	; 0x300
 8021de6:	6013      	str	r3, [r2, #0]
C:/Users/leonardo/Desktop/Code/Github/DawnBGC/Libraries/FWLIB/src/gd32f4xx_timer.c:818
        break;
 8021de8:	e0c9      	b.n	8021f7e <timer_channel_output_config+0x3b2>
 8021dea:	bf00      	nop
 8021dec:	40010000 	.word	0x40010000
 8021df0:	40010400 	.word	0x40010400
C:/Users/leonardo/Desktop/Code/Github/DawnBGC/Libraries/FWLIB/src/gd32f4xx_timer.c:822
    /* configure TIMER_CH_2 */
    case TIMER_CH_2:
        /* reset the CH2EN bit */
        TIMER_CHCTL2(timer_periph) &= (~(uint32_t)TIMER_CHCTL2_CH2EN);
 8021df4:	68fb      	ldr	r3, [r7, #12]
 8021df6:	3320      	adds	r3, #32
 8021df8:	681b      	ldr	r3, [r3, #0]
 8021dfa:	68fa      	ldr	r2, [r7, #12]
 8021dfc:	3220      	adds	r2, #32
 8021dfe:	f423 7380 	bic.w	r3, r3, #256	; 0x100
 8021e02:	6013      	str	r3, [r2, #0]
C:/Users/leonardo/Desktop/Code/Github/DawnBGC/Libraries/FWLIB/src/gd32f4xx_timer.c:824
        /* set the CH2EN bit */
        TIMER_CHCTL2(timer_periph) |= (uint32_t)(timer_ocpara->outputstate<< 8U);
 8021e04:	68fb      	ldr	r3, [r7, #12]
 8021e06:	3320      	adds	r3, #32
 8021e08:	681a      	ldr	r2, [r3, #0]
 8021e0a:	687b      	ldr	r3, [r7, #4]
 8021e0c:	681b      	ldr	r3, [r3, #0]
 8021e0e:	021b      	lsls	r3, r3, #8
 8021e10:	68f9      	ldr	r1, [r7, #12]
 8021e12:	3120      	adds	r1, #32
 8021e14:	4313      	orrs	r3, r2
 8021e16:	600b      	str	r3, [r1, #0]
C:/Users/leonardo/Desktop/Code/Github/DawnBGC/Libraries/FWLIB/src/gd32f4xx_timer.c:826
        /* reset the CH2P bit */
        TIMER_CHCTL2(timer_periph) &= (~(uint32_t)TIMER_CHCTL2_CH2P);
 8021e18:	68fb      	ldr	r3, [r7, #12]
 8021e1a:	3320      	adds	r3, #32
 8021e1c:	681b      	ldr	r3, [r3, #0]
 8021e1e:	68fa      	ldr	r2, [r7, #12]
 8021e20:	3220      	adds	r2, #32
 8021e22:	f423 7300 	bic.w	r3, r3, #512	; 0x200
 8021e26:	6013      	str	r3, [r2, #0]
C:/Users/leonardo/Desktop/Code/Github/DawnBGC/Libraries/FWLIB/src/gd32f4xx_timer.c:828
        /* set the CH2P bit */
        TIMER_CHCTL2(timer_periph) |= (uint32_t)((uint32_t)(timer_ocpara->ocpolarity)<< 8U);
 8021e28:	68fb      	ldr	r3, [r7, #12]
 8021e2a:	3320      	adds	r3, #32
 8021e2c:	681a      	ldr	r2, [r3, #0]
 8021e2e:	687b      	ldr	r3, [r7, #4]
 8021e30:	88db      	ldrh	r3, [r3, #6]
 8021e32:	021b      	lsls	r3, r3, #8
 8021e34:	68f9      	ldr	r1, [r7, #12]
 8021e36:	3120      	adds	r1, #32
 8021e38:	4313      	orrs	r3, r2
 8021e3a:	600b      	str	r3, [r1, #0]
C:/Users/leonardo/Desktop/Code/Github/DawnBGC/Libraries/FWLIB/src/gd32f4xx_timer.c:830

        if((TIMER0 == timer_periph) || (TIMER7 == timer_periph)){
 8021e3c:	68fb      	ldr	r3, [r7, #12]
 8021e3e:	4a52      	ldr	r2, [pc, #328]	; (8021f88 <timer_channel_output_config+0x3bc>)
 8021e40:	4293      	cmp	r3, r2
 8021e42:	d003      	beq.n	8021e4c <timer_channel_output_config+0x280>
C:/Users/leonardo/Desktop/Code/Github/DawnBGC/Libraries/FWLIB/src/gd32f4xx_timer.c:830 (discriminator 1)
 8021e44:	68fb      	ldr	r3, [r7, #12]
 8021e46:	4a51      	ldr	r2, [pc, #324]	; (8021f8c <timer_channel_output_config+0x3c0>)
 8021e48:	4293      	cmp	r3, r2
 8021e4a:	d147      	bne.n	8021edc <timer_channel_output_config+0x310>
C:/Users/leonardo/Desktop/Code/Github/DawnBGC/Libraries/FWLIB/src/gd32f4xx_timer.c:832
            /* reset the CH2NEN bit */
            TIMER_CHCTL2(timer_periph) &= (~(uint32_t)TIMER_CHCTL2_CH2NEN);
 8021e4c:	68fb      	ldr	r3, [r7, #12]
 8021e4e:	3320      	adds	r3, #32
 8021e50:	681b      	ldr	r3, [r3, #0]
 8021e52:	68fa      	ldr	r2, [r7, #12]
 8021e54:	3220      	adds	r2, #32
 8021e56:	f423 6380 	bic.w	r3, r3, #1024	; 0x400
 8021e5a:	6013      	str	r3, [r2, #0]
C:/Users/leonardo/Desktop/Code/Github/DawnBGC/Libraries/FWLIB/src/gd32f4xx_timer.c:834
            /* set the CH2NEN bit */
            TIMER_CHCTL2(timer_periph) |= (uint32_t)((uint32_t)(timer_ocpara->outputnstate)<< 8U);
 8021e5c:	68fb      	ldr	r3, [r7, #12]
 8021e5e:	3320      	adds	r3, #32
 8021e60:	681a      	ldr	r2, [r3, #0]
 8021e62:	687b      	ldr	r3, [r7, #4]
 8021e64:	889b      	ldrh	r3, [r3, #4]
 8021e66:	021b      	lsls	r3, r3, #8
 8021e68:	68f9      	ldr	r1, [r7, #12]
 8021e6a:	3120      	adds	r1, #32
 8021e6c:	4313      	orrs	r3, r2
 8021e6e:	600b      	str	r3, [r1, #0]
C:/Users/leonardo/Desktop/Code/Github/DawnBGC/Libraries/FWLIB/src/gd32f4xx_timer.c:836
            /* reset the CH2NP bit */
            TIMER_CHCTL2(timer_periph) &= (~(uint32_t)TIMER_CHCTL2_CH2NP);
 8021e70:	68fb      	ldr	r3, [r7, #12]
 8021e72:	3320      	adds	r3, #32
 8021e74:	681b      	ldr	r3, [r3, #0]
 8021e76:	68fa      	ldr	r2, [r7, #12]
 8021e78:	3220      	adds	r2, #32
 8021e7a:	f423 6300 	bic.w	r3, r3, #2048	; 0x800
 8021e7e:	6013      	str	r3, [r2, #0]
C:/Users/leonardo/Desktop/Code/Github/DawnBGC/Libraries/FWLIB/src/gd32f4xx_timer.c:838
            /* set the CH2NP bit */
            TIMER_CHCTL2(timer_periph) |= (uint32_t)((uint32_t)(timer_ocpara->ocnpolarity)<< 8U);
 8021e80:	68fb      	ldr	r3, [r7, #12]
 8021e82:	3320      	adds	r3, #32
 8021e84:	681a      	ldr	r2, [r3, #0]
 8021e86:	687b      	ldr	r3, [r7, #4]
 8021e88:	891b      	ldrh	r3, [r3, #8]
 8021e8a:	021b      	lsls	r3, r3, #8
 8021e8c:	68f9      	ldr	r1, [r7, #12]
 8021e8e:	3120      	adds	r1, #32
 8021e90:	4313      	orrs	r3, r2
 8021e92:	600b      	str	r3, [r1, #0]
C:/Users/leonardo/Desktop/Code/Github/DawnBGC/Libraries/FWLIB/src/gd32f4xx_timer.c:840
            /* reset the ISO2 bit */
            TIMER_CTL1(timer_periph) &= (~(uint32_t)TIMER_CTL1_ISO2);
 8021e94:	68fb      	ldr	r3, [r7, #12]
 8021e96:	3304      	adds	r3, #4
 8021e98:	681b      	ldr	r3, [r3, #0]
 8021e9a:	68fa      	ldr	r2, [r7, #12]
 8021e9c:	3204      	adds	r2, #4
 8021e9e:	f423 5380 	bic.w	r3, r3, #4096	; 0x1000
 8021ea2:	6013      	str	r3, [r2, #0]
C:/Users/leonardo/Desktop/Code/Github/DawnBGC/Libraries/FWLIB/src/gd32f4xx_timer.c:842
            /* set the ISO2 bit */
            TIMER_CTL1(timer_periph) |= (uint32_t)((uint32_t)(timer_ocpara->ocidlestate)<< 4U);
 8021ea4:	68fb      	ldr	r3, [r7, #12]
 8021ea6:	3304      	adds	r3, #4
 8021ea8:	681a      	ldr	r2, [r3, #0]
 8021eaa:	687b      	ldr	r3, [r7, #4]
 8021eac:	895b      	ldrh	r3, [r3, #10]
 8021eae:	011b      	lsls	r3, r3, #4
 8021eb0:	68f9      	ldr	r1, [r7, #12]
 8021eb2:	3104      	adds	r1, #4
 8021eb4:	4313      	orrs	r3, r2
 8021eb6:	600b      	str	r3, [r1, #0]
C:/Users/leonardo/Desktop/Code/Github/DawnBGC/Libraries/FWLIB/src/gd32f4xx_timer.c:844
            /* reset the ISO2N bit */
            TIMER_CTL1(timer_periph) &= (~(uint32_t)TIMER_CTL1_ISO2N);
 8021eb8:	68fb      	ldr	r3, [r7, #12]
 8021eba:	3304      	adds	r3, #4
 8021ebc:	681b      	ldr	r3, [r3, #0]
 8021ebe:	68fa      	ldr	r2, [r7, #12]
 8021ec0:	3204      	adds	r2, #4
 8021ec2:	f423 5300 	bic.w	r3, r3, #8192	; 0x2000
 8021ec6:	6013      	str	r3, [r2, #0]
C:/Users/leonardo/Desktop/Code/Github/DawnBGC/Libraries/FWLIB/src/gd32f4xx_timer.c:846
            /* set the ISO2N bit */
            TIMER_CTL1(timer_periph) |= (uint32_t)((uint32_t)(timer_ocpara->ocnidlestate)<< 4U);
 8021ec8:	68fb      	ldr	r3, [r7, #12]
 8021eca:	3304      	adds	r3, #4
 8021ecc:	681a      	ldr	r2, [r3, #0]
 8021ece:	687b      	ldr	r3, [r7, #4]
 8021ed0:	899b      	ldrh	r3, [r3, #12]
 8021ed2:	011b      	lsls	r3, r3, #4
 8021ed4:	68f9      	ldr	r1, [r7, #12]
 8021ed6:	3104      	adds	r1, #4
 8021ed8:	4313      	orrs	r3, r2
 8021eda:	600b      	str	r3, [r1, #0]
C:/Users/leonardo/Desktop/Code/Github/DawnBGC/Libraries/FWLIB/src/gd32f4xx_timer.c:848
        }
        TIMER_CHCTL1(timer_periph) &= ~(uint32_t)TIMER_CHCTL1_CH2MS;
 8021edc:	68fb      	ldr	r3, [r7, #12]
 8021ede:	331c      	adds	r3, #28
 8021ee0:	681b      	ldr	r3, [r3, #0]
 8021ee2:	68fa      	ldr	r2, [r7, #12]
 8021ee4:	321c      	adds	r2, #28
 8021ee6:	f023 0303 	bic.w	r3, r3, #3
 8021eea:	6013      	str	r3, [r2, #0]
C:/Users/leonardo/Desktop/Code/Github/DawnBGC/Libraries/FWLIB/src/gd32f4xx_timer.c:849
        break;
 8021eec:	e047      	b.n	8021f7e <timer_channel_output_config+0x3b2>
C:/Users/leonardo/Desktop/Code/Github/DawnBGC/Libraries/FWLIB/src/gd32f4xx_timer.c:853
    /* configure TIMER_CH_3 */
    case TIMER_CH_3:
        /* reset the CH3EN bit */
        TIMER_CHCTL2(timer_periph) &=(~(uint32_t)TIMER_CHCTL2_CH3EN);
 8021eee:	68fb      	ldr	r3, [r7, #12]
 8021ef0:	3320      	adds	r3, #32
 8021ef2:	681b      	ldr	r3, [r3, #0]
 8021ef4:	68fa      	ldr	r2, [r7, #12]
 8021ef6:	3220      	adds	r2, #32
 8021ef8:	f423 5380 	bic.w	r3, r3, #4096	; 0x1000
 8021efc:	6013      	str	r3, [r2, #0]
C:/Users/leonardo/Desktop/Code/Github/DawnBGC/Libraries/FWLIB/src/gd32f4xx_timer.c:855
        /* set the CH3EN bit */
        TIMER_CHCTL2(timer_periph) |= (uint32_t)(timer_ocpara->outputstate<< 12U);
 8021efe:	68fb      	ldr	r3, [r7, #12]
 8021f00:	3320      	adds	r3, #32
 8021f02:	681a      	ldr	r2, [r3, #0]
 8021f04:	687b      	ldr	r3, [r7, #4]
 8021f06:	681b      	ldr	r3, [r3, #0]
 8021f08:	031b      	lsls	r3, r3, #12
 8021f0a:	68f9      	ldr	r1, [r7, #12]
 8021f0c:	3120      	adds	r1, #32
 8021f0e:	4313      	orrs	r3, r2
 8021f10:	600b      	str	r3, [r1, #0]
C:/Users/leonardo/Desktop/Code/Github/DawnBGC/Libraries/FWLIB/src/gd32f4xx_timer.c:857
        /* reset the CH3P bit */
        TIMER_CHCTL2(timer_periph) &= (~(uint32_t)TIMER_CHCTL2_CH3P);
 8021f12:	68fb      	ldr	r3, [r7, #12]
 8021f14:	3320      	adds	r3, #32
 8021f16:	681b      	ldr	r3, [r3, #0]
 8021f18:	68fa      	ldr	r2, [r7, #12]
 8021f1a:	3220      	adds	r2, #32
 8021f1c:	f423 5300 	bic.w	r3, r3, #8192	; 0x2000
 8021f20:	6013      	str	r3, [r2, #0]
C:/Users/leonardo/Desktop/Code/Github/DawnBGC/Libraries/FWLIB/src/gd32f4xx_timer.c:859
        /* set the CH3P bit */
        TIMER_CHCTL2(timer_periph) |= (uint32_t)((uint32_t)(timer_ocpara->ocpolarity)<< 12U);
 8021f22:	68fb      	ldr	r3, [r7, #12]
 8021f24:	3320      	adds	r3, #32
 8021f26:	681a      	ldr	r2, [r3, #0]
 8021f28:	687b      	ldr	r3, [r7, #4]
 8021f2a:	88db      	ldrh	r3, [r3, #6]
 8021f2c:	031b      	lsls	r3, r3, #12
 8021f2e:	68f9      	ldr	r1, [r7, #12]
 8021f30:	3120      	adds	r1, #32
 8021f32:	4313      	orrs	r3, r2
 8021f34:	600b      	str	r3, [r1, #0]
C:/Users/leonardo/Desktop/Code/Github/DawnBGC/Libraries/FWLIB/src/gd32f4xx_timer.c:861

        if((TIMER0 == timer_periph) || (TIMER7 == timer_periph)){
 8021f36:	68fb      	ldr	r3, [r7, #12]
 8021f38:	4a13      	ldr	r2, [pc, #76]	; (8021f88 <timer_channel_output_config+0x3bc>)
 8021f3a:	4293      	cmp	r3, r2
 8021f3c:	d003      	beq.n	8021f46 <timer_channel_output_config+0x37a>
C:/Users/leonardo/Desktop/Code/Github/DawnBGC/Libraries/FWLIB/src/gd32f4xx_timer.c:861 (discriminator 1)
 8021f3e:	68fb      	ldr	r3, [r7, #12]
 8021f40:	4a12      	ldr	r2, [pc, #72]	; (8021f8c <timer_channel_output_config+0x3c0>)
 8021f42:	4293      	cmp	r3, r2
 8021f44:	d111      	bne.n	8021f6a <timer_channel_output_config+0x39e>
C:/Users/leonardo/Desktop/Code/Github/DawnBGC/Libraries/FWLIB/src/gd32f4xx_timer.c:863
            /* reset the ISO3 bit */
            TIMER_CTL1(timer_periph) &= (~(uint32_t)TIMER_CTL1_ISO3);
 8021f46:	68fb      	ldr	r3, [r7, #12]
 8021f48:	3304      	adds	r3, #4
 8021f4a:	681b      	ldr	r3, [r3, #0]
 8021f4c:	68fa      	ldr	r2, [r7, #12]
 8021f4e:	3204      	adds	r2, #4
 8021f50:	f423 4380 	bic.w	r3, r3, #16384	; 0x4000
 8021f54:	6013      	str	r3, [r2, #0]
C:/Users/leonardo/Desktop/Code/Github/DawnBGC/Libraries/FWLIB/src/gd32f4xx_timer.c:865
            /* set the ISO3 bit */
            TIMER_CTL1(timer_periph) |= (uint32_t)((uint32_t)(timer_ocpara->ocidlestate)<< 6U);
 8021f56:	68fb      	ldr	r3, [r7, #12]
 8021f58:	3304      	adds	r3, #4
 8021f5a:	681a      	ldr	r2, [r3, #0]
 8021f5c:	687b      	ldr	r3, [r7, #4]
 8021f5e:	895b      	ldrh	r3, [r3, #10]
 8021f60:	019b      	lsls	r3, r3, #6
 8021f62:	68f9      	ldr	r1, [r7, #12]
 8021f64:	3104      	adds	r1, #4
 8021f66:	4313      	orrs	r3, r2
 8021f68:	600b      	str	r3, [r1, #0]
C:/Users/leonardo/Desktop/Code/Github/DawnBGC/Libraries/FWLIB/src/gd32f4xx_timer.c:867
        }
        TIMER_CHCTL1(timer_periph) &= ~(uint32_t)TIMER_CHCTL1_CH3MS;
 8021f6a:	68fb      	ldr	r3, [r7, #12]
 8021f6c:	331c      	adds	r3, #28
 8021f6e:	681b      	ldr	r3, [r3, #0]
 8021f70:	68fa      	ldr	r2, [r7, #12]
 8021f72:	321c      	adds	r2, #28
 8021f74:	f423 7340 	bic.w	r3, r3, #768	; 0x300
 8021f78:	6013      	str	r3, [r2, #0]
C:/Users/leonardo/Desktop/Code/Github/DawnBGC/Libraries/FWLIB/src/gd32f4xx_timer.c:868
        break;
 8021f7a:	e000      	b.n	8021f7e <timer_channel_output_config+0x3b2>
C:/Users/leonardo/Desktop/Code/Github/DawnBGC/Libraries/FWLIB/src/gd32f4xx_timer.c:870
    default:
        break;
 8021f7c:	bf00      	nop
C:/Users/leonardo/Desktop/Code/Github/DawnBGC/Libraries/FWLIB/src/gd32f4xx_timer.c:872
    }
}
 8021f7e:	bf00      	nop
 8021f80:	3714      	adds	r7, #20
 8021f82:	46bd      	mov	sp, r7
 8021f84:	bc80      	pop	{r7}
 8021f86:	4770      	bx	lr
 8021f88:	40010000 	.word	0x40010000
 8021f8c:	40010400 	.word	0x40010400

08021f90 <timer_channel_output_mode_config>:
timer_channel_output_mode_config():
C:/Users/leonardo/Desktop/Code/Github/DawnBGC/Libraries/FWLIB/src/gd32f4xx_timer.c:895
      \arg        TIMER_OC_MODE_PWM1: PWM1 mode
    \param[out] none
    \retval     none
*/
void timer_channel_output_mode_config(uint32_t timer_periph,uint16_t timer_channel,uint16_t timer_ocmode)
{
 8021f90:	b480      	push	{r7}
 8021f92:	b083      	sub	sp, #12
 8021f94:	af00      	add	r7, sp, #0
 8021f96:	6078      	str	r0, [r7, #4]
 8021f98:	460b      	mov	r3, r1
 8021f9a:	807b      	strh	r3, [r7, #2]
 8021f9c:	4613      	mov	r3, r2
 8021f9e:	803b      	strh	r3, [r7, #0]
C:/Users/leonardo/Desktop/Code/Github/DawnBGC/Libraries/FWLIB/src/gd32f4xx_timer.c:896
    switch(timer_channel){
 8021fa0:	887b      	ldrh	r3, [r7, #2]
 8021fa2:	2b03      	cmp	r3, #3
 8021fa4:	d850      	bhi.n	8022048 <timer_channel_output_mode_config+0xb8>
 8021fa6:	a201      	add	r2, pc, #4	; (adr r2, 8021fac <timer_channel_output_mode_config+0x1c>)
 8021fa8:	f852 f023 	ldr.w	pc, [r2, r3, lsl #2]
 8021fac:	08021fbd 	.word	0x08021fbd
 8021fb0:	08021fdf 	.word	0x08021fdf
 8021fb4:	08022003 	.word	0x08022003
 8021fb8:	08022025 	.word	0x08022025
C:/Users/leonardo/Desktop/Code/Github/DawnBGC/Libraries/FWLIB/src/gd32f4xx_timer.c:899
    /* configure TIMER_CH_0 */
    case TIMER_CH_0:
        TIMER_CHCTL0(timer_periph) &= (~(uint32_t)TIMER_CHCTL0_CH0COMCTL);
 8021fbc:	687b      	ldr	r3, [r7, #4]
 8021fbe:	3318      	adds	r3, #24
 8021fc0:	681b      	ldr	r3, [r3, #0]
 8021fc2:	687a      	ldr	r2, [r7, #4]
 8021fc4:	3218      	adds	r2, #24
 8021fc6:	f023 0370 	bic.w	r3, r3, #112	; 0x70
 8021fca:	6013      	str	r3, [r2, #0]
C:/Users/leonardo/Desktop/Code/Github/DawnBGC/Libraries/FWLIB/src/gd32f4xx_timer.c:900
        TIMER_CHCTL0(timer_periph) |= (uint32_t)timer_ocmode;
 8021fcc:	687b      	ldr	r3, [r7, #4]
 8021fce:	3318      	adds	r3, #24
 8021fd0:	681a      	ldr	r2, [r3, #0]
 8021fd2:	883b      	ldrh	r3, [r7, #0]
 8021fd4:	6879      	ldr	r1, [r7, #4]
 8021fd6:	3118      	adds	r1, #24
 8021fd8:	4313      	orrs	r3, r2
 8021fda:	600b      	str	r3, [r1, #0]
C:/Users/leonardo/Desktop/Code/Github/DawnBGC/Libraries/FWLIB/src/gd32f4xx_timer.c:901
        break;
 8021fdc:	e035      	b.n	802204a <timer_channel_output_mode_config+0xba>
C:/Users/leonardo/Desktop/Code/Github/DawnBGC/Libraries/FWLIB/src/gd32f4xx_timer.c:904
    /* configure TIMER_CH_1 */
    case TIMER_CH_1:
        TIMER_CHCTL0(timer_periph) &= (~(uint32_t)TIMER_CHCTL0_CH1COMCTL);
 8021fde:	687b      	ldr	r3, [r7, #4]
 8021fe0:	3318      	adds	r3, #24
 8021fe2:	681b      	ldr	r3, [r3, #0]
 8021fe4:	687a      	ldr	r2, [r7, #4]
 8021fe6:	3218      	adds	r2, #24
 8021fe8:	f423 43e0 	bic.w	r3, r3, #28672	; 0x7000
 8021fec:	6013      	str	r3, [r2, #0]
C:/Users/leonardo/Desktop/Code/Github/DawnBGC/Libraries/FWLIB/src/gd32f4xx_timer.c:905
        TIMER_CHCTL0(timer_periph) |= (uint32_t)((uint32_t)(timer_ocmode)<< 8U);
 8021fee:	687b      	ldr	r3, [r7, #4]
 8021ff0:	3318      	adds	r3, #24
 8021ff2:	681a      	ldr	r2, [r3, #0]
 8021ff4:	883b      	ldrh	r3, [r7, #0]
 8021ff6:	021b      	lsls	r3, r3, #8
 8021ff8:	6879      	ldr	r1, [r7, #4]
 8021ffa:	3118      	adds	r1, #24
 8021ffc:	4313      	orrs	r3, r2
 8021ffe:	600b      	str	r3, [r1, #0]
C:/Users/leonardo/Desktop/Code/Github/DawnBGC/Libraries/FWLIB/src/gd32f4xx_timer.c:906
        break;
 8022000:	e023      	b.n	802204a <timer_channel_output_mode_config+0xba>
C:/Users/leonardo/Desktop/Code/Github/DawnBGC/Libraries/FWLIB/src/gd32f4xx_timer.c:909
    /* configure TIMER_CH_2 */
    case TIMER_CH_2:
        TIMER_CHCTL1(timer_periph) &= (~(uint32_t)TIMER_CHCTL1_CH2COMCTL);
 8022002:	687b      	ldr	r3, [r7, #4]
 8022004:	331c      	adds	r3, #28
 8022006:	681b      	ldr	r3, [r3, #0]
 8022008:	687a      	ldr	r2, [r7, #4]
 802200a:	321c      	adds	r2, #28
 802200c:	f023 0370 	bic.w	r3, r3, #112	; 0x70
 8022010:	6013      	str	r3, [r2, #0]
C:/Users/leonardo/Desktop/Code/Github/DawnBGC/Libraries/FWLIB/src/gd32f4xx_timer.c:910
        TIMER_CHCTL1(timer_periph) |= (uint32_t)timer_ocmode;
 8022012:	687b      	ldr	r3, [r7, #4]
 8022014:	331c      	adds	r3, #28
 8022016:	681a      	ldr	r2, [r3, #0]
 8022018:	883b      	ldrh	r3, [r7, #0]
 802201a:	6879      	ldr	r1, [r7, #4]
 802201c:	311c      	adds	r1, #28
 802201e:	4313      	orrs	r3, r2
 8022020:	600b      	str	r3, [r1, #0]
C:/Users/leonardo/Desktop/Code/Github/DawnBGC/Libraries/FWLIB/src/gd32f4xx_timer.c:911
        break;
 8022022:	e012      	b.n	802204a <timer_channel_output_mode_config+0xba>
C:/Users/leonardo/Desktop/Code/Github/DawnBGC/Libraries/FWLIB/src/gd32f4xx_timer.c:914
    /* configure TIMER_CH_3 */
    case TIMER_CH_3:
        TIMER_CHCTL1(timer_periph) &= (~(uint32_t)TIMER_CHCTL1_CH3COMCTL);
 8022024:	687b      	ldr	r3, [r7, #4]
 8022026:	331c      	adds	r3, #28
 8022028:	681b      	ldr	r3, [r3, #0]
 802202a:	687a      	ldr	r2, [r7, #4]
 802202c:	321c      	adds	r2, #28
 802202e:	f423 43e0 	bic.w	r3, r3, #28672	; 0x7000
 8022032:	6013      	str	r3, [r2, #0]
C:/Users/leonardo/Desktop/Code/Github/DawnBGC/Libraries/FWLIB/src/gd32f4xx_timer.c:915
        TIMER_CHCTL1(timer_periph) |= (uint32_t)((uint32_t)(timer_ocmode)<< 8U);
 8022034:	687b      	ldr	r3, [r7, #4]
 8022036:	331c      	adds	r3, #28
 8022038:	681a      	ldr	r2, [r3, #0]
 802203a:	883b      	ldrh	r3, [r7, #0]
 802203c:	021b      	lsls	r3, r3, #8
 802203e:	6879      	ldr	r1, [r7, #4]
 8022040:	311c      	adds	r1, #28
 8022042:	4313      	orrs	r3, r2
 8022044:	600b      	str	r3, [r1, #0]
C:/Users/leonardo/Desktop/Code/Github/DawnBGC/Libraries/FWLIB/src/gd32f4xx_timer.c:916
        break;
 8022046:	e000      	b.n	802204a <timer_channel_output_mode_config+0xba>
C:/Users/leonardo/Desktop/Code/Github/DawnBGC/Libraries/FWLIB/src/gd32f4xx_timer.c:918
    default:
        break;
 8022048:	bf00      	nop
C:/Users/leonardo/Desktop/Code/Github/DawnBGC/Libraries/FWLIB/src/gd32f4xx_timer.c:920
    }
}
 802204a:	bf00      	nop
 802204c:	370c      	adds	r7, #12
 802204e:	46bd      	mov	sp, r7
 8022050:	bc80      	pop	{r7}
 8022052:	4770      	bx	lr

08022054 <timer_channel_output_pulse_value_config>:
timer_channel_output_pulse_value_config():
C:/Users/leonardo/Desktop/Code/Github/DawnBGC/Libraries/FWLIB/src/gd32f4xx_timer.c:935
    \param[in]  timer_pluse: channel output pulse value
    \param[out] none
    \retval     none
*/
void timer_channel_output_pulse_value_config(uint32_t timer_periph,uint16_t timer_channel,uint32_t timer_pluse)
{
 8022054:	b480      	push	{r7}
 8022056:	b085      	sub	sp, #20
 8022058:	af00      	add	r7, sp, #0
 802205a:	60f8      	str	r0, [r7, #12]
 802205c:	460b      	mov	r3, r1
 802205e:	607a      	str	r2, [r7, #4]
 8022060:	817b      	strh	r3, [r7, #10]
C:/Users/leonardo/Desktop/Code/Github/DawnBGC/Libraries/FWLIB/src/gd32f4xx_timer.c:936
    switch(timer_channel){
 8022062:	897b      	ldrh	r3, [r7, #10]
 8022064:	2b03      	cmp	r3, #3
 8022066:	d823      	bhi.n	80220b0 <timer_channel_output_pulse_value_config+0x5c>
 8022068:	a201      	add	r2, pc, #4	; (adr r2, 8022070 <timer_channel_output_pulse_value_config+0x1c>)
 802206a:	f852 f023 	ldr.w	pc, [r2, r3, lsl #2]
 802206e:	bf00      	nop
 8022070:	08022081 	.word	0x08022081
 8022074:	0802208d 	.word	0x0802208d
 8022078:	08022099 	.word	0x08022099
 802207c:	080220a5 	.word	0x080220a5
C:/Users/leonardo/Desktop/Code/Github/DawnBGC/Libraries/FWLIB/src/gd32f4xx_timer.c:938
    case TIMER_CH_0:
        TIMER_CH0CV(timer_periph) = (uint32_t)timer_pluse;
 8022080:	68fb      	ldr	r3, [r7, #12]
 8022082:	3334      	adds	r3, #52	; 0x34
 8022084:	461a      	mov	r2, r3
 8022086:	687b      	ldr	r3, [r7, #4]
 8022088:	6013      	str	r3, [r2, #0]
C:/Users/leonardo/Desktop/Code/Github/DawnBGC/Libraries/FWLIB/src/gd32f4xx_timer.c:939
        break;
 802208a:	e012      	b.n	80220b2 <timer_channel_output_pulse_value_config+0x5e>
C:/Users/leonardo/Desktop/Code/Github/DawnBGC/Libraries/FWLIB/src/gd32f4xx_timer.c:941
    case TIMER_CH_1:
        TIMER_CH1CV(timer_periph) = (uint32_t)timer_pluse;
 802208c:	68fb      	ldr	r3, [r7, #12]
 802208e:	3338      	adds	r3, #56	; 0x38
 8022090:	461a      	mov	r2, r3
 8022092:	687b      	ldr	r3, [r7, #4]
 8022094:	6013      	str	r3, [r2, #0]
C:/Users/leonardo/Desktop/Code/Github/DawnBGC/Libraries/FWLIB/src/gd32f4xx_timer.c:942
        break;
 8022096:	e00c      	b.n	80220b2 <timer_channel_output_pulse_value_config+0x5e>
C:/Users/leonardo/Desktop/Code/Github/DawnBGC/Libraries/FWLIB/src/gd32f4xx_timer.c:944
    case TIMER_CH_2:
        TIMER_CH2CV(timer_periph) = (uint32_t)timer_pluse;
 8022098:	68fb      	ldr	r3, [r7, #12]
 802209a:	333c      	adds	r3, #60	; 0x3c
 802209c:	461a      	mov	r2, r3
 802209e:	687b      	ldr	r3, [r7, #4]
 80220a0:	6013      	str	r3, [r2, #0]
C:/Users/leonardo/Desktop/Code/Github/DawnBGC/Libraries/FWLIB/src/gd32f4xx_timer.c:945
        break;
 80220a2:	e006      	b.n	80220b2 <timer_channel_output_pulse_value_config+0x5e>
C:/Users/leonardo/Desktop/Code/Github/DawnBGC/Libraries/FWLIB/src/gd32f4xx_timer.c:947
    case TIMER_CH_3:
         TIMER_CH3CV(timer_periph) = (uint32_t)timer_pluse;
 80220a4:	68fb      	ldr	r3, [r7, #12]
 80220a6:	3340      	adds	r3, #64	; 0x40
 80220a8:	461a      	mov	r2, r3
 80220aa:	687b      	ldr	r3, [r7, #4]
 80220ac:	6013      	str	r3, [r2, #0]
C:/Users/leonardo/Desktop/Code/Github/DawnBGC/Libraries/FWLIB/src/gd32f4xx_timer.c:948
        break;
 80220ae:	e000      	b.n	80220b2 <timer_channel_output_pulse_value_config+0x5e>
C:/Users/leonardo/Desktop/Code/Github/DawnBGC/Libraries/FWLIB/src/gd32f4xx_timer.c:950
    default:
        break;
 80220b0:	bf00      	nop
C:/Users/leonardo/Desktop/Code/Github/DawnBGC/Libraries/FWLIB/src/gd32f4xx_timer.c:952
    }
}
 80220b2:	bf00      	nop
 80220b4:	3714      	adds	r7, #20
 80220b6:	46bd      	mov	sp, r7
 80220b8:	bc80      	pop	{r7}
 80220ba:	4770      	bx	lr

080220bc <timer_channel_output_shadow_config>:
timer_channel_output_shadow_config():
C:/Users/leonardo/Desktop/Code/Github/DawnBGC/Libraries/FWLIB/src/gd32f4xx_timer.c:969
      \arg        TIMER_OC_SHADOW_DISABLE: channel output shadow state disable
    \param[out] none
    \retval     none
*/
void timer_channel_output_shadow_config(uint32_t timer_periph,uint16_t timer_channel,uint16_t timer_ocshadow)
{
 80220bc:	b480      	push	{r7}
 80220be:	b083      	sub	sp, #12
 80220c0:	af00      	add	r7, sp, #0
 80220c2:	6078      	str	r0, [r7, #4]
 80220c4:	460b      	mov	r3, r1
 80220c6:	807b      	strh	r3, [r7, #2]
 80220c8:	4613      	mov	r3, r2
 80220ca:	803b      	strh	r3, [r7, #0]
C:/Users/leonardo/Desktop/Code/Github/DawnBGC/Libraries/FWLIB/src/gd32f4xx_timer.c:970
    switch(timer_channel){
 80220cc:	887b      	ldrh	r3, [r7, #2]
 80220ce:	2b03      	cmp	r3, #3
 80220d0:	d850      	bhi.n	8022174 <timer_channel_output_shadow_config+0xb8>
 80220d2:	a201      	add	r2, pc, #4	; (adr r2, 80220d8 <timer_channel_output_shadow_config+0x1c>)
 80220d4:	f852 f023 	ldr.w	pc, [r2, r3, lsl #2]
 80220d8:	080220e9 	.word	0x080220e9
 80220dc:	0802210b 	.word	0x0802210b
 80220e0:	0802212f 	.word	0x0802212f
 80220e4:	08022151 	.word	0x08022151
C:/Users/leonardo/Desktop/Code/Github/DawnBGC/Libraries/FWLIB/src/gd32f4xx_timer.c:973
    /* configure TIMER_CH_0 */
    case TIMER_CH_0:
        TIMER_CHCTL0(timer_periph) &= (~(uint32_t)TIMER_CHCTL0_CH0COMSEN);
 80220e8:	687b      	ldr	r3, [r7, #4]
 80220ea:	3318      	adds	r3, #24
 80220ec:	681b      	ldr	r3, [r3, #0]
 80220ee:	687a      	ldr	r2, [r7, #4]
 80220f0:	3218      	adds	r2, #24
 80220f2:	f023 0308 	bic.w	r3, r3, #8
 80220f6:	6013      	str	r3, [r2, #0]
C:/Users/leonardo/Desktop/Code/Github/DawnBGC/Libraries/FWLIB/src/gd32f4xx_timer.c:974
        TIMER_CHCTL0(timer_periph) |= (uint32_t)timer_ocshadow;
 80220f8:	687b      	ldr	r3, [r7, #4]
 80220fa:	3318      	adds	r3, #24
 80220fc:	681a      	ldr	r2, [r3, #0]
 80220fe:	883b      	ldrh	r3, [r7, #0]
 8022100:	6879      	ldr	r1, [r7, #4]
 8022102:	3118      	adds	r1, #24
 8022104:	4313      	orrs	r3, r2
 8022106:	600b      	str	r3, [r1, #0]
C:/Users/leonardo/Desktop/Code/Github/DawnBGC/Libraries/FWLIB/src/gd32f4xx_timer.c:975
        break;
 8022108:	e035      	b.n	8022176 <timer_channel_output_shadow_config+0xba>
C:/Users/leonardo/Desktop/Code/Github/DawnBGC/Libraries/FWLIB/src/gd32f4xx_timer.c:978
    /* configure TIMER_CH_1 */
    case TIMER_CH_1:
        TIMER_CHCTL0(timer_periph) &= (~(uint32_t)TIMER_CHCTL0_CH1COMSEN);
 802210a:	687b      	ldr	r3, [r7, #4]
 802210c:	3318      	adds	r3, #24
 802210e:	681b      	ldr	r3, [r3, #0]
 8022110:	687a      	ldr	r2, [r7, #4]
 8022112:	3218      	adds	r2, #24
 8022114:	f423 6300 	bic.w	r3, r3, #2048	; 0x800
 8022118:	6013      	str	r3, [r2, #0]
C:/Users/leonardo/Desktop/Code/Github/DawnBGC/Libraries/FWLIB/src/gd32f4xx_timer.c:979
        TIMER_CHCTL0(timer_periph) |= (uint32_t)((uint32_t)(timer_ocshadow) << 8U);
 802211a:	687b      	ldr	r3, [r7, #4]
 802211c:	3318      	adds	r3, #24
 802211e:	681a      	ldr	r2, [r3, #0]
 8022120:	883b      	ldrh	r3, [r7, #0]
 8022122:	021b      	lsls	r3, r3, #8
 8022124:	6879      	ldr	r1, [r7, #4]
 8022126:	3118      	adds	r1, #24
 8022128:	4313      	orrs	r3, r2
 802212a:	600b      	str	r3, [r1, #0]
C:/Users/leonardo/Desktop/Code/Github/DawnBGC/Libraries/FWLIB/src/gd32f4xx_timer.c:980
        break;
 802212c:	e023      	b.n	8022176 <timer_channel_output_shadow_config+0xba>
C:/Users/leonardo/Desktop/Code/Github/DawnBGC/Libraries/FWLIB/src/gd32f4xx_timer.c:983
    /* configure TIMER_CH_2 */
    case TIMER_CH_2:
        TIMER_CHCTL1(timer_periph) &= (~(uint32_t)TIMER_CHCTL1_CH2COMSEN);
 802212e:	687b      	ldr	r3, [r7, #4]
 8022130:	331c      	adds	r3, #28
 8022132:	681b      	ldr	r3, [r3, #0]
 8022134:	687a      	ldr	r2, [r7, #4]
 8022136:	321c      	adds	r2, #28
 8022138:	f023 0308 	bic.w	r3, r3, #8
 802213c:	6013      	str	r3, [r2, #0]
C:/Users/leonardo/Desktop/Code/Github/DawnBGC/Libraries/FWLIB/src/gd32f4xx_timer.c:984
        TIMER_CHCTL1(timer_periph) |= (uint32_t)timer_ocshadow;
 802213e:	687b      	ldr	r3, [r7, #4]
 8022140:	331c      	adds	r3, #28
 8022142:	681a      	ldr	r2, [r3, #0]
 8022144:	883b      	ldrh	r3, [r7, #0]
 8022146:	6879      	ldr	r1, [r7, #4]
 8022148:	311c      	adds	r1, #28
 802214a:	4313      	orrs	r3, r2
 802214c:	600b      	str	r3, [r1, #0]
C:/Users/leonardo/Desktop/Code/Github/DawnBGC/Libraries/FWLIB/src/gd32f4xx_timer.c:985
        break;
 802214e:	e012      	b.n	8022176 <timer_channel_output_shadow_config+0xba>
C:/Users/leonardo/Desktop/Code/Github/DawnBGC/Libraries/FWLIB/src/gd32f4xx_timer.c:988
    /* configure TIMER_CH_3 */
    case TIMER_CH_3:
        TIMER_CHCTL1(timer_periph) &= (~(uint32_t)TIMER_CHCTL1_CH3COMSEN);
 8022150:	687b      	ldr	r3, [r7, #4]
 8022152:	331c      	adds	r3, #28
 8022154:	681b      	ldr	r3, [r3, #0]
 8022156:	687a      	ldr	r2, [r7, #4]
 8022158:	321c      	adds	r2, #28
 802215a:	f423 6300 	bic.w	r3, r3, #2048	; 0x800
 802215e:	6013      	str	r3, [r2, #0]
C:/Users/leonardo/Desktop/Code/Github/DawnBGC/Libraries/FWLIB/src/gd32f4xx_timer.c:989
        TIMER_CHCTL1(timer_periph) |= (uint32_t)((uint32_t)(timer_ocshadow) << 8U);
 8022160:	687b      	ldr	r3, [r7, #4]
 8022162:	331c      	adds	r3, #28
 8022164:	681a      	ldr	r2, [r3, #0]
 8022166:	883b      	ldrh	r3, [r7, #0]
 8022168:	021b      	lsls	r3, r3, #8
 802216a:	6879      	ldr	r1, [r7, #4]
 802216c:	311c      	adds	r1, #28
 802216e:	4313      	orrs	r3, r2
 8022170:	600b      	str	r3, [r1, #0]
C:/Users/leonardo/Desktop/Code/Github/DawnBGC/Libraries/FWLIB/src/gd32f4xx_timer.c:990
        break;
 8022172:	e000      	b.n	8022176 <timer_channel_output_shadow_config+0xba>
C:/Users/leonardo/Desktop/Code/Github/DawnBGC/Libraries/FWLIB/src/gd32f4xx_timer.c:992
    default:
        break;
 8022174:	bf00      	nop
C:/Users/leonardo/Desktop/Code/Github/DawnBGC/Libraries/FWLIB/src/gd32f4xx_timer.c:994
    }
}
 8022176:	bf00      	nop
 8022178:	370c      	adds	r7, #12
 802217a:	46bd      	mov	sp, r7
 802217c:	bc80      	pop	{r7}
 802217e:	4770      	bx	lr

08022180 <timer_channel_output_state_config>:
timer_channel_output_state_config():
C:/Users/leonardo/Desktop/Code/Github/DawnBGC/Libraries/FWLIB/src/gd32f4xx_timer.c:1173
      \arg        TIMER_CCX_DISABLE: channel disable 
    \param[out] none
    \retval     none
*/
void timer_channel_output_state_config(uint32_t timer_periph,uint16_t timer_channel,uint32_t timer_state)
{
 8022180:	b480      	push	{r7}
 8022182:	b085      	sub	sp, #20
 8022184:	af00      	add	r7, sp, #0
 8022186:	60f8      	str	r0, [r7, #12]
 8022188:	460b      	mov	r3, r1
 802218a:	607a      	str	r2, [r7, #4]
 802218c:	817b      	strh	r3, [r7, #10]
C:/Users/leonardo/Desktop/Code/Github/DawnBGC/Libraries/FWLIB/src/gd32f4xx_timer.c:1174
    switch(timer_channel){
 802218e:	897b      	ldrh	r3, [r7, #10]
 8022190:	2b03      	cmp	r3, #3
 8022192:	d853      	bhi.n	802223c <timer_channel_output_state_config+0xbc>
 8022194:	a201      	add	r2, pc, #4	; (adr r2, 802219c <timer_channel_output_state_config+0x1c>)
 8022196:	f852 f023 	ldr.w	pc, [r2, r3, lsl #2]
 802219a:	bf00      	nop
 802219c:	080221ad 	.word	0x080221ad
 80221a0:	080221d1 	.word	0x080221d1
 80221a4:	080221f5 	.word	0x080221f5
 80221a8:	08022219 	.word	0x08022219
C:/Users/leonardo/Desktop/Code/Github/DawnBGC/Libraries/FWLIB/src/gd32f4xx_timer.c:1177
    /* configure TIMER_CH_0 */
    case TIMER_CH_0:
        TIMER_CHCTL2(timer_periph) &= (~(uint32_t)TIMER_CHCTL2_CH0EN);
 80221ac:	68fb      	ldr	r3, [r7, #12]
 80221ae:	3320      	adds	r3, #32
 80221b0:	681b      	ldr	r3, [r3, #0]
 80221b2:	68fa      	ldr	r2, [r7, #12]
 80221b4:	3220      	adds	r2, #32
 80221b6:	f023 0301 	bic.w	r3, r3, #1
 80221ba:	6013      	str	r3, [r2, #0]
C:/Users/leonardo/Desktop/Code/Github/DawnBGC/Libraries/FWLIB/src/gd32f4xx_timer.c:1178
        TIMER_CHCTL2(timer_periph) |= (uint32_t)timer_state;
 80221bc:	68fb      	ldr	r3, [r7, #12]
 80221be:	3320      	adds	r3, #32
 80221c0:	681a      	ldr	r2, [r3, #0]
 80221c2:	68fb      	ldr	r3, [r7, #12]
 80221c4:	3320      	adds	r3, #32
 80221c6:	4619      	mov	r1, r3
 80221c8:	687b      	ldr	r3, [r7, #4]
 80221ca:	4313      	orrs	r3, r2
 80221cc:	600b      	str	r3, [r1, #0]
C:/Users/leonardo/Desktop/Code/Github/DawnBGC/Libraries/FWLIB/src/gd32f4xx_timer.c:1179
        break;
 80221ce:	e036      	b.n	802223e <timer_channel_output_state_config+0xbe>
C:/Users/leonardo/Desktop/Code/Github/DawnBGC/Libraries/FWLIB/src/gd32f4xx_timer.c:1182
    /* configure TIMER_CH_1 */
    case TIMER_CH_1:
        TIMER_CHCTL2(timer_periph) &= (~(uint32_t)TIMER_CHCTL2_CH1EN);
 80221d0:	68fb      	ldr	r3, [r7, #12]
 80221d2:	3320      	adds	r3, #32
 80221d4:	681b      	ldr	r3, [r3, #0]
 80221d6:	68fa      	ldr	r2, [r7, #12]
 80221d8:	3220      	adds	r2, #32
 80221da:	f023 0310 	bic.w	r3, r3, #16
 80221de:	6013      	str	r3, [r2, #0]
C:/Users/leonardo/Desktop/Code/Github/DawnBGC/Libraries/FWLIB/src/gd32f4xx_timer.c:1183
        TIMER_CHCTL2(timer_periph) |= (uint32_t)((uint32_t)timer_state << 4U);
 80221e0:	68fb      	ldr	r3, [r7, #12]
 80221e2:	3320      	adds	r3, #32
 80221e4:	681a      	ldr	r2, [r3, #0]
 80221e6:	687b      	ldr	r3, [r7, #4]
 80221e8:	011b      	lsls	r3, r3, #4
 80221ea:	68f9      	ldr	r1, [r7, #12]
 80221ec:	3120      	adds	r1, #32
 80221ee:	4313      	orrs	r3, r2
 80221f0:	600b      	str	r3, [r1, #0]
C:/Users/leonardo/Desktop/Code/Github/DawnBGC/Libraries/FWLIB/src/gd32f4xx_timer.c:1184
        break;
 80221f2:	e024      	b.n	802223e <timer_channel_output_state_config+0xbe>
C:/Users/leonardo/Desktop/Code/Github/DawnBGC/Libraries/FWLIB/src/gd32f4xx_timer.c:1187
    /* configure TIMER_CH_2 */
    case TIMER_CH_2:
        TIMER_CHCTL2(timer_periph) &= (~(uint32_t)TIMER_CHCTL2_CH2EN);
 80221f4:	68fb      	ldr	r3, [r7, #12]
 80221f6:	3320      	adds	r3, #32
 80221f8:	681b      	ldr	r3, [r3, #0]
 80221fa:	68fa      	ldr	r2, [r7, #12]
 80221fc:	3220      	adds	r2, #32
 80221fe:	f423 7380 	bic.w	r3, r3, #256	; 0x100
 8022202:	6013      	str	r3, [r2, #0]
C:/Users/leonardo/Desktop/Code/Github/DawnBGC/Libraries/FWLIB/src/gd32f4xx_timer.c:1188
        TIMER_CHCTL2(timer_periph) |= (uint32_t)((uint32_t)timer_state << 8U);
 8022204:	68fb      	ldr	r3, [r7, #12]
 8022206:	3320      	adds	r3, #32
 8022208:	681a      	ldr	r2, [r3, #0]
 802220a:	687b      	ldr	r3, [r7, #4]
 802220c:	021b      	lsls	r3, r3, #8
 802220e:	68f9      	ldr	r1, [r7, #12]
 8022210:	3120      	adds	r1, #32
 8022212:	4313      	orrs	r3, r2
 8022214:	600b      	str	r3, [r1, #0]
C:/Users/leonardo/Desktop/Code/Github/DawnBGC/Libraries/FWLIB/src/gd32f4xx_timer.c:1189
        break;
 8022216:	e012      	b.n	802223e <timer_channel_output_state_config+0xbe>
C:/Users/leonardo/Desktop/Code/Github/DawnBGC/Libraries/FWLIB/src/gd32f4xx_timer.c:1192
    /* configure TIMER_CH_3 */
    case TIMER_CH_3:
        TIMER_CHCTL2(timer_periph) &= (~(uint32_t)TIMER_CHCTL2_CH3EN);
 8022218:	68fb      	ldr	r3, [r7, #12]
 802221a:	3320      	adds	r3, #32
 802221c:	681b      	ldr	r3, [r3, #0]
 802221e:	68fa      	ldr	r2, [r7, #12]
 8022220:	3220      	adds	r2, #32
 8022222:	f423 5380 	bic.w	r3, r3, #4096	; 0x1000
 8022226:	6013      	str	r3, [r2, #0]
C:/Users/leonardo/Desktop/Code/Github/DawnBGC/Libraries/FWLIB/src/gd32f4xx_timer.c:1193
        TIMER_CHCTL2(timer_periph) |= (uint32_t)((uint32_t)timer_state << 12U);
 8022228:	68fb      	ldr	r3, [r7, #12]
 802222a:	3320      	adds	r3, #32
 802222c:	681a      	ldr	r2, [r3, #0]
 802222e:	687b      	ldr	r3, [r7, #4]
 8022230:	031b      	lsls	r3, r3, #12
 8022232:	68f9      	ldr	r1, [r7, #12]
 8022234:	3120      	adds	r1, #32
 8022236:	4313      	orrs	r3, r2
 8022238:	600b      	str	r3, [r1, #0]
C:/Users/leonardo/Desktop/Code/Github/DawnBGC/Libraries/FWLIB/src/gd32f4xx_timer.c:1194
        break;
 802223a:	e000      	b.n	802223e <timer_channel_output_state_config+0xbe>
C:/Users/leonardo/Desktop/Code/Github/DawnBGC/Libraries/FWLIB/src/gd32f4xx_timer.c:1196
    default:
        break;
 802223c:	bf00      	nop
C:/Users/leonardo/Desktop/Code/Github/DawnBGC/Libraries/FWLIB/src/gd32f4xx_timer.c:1198
    }
}
 802223e:	bf00      	nop
 8022240:	3714      	adds	r7, #20
 8022242:	46bd      	mov	sp, r7
 8022244:	bc80      	pop	{r7}
 8022246:	4770      	bx	lr

08022248 <syscfg_exti_line_config>:
syscfg_exti_line_config():
C:/Users/leonardo/Desktop/Code/Github/DawnBGC/Libraries/FWLIB/src/gd32f4xx_syscfg.c:89
      \arg        EXTI_SOURCE_PINx(x = 0..15): EXTI GPIO pin
    \param[out] none
    \retval     none
*/
void syscfg_exti_line_config(uint8_t exti_port, uint8_t exti_pin)
{
 8022248:	b480      	push	{r7}
 802224a:	b085      	sub	sp, #20
 802224c:	af00      	add	r7, sp, #0
 802224e:	4603      	mov	r3, r0
 8022250:	460a      	mov	r2, r1
 8022252:	71fb      	strb	r3, [r7, #7]
 8022254:	4613      	mov	r3, r2
 8022256:	71bb      	strb	r3, [r7, #6]
C:/Users/leonardo/Desktop/Code/Github/DawnBGC/Libraries/FWLIB/src/gd32f4xx_syscfg.c:90
    uint32_t clear_exti_mask = ~((uint32_t)EXTI_SS_MASK << (EXTI_SS_MSTEP(exti_pin)));
 8022258:	79bb      	ldrb	r3, [r7, #6]
 802225a:	f003 0303 	and.w	r3, r3, #3
 802225e:	009b      	lsls	r3, r3, #2
 8022260:	220f      	movs	r2, #15
 8022262:	fa02 f303 	lsl.w	r3, r2, r3
 8022266:	43db      	mvns	r3, r3
 8022268:	60fb      	str	r3, [r7, #12]
C:/Users/leonardo/Desktop/Code/Github/DawnBGC/Libraries/FWLIB/src/gd32f4xx_syscfg.c:91
    uint32_t config_exti_mask = ((uint32_t)exti_port) << (EXTI_SS_MSTEP(exti_pin));
 802226a:	79fa      	ldrb	r2, [r7, #7]
 802226c:	79bb      	ldrb	r3, [r7, #6]
 802226e:	f003 0303 	and.w	r3, r3, #3
 8022272:	009b      	lsls	r3, r3, #2
 8022274:	fa02 f303 	lsl.w	r3, r2, r3
 8022278:	60bb      	str	r3, [r7, #8]
C:/Users/leonardo/Desktop/Code/Github/DawnBGC/Libraries/FWLIB/src/gd32f4xx_syscfg.c:93

    switch(exti_pin/EXTI_SS_JSTEP){
 802227a:	79bb      	ldrb	r3, [r7, #6]
 802227c:	089b      	lsrs	r3, r3, #2
 802227e:	b2db      	uxtb	r3, r3
 8022280:	2b03      	cmp	r3, #3
 8022282:	d83f      	bhi.n	8022304 <syscfg_exti_line_config+0xbc>
 8022284:	a201      	add	r2, pc, #4	; (adr r2, 802228c <syscfg_exti_line_config+0x44>)
 8022286:	f852 f023 	ldr.w	pc, [r2, r3, lsl #2]
 802228a:	bf00      	nop
 802228c:	0802229d 	.word	0x0802229d
 8022290:	080222b7 	.word	0x080222b7
 8022294:	080222d1 	.word	0x080222d1
 8022298:	080222eb 	.word	0x080222eb
C:/Users/leonardo/Desktop/Code/Github/DawnBGC/Libraries/FWLIB/src/gd32f4xx_syscfg.c:96
    case EXTISS0:
        /* clear EXTI source line(0..3) */
        SYSCFG_EXTISS0 &= clear_exti_mask;
 802229c:	4b1c      	ldr	r3, [pc, #112]	; (8022310 <syscfg_exti_line_config+0xc8>)
 802229e:	681a      	ldr	r2, [r3, #0]
 80222a0:	491b      	ldr	r1, [pc, #108]	; (8022310 <syscfg_exti_line_config+0xc8>)
 80222a2:	68fb      	ldr	r3, [r7, #12]
 80222a4:	4013      	ands	r3, r2
 80222a6:	600b      	str	r3, [r1, #0]
C:/Users/leonardo/Desktop/Code/Github/DawnBGC/Libraries/FWLIB/src/gd32f4xx_syscfg.c:98
        /* configure EXTI soure line(0..3) */
        SYSCFG_EXTISS0 |= config_exti_mask;
 80222a8:	4b19      	ldr	r3, [pc, #100]	; (8022310 <syscfg_exti_line_config+0xc8>)
 80222aa:	681a      	ldr	r2, [r3, #0]
 80222ac:	4918      	ldr	r1, [pc, #96]	; (8022310 <syscfg_exti_line_config+0xc8>)
 80222ae:	68bb      	ldr	r3, [r7, #8]
 80222b0:	4313      	orrs	r3, r2
 80222b2:	600b      	str	r3, [r1, #0]
C:/Users/leonardo/Desktop/Code/Github/DawnBGC/Libraries/FWLIB/src/gd32f4xx_syscfg.c:99
        break;
 80222b4:	e027      	b.n	8022306 <syscfg_exti_line_config+0xbe>
C:/Users/leonardo/Desktop/Code/Github/DawnBGC/Libraries/FWLIB/src/gd32f4xx_syscfg.c:102
    case EXTISS1:
        /* clear EXTI soure line(4..7) */
        SYSCFG_EXTISS1 &= clear_exti_mask;
 80222b6:	4b17      	ldr	r3, [pc, #92]	; (8022314 <syscfg_exti_line_config+0xcc>)
 80222b8:	681a      	ldr	r2, [r3, #0]
 80222ba:	4916      	ldr	r1, [pc, #88]	; (8022314 <syscfg_exti_line_config+0xcc>)
 80222bc:	68fb      	ldr	r3, [r7, #12]
 80222be:	4013      	ands	r3, r2
 80222c0:	600b      	str	r3, [r1, #0]
C:/Users/leonardo/Desktop/Code/Github/DawnBGC/Libraries/FWLIB/src/gd32f4xx_syscfg.c:104
        /* configure EXTI soure line(4..7) */
        SYSCFG_EXTISS1 |= config_exti_mask;
 80222c2:	4b14      	ldr	r3, [pc, #80]	; (8022314 <syscfg_exti_line_config+0xcc>)
 80222c4:	681a      	ldr	r2, [r3, #0]
 80222c6:	4913      	ldr	r1, [pc, #76]	; (8022314 <syscfg_exti_line_config+0xcc>)
 80222c8:	68bb      	ldr	r3, [r7, #8]
 80222ca:	4313      	orrs	r3, r2
 80222cc:	600b      	str	r3, [r1, #0]
C:/Users/leonardo/Desktop/Code/Github/DawnBGC/Libraries/FWLIB/src/gd32f4xx_syscfg.c:105
        break;
 80222ce:	e01a      	b.n	8022306 <syscfg_exti_line_config+0xbe>
C:/Users/leonardo/Desktop/Code/Github/DawnBGC/Libraries/FWLIB/src/gd32f4xx_syscfg.c:108
    case EXTISS2:
        /* clear EXTI soure line(8..11) */
        SYSCFG_EXTISS2 &= clear_exti_mask;
 80222d0:	4b11      	ldr	r3, [pc, #68]	; (8022318 <syscfg_exti_line_config+0xd0>)
 80222d2:	681a      	ldr	r2, [r3, #0]
 80222d4:	4910      	ldr	r1, [pc, #64]	; (8022318 <syscfg_exti_line_config+0xd0>)
 80222d6:	68fb      	ldr	r3, [r7, #12]
 80222d8:	4013      	ands	r3, r2
 80222da:	600b      	str	r3, [r1, #0]
C:/Users/leonardo/Desktop/Code/Github/DawnBGC/Libraries/FWLIB/src/gd32f4xx_syscfg.c:110
        /* configure EXTI soure line(8..11) */
        SYSCFG_EXTISS2 |= config_exti_mask;
 80222dc:	4b0e      	ldr	r3, [pc, #56]	; (8022318 <syscfg_exti_line_config+0xd0>)
 80222de:	681a      	ldr	r2, [r3, #0]
 80222e0:	490d      	ldr	r1, [pc, #52]	; (8022318 <syscfg_exti_line_config+0xd0>)
 80222e2:	68bb      	ldr	r3, [r7, #8]
 80222e4:	4313      	orrs	r3, r2
 80222e6:	600b      	str	r3, [r1, #0]
C:/Users/leonardo/Desktop/Code/Github/DawnBGC/Libraries/FWLIB/src/gd32f4xx_syscfg.c:111
        break;
 80222e8:	e00d      	b.n	8022306 <syscfg_exti_line_config+0xbe>
C:/Users/leonardo/Desktop/Code/Github/DawnBGC/Libraries/FWLIB/src/gd32f4xx_syscfg.c:114
    case EXTISS3:
        /* clear EXTI soure line(12..15) */
        SYSCFG_EXTISS3 &= clear_exti_mask;
 80222ea:	4b0c      	ldr	r3, [pc, #48]	; (802231c <syscfg_exti_line_config+0xd4>)
 80222ec:	681a      	ldr	r2, [r3, #0]
 80222ee:	490b      	ldr	r1, [pc, #44]	; (802231c <syscfg_exti_line_config+0xd4>)
 80222f0:	68fb      	ldr	r3, [r7, #12]
 80222f2:	4013      	ands	r3, r2
 80222f4:	600b      	str	r3, [r1, #0]
C:/Users/leonardo/Desktop/Code/Github/DawnBGC/Libraries/FWLIB/src/gd32f4xx_syscfg.c:116
        /* configure EXTI soure line(12..15) */
        SYSCFG_EXTISS3 |= config_exti_mask;
 80222f6:	4b09      	ldr	r3, [pc, #36]	; (802231c <syscfg_exti_line_config+0xd4>)
 80222f8:	681a      	ldr	r2, [r3, #0]
 80222fa:	4908      	ldr	r1, [pc, #32]	; (802231c <syscfg_exti_line_config+0xd4>)
 80222fc:	68bb      	ldr	r3, [r7, #8]
 80222fe:	4313      	orrs	r3, r2
 8022300:	600b      	str	r3, [r1, #0]
C:/Users/leonardo/Desktop/Code/Github/DawnBGC/Libraries/FWLIB/src/gd32f4xx_syscfg.c:117
        break;
 8022302:	e000      	b.n	8022306 <syscfg_exti_line_config+0xbe>
C:/Users/leonardo/Desktop/Code/Github/DawnBGC/Libraries/FWLIB/src/gd32f4xx_syscfg.c:119
    default:
        break;
 8022304:	bf00      	nop
C:/Users/leonardo/Desktop/Code/Github/DawnBGC/Libraries/FWLIB/src/gd32f4xx_syscfg.c:121
    }
}
 8022306:	bf00      	nop
 8022308:	3714      	adds	r7, #20
 802230a:	46bd      	mov	sp, r7
 802230c:	bc80      	pop	{r7}
 802230e:	4770      	bx	lr
 8022310:	40013808 	.word	0x40013808
 8022314:	4001380c 	.word	0x4001380c
 8022318:	40013810 	.word	0x40013810
 802231c:	40013814 	.word	0x40013814

08022320 <spi_init>:
spi_init():
C:/Users/leonardo/Desktop/Code/Github/DawnBGC/Libraries/FWLIB/src/gd32f4xx_spi.c:81
                  prescale: SPI_PSC_n (n=2,4,8,16,32,64,128,256)
    \param[out] none
    \retval     none
*/
void spi_init(uint32_t spi_periph, spi_parameter_struct* spi_struct)
{   
 8022320:	b480      	push	{r7}
 8022322:	b085      	sub	sp, #20
 8022324:	af00      	add	r7, sp, #0
 8022326:	6078      	str	r0, [r7, #4]
 8022328:	6039      	str	r1, [r7, #0]
C:/Users/leonardo/Desktop/Code/Github/DawnBGC/Libraries/FWLIB/src/gd32f4xx_spi.c:82
    uint32_t reg = 0U;
 802232a:	2300      	movs	r3, #0
 802232c:	60fb      	str	r3, [r7, #12]
C:/Users/leonardo/Desktop/Code/Github/DawnBGC/Libraries/FWLIB/src/gd32f4xx_spi.c:83
    reg = SPI_CTL0(spi_periph);
 802232e:	687b      	ldr	r3, [r7, #4]
 8022330:	681b      	ldr	r3, [r3, #0]
 8022332:	60fb      	str	r3, [r7, #12]
C:/Users/leonardo/Desktop/Code/Github/DawnBGC/Libraries/FWLIB/src/gd32f4xx_spi.c:84
    reg &= SPI_INIT_MASK;
 8022334:	68fb      	ldr	r3, [r7, #12]
 8022336:	f403 5341 	and.w	r3, r3, #12352	; 0x3040
 802233a:	60fb      	str	r3, [r7, #12]
C:/Users/leonardo/Desktop/Code/Github/DawnBGC/Libraries/FWLIB/src/gd32f4xx_spi.c:87

    /* select SPI as master or slave */
    reg |= spi_struct->device_mode;
 802233c:	683b      	ldr	r3, [r7, #0]
 802233e:	681b      	ldr	r3, [r3, #0]
 8022340:	68fa      	ldr	r2, [r7, #12]
 8022342:	4313      	orrs	r3, r2
 8022344:	60fb      	str	r3, [r7, #12]
C:/Users/leonardo/Desktop/Code/Github/DawnBGC/Libraries/FWLIB/src/gd32f4xx_spi.c:89
    /* select SPI transfer mode */
    reg |= spi_struct->trans_mode;
 8022346:	683b      	ldr	r3, [r7, #0]
 8022348:	685b      	ldr	r3, [r3, #4]
 802234a:	68fa      	ldr	r2, [r7, #12]
 802234c:	4313      	orrs	r3, r2
 802234e:	60fb      	str	r3, [r7, #12]
C:/Users/leonardo/Desktop/Code/Github/DawnBGC/Libraries/FWLIB/src/gd32f4xx_spi.c:91
    /* select SPI frame size */
    reg |= spi_struct->frame_size;
 8022350:	683b      	ldr	r3, [r7, #0]
 8022352:	689b      	ldr	r3, [r3, #8]
 8022354:	68fa      	ldr	r2, [r7, #12]
 8022356:	4313      	orrs	r3, r2
 8022358:	60fb      	str	r3, [r7, #12]
C:/Users/leonardo/Desktop/Code/Github/DawnBGC/Libraries/FWLIB/src/gd32f4xx_spi.c:93
    /* select SPI nss use hardware or software */
    reg |= spi_struct->nss;
 802235a:	683b      	ldr	r3, [r7, #0]
 802235c:	68db      	ldr	r3, [r3, #12]
 802235e:	68fa      	ldr	r2, [r7, #12]
 8022360:	4313      	orrs	r3, r2
 8022362:	60fb      	str	r3, [r7, #12]
C:/Users/leonardo/Desktop/Code/Github/DawnBGC/Libraries/FWLIB/src/gd32f4xx_spi.c:95
    /* select SPI LSB or MSB */
    reg |= spi_struct->endian;
 8022364:	683b      	ldr	r3, [r7, #0]
 8022366:	691b      	ldr	r3, [r3, #16]
 8022368:	68fa      	ldr	r2, [r7, #12]
 802236a:	4313      	orrs	r3, r2
 802236c:	60fb      	str	r3, [r7, #12]
C:/Users/leonardo/Desktop/Code/Github/DawnBGC/Libraries/FWLIB/src/gd32f4xx_spi.c:97
    /* select SPI polarity and phase */
    reg |= spi_struct->clock_polarity_phase;
 802236e:	683b      	ldr	r3, [r7, #0]
 8022370:	695b      	ldr	r3, [r3, #20]
 8022372:	68fa      	ldr	r2, [r7, #12]
 8022374:	4313      	orrs	r3, r2
 8022376:	60fb      	str	r3, [r7, #12]
C:/Users/leonardo/Desktop/Code/Github/DawnBGC/Libraries/FWLIB/src/gd32f4xx_spi.c:99
    /* select SPI prescale to adjust transmit speed */
    reg |= spi_struct->prescale;
 8022378:	683b      	ldr	r3, [r7, #0]
 802237a:	699b      	ldr	r3, [r3, #24]
 802237c:	68fa      	ldr	r2, [r7, #12]
 802237e:	4313      	orrs	r3, r2
 8022380:	60fb      	str	r3, [r7, #12]
C:/Users/leonardo/Desktop/Code/Github/DawnBGC/Libraries/FWLIB/src/gd32f4xx_spi.c:102

    /* write to SPI_CTL0 register */
    SPI_CTL0(spi_periph) = (uint32_t)reg;
 8022382:	687b      	ldr	r3, [r7, #4]
 8022384:	68fa      	ldr	r2, [r7, #12]
 8022386:	601a      	str	r2, [r3, #0]
C:/Users/leonardo/Desktop/Code/Github/DawnBGC/Libraries/FWLIB/src/gd32f4xx_spi.c:104

    SPI_I2SCTL(spi_periph) &= (uint32_t)(~SPI_I2SCTL_I2SSEL);
 8022388:	687b      	ldr	r3, [r7, #4]
 802238a:	331c      	adds	r3, #28
 802238c:	681b      	ldr	r3, [r3, #0]
 802238e:	687a      	ldr	r2, [r7, #4]
 8022390:	321c      	adds	r2, #28
 8022392:	f423 6300 	bic.w	r3, r3, #2048	; 0x800
 8022396:	6013      	str	r3, [r2, #0]
C:/Users/leonardo/Desktop/Code/Github/DawnBGC/Libraries/FWLIB/src/gd32f4xx_spi.c:105
}
 8022398:	bf00      	nop
 802239a:	3714      	adds	r7, #20
 802239c:	46bd      	mov	sp, r7
 802239e:	bc80      	pop	{r7}
 80223a0:	4770      	bx	lr

080223a2 <spi_enable>:
spi_enable():
C:/Users/leonardo/Desktop/Code/Github/DawnBGC/Libraries/FWLIB/src/gd32f4xx_spi.c:114
    \param[in]  spi_periph: SPIx(x=0,1,2,3,4,5)
    \param[out] none
    \retval     none
*/
void spi_enable(uint32_t spi_periph)
{
 80223a2:	b480      	push	{r7}
 80223a4:	b083      	sub	sp, #12
 80223a6:	af00      	add	r7, sp, #0
 80223a8:	6078      	str	r0, [r7, #4]
C:/Users/leonardo/Desktop/Code/Github/DawnBGC/Libraries/FWLIB/src/gd32f4xx_spi.c:115
    SPI_CTL0(spi_periph) |= (uint32_t)SPI_CTL0_SPIEN;
 80223aa:	687b      	ldr	r3, [r7, #4]
 80223ac:	681a      	ldr	r2, [r3, #0]
 80223ae:	687b      	ldr	r3, [r7, #4]
 80223b0:	f042 0240 	orr.w	r2, r2, #64	; 0x40
 80223b4:	601a      	str	r2, [r3, #0]
C:/Users/leonardo/Desktop/Code/Github/DawnBGC/Libraries/FWLIB/src/gd32f4xx_spi.c:116
}
 80223b6:	bf00      	nop
 80223b8:	370c      	adds	r7, #12
 80223ba:	46bd      	mov	sp, r7
 80223bc:	bc80      	pop	{r7}
 80223be:	4770      	bx	lr

080223c0 <spi_dma_enable>:
spi_dma_enable():
C:/Users/leonardo/Desktop/Code/Github/DawnBGC/Libraries/FWLIB/src/gd32f4xx_spi.c:348
      \arg        SPI_DMA_RECEIVE: SPI receive data use DMA
    \param[out] none
    \retval     none
*/
void spi_dma_enable(uint32_t spi_periph, uint8_t spi_dma)
{
 80223c0:	b480      	push	{r7}
 80223c2:	b083      	sub	sp, #12
 80223c4:	af00      	add	r7, sp, #0
 80223c6:	6078      	str	r0, [r7, #4]
 80223c8:	460b      	mov	r3, r1
 80223ca:	70fb      	strb	r3, [r7, #3]
C:/Users/leonardo/Desktop/Code/Github/DawnBGC/Libraries/FWLIB/src/gd32f4xx_spi.c:349
    if(SPI_DMA_TRANSMIT == spi_dma){
 80223cc:	78fb      	ldrb	r3, [r7, #3]
 80223ce:	2b00      	cmp	r3, #0
 80223d0:	d108      	bne.n	80223e4 <spi_dma_enable+0x24>
C:/Users/leonardo/Desktop/Code/Github/DawnBGC/Libraries/FWLIB/src/gd32f4xx_spi.c:350
        SPI_CTL1(spi_periph) |= (uint32_t)SPI_CTL1_DMATEN;
 80223d2:	687b      	ldr	r3, [r7, #4]
 80223d4:	3304      	adds	r3, #4
 80223d6:	681b      	ldr	r3, [r3, #0]
 80223d8:	687a      	ldr	r2, [r7, #4]
 80223da:	3204      	adds	r2, #4
 80223dc:	f043 0302 	orr.w	r3, r3, #2
 80223e0:	6013      	str	r3, [r2, #0]
C:/Users/leonardo/Desktop/Code/Github/DawnBGC/Libraries/FWLIB/src/gd32f4xx_spi.c:354
    }else{
        SPI_CTL1(spi_periph) |= (uint32_t)SPI_CTL1_DMAREN;
    }
}
 80223e2:	e007      	b.n	80223f4 <spi_dma_enable+0x34>
C:/Users/leonardo/Desktop/Code/Github/DawnBGC/Libraries/FWLIB/src/gd32f4xx_spi.c:352
        SPI_CTL1(spi_periph) |= (uint32_t)SPI_CTL1_DMAREN;
 80223e4:	687b      	ldr	r3, [r7, #4]
 80223e6:	3304      	adds	r3, #4
 80223e8:	681b      	ldr	r3, [r3, #0]
 80223ea:	687a      	ldr	r2, [r7, #4]
 80223ec:	3204      	adds	r2, #4
 80223ee:	f043 0301 	orr.w	r3, r3, #1
 80223f2:	6013      	str	r3, [r2, #0]
C:/Users/leonardo/Desktop/Code/Github/DawnBGC/Libraries/FWLIB/src/gd32f4xx_spi.c:354
}
 80223f4:	bf00      	nop
 80223f6:	370c      	adds	r7, #12
 80223f8:	46bd      	mov	sp, r7
 80223fa:	bc80      	pop	{r7}
 80223fc:	4770      	bx	lr

080223fe <spi_i2s_data_transmit>:
spi_i2s_data_transmit():
C:/Users/leonardo/Desktop/Code/Github/DawnBGC/Libraries/FWLIB/src/gd32f4xx_spi.c:399
    \param[in]  data: 16-bit data
    \param[out] none
    \retval     none
*/
void spi_i2s_data_transmit(uint32_t spi_periph, uint16_t data)
{
 80223fe:	b480      	push	{r7}
 8022400:	b083      	sub	sp, #12
 8022402:	af00      	add	r7, sp, #0
 8022404:	6078      	str	r0, [r7, #4]
 8022406:	460b      	mov	r3, r1
 8022408:	807b      	strh	r3, [r7, #2]
C:/Users/leonardo/Desktop/Code/Github/DawnBGC/Libraries/FWLIB/src/gd32f4xx_spi.c:400
    SPI_DATA(spi_periph) = (uint32_t)data;
 802240a:	687b      	ldr	r3, [r7, #4]
 802240c:	330c      	adds	r3, #12
 802240e:	461a      	mov	r2, r3
 8022410:	887b      	ldrh	r3, [r7, #2]
 8022412:	6013      	str	r3, [r2, #0]
C:/Users/leonardo/Desktop/Code/Github/DawnBGC/Libraries/FWLIB/src/gd32f4xx_spi.c:401
}
 8022414:	bf00      	nop
 8022416:	370c      	adds	r7, #12
 8022418:	46bd      	mov	sp, r7
 802241a:	bc80      	pop	{r7}
 802241c:	4770      	bx	lr

0802241e <spi_i2s_data_receive>:
spi_i2s_data_receive():
C:/Users/leonardo/Desktop/Code/Github/DawnBGC/Libraries/FWLIB/src/gd32f4xx_spi.c:410
    \param[in]  spi_periph: SPIx(x=0,1,2,3,4,5)
    \param[out] none
    \retval     16-bit data
*/
uint16_t spi_i2s_data_receive(uint32_t spi_periph)
{
 802241e:	b480      	push	{r7}
 8022420:	b083      	sub	sp, #12
 8022422:	af00      	add	r7, sp, #0
 8022424:	6078      	str	r0, [r7, #4]
C:/Users/leonardo/Desktop/Code/Github/DawnBGC/Libraries/FWLIB/src/gd32f4xx_spi.c:411
    return ((uint16_t)SPI_DATA(spi_periph));
 8022426:	687b      	ldr	r3, [r7, #4]
 8022428:	330c      	adds	r3, #12
 802242a:	681b      	ldr	r3, [r3, #0]
 802242c:	b29b      	uxth	r3, r3
C:/Users/leonardo/Desktop/Code/Github/DawnBGC/Libraries/FWLIB/src/gd32f4xx_spi.c:412
}
 802242e:	4618      	mov	r0, r3
 8022430:	370c      	adds	r7, #12
 8022432:	46bd      	mov	sp, r7
 8022434:	bc80      	pop	{r7}
 8022436:	4770      	bx	lr

08022438 <spi_i2s_flag_get>:
spi_i2s_flag_get():
C:/Users/leonardo/Desktop/Code/Github/DawnBGC/Libraries/FWLIB/src/gd32f4xx_spi.c:583
      \arg        I2S_FLAG_FERR: format error interrupt flag
    \param[out] none
    \retval     FlagStatus: SET or RESET
*/
FlagStatus spi_i2s_flag_get(uint32_t spi_periph, uint32_t spi_i2s_flag)
{
 8022438:	b480      	push	{r7}
 802243a:	b083      	sub	sp, #12
 802243c:	af00      	add	r7, sp, #0
 802243e:	6078      	str	r0, [r7, #4]
 8022440:	6039      	str	r1, [r7, #0]
C:/Users/leonardo/Desktop/Code/Github/DawnBGC/Libraries/FWLIB/src/gd32f4xx_spi.c:584
    if(SPI_STAT(spi_periph) & spi_i2s_flag){
 8022442:	687b      	ldr	r3, [r7, #4]
 8022444:	3308      	adds	r3, #8
 8022446:	681a      	ldr	r2, [r3, #0]
 8022448:	683b      	ldr	r3, [r7, #0]
 802244a:	4013      	ands	r3, r2
 802244c:	2b00      	cmp	r3, #0
 802244e:	d001      	beq.n	8022454 <spi_i2s_flag_get+0x1c>
C:/Users/leonardo/Desktop/Code/Github/DawnBGC/Libraries/FWLIB/src/gd32f4xx_spi.c:585
        return SET;
 8022450:	2301      	movs	r3, #1
 8022452:	e000      	b.n	8022456 <spi_i2s_flag_get+0x1e>
C:/Users/leonardo/Desktop/Code/Github/DawnBGC/Libraries/FWLIB/src/gd32f4xx_spi.c:587
    }else{
        return RESET;
 8022454:	2300      	movs	r3, #0
C:/Users/leonardo/Desktop/Code/Github/DawnBGC/Libraries/FWLIB/src/gd32f4xx_spi.c:589
    }
}
 8022456:	4618      	mov	r0, r3
 8022458:	370c      	adds	r7, #12
 802245a:	46bd      	mov	sp, r7
 802245c:	bc80      	pop	{r7}
 802245e:	4770      	bx	lr

08022460 <spi_crc_polynomial_set>:
spi_crc_polynomial_set():
C:/Users/leonardo/Desktop/Code/Github/DawnBGC/Libraries/FWLIB/src/gd32f4xx_spi.c:632
    \param[in]  crc_poly: CRC polynomial value
    \param[out] none
    \retval     none
*/
void spi_crc_polynomial_set(uint32_t spi_periph,uint16_t crc_poly)
{
 8022460:	b480      	push	{r7}
 8022462:	b083      	sub	sp, #12
 8022464:	af00      	add	r7, sp, #0
 8022466:	6078      	str	r0, [r7, #4]
 8022468:	460b      	mov	r3, r1
 802246a:	807b      	strh	r3, [r7, #2]
C:/Users/leonardo/Desktop/Code/Github/DawnBGC/Libraries/FWLIB/src/gd32f4xx_spi.c:634
    /* enable SPI CRC */
    SPI_CTL0(spi_periph) |= (uint32_t)SPI_CTL0_CRCEN;
 802246c:	687b      	ldr	r3, [r7, #4]
 802246e:	681a      	ldr	r2, [r3, #0]
 8022470:	687b      	ldr	r3, [r7, #4]
 8022472:	f442 5200 	orr.w	r2, r2, #8192	; 0x2000
 8022476:	601a      	str	r2, [r3, #0]
C:/Users/leonardo/Desktop/Code/Github/DawnBGC/Libraries/FWLIB/src/gd32f4xx_spi.c:637

    /* set SPI CRC polynomial */
    SPI_CRCPOLY(spi_periph) = (uint32_t)crc_poly;
 8022478:	687b      	ldr	r3, [r7, #4]
 802247a:	3310      	adds	r3, #16
 802247c:	461a      	mov	r2, r3
 802247e:	887b      	ldrh	r3, [r7, #2]
 8022480:	6013      	str	r3, [r2, #0]
C:/Users/leonardo/Desktop/Code/Github/DawnBGC/Libraries/FWLIB/src/gd32f4xx_spi.c:638
}
 8022482:	bf00      	nop
 8022484:	370c      	adds	r7, #12
 8022486:	46bd      	mov	sp, r7
 8022488:	bc80      	pop	{r7}
 802248a:	4770      	bx	lr

0802248c <rcu_periph_clock_enable>:
rcu_periph_clock_enable():
C:/Users/leonardo/Desktop/Code/Github/DawnBGC/Libraries/FWLIB/src/gd32f4xx_rcu.c:90
      \arg        RCU_IREF: IREF clock
    \param[out] none
    \retval     none
*/
void rcu_periph_clock_enable(rcu_periph_enum periph)
{
 802248c:	b480      	push	{r7}
 802248e:	b083      	sub	sp, #12
 8022490:	af00      	add	r7, sp, #0
 8022492:	4603      	mov	r3, r0
 8022494:	80fb      	strh	r3, [r7, #6]
C:/Users/leonardo/Desktop/Code/Github/DawnBGC/Libraries/FWLIB/src/gd32f4xx_rcu.c:91
    RCU_REG_VAL(periph) |= BIT(RCU_BIT_POS(periph));
 8022496:	88fb      	ldrh	r3, [r7, #6]
 8022498:	099b      	lsrs	r3, r3, #6
 802249a:	b29b      	uxth	r3, r3
 802249c:	f103 4380 	add.w	r3, r3, #1073741824	; 0x40000000
 80224a0:	f503 330e 	add.w	r3, r3, #145408	; 0x23800
 80224a4:	6819      	ldr	r1, [r3, #0]
 80224a6:	88fb      	ldrh	r3, [r7, #6]
 80224a8:	f003 031f 	and.w	r3, r3, #31
 80224ac:	2201      	movs	r2, #1
 80224ae:	409a      	lsls	r2, r3
 80224b0:	88fb      	ldrh	r3, [r7, #6]
 80224b2:	099b      	lsrs	r3, r3, #6
 80224b4:	b29b      	uxth	r3, r3
 80224b6:	f103 4380 	add.w	r3, r3, #1073741824	; 0x40000000
 80224ba:	f503 330e 	add.w	r3, r3, #145408	; 0x23800
 80224be:	4618      	mov	r0, r3
 80224c0:	ea41 0302 	orr.w	r3, r1, r2
 80224c4:	6003      	str	r3, [r0, #0]
C:/Users/leonardo/Desktop/Code/Github/DawnBGC/Libraries/FWLIB/src/gd32f4xx_rcu.c:92
}
 80224c6:	bf00      	nop
 80224c8:	370c      	adds	r7, #12
 80224ca:	46bd      	mov	sp, r7
 80224cc:	bc80      	pop	{r7}
 80224ce:	4770      	bx	lr

080224d0 <rcu_periph_reset_enable>:
rcu_periph_reset_enable():
C:/Users/leonardo/Desktop/Code/Github/DawnBGC/Libraries/FWLIB/src/gd32f4xx_rcu.c:265
      \arg        RCU_IREFRST: reset IREF
    \param[out] none
    \retval     none
*/
void rcu_periph_reset_enable(rcu_periph_reset_enum periph_reset)
{
 80224d0:	b480      	push	{r7}
 80224d2:	b083      	sub	sp, #12
 80224d4:	af00      	add	r7, sp, #0
 80224d6:	4603      	mov	r3, r0
 80224d8:	80fb      	strh	r3, [r7, #6]
C:/Users/leonardo/Desktop/Code/Github/DawnBGC/Libraries/FWLIB/src/gd32f4xx_rcu.c:266
    RCU_REG_VAL(periph_reset) |= BIT(RCU_BIT_POS(periph_reset));
 80224da:	88fb      	ldrh	r3, [r7, #6]
 80224dc:	099b      	lsrs	r3, r3, #6
 80224de:	b29b      	uxth	r3, r3
 80224e0:	f103 4380 	add.w	r3, r3, #1073741824	; 0x40000000
 80224e4:	f503 330e 	add.w	r3, r3, #145408	; 0x23800
 80224e8:	6819      	ldr	r1, [r3, #0]
 80224ea:	88fb      	ldrh	r3, [r7, #6]
 80224ec:	f003 031f 	and.w	r3, r3, #31
 80224f0:	2201      	movs	r2, #1
 80224f2:	409a      	lsls	r2, r3
 80224f4:	88fb      	ldrh	r3, [r7, #6]
 80224f6:	099b      	lsrs	r3, r3, #6
 80224f8:	b29b      	uxth	r3, r3
 80224fa:	f103 4380 	add.w	r3, r3, #1073741824	; 0x40000000
 80224fe:	f503 330e 	add.w	r3, r3, #145408	; 0x23800
 8022502:	4618      	mov	r0, r3
 8022504:	ea41 0302 	orr.w	r3, r1, r2
 8022508:	6003      	str	r3, [r0, #0]
C:/Users/leonardo/Desktop/Code/Github/DawnBGC/Libraries/FWLIB/src/gd32f4xx_rcu.c:267
}
 802250a:	bf00      	nop
 802250c:	370c      	adds	r7, #12
 802250e:	46bd      	mov	sp, r7
 8022510:	bc80      	pop	{r7}
 8022512:	4770      	bx	lr

08022514 <rcu_periph_reset_disable>:
rcu_periph_reset_disable():
C:/Users/leonardo/Desktop/Code/Github/DawnBGC/Libraries/FWLIB/src/gd32f4xx_rcu.c:302
      \arg        RCU_IREFRST: reset IREF
    \param[out] none
    \retval     none
*/
void rcu_periph_reset_disable(rcu_periph_reset_enum periph_reset)
{
 8022514:	b480      	push	{r7}
 8022516:	b083      	sub	sp, #12
 8022518:	af00      	add	r7, sp, #0
 802251a:	4603      	mov	r3, r0
 802251c:	80fb      	strh	r3, [r7, #6]
C:/Users/leonardo/Desktop/Code/Github/DawnBGC/Libraries/FWLIB/src/gd32f4xx_rcu.c:303
    RCU_REG_VAL(periph_reset) &= ~BIT(RCU_BIT_POS(periph_reset));
 802251e:	88fb      	ldrh	r3, [r7, #6]
 8022520:	099b      	lsrs	r3, r3, #6
 8022522:	b29b      	uxth	r3, r3
 8022524:	f103 4380 	add.w	r3, r3, #1073741824	; 0x40000000
 8022528:	f503 330e 	add.w	r3, r3, #145408	; 0x23800
 802252c:	6819      	ldr	r1, [r3, #0]
 802252e:	88fb      	ldrh	r3, [r7, #6]
 8022530:	f003 031f 	and.w	r3, r3, #31
 8022534:	2201      	movs	r2, #1
 8022536:	fa02 f303 	lsl.w	r3, r2, r3
 802253a:	43da      	mvns	r2, r3
 802253c:	88fb      	ldrh	r3, [r7, #6]
 802253e:	099b      	lsrs	r3, r3, #6
 8022540:	b29b      	uxth	r3, r3
 8022542:	f103 4380 	add.w	r3, r3, #1073741824	; 0x40000000
 8022546:	f503 330e 	add.w	r3, r3, #145408	; 0x23800
 802254a:	4618      	mov	r0, r3
 802254c:	ea01 0302 	and.w	r3, r1, r2
 8022550:	6003      	str	r3, [r0, #0]
C:/Users/leonardo/Desktop/Code/Github/DawnBGC/Libraries/FWLIB/src/gd32f4xx_rcu.c:304
}
 8022552:	bf00      	nop
 8022554:	370c      	adds	r7, #12
 8022556:	46bd      	mov	sp, r7
 8022558:	bc80      	pop	{r7}
 802255a:	4770      	bx	lr

0802255c <rcu_timer_clock_prescaler_config>:
rcu_timer_clock_prescaler_config():
C:/Users/leonardo/Desktop/Code/Github/DawnBGC/Libraries/FWLIB/src/gd32f4xx_rcu.c:664
                                      TIMER in APB2 domain: CK_TIMERx = 4 x CK_APB2)
    \param[out] none
    \retval     none
*/
void rcu_timer_clock_prescaler_config(uint32_t timer_clock_prescaler)
{
 802255c:	b480      	push	{r7}
 802255e:	b083      	sub	sp, #12
 8022560:	af00      	add	r7, sp, #0
 8022562:	6078      	str	r0, [r7, #4]
C:/Users/leonardo/Desktop/Code/Github/DawnBGC/Libraries/FWLIB/src/gd32f4xx_rcu.c:666
    /* configure the TIMERSEL bit and select the TIMER clock prescaler */
    if(timer_clock_prescaler == RCU_TIMER_PSC_MUL2){
 8022564:	687b      	ldr	r3, [r7, #4]
 8022566:	f06f 7280 	mvn.w	r2, #16777216	; 0x1000000
 802256a:	4293      	cmp	r3, r2
 802256c:	d106      	bne.n	802257c <rcu_timer_clock_prescaler_config+0x20>
C:/Users/leonardo/Desktop/Code/Github/DawnBGC/Libraries/FWLIB/src/gd32f4xx_rcu.c:667
        RCU_CFG1 &= timer_clock_prescaler;
 802256e:	4b09      	ldr	r3, [pc, #36]	; (8022594 <rcu_timer_clock_prescaler_config+0x38>)
 8022570:	681a      	ldr	r2, [r3, #0]
 8022572:	4908      	ldr	r1, [pc, #32]	; (8022594 <rcu_timer_clock_prescaler_config+0x38>)
 8022574:	687b      	ldr	r3, [r7, #4]
 8022576:	4013      	ands	r3, r2
 8022578:	600b      	str	r3, [r1, #0]
C:/Users/leonardo/Desktop/Code/Github/DawnBGC/Libraries/FWLIB/src/gd32f4xx_rcu.c:671
    }else{
        RCU_CFG1 |= timer_clock_prescaler;
    }
}
 802257a:	e005      	b.n	8022588 <rcu_timer_clock_prescaler_config+0x2c>
C:/Users/leonardo/Desktop/Code/Github/DawnBGC/Libraries/FWLIB/src/gd32f4xx_rcu.c:669
        RCU_CFG1 |= timer_clock_prescaler;
 802257c:	4b05      	ldr	r3, [pc, #20]	; (8022594 <rcu_timer_clock_prescaler_config+0x38>)
 802257e:	681a      	ldr	r2, [r3, #0]
 8022580:	4904      	ldr	r1, [pc, #16]	; (8022594 <rcu_timer_clock_prescaler_config+0x38>)
 8022582:	687b      	ldr	r3, [r7, #4]
 8022584:	4313      	orrs	r3, r2
 8022586:	600b      	str	r3, [r1, #0]
C:/Users/leonardo/Desktop/Code/Github/DawnBGC/Libraries/FWLIB/src/gd32f4xx_rcu.c:671
}
 8022588:	bf00      	nop
 802258a:	370c      	adds	r7, #12
 802258c:	46bd      	mov	sp, r7
 802258e:	bc80      	pop	{r7}
 8022590:	4770      	bx	lr
 8022592:	bf00      	nop
 8022594:	4002388c 	.word	0x4002388c

08022598 <rcu_clock_freq_get>:
rcu_clock_freq_get():
C:/Users/leonardo/Desktop/Code/Github/DawnBGC/Libraries/FWLIB/src/gd32f4xx_rcu.c:1208
      \arg        CK_APB2: APB2 clock frequency
    \param[out] none
    \retval     clock frequency of system, AHB, APB1, APB2
*/
uint32_t rcu_clock_freq_get(rcu_clock_freq_enum clock)
{
 8022598:	b490      	push	{r4, r7}
 802259a:	b098      	sub	sp, #96	; 0x60
 802259c:	af00      	add	r7, sp, #0
 802259e:	4603      	mov	r3, r0
 80225a0:	71fb      	strb	r3, [r7, #7]
C:/Users/leonardo/Desktop/Code/Github/DawnBGC/Libraries/FWLIB/src/gd32f4xx_rcu.c:1209
    uint32_t sws, ck_freq = 0U;
 80225a2:	2300      	movs	r3, #0
 80225a4:	65fb      	str	r3, [r7, #92]	; 0x5c
C:/Users/leonardo/Desktop/Code/Github/DawnBGC/Libraries/FWLIB/src/gd32f4xx_rcu.c:1214
    uint32_t cksys_freq, ahb_freq, apb1_freq, apb2_freq;
    uint32_t pllpsc, plln, pllsel, pllp, ck_src, idx, clk_exp;
    
    /* exponent of AHB, APB1 and APB2 clock divider */
    const uint8_t ahb_exp[16] = {0, 0, 0, 0, 0, 0, 0, 0, 1, 2, 3, 4, 6, 7, 8, 9};
 80225a6:	4b59      	ldr	r3, [pc, #356]	; (802270c <rcu_clock_freq_get+0x174>)
 80225a8:	f107 041c 	add.w	r4, r7, #28
 80225ac:	cb0f      	ldmia	r3, {r0, r1, r2, r3}
 80225ae:	e884 000f 	stmia.w	r4, {r0, r1, r2, r3}
C:/Users/leonardo/Desktop/Code/Github/DawnBGC/Libraries/FWLIB/src/gd32f4xx_rcu.c:1215
    const uint8_t apb1_exp[8] = {0, 0, 0, 0, 1, 2, 3, 4};
 80225b2:	4a57      	ldr	r2, [pc, #348]	; (8022710 <rcu_clock_freq_get+0x178>)
 80225b4:	f107 0314 	add.w	r3, r7, #20
 80225b8:	e892 0003 	ldmia.w	r2, {r0, r1}
 80225bc:	e883 0003 	stmia.w	r3, {r0, r1}
C:/Users/leonardo/Desktop/Code/Github/DawnBGC/Libraries/FWLIB/src/gd32f4xx_rcu.c:1216
    const uint8_t apb2_exp[8] = {0, 0, 0, 0, 1, 2, 3, 4};
 80225c0:	4a53      	ldr	r2, [pc, #332]	; (8022710 <rcu_clock_freq_get+0x178>)
 80225c2:	f107 030c 	add.w	r3, r7, #12
 80225c6:	e892 0003 	ldmia.w	r2, {r0, r1}
 80225ca:	e883 0003 	stmia.w	r3, {r0, r1}
C:/Users/leonardo/Desktop/Code/Github/DawnBGC/Libraries/FWLIB/src/gd32f4xx_rcu.c:1218

    sws = GET_BITS(RCU_CFG0, 2, 3);
 80225ce:	4b51      	ldr	r3, [pc, #324]	; (8022714 <rcu_clock_freq_get+0x17c>)
 80225d0:	681b      	ldr	r3, [r3, #0]
 80225d2:	089b      	lsrs	r3, r3, #2
 80225d4:	f003 0303 	and.w	r3, r3, #3
 80225d8:	653b      	str	r3, [r7, #80]	; 0x50
C:/Users/leonardo/Desktop/Code/Github/DawnBGC/Libraries/FWLIB/src/gd32f4xx_rcu.c:1219
    switch(sws){
 80225da:	6d3b      	ldr	r3, [r7, #80]	; 0x50
 80225dc:	2b02      	cmp	r3, #2
 80225de:	d00f      	beq.n	8022600 <rcu_clock_freq_get+0x68>
 80225e0:	6d3b      	ldr	r3, [r7, #80]	; 0x50
 80225e2:	2b02      	cmp	r3, #2
 80225e4:	d839      	bhi.n	802265a <rcu_clock_freq_get+0xc2>
 80225e6:	6d3b      	ldr	r3, [r7, #80]	; 0x50
 80225e8:	2b00      	cmp	r3, #0
 80225ea:	d003      	beq.n	80225f4 <rcu_clock_freq_get+0x5c>
 80225ec:	6d3b      	ldr	r3, [r7, #80]	; 0x50
 80225ee:	2b01      	cmp	r3, #1
 80225f0:	d003      	beq.n	80225fa <rcu_clock_freq_get+0x62>
 80225f2:	e032      	b.n	802265a <rcu_clock_freq_get+0xc2>
C:/Users/leonardo/Desktop/Code/Github/DawnBGC/Libraries/FWLIB/src/gd32f4xx_rcu.c:1222
    /* IRC16M is selected as CK_SYS */
    case SEL_IRC16M:
        cksys_freq = IRC16M_VALUE;
 80225f4:	4b48      	ldr	r3, [pc, #288]	; (8022718 <rcu_clock_freq_get+0x180>)
 80225f6:	65bb      	str	r3, [r7, #88]	; 0x58
C:/Users/leonardo/Desktop/Code/Github/DawnBGC/Libraries/FWLIB/src/gd32f4xx_rcu.c:1223
        break;
 80225f8:	e032      	b.n	8022660 <rcu_clock_freq_get+0xc8>
C:/Users/leonardo/Desktop/Code/Github/DawnBGC/Libraries/FWLIB/src/gd32f4xx_rcu.c:1226
    /* HXTAL is selected as CK_SYS */
    case SEL_HXTAL:
        cksys_freq = HXTAL_VALUE;
 80225fa:	4b48      	ldr	r3, [pc, #288]	; (802271c <rcu_clock_freq_get+0x184>)
 80225fc:	65bb      	str	r3, [r7, #88]	; 0x58
C:/Users/leonardo/Desktop/Code/Github/DawnBGC/Libraries/FWLIB/src/gd32f4xx_rcu.c:1227
        break;
 80225fe:	e02f      	b.n	8022660 <rcu_clock_freq_get+0xc8>
C:/Users/leonardo/Desktop/Code/Github/DawnBGC/Libraries/FWLIB/src/gd32f4xx_rcu.c:1231
    /* PLLP is selected as CK_SYS */
    case SEL_PLLP:
        /* get the value of PLLPSC[5:0] */
        pllpsc = GET_BITS(RCU_PLL, 0U, 5U);
 8022600:	4b47      	ldr	r3, [pc, #284]	; (8022720 <rcu_clock_freq_get+0x188>)
 8022602:	681b      	ldr	r3, [r3, #0]
 8022604:	f003 033f 	and.w	r3, r3, #63	; 0x3f
 8022608:	64fb      	str	r3, [r7, #76]	; 0x4c
C:/Users/leonardo/Desktop/Code/Github/DawnBGC/Libraries/FWLIB/src/gd32f4xx_rcu.c:1232
        plln = GET_BITS(RCU_PLL, 6U, 14U);
 802260a:	4b45      	ldr	r3, [pc, #276]	; (8022720 <rcu_clock_freq_get+0x188>)
 802260c:	681b      	ldr	r3, [r3, #0]
 802260e:	099b      	lsrs	r3, r3, #6
 8022610:	f3c3 0308 	ubfx	r3, r3, #0, #9
 8022614:	64bb      	str	r3, [r7, #72]	; 0x48
C:/Users/leonardo/Desktop/Code/Github/DawnBGC/Libraries/FWLIB/src/gd32f4xx_rcu.c:1233
        pllp = (GET_BITS(RCU_PLL, 16U, 17U) + 1U) * 2U;
 8022616:	4b42      	ldr	r3, [pc, #264]	; (8022720 <rcu_clock_freq_get+0x188>)
 8022618:	681b      	ldr	r3, [r3, #0]
 802261a:	0c1b      	lsrs	r3, r3, #16
 802261c:	f003 0303 	and.w	r3, r3, #3
 8022620:	3301      	adds	r3, #1
 8022622:	005b      	lsls	r3, r3, #1
 8022624:	647b      	str	r3, [r7, #68]	; 0x44
C:/Users/leonardo/Desktop/Code/Github/DawnBGC/Libraries/FWLIB/src/gd32f4xx_rcu.c:1235
        /* PLL clock source selection, HXTAL or IRC16M/2 */
        pllsel = (RCU_PLL & RCU_PLL_PLLSEL);
 8022626:	4b3e      	ldr	r3, [pc, #248]	; (8022720 <rcu_clock_freq_get+0x188>)
 8022628:	681b      	ldr	r3, [r3, #0]
 802262a:	f403 0380 	and.w	r3, r3, #4194304	; 0x400000
 802262e:	643b      	str	r3, [r7, #64]	; 0x40
C:/Users/leonardo/Desktop/Code/Github/DawnBGC/Libraries/FWLIB/src/gd32f4xx_rcu.c:1236
        if (RCU_PLLSRC_HXTAL == pllsel) {
 8022630:	6c3b      	ldr	r3, [r7, #64]	; 0x40
 8022632:	f5b3 0f80 	cmp.w	r3, #4194304	; 0x400000
 8022636:	d102      	bne.n	802263e <rcu_clock_freq_get+0xa6>
C:/Users/leonardo/Desktop/Code/Github/DawnBGC/Libraries/FWLIB/src/gd32f4xx_rcu.c:1237
            ck_src = HXTAL_VALUE;
 8022638:	4b38      	ldr	r3, [pc, #224]	; (802271c <rcu_clock_freq_get+0x184>)
 802263a:	657b      	str	r3, [r7, #84]	; 0x54
 802263c:	e001      	b.n	8022642 <rcu_clock_freq_get+0xaa>
C:/Users/leonardo/Desktop/Code/Github/DawnBGC/Libraries/FWLIB/src/gd32f4xx_rcu.c:1239
        } else {
            ck_src = IRC16M_VALUE;
 802263e:	4b36      	ldr	r3, [pc, #216]	; (8022718 <rcu_clock_freq_get+0x180>)
 8022640:	657b      	str	r3, [r7, #84]	; 0x54
C:/Users/leonardo/Desktop/Code/Github/DawnBGC/Libraries/FWLIB/src/gd32f4xx_rcu.c:1241
        }
        cksys_freq = ((ck_src / pllpsc) * plln)/pllp;
 8022642:	6d7a      	ldr	r2, [r7, #84]	; 0x54
 8022644:	6cfb      	ldr	r3, [r7, #76]	; 0x4c
 8022646:	fbb2 f3f3 	udiv	r3, r2, r3
 802264a:	6cba      	ldr	r2, [r7, #72]	; 0x48
 802264c:	fb02 f203 	mul.w	r2, r2, r3
 8022650:	6c7b      	ldr	r3, [r7, #68]	; 0x44
 8022652:	fbb2 f3f3 	udiv	r3, r2, r3
 8022656:	65bb      	str	r3, [r7, #88]	; 0x58
C:/Users/leonardo/Desktop/Code/Github/DawnBGC/Libraries/FWLIB/src/gd32f4xx_rcu.c:1242
        break;
 8022658:	e002      	b.n	8022660 <rcu_clock_freq_get+0xc8>
C:/Users/leonardo/Desktop/Code/Github/DawnBGC/Libraries/FWLIB/src/gd32f4xx_rcu.c:1245
    /* IRC16M is selected as CK_SYS */
    default:
        cksys_freq = IRC16M_VALUE;
 802265a:	4b2f      	ldr	r3, [pc, #188]	; (8022718 <rcu_clock_freq_get+0x180>)
 802265c:	65bb      	str	r3, [r7, #88]	; 0x58
C:/Users/leonardo/Desktop/Code/Github/DawnBGC/Libraries/FWLIB/src/gd32f4xx_rcu.c:1246
        break;
 802265e:	bf00      	nop
C:/Users/leonardo/Desktop/Code/Github/DawnBGC/Libraries/FWLIB/src/gd32f4xx_rcu.c:1249
    }
    /* calculate AHB clock frequency */
    idx = GET_BITS(RCU_CFG0, 4, 7);
 8022660:	4b2c      	ldr	r3, [pc, #176]	; (8022714 <rcu_clock_freq_get+0x17c>)
 8022662:	681b      	ldr	r3, [r3, #0]
 8022664:	091b      	lsrs	r3, r3, #4
 8022666:	f003 030f 	and.w	r3, r3, #15
 802266a:	63fb      	str	r3, [r7, #60]	; 0x3c
C:/Users/leonardo/Desktop/Code/Github/DawnBGC/Libraries/FWLIB/src/gd32f4xx_rcu.c:1250
    clk_exp = ahb_exp[idx];
 802266c:	f107 021c 	add.w	r2, r7, #28
 8022670:	6bfb      	ldr	r3, [r7, #60]	; 0x3c
 8022672:	4413      	add	r3, r2
 8022674:	781b      	ldrb	r3, [r3, #0]
 8022676:	63bb      	str	r3, [r7, #56]	; 0x38
C:/Users/leonardo/Desktop/Code/Github/DawnBGC/Libraries/FWLIB/src/gd32f4xx_rcu.c:1251
    ahb_freq = cksys_freq >> clk_exp;
 8022678:	6dba      	ldr	r2, [r7, #88]	; 0x58
 802267a:	6bbb      	ldr	r3, [r7, #56]	; 0x38
 802267c:	fa22 f303 	lsr.w	r3, r2, r3
 8022680:	637b      	str	r3, [r7, #52]	; 0x34
C:/Users/leonardo/Desktop/Code/Github/DawnBGC/Libraries/FWLIB/src/gd32f4xx_rcu.c:1254
    
    /* calculate APB1 clock frequency */
    idx = GET_BITS(RCU_CFG0, 10, 12);
 8022682:	4b24      	ldr	r3, [pc, #144]	; (8022714 <rcu_clock_freq_get+0x17c>)
 8022684:	681b      	ldr	r3, [r3, #0]
 8022686:	0a9b      	lsrs	r3, r3, #10
 8022688:	f003 0307 	and.w	r3, r3, #7
 802268c:	63fb      	str	r3, [r7, #60]	; 0x3c
C:/Users/leonardo/Desktop/Code/Github/DawnBGC/Libraries/FWLIB/src/gd32f4xx_rcu.c:1255
    clk_exp = apb1_exp[idx];
 802268e:	f107 0214 	add.w	r2, r7, #20
 8022692:	6bfb      	ldr	r3, [r7, #60]	; 0x3c
 8022694:	4413      	add	r3, r2
 8022696:	781b      	ldrb	r3, [r3, #0]
 8022698:	63bb      	str	r3, [r7, #56]	; 0x38
C:/Users/leonardo/Desktop/Code/Github/DawnBGC/Libraries/FWLIB/src/gd32f4xx_rcu.c:1256
    apb1_freq = ahb_freq >> clk_exp;
 802269a:	6b7a      	ldr	r2, [r7, #52]	; 0x34
 802269c:	6bbb      	ldr	r3, [r7, #56]	; 0x38
 802269e:	fa22 f303 	lsr.w	r3, r2, r3
 80226a2:	633b      	str	r3, [r7, #48]	; 0x30
C:/Users/leonardo/Desktop/Code/Github/DawnBGC/Libraries/FWLIB/src/gd32f4xx_rcu.c:1259
    
    /* calculate APB2 clock frequency */
    idx = GET_BITS(RCU_CFG0, 13, 15);
 80226a4:	4b1b      	ldr	r3, [pc, #108]	; (8022714 <rcu_clock_freq_get+0x17c>)
 80226a6:	681b      	ldr	r3, [r3, #0]
 80226a8:	0b5b      	lsrs	r3, r3, #13
 80226aa:	f003 0307 	and.w	r3, r3, #7
 80226ae:	63fb      	str	r3, [r7, #60]	; 0x3c
C:/Users/leonardo/Desktop/Code/Github/DawnBGC/Libraries/FWLIB/src/gd32f4xx_rcu.c:1260
    clk_exp = apb2_exp[idx];
 80226b0:	f107 020c 	add.w	r2, r7, #12
 80226b4:	6bfb      	ldr	r3, [r7, #60]	; 0x3c
 80226b6:	4413      	add	r3, r2
 80226b8:	781b      	ldrb	r3, [r3, #0]
 80226ba:	63bb      	str	r3, [r7, #56]	; 0x38
C:/Users/leonardo/Desktop/Code/Github/DawnBGC/Libraries/FWLIB/src/gd32f4xx_rcu.c:1261
    apb2_freq = ahb_freq >> clk_exp;
 80226bc:	6b7a      	ldr	r2, [r7, #52]	; 0x34
 80226be:	6bbb      	ldr	r3, [r7, #56]	; 0x38
 80226c0:	fa22 f303 	lsr.w	r3, r2, r3
 80226c4:	62fb      	str	r3, [r7, #44]	; 0x2c
C:/Users/leonardo/Desktop/Code/Github/DawnBGC/Libraries/FWLIB/src/gd32f4xx_rcu.c:1264
    
    /* return the clocks frequency */
    switch(clock){
 80226c6:	79fb      	ldrb	r3, [r7, #7]
 80226c8:	2b03      	cmp	r3, #3
 80226ca:	d817      	bhi.n	80226fc <rcu_clock_freq_get+0x164>
 80226cc:	a201      	add	r2, pc, #4	; (adr r2, 80226d4 <rcu_clock_freq_get+0x13c>)
 80226ce:	f852 f023 	ldr.w	pc, [r2, r3, lsl #2]
 80226d2:	bf00      	nop
 80226d4:	080226e5 	.word	0x080226e5
 80226d8:	080226eb 	.word	0x080226eb
 80226dc:	080226f1 	.word	0x080226f1
 80226e0:	080226f7 	.word	0x080226f7
C:/Users/leonardo/Desktop/Code/Github/DawnBGC/Libraries/FWLIB/src/gd32f4xx_rcu.c:1266
    case CK_SYS:
        ck_freq = cksys_freq;
 80226e4:	6dbb      	ldr	r3, [r7, #88]	; 0x58
 80226e6:	65fb      	str	r3, [r7, #92]	; 0x5c
C:/Users/leonardo/Desktop/Code/Github/DawnBGC/Libraries/FWLIB/src/gd32f4xx_rcu.c:1267
        break;
 80226e8:	e009      	b.n	80226fe <rcu_clock_freq_get+0x166>
C:/Users/leonardo/Desktop/Code/Github/DawnBGC/Libraries/FWLIB/src/gd32f4xx_rcu.c:1269
    case CK_AHB:
        ck_freq = ahb_freq;
 80226ea:	6b7b      	ldr	r3, [r7, #52]	; 0x34
 80226ec:	65fb      	str	r3, [r7, #92]	; 0x5c
C:/Users/leonardo/Desktop/Code/Github/DawnBGC/Libraries/FWLIB/src/gd32f4xx_rcu.c:1270
        break;
 80226ee:	e006      	b.n	80226fe <rcu_clock_freq_get+0x166>
C:/Users/leonardo/Desktop/Code/Github/DawnBGC/Libraries/FWLIB/src/gd32f4xx_rcu.c:1272
    case CK_APB1:
        ck_freq = apb1_freq;
 80226f0:	6b3b      	ldr	r3, [r7, #48]	; 0x30
 80226f2:	65fb      	str	r3, [r7, #92]	; 0x5c
C:/Users/leonardo/Desktop/Code/Github/DawnBGC/Libraries/FWLIB/src/gd32f4xx_rcu.c:1273
        break;
 80226f4:	e003      	b.n	80226fe <rcu_clock_freq_get+0x166>
C:/Users/leonardo/Desktop/Code/Github/DawnBGC/Libraries/FWLIB/src/gd32f4xx_rcu.c:1275
    case CK_APB2:
        ck_freq = apb2_freq;
 80226f6:	6afb      	ldr	r3, [r7, #44]	; 0x2c
 80226f8:	65fb      	str	r3, [r7, #92]	; 0x5c
C:/Users/leonardo/Desktop/Code/Github/DawnBGC/Libraries/FWLIB/src/gd32f4xx_rcu.c:1276
        break;
 80226fa:	e000      	b.n	80226fe <rcu_clock_freq_get+0x166>
C:/Users/leonardo/Desktop/Code/Github/DawnBGC/Libraries/FWLIB/src/gd32f4xx_rcu.c:1278
    default:
        break;
 80226fc:	bf00      	nop
C:/Users/leonardo/Desktop/Code/Github/DawnBGC/Libraries/FWLIB/src/gd32f4xx_rcu.c:1280
    }
    return ck_freq;
 80226fe:	6dfb      	ldr	r3, [r7, #92]	; 0x5c
C:/Users/leonardo/Desktop/Code/Github/DawnBGC/Libraries/FWLIB/src/gd32f4xx_rcu.c:1281
}
 8022700:	4618      	mov	r0, r3
 8022702:	3760      	adds	r7, #96	; 0x60
 8022704:	46bd      	mov	sp, r7
 8022706:	bc90      	pop	{r4, r7}
 8022708:	4770      	bx	lr
 802270a:	bf00      	nop
 802270c:	080282ec 	.word	0x080282ec
 8022710:	080282fc 	.word	0x080282fc
 8022714:	40023808 	.word	0x40023808
 8022718:	00f42400 	.word	0x00f42400
 802271c:	017d7840 	.word	0x017d7840
 8022720:	40023804 	.word	0x40023804

08022724 <nvic_priority_group_set>:
nvic_priority_group_set():
C:/Users/leonardo/Desktop/Code/Github/DawnBGC/Libraries/FWLIB/src/gd32f4xx_misc.c:26
      \arg        NVIC_PRIGROUP_PRE4_SUB0:4 bits for pre-emption priority 0 bits for subpriority
    \param[out] none
    \retval     none
*/
void nvic_priority_group_set(uint32_t nvic_prigroup)
{
 8022724:	b480      	push	{r7}
 8022726:	b083      	sub	sp, #12
 8022728:	af00      	add	r7, sp, #0
 802272a:	6078      	str	r0, [r7, #4]
C:/Users/leonardo/Desktop/Code/Github/DawnBGC/Libraries/FWLIB/src/gd32f4xx_misc.c:28
    /* set the priority group value */
    SCB->AIRCR = NVIC_AIRCR_VECTKEY_MASK | nvic_prigroup;
 802272c:	4a05      	ldr	r2, [pc, #20]	; (8022744 <nvic_priority_group_set+0x20>)
 802272e:	687b      	ldr	r3, [r7, #4]
 8022730:	f043 63bf 	orr.w	r3, r3, #100139008	; 0x5f80000
 8022734:	f443 3300 	orr.w	r3, r3, #131072	; 0x20000
 8022738:	60d3      	str	r3, [r2, #12]
C:/Users/leonardo/Desktop/Code/Github/DawnBGC/Libraries/FWLIB/src/gd32f4xx_misc.c:29
}
 802273a:	bf00      	nop
 802273c:	370c      	adds	r7, #12
 802273e:	46bd      	mov	sp, r7
 8022740:	bc80      	pop	{r7}
 8022742:	4770      	bx	lr
 8022744:	e000ed00 	.word	0xe000ed00

08022748 <nvic_irq_enable>:
nvic_irq_enable():
C:/Users/leonardo/Desktop/Code/Github/DawnBGC/Libraries/FWLIB/src/gd32f4xx_misc.c:41
    \param[out] none
    \retval     none
*/
void nvic_irq_enable(uint8_t nvic_irq, uint8_t nvic_irq_pre_priority, 
                     uint8_t nvic_irq_sub_priority)
{
 8022748:	b480      	push	{r7}
 802274a:	b087      	sub	sp, #28
 802274c:	af00      	add	r7, sp, #0
 802274e:	4603      	mov	r3, r0
 8022750:	71fb      	strb	r3, [r7, #7]
 8022752:	460b      	mov	r3, r1
 8022754:	71bb      	strb	r3, [r7, #6]
 8022756:	4613      	mov	r3, r2
 8022758:	717b      	strb	r3, [r7, #5]
C:/Users/leonardo/Desktop/Code/Github/DawnBGC/Libraries/FWLIB/src/gd32f4xx_misc.c:42
    uint32_t temp_priority = 0x00U, temp_pre = 0x00U, temp_sub = 0x00U;
 802275a:	2300      	movs	r3, #0
 802275c:	60fb      	str	r3, [r7, #12]
 802275e:	2300      	movs	r3, #0
 8022760:	617b      	str	r3, [r7, #20]
 8022762:	2300      	movs	r3, #0
 8022764:	613b      	str	r3, [r7, #16]
C:/Users/leonardo/Desktop/Code/Github/DawnBGC/Libraries/FWLIB/src/gd32f4xx_misc.c:44
    /* use the priority group value to get the temp_pre and the temp_sub */
    if(((SCB->AIRCR) & (uint32_t)0x700U)==NVIC_PRIGROUP_PRE0_SUB4){
 8022766:	4b35      	ldr	r3, [pc, #212]	; (802283c <nvic_irq_enable+0xf4>)
 8022768:	68db      	ldr	r3, [r3, #12]
 802276a:	f403 63e0 	and.w	r3, r3, #1792	; 0x700
 802276e:	f5b3 6fe0 	cmp.w	r3, #1792	; 0x700
 8022772:	d104      	bne.n	802277e <nvic_irq_enable+0x36>
C:/Users/leonardo/Desktop/Code/Github/DawnBGC/Libraries/FWLIB/src/gd32f4xx_misc.c:45
        temp_pre=0U;
 8022774:	2300      	movs	r3, #0
 8022776:	617b      	str	r3, [r7, #20]
C:/Users/leonardo/Desktop/Code/Github/DawnBGC/Libraries/FWLIB/src/gd32f4xx_misc.c:46
        temp_sub=0x4U;
 8022778:	2304      	movs	r3, #4
 802277a:	613b      	str	r3, [r7, #16]
 802277c:	e02e      	b.n	80227dc <nvic_irq_enable+0x94>
C:/Users/leonardo/Desktop/Code/Github/DawnBGC/Libraries/FWLIB/src/gd32f4xx_misc.c:47
    }else if(((SCB->AIRCR) & (uint32_t)0x700U)==NVIC_PRIGROUP_PRE1_SUB3){
 802277e:	4b2f      	ldr	r3, [pc, #188]	; (802283c <nvic_irq_enable+0xf4>)
 8022780:	68db      	ldr	r3, [r3, #12]
 8022782:	f403 63e0 	and.w	r3, r3, #1792	; 0x700
 8022786:	f5b3 6fc0 	cmp.w	r3, #1536	; 0x600
 802278a:	d104      	bne.n	8022796 <nvic_irq_enable+0x4e>
C:/Users/leonardo/Desktop/Code/Github/DawnBGC/Libraries/FWLIB/src/gd32f4xx_misc.c:48
        temp_pre=1U;
 802278c:	2301      	movs	r3, #1
 802278e:	617b      	str	r3, [r7, #20]
C:/Users/leonardo/Desktop/Code/Github/DawnBGC/Libraries/FWLIB/src/gd32f4xx_misc.c:49
        temp_sub=0x3U;
 8022790:	2303      	movs	r3, #3
 8022792:	613b      	str	r3, [r7, #16]
 8022794:	e022      	b.n	80227dc <nvic_irq_enable+0x94>
C:/Users/leonardo/Desktop/Code/Github/DawnBGC/Libraries/FWLIB/src/gd32f4xx_misc.c:50
    }else if(((SCB->AIRCR) & (uint32_t)0x700U)==NVIC_PRIGROUP_PRE2_SUB2){
 8022796:	4b29      	ldr	r3, [pc, #164]	; (802283c <nvic_irq_enable+0xf4>)
 8022798:	68db      	ldr	r3, [r3, #12]
 802279a:	f403 63e0 	and.w	r3, r3, #1792	; 0x700
 802279e:	f5b3 6fa0 	cmp.w	r3, #1280	; 0x500
 80227a2:	d104      	bne.n	80227ae <nvic_irq_enable+0x66>
C:/Users/leonardo/Desktop/Code/Github/DawnBGC/Libraries/FWLIB/src/gd32f4xx_misc.c:51
        temp_pre=2U;
 80227a4:	2302      	movs	r3, #2
 80227a6:	617b      	str	r3, [r7, #20]
C:/Users/leonardo/Desktop/Code/Github/DawnBGC/Libraries/FWLIB/src/gd32f4xx_misc.c:52
        temp_sub=0x2U;
 80227a8:	2302      	movs	r3, #2
 80227aa:	613b      	str	r3, [r7, #16]
 80227ac:	e016      	b.n	80227dc <nvic_irq_enable+0x94>
C:/Users/leonardo/Desktop/Code/Github/DawnBGC/Libraries/FWLIB/src/gd32f4xx_misc.c:53
    }else if(((SCB->AIRCR) & (uint32_t)0x700U)==NVIC_PRIGROUP_PRE3_SUB1){
 80227ae:	4b23      	ldr	r3, [pc, #140]	; (802283c <nvic_irq_enable+0xf4>)
 80227b0:	68db      	ldr	r3, [r3, #12]
 80227b2:	f403 63e0 	and.w	r3, r3, #1792	; 0x700
 80227b6:	f5b3 6f80 	cmp.w	r3, #1024	; 0x400
 80227ba:	d104      	bne.n	80227c6 <nvic_irq_enable+0x7e>
C:/Users/leonardo/Desktop/Code/Github/DawnBGC/Libraries/FWLIB/src/gd32f4xx_misc.c:54
        temp_pre=3U;
 80227bc:	2303      	movs	r3, #3
 80227be:	617b      	str	r3, [r7, #20]
C:/Users/leonardo/Desktop/Code/Github/DawnBGC/Libraries/FWLIB/src/gd32f4xx_misc.c:55
        temp_sub=0x1U;
 80227c0:	2301      	movs	r3, #1
 80227c2:	613b      	str	r3, [r7, #16]
 80227c4:	e00a      	b.n	80227dc <nvic_irq_enable+0x94>
C:/Users/leonardo/Desktop/Code/Github/DawnBGC/Libraries/FWLIB/src/gd32f4xx_misc.c:56
    }else if(((SCB->AIRCR) & (uint32_t)0x700U)==NVIC_PRIGROUP_PRE4_SUB0){
 80227c6:	4b1d      	ldr	r3, [pc, #116]	; (802283c <nvic_irq_enable+0xf4>)
 80227c8:	68db      	ldr	r3, [r3, #12]
 80227ca:	f403 63e0 	and.w	r3, r3, #1792	; 0x700
 80227ce:	f5b3 7f40 	cmp.w	r3, #768	; 0x300
 80227d2:	d103      	bne.n	80227dc <nvic_irq_enable+0x94>
C:/Users/leonardo/Desktop/Code/Github/DawnBGC/Libraries/FWLIB/src/gd32f4xx_misc.c:57
        temp_pre=4U;
 80227d4:	2304      	movs	r3, #4
 80227d6:	617b      	str	r3, [r7, #20]
C:/Users/leonardo/Desktop/Code/Github/DawnBGC/Libraries/FWLIB/src/gd32f4xx_misc.c:58
        temp_sub=0x0U;
 80227d8:	2300      	movs	r3, #0
 80227da:	613b      	str	r3, [r7, #16]
C:/Users/leonardo/Desktop/Code/Github/DawnBGC/Libraries/FWLIB/src/gd32f4xx_misc.c:62
    }else{
    }
    /* get the temp_priority to fill the NVIC->IP register */
    temp_priority = (uint32_t)nvic_irq_pre_priority << (0x4U - temp_pre);
 80227dc:	79ba      	ldrb	r2, [r7, #6]
 80227de:	697b      	ldr	r3, [r7, #20]
 80227e0:	f1c3 0304 	rsb	r3, r3, #4
 80227e4:	fa02 f303 	lsl.w	r3, r2, r3
 80227e8:	60fb      	str	r3, [r7, #12]
C:/Users/leonardo/Desktop/Code/Github/DawnBGC/Libraries/FWLIB/src/gd32f4xx_misc.c:63
    temp_priority |= nvic_irq_sub_priority &(0x0FU >> (0x4U - temp_sub));
 80227ea:	797a      	ldrb	r2, [r7, #5]
 80227ec:	693b      	ldr	r3, [r7, #16]
 80227ee:	f1c3 0304 	rsb	r3, r3, #4
 80227f2:	210f      	movs	r1, #15
 80227f4:	fa21 f303 	lsr.w	r3, r1, r3
 80227f8:	4013      	ands	r3, r2
 80227fa:	68fa      	ldr	r2, [r7, #12]
 80227fc:	4313      	orrs	r3, r2
 80227fe:	60fb      	str	r3, [r7, #12]
C:/Users/leonardo/Desktop/Code/Github/DawnBGC/Libraries/FWLIB/src/gd32f4xx_misc.c:64
    temp_priority = temp_priority << 0x04U;
 8022800:	68fb      	ldr	r3, [r7, #12]
 8022802:	011b      	lsls	r3, r3, #4
 8022804:	60fb      	str	r3, [r7, #12]
C:/Users/leonardo/Desktop/Code/Github/DawnBGC/Libraries/FWLIB/src/gd32f4xx_misc.c:65
    NVIC->IP[nvic_irq] = (uint8_t)temp_priority;
 8022806:	4a0e      	ldr	r2, [pc, #56]	; (8022840 <nvic_irq_enable+0xf8>)
 8022808:	79fb      	ldrb	r3, [r7, #7]
 802280a:	68f9      	ldr	r1, [r7, #12]
 802280c:	b2c9      	uxtb	r1, r1
 802280e:	4413      	add	r3, r2
 8022810:	460a      	mov	r2, r1
 8022812:	f883 2300 	strb.w	r2, [r3, #768]	; 0x300
C:/Users/leonardo/Desktop/Code/Github/DawnBGC/Libraries/FWLIB/src/gd32f4xx_misc.c:67
    /* enable the selected IRQ */
    NVIC->ISER[nvic_irq >> 0x05U] = (uint32_t)0x01U << (nvic_irq & (uint8_t)0x1FU);
 8022816:	79fb      	ldrb	r3, [r7, #7]
 8022818:	f003 031f 	and.w	r3, r3, #31
 802281c:	4908      	ldr	r1, [pc, #32]	; (8022840 <nvic_irq_enable+0xf8>)
 802281e:	79fa      	ldrb	r2, [r7, #7]
 8022820:	0952      	lsrs	r2, r2, #5
 8022822:	b2d2      	uxtb	r2, r2
 8022824:	4610      	mov	r0, r2
 8022826:	2201      	movs	r2, #1
 8022828:	fa02 f303 	lsl.w	r3, r2, r3
 802282c:	f841 3020 	str.w	r3, [r1, r0, lsl #2]
C:/Users/leonardo/Desktop/Code/Github/DawnBGC/Libraries/FWLIB/src/gd32f4xx_misc.c:68
}
 8022830:	bf00      	nop
 8022832:	371c      	adds	r7, #28
 8022834:	46bd      	mov	sp, r7
 8022836:	bc80      	pop	{r7}
 8022838:	4770      	bx	lr
 802283a:	bf00      	nop
 802283c:	e000ed00 	.word	0xe000ed00
 8022840:	e000e100 	.word	0xe000e100

08022844 <nvic_vector_table_set>:
nvic_vector_table_set():
C:/Users/leonardo/Desktop/Code/Github/DawnBGC/Libraries/FWLIB/src/gd32f4xx_misc.c:92
    \param[in]  offset: Vector Table offset
    \param[out] none
    \retval     none
*/
void nvic_vector_table_set(uint32_t nvic_vict_tab, uint32_t offset)
{
 8022844:	b480      	push	{r7}
 8022846:	b083      	sub	sp, #12
 8022848:	af00      	add	r7, sp, #0
 802284a:	6078      	str	r0, [r7, #4]
 802284c:	6039      	str	r1, [r7, #0]
C:/Users/leonardo/Desktop/Code/Github/DawnBGC/Libraries/FWLIB/src/gd32f4xx_misc.c:93
    SCB->VTOR = nvic_vict_tab | (offset & NVIC_VECTTAB_OFFSET_MASK);
 802284e:	683b      	ldr	r3, [r7, #0]
 8022850:	f023 4360 	bic.w	r3, r3, #3758096384	; 0xe0000000
 8022854:	f023 037f 	bic.w	r3, r3, #127	; 0x7f
 8022858:	4904      	ldr	r1, [pc, #16]	; (802286c <nvic_vector_table_set+0x28>)
 802285a:	687a      	ldr	r2, [r7, #4]
 802285c:	4313      	orrs	r3, r2
 802285e:	608b      	str	r3, [r1, #8]
C:/Users/leonardo/Desktop/Code/Github/DawnBGC/Libraries/FWLIB/src/gd32f4xx_misc.c:94
}
 8022860:	bf00      	nop
 8022862:	370c      	adds	r7, #12
 8022864:	46bd      	mov	sp, r7
 8022866:	bc80      	pop	{r7}
 8022868:	4770      	bx	lr
 802286a:	bf00      	nop
 802286c:	e000ed00 	.word	0xe000ed00

08022870 <systick_clksource_set>:
systick_clksource_set():
C:/Users/leonardo/Desktop/Code/Github/DawnBGC/Libraries/FWLIB/src/gd32f4xx_misc.c:138
    \param[out] none
    \retval     none
*/

void systick_clksource_set(uint32_t systick_clksource)
{
 8022870:	b480      	push	{r7}
 8022872:	b083      	sub	sp, #12
 8022874:	af00      	add	r7, sp, #0
 8022876:	6078      	str	r0, [r7, #4]
C:/Users/leonardo/Desktop/Code/Github/DawnBGC/Libraries/FWLIB/src/gd32f4xx_misc.c:139
    if(SYSTICK_CLKSOURCE_HCLK == systick_clksource ){
 8022878:	687b      	ldr	r3, [r7, #4]
 802287a:	2b04      	cmp	r3, #4
 802287c:	d106      	bne.n	802288c <systick_clksource_set+0x1c>
C:/Users/leonardo/Desktop/Code/Github/DawnBGC/Libraries/FWLIB/src/gd32f4xx_misc.c:141
        /* set the systick clock source from HCLK */
        SysTick->CTRL |= SYSTICK_CLKSOURCE_HCLK;
 802287e:	4b09      	ldr	r3, [pc, #36]	; (80228a4 <systick_clksource_set+0x34>)
 8022880:	681b      	ldr	r3, [r3, #0]
 8022882:	4a08      	ldr	r2, [pc, #32]	; (80228a4 <systick_clksource_set+0x34>)
 8022884:	f043 0304 	orr.w	r3, r3, #4
 8022888:	6013      	str	r3, [r2, #0]
C:/Users/leonardo/Desktop/Code/Github/DawnBGC/Libraries/FWLIB/src/gd32f4xx_misc.c:146
    }else{
        /* set the systick clock source from HCLK/8 */
        SysTick->CTRL &= SYSTICK_CLKSOURCE_HCLK_DIV8;
    }
}
 802288a:	e005      	b.n	8022898 <systick_clksource_set+0x28>
C:/Users/leonardo/Desktop/Code/Github/DawnBGC/Libraries/FWLIB/src/gd32f4xx_misc.c:144
        SysTick->CTRL &= SYSTICK_CLKSOURCE_HCLK_DIV8;
 802288c:	4b05      	ldr	r3, [pc, #20]	; (80228a4 <systick_clksource_set+0x34>)
 802288e:	681b      	ldr	r3, [r3, #0]
 8022890:	4a04      	ldr	r2, [pc, #16]	; (80228a4 <systick_clksource_set+0x34>)
 8022892:	f023 0304 	bic.w	r3, r3, #4
 8022896:	6013      	str	r3, [r2, #0]
C:/Users/leonardo/Desktop/Code/Github/DawnBGC/Libraries/FWLIB/src/gd32f4xx_misc.c:146
}
 8022898:	bf00      	nop
 802289a:	370c      	adds	r7, #12
 802289c:	46bd      	mov	sp, r7
 802289e:	bc80      	pop	{r7}
 80228a0:	4770      	bx	lr
 80228a2:	bf00      	nop
 80228a4:	e000e010 	.word	0xe000e010

080228a8 <gpio_mode_set>:
gpio_mode_set():
C:/Users/leonardo/Desktop/Code/Github/DawnBGC/Libraries/FWLIB/src/gd32f4xx_gpio.c:90
    \param[in]  pin: GPIO_PIN_x(x=0..15), GPIO_PIN_ALL
    \param[out] none
    \retval     none
*/
void gpio_mode_set(uint32_t gpio_periph,uint32_t mode,uint32_t pull_up_down,uint32_t pin)
{
 80228a8:	b480      	push	{r7}
 80228aa:	b089      	sub	sp, #36	; 0x24
 80228ac:	af00      	add	r7, sp, #0
 80228ae:	60f8      	str	r0, [r7, #12]
 80228b0:	60b9      	str	r1, [r7, #8]
 80228b2:	607a      	str	r2, [r7, #4]
 80228b4:	603b      	str	r3, [r7, #0]
C:/Users/leonardo/Desktop/Code/Github/DawnBGC/Libraries/FWLIB/src/gd32f4xx_gpio.c:94
    uint16_t i;
    uint32_t ctl, pupd;

    ctl = GPIO_CTL(gpio_periph);
 80228b6:	68fb      	ldr	r3, [r7, #12]
 80228b8:	681b      	ldr	r3, [r3, #0]
 80228ba:	61bb      	str	r3, [r7, #24]
C:/Users/leonardo/Desktop/Code/Github/DawnBGC/Libraries/FWLIB/src/gd32f4xx_gpio.c:95
    pupd = GPIO_PUD(gpio_periph);
 80228bc:	68fb      	ldr	r3, [r7, #12]
 80228be:	330c      	adds	r3, #12
 80228c0:	681b      	ldr	r3, [r3, #0]
 80228c2:	617b      	str	r3, [r7, #20]
C:/Users/leonardo/Desktop/Code/Github/DawnBGC/Libraries/FWLIB/src/gd32f4xx_gpio.c:97

    for(i = 0U;i < 16U;i++){
 80228c4:	2300      	movs	r3, #0
 80228c6:	83fb      	strh	r3, [r7, #30]
 80228c8:	e02b      	b.n	8022922 <gpio_mode_set+0x7a>
C:/Users/leonardo/Desktop/Code/Github/DawnBGC/Libraries/FWLIB/src/gd32f4xx_gpio.c:98
        if((1U << i) & pin){
 80228ca:	8bfb      	ldrh	r3, [r7, #30]
 80228cc:	2201      	movs	r2, #1
 80228ce:	409a      	lsls	r2, r3
 80228d0:	683b      	ldr	r3, [r7, #0]
 80228d2:	4013      	ands	r3, r2
 80228d4:	2b00      	cmp	r3, #0
 80228d6:	d021      	beq.n	802291c <gpio_mode_set+0x74>
C:/Users/leonardo/Desktop/Code/Github/DawnBGC/Libraries/FWLIB/src/gd32f4xx_gpio.c:100
            /* clear the specified pin mode bits */
            ctl &= ~GPIO_MODE_MASK(i);
 80228d8:	8bfb      	ldrh	r3, [r7, #30]
 80228da:	005b      	lsls	r3, r3, #1
 80228dc:	2203      	movs	r2, #3
 80228de:	fa02 f303 	lsl.w	r3, r2, r3
 80228e2:	43db      	mvns	r3, r3
 80228e4:	69ba      	ldr	r2, [r7, #24]
 80228e6:	4013      	ands	r3, r2
 80228e8:	61bb      	str	r3, [r7, #24]
C:/Users/leonardo/Desktop/Code/Github/DawnBGC/Libraries/FWLIB/src/gd32f4xx_gpio.c:102
            /* set the specified pin mode bits */
            ctl |= GPIO_MODE_SET(i, mode);
 80228ea:	8bfb      	ldrh	r3, [r7, #30]
 80228ec:	005b      	lsls	r3, r3, #1
 80228ee:	68ba      	ldr	r2, [r7, #8]
 80228f0:	fa02 f303 	lsl.w	r3, r2, r3
 80228f4:	69ba      	ldr	r2, [r7, #24]
 80228f6:	4313      	orrs	r3, r2
 80228f8:	61bb      	str	r3, [r7, #24]
C:/Users/leonardo/Desktop/Code/Github/DawnBGC/Libraries/FWLIB/src/gd32f4xx_gpio.c:105

            /* clear the specified pin pupd bits */
            pupd &= ~GPIO_PUPD_MASK(i);
 80228fa:	8bfb      	ldrh	r3, [r7, #30]
 80228fc:	005b      	lsls	r3, r3, #1
 80228fe:	2203      	movs	r2, #3
 8022900:	fa02 f303 	lsl.w	r3, r2, r3
 8022904:	43db      	mvns	r3, r3
 8022906:	697a      	ldr	r2, [r7, #20]
 8022908:	4013      	ands	r3, r2
 802290a:	617b      	str	r3, [r7, #20]
C:/Users/leonardo/Desktop/Code/Github/DawnBGC/Libraries/FWLIB/src/gd32f4xx_gpio.c:107
            /* set the specified pin pupd bits */
            pupd |= GPIO_PUPD_SET(i, pull_up_down);
 802290c:	8bfb      	ldrh	r3, [r7, #30]
 802290e:	005b      	lsls	r3, r3, #1
 8022910:	687a      	ldr	r2, [r7, #4]
 8022912:	fa02 f303 	lsl.w	r3, r2, r3
 8022916:	697a      	ldr	r2, [r7, #20]
 8022918:	4313      	orrs	r3, r2
 802291a:	617b      	str	r3, [r7, #20]
C:/Users/leonardo/Desktop/Code/Github/DawnBGC/Libraries/FWLIB/src/gd32f4xx_gpio.c:97 (discriminator 2)
    for(i = 0U;i < 16U;i++){
 802291c:	8bfb      	ldrh	r3, [r7, #30]
 802291e:	3301      	adds	r3, #1
 8022920:	83fb      	strh	r3, [r7, #30]
C:/Users/leonardo/Desktop/Code/Github/DawnBGC/Libraries/FWLIB/src/gd32f4xx_gpio.c:97 (discriminator 1)
 8022922:	8bfb      	ldrh	r3, [r7, #30]
 8022924:	2b0f      	cmp	r3, #15
 8022926:	d9d0      	bls.n	80228ca <gpio_mode_set+0x22>
C:/Users/leonardo/Desktop/Code/Github/DawnBGC/Libraries/FWLIB/src/gd32f4xx_gpio.c:111
        }
    }

    GPIO_CTL(gpio_periph) = ctl;
 8022928:	68fb      	ldr	r3, [r7, #12]
 802292a:	69ba      	ldr	r2, [r7, #24]
 802292c:	601a      	str	r2, [r3, #0]
C:/Users/leonardo/Desktop/Code/Github/DawnBGC/Libraries/FWLIB/src/gd32f4xx_gpio.c:112
    GPIO_PUD(gpio_periph) = pupd;
 802292e:	68fb      	ldr	r3, [r7, #12]
 8022930:	330c      	adds	r3, #12
 8022932:	461a      	mov	r2, r3
 8022934:	697b      	ldr	r3, [r7, #20]
 8022936:	6013      	str	r3, [r2, #0]
C:/Users/leonardo/Desktop/Code/Github/DawnBGC/Libraries/FWLIB/src/gd32f4xx_gpio.c:113
}
 8022938:	bf00      	nop
 802293a:	3724      	adds	r7, #36	; 0x24
 802293c:	46bd      	mov	sp, r7
 802293e:	bc80      	pop	{r7}
 8022940:	4770      	bx	lr

08022942 <gpio_output_options_set>:
gpio_output_options_set():
C:/Users/leonardo/Desktop/Code/Github/DawnBGC/Libraries/FWLIB/src/gd32f4xx_gpio.c:131
    \param[in]  pin: GPIO_PIN_x(x=0..15), GPIO_PIN_ALL
    \param[out] none
    \retval     none
*/
void gpio_output_options_set(uint32_t gpio_periph,uint8_t otype,uint32_t speed,uint32_t pin)
{
 8022942:	b480      	push	{r7}
 8022944:	b087      	sub	sp, #28
 8022946:	af00      	add	r7, sp, #0
 8022948:	60f8      	str	r0, [r7, #12]
 802294a:	607a      	str	r2, [r7, #4]
 802294c:	603b      	str	r3, [r7, #0]
 802294e:	460b      	mov	r3, r1
 8022950:	72fb      	strb	r3, [r7, #11]
C:/Users/leonardo/Desktop/Code/Github/DawnBGC/Libraries/FWLIB/src/gd32f4xx_gpio.c:135
    uint16_t i;
    uint32_t ospeedr;

    if(0x1U == otype){
 8022952:	7afb      	ldrb	r3, [r7, #11]
 8022954:	2b01      	cmp	r3, #1
 8022956:	d109      	bne.n	802296c <gpio_output_options_set+0x2a>
C:/Users/leonardo/Desktop/Code/Github/DawnBGC/Libraries/FWLIB/src/gd32f4xx_gpio.c:136
        GPIO_OMODE(gpio_periph) |= (uint32_t)pin;
 8022958:	68fb      	ldr	r3, [r7, #12]
 802295a:	3304      	adds	r3, #4
 802295c:	681a      	ldr	r2, [r3, #0]
 802295e:	68fb      	ldr	r3, [r7, #12]
 8022960:	3304      	adds	r3, #4
 8022962:	4619      	mov	r1, r3
 8022964:	683b      	ldr	r3, [r7, #0]
 8022966:	4313      	orrs	r3, r2
 8022968:	600b      	str	r3, [r1, #0]
 802296a:	e008      	b.n	802297e <gpio_output_options_set+0x3c>
C:/Users/leonardo/Desktop/Code/Github/DawnBGC/Libraries/FWLIB/src/gd32f4xx_gpio.c:138
    }else{
        GPIO_OMODE(gpio_periph) &= (uint32_t)(~pin);
 802296c:	68fb      	ldr	r3, [r7, #12]
 802296e:	3304      	adds	r3, #4
 8022970:	681a      	ldr	r2, [r3, #0]
 8022972:	683b      	ldr	r3, [r7, #0]
 8022974:	43db      	mvns	r3, r3
 8022976:	68f9      	ldr	r1, [r7, #12]
 8022978:	3104      	adds	r1, #4
 802297a:	4013      	ands	r3, r2
 802297c:	600b      	str	r3, [r1, #0]
C:/Users/leonardo/Desktop/Code/Github/DawnBGC/Libraries/FWLIB/src/gd32f4xx_gpio.c:142
    }

    /* get the specified pin output speed bits value */
    ospeedr = GPIO_OSPD(gpio_periph);
 802297e:	68fb      	ldr	r3, [r7, #12]
 8022980:	3308      	adds	r3, #8
 8022982:	681b      	ldr	r3, [r3, #0]
 8022984:	613b      	str	r3, [r7, #16]
C:/Users/leonardo/Desktop/Code/Github/DawnBGC/Libraries/FWLIB/src/gd32f4xx_gpio.c:144

    for(i = 0U;i < 16U;i++){
 8022986:	2300      	movs	r3, #0
 8022988:	82fb      	strh	r3, [r7, #22]
 802298a:	e01a      	b.n	80229c2 <gpio_output_options_set+0x80>
C:/Users/leonardo/Desktop/Code/Github/DawnBGC/Libraries/FWLIB/src/gd32f4xx_gpio.c:145
        if((1U << i) & pin){
 802298c:	8afb      	ldrh	r3, [r7, #22]
 802298e:	2201      	movs	r2, #1
 8022990:	409a      	lsls	r2, r3
 8022992:	683b      	ldr	r3, [r7, #0]
 8022994:	4013      	ands	r3, r2
 8022996:	2b00      	cmp	r3, #0
 8022998:	d010      	beq.n	80229bc <gpio_output_options_set+0x7a>
C:/Users/leonardo/Desktop/Code/Github/DawnBGC/Libraries/FWLIB/src/gd32f4xx_gpio.c:147
            /* clear the specified pin output speed bits */
            ospeedr &= ~GPIO_OSPEED_MASK(i);
 802299a:	8afb      	ldrh	r3, [r7, #22]
 802299c:	005b      	lsls	r3, r3, #1
 802299e:	2203      	movs	r2, #3
 80229a0:	fa02 f303 	lsl.w	r3, r2, r3
 80229a4:	43db      	mvns	r3, r3
 80229a6:	693a      	ldr	r2, [r7, #16]
 80229a8:	4013      	ands	r3, r2
 80229aa:	613b      	str	r3, [r7, #16]
C:/Users/leonardo/Desktop/Code/Github/DawnBGC/Libraries/FWLIB/src/gd32f4xx_gpio.c:149
            /* set the specified pin output speed bits */
            ospeedr |= GPIO_OSPEED_SET(i,speed);
 80229ac:	8afb      	ldrh	r3, [r7, #22]
 80229ae:	005b      	lsls	r3, r3, #1
 80229b0:	687a      	ldr	r2, [r7, #4]
 80229b2:	fa02 f303 	lsl.w	r3, r2, r3
 80229b6:	693a      	ldr	r2, [r7, #16]
 80229b8:	4313      	orrs	r3, r2
 80229ba:	613b      	str	r3, [r7, #16]
C:/Users/leonardo/Desktop/Code/Github/DawnBGC/Libraries/FWLIB/src/gd32f4xx_gpio.c:144 (discriminator 2)
    for(i = 0U;i < 16U;i++){
 80229bc:	8afb      	ldrh	r3, [r7, #22]
 80229be:	3301      	adds	r3, #1
 80229c0:	82fb      	strh	r3, [r7, #22]
C:/Users/leonardo/Desktop/Code/Github/DawnBGC/Libraries/FWLIB/src/gd32f4xx_gpio.c:144 (discriminator 1)
 80229c2:	8afb      	ldrh	r3, [r7, #22]
 80229c4:	2b0f      	cmp	r3, #15
 80229c6:	d9e1      	bls.n	802298c <gpio_output_options_set+0x4a>
C:/Users/leonardo/Desktop/Code/Github/DawnBGC/Libraries/FWLIB/src/gd32f4xx_gpio.c:152
        }
    }
    GPIO_OSPD(gpio_periph) = ospeedr;
 80229c8:	68fb      	ldr	r3, [r7, #12]
 80229ca:	3308      	adds	r3, #8
 80229cc:	461a      	mov	r2, r3
 80229ce:	693b      	ldr	r3, [r7, #16]
 80229d0:	6013      	str	r3, [r2, #0]
C:/Users/leonardo/Desktop/Code/Github/DawnBGC/Libraries/FWLIB/src/gd32f4xx_gpio.c:153
}
 80229d2:	bf00      	nop
 80229d4:	371c      	adds	r7, #28
 80229d6:	46bd      	mov	sp, r7
 80229d8:	bc80      	pop	{r7}
 80229da:	4770      	bx	lr

080229dc <gpio_bit_set>:
gpio_bit_set():
C:/Users/leonardo/Desktop/Code/Github/DawnBGC/Libraries/FWLIB/src/gd32f4xx_gpio.c:163
    \param[in]  pin: GPIO_PIN_x(x=0..15), GPIO_PIN_ALL
    \param[out] none
    \retval     none
*/
void gpio_bit_set(uint32_t gpio_periph,uint32_t pin)
{
 80229dc:	b480      	push	{r7}
 80229de:	b083      	sub	sp, #12
 80229e0:	af00      	add	r7, sp, #0
 80229e2:	6078      	str	r0, [r7, #4]
 80229e4:	6039      	str	r1, [r7, #0]
C:/Users/leonardo/Desktop/Code/Github/DawnBGC/Libraries/FWLIB/src/gd32f4xx_gpio.c:164
    GPIO_BOP(gpio_periph) = (uint32_t)pin;
 80229e6:	687b      	ldr	r3, [r7, #4]
 80229e8:	3318      	adds	r3, #24
 80229ea:	461a      	mov	r2, r3
 80229ec:	683b      	ldr	r3, [r7, #0]
 80229ee:	6013      	str	r3, [r2, #0]
C:/Users/leonardo/Desktop/Code/Github/DawnBGC/Libraries/FWLIB/src/gd32f4xx_gpio.c:165
}
 80229f0:	bf00      	nop
 80229f2:	370c      	adds	r7, #12
 80229f4:	46bd      	mov	sp, r7
 80229f6:	bc80      	pop	{r7}
 80229f8:	4770      	bx	lr

080229fa <gpio_bit_reset>:
gpio_bit_reset():
C:/Users/leonardo/Desktop/Code/Github/DawnBGC/Libraries/FWLIB/src/gd32f4xx_gpio.c:175
    \param[in]  pin: GPIO_PIN_x(x=0..15), GPIO_PIN_ALL
    \param[out] none
    \retval     none
*/
void gpio_bit_reset(uint32_t gpio_periph,uint32_t pin)
{
 80229fa:	b480      	push	{r7}
 80229fc:	b083      	sub	sp, #12
 80229fe:	af00      	add	r7, sp, #0
 8022a00:	6078      	str	r0, [r7, #4]
 8022a02:	6039      	str	r1, [r7, #0]
C:/Users/leonardo/Desktop/Code/Github/DawnBGC/Libraries/FWLIB/src/gd32f4xx_gpio.c:176
    GPIO_BC(gpio_periph) = (uint32_t)pin;
 8022a04:	687b      	ldr	r3, [r7, #4]
 8022a06:	3328      	adds	r3, #40	; 0x28
 8022a08:	461a      	mov	r2, r3
 8022a0a:	683b      	ldr	r3, [r7, #0]
 8022a0c:	6013      	str	r3, [r2, #0]
C:/Users/leonardo/Desktop/Code/Github/DawnBGC/Libraries/FWLIB/src/gd32f4xx_gpio.c:177
}
 8022a0e:	bf00      	nop
 8022a10:	370c      	adds	r7, #12
 8022a12:	46bd      	mov	sp, r7
 8022a14:	bc80      	pop	{r7}
 8022a16:	4770      	bx	lr

08022a18 <gpio_af_set>:
gpio_af_set():
C:/Users/leonardo/Desktop/Code/Github/DawnBGC/Libraries/FWLIB/src/gd32f4xx_gpio.c:289
    \param[in]  pin: GPIO_PIN_x(x=0..15), GPIO_PIN_ALL
    \param[out] none
    \retval     none
*/
void gpio_af_set(uint32_t gpio_periph,uint32_t alt_func_num,uint32_t pin)
{
 8022a18:	b480      	push	{r7}
 8022a1a:	b089      	sub	sp, #36	; 0x24
 8022a1c:	af00      	add	r7, sp, #0
 8022a1e:	60f8      	str	r0, [r7, #12]
 8022a20:	60b9      	str	r1, [r7, #8]
 8022a22:	607a      	str	r2, [r7, #4]
C:/Users/leonardo/Desktop/Code/Github/DawnBGC/Libraries/FWLIB/src/gd32f4xx_gpio.c:293
    uint16_t i;
    uint32_t afrl, afrh;

    afrl = GPIO_AFSEL0(gpio_periph);
 8022a24:	68fb      	ldr	r3, [r7, #12]
 8022a26:	3320      	adds	r3, #32
 8022a28:	681b      	ldr	r3, [r3, #0]
 8022a2a:	61bb      	str	r3, [r7, #24]
C:/Users/leonardo/Desktop/Code/Github/DawnBGC/Libraries/FWLIB/src/gd32f4xx_gpio.c:294
    afrh = GPIO_AFSEL1(gpio_periph);
 8022a2c:	68fb      	ldr	r3, [r7, #12]
 8022a2e:	3324      	adds	r3, #36	; 0x24
 8022a30:	681b      	ldr	r3, [r3, #0]
 8022a32:	617b      	str	r3, [r7, #20]
C:/Users/leonardo/Desktop/Code/Github/DawnBGC/Libraries/FWLIB/src/gd32f4xx_gpio.c:296

    for(i = 0U;i < 8U;i++){
 8022a34:	2300      	movs	r3, #0
 8022a36:	83fb      	strh	r3, [r7, #30]
 8022a38:	e01a      	b.n	8022a70 <gpio_af_set+0x58>
C:/Users/leonardo/Desktop/Code/Github/DawnBGC/Libraries/FWLIB/src/gd32f4xx_gpio.c:297
        if((1U << i) & pin){
 8022a3a:	8bfb      	ldrh	r3, [r7, #30]
 8022a3c:	2201      	movs	r2, #1
 8022a3e:	409a      	lsls	r2, r3
 8022a40:	687b      	ldr	r3, [r7, #4]
 8022a42:	4013      	ands	r3, r2
 8022a44:	2b00      	cmp	r3, #0
 8022a46:	d010      	beq.n	8022a6a <gpio_af_set+0x52>
C:/Users/leonardo/Desktop/Code/Github/DawnBGC/Libraries/FWLIB/src/gd32f4xx_gpio.c:299
            /* clear the specified pin alternate function bits */
            afrl &= ~GPIO_AFR_MASK(i);
 8022a48:	8bfb      	ldrh	r3, [r7, #30]
 8022a4a:	009b      	lsls	r3, r3, #2
 8022a4c:	220f      	movs	r2, #15
 8022a4e:	fa02 f303 	lsl.w	r3, r2, r3
 8022a52:	43db      	mvns	r3, r3
 8022a54:	69ba      	ldr	r2, [r7, #24]
 8022a56:	4013      	ands	r3, r2
 8022a58:	61bb      	str	r3, [r7, #24]
C:/Users/leonardo/Desktop/Code/Github/DawnBGC/Libraries/FWLIB/src/gd32f4xx_gpio.c:300
            afrl |= GPIO_AFR_SET(i,alt_func_num);
 8022a5a:	8bfb      	ldrh	r3, [r7, #30]
 8022a5c:	009b      	lsls	r3, r3, #2
 8022a5e:	68ba      	ldr	r2, [r7, #8]
 8022a60:	fa02 f303 	lsl.w	r3, r2, r3
 8022a64:	69ba      	ldr	r2, [r7, #24]
 8022a66:	4313      	orrs	r3, r2
 8022a68:	61bb      	str	r3, [r7, #24]
C:/Users/leonardo/Desktop/Code/Github/DawnBGC/Libraries/FWLIB/src/gd32f4xx_gpio.c:296 (discriminator 2)
    for(i = 0U;i < 8U;i++){
 8022a6a:	8bfb      	ldrh	r3, [r7, #30]
 8022a6c:	3301      	adds	r3, #1
 8022a6e:	83fb      	strh	r3, [r7, #30]
C:/Users/leonardo/Desktop/Code/Github/DawnBGC/Libraries/FWLIB/src/gd32f4xx_gpio.c:296 (discriminator 1)
 8022a70:	8bfb      	ldrh	r3, [r7, #30]
 8022a72:	2b07      	cmp	r3, #7
 8022a74:	d9e1      	bls.n	8022a3a <gpio_af_set+0x22>
C:/Users/leonardo/Desktop/Code/Github/DawnBGC/Libraries/FWLIB/src/gd32f4xx_gpio.c:304
        }
    }

    for(i = 8U;i < 16U;i++){
 8022a76:	2308      	movs	r3, #8
 8022a78:	83fb      	strh	r3, [r7, #30]
 8022a7a:	e01c      	b.n	8022ab6 <gpio_af_set+0x9e>
C:/Users/leonardo/Desktop/Code/Github/DawnBGC/Libraries/FWLIB/src/gd32f4xx_gpio.c:305
        if((1U << i) & pin){
 8022a7c:	8bfb      	ldrh	r3, [r7, #30]
 8022a7e:	2201      	movs	r2, #1
 8022a80:	409a      	lsls	r2, r3
 8022a82:	687b      	ldr	r3, [r7, #4]
 8022a84:	4013      	ands	r3, r2
 8022a86:	2b00      	cmp	r3, #0
 8022a88:	d012      	beq.n	8022ab0 <gpio_af_set+0x98>
C:/Users/leonardo/Desktop/Code/Github/DawnBGC/Libraries/FWLIB/src/gd32f4xx_gpio.c:307
            /* clear the specified pin alternate function bits */
            afrh &= ~GPIO_AFR_MASK(i - 8U);
 8022a8a:	8bfb      	ldrh	r3, [r7, #30]
 8022a8c:	3b08      	subs	r3, #8
 8022a8e:	009b      	lsls	r3, r3, #2
 8022a90:	220f      	movs	r2, #15
 8022a92:	fa02 f303 	lsl.w	r3, r2, r3
 8022a96:	43db      	mvns	r3, r3
 8022a98:	697a      	ldr	r2, [r7, #20]
 8022a9a:	4013      	ands	r3, r2
 8022a9c:	617b      	str	r3, [r7, #20]
C:/Users/leonardo/Desktop/Code/Github/DawnBGC/Libraries/FWLIB/src/gd32f4xx_gpio.c:308
            afrh |= GPIO_AFR_SET(i - 8U,alt_func_num);
 8022a9e:	8bfb      	ldrh	r3, [r7, #30]
 8022aa0:	3b08      	subs	r3, #8
 8022aa2:	009b      	lsls	r3, r3, #2
 8022aa4:	68ba      	ldr	r2, [r7, #8]
 8022aa6:	fa02 f303 	lsl.w	r3, r2, r3
 8022aaa:	697a      	ldr	r2, [r7, #20]
 8022aac:	4313      	orrs	r3, r2
 8022aae:	617b      	str	r3, [r7, #20]
C:/Users/leonardo/Desktop/Code/Github/DawnBGC/Libraries/FWLIB/src/gd32f4xx_gpio.c:304 (discriminator 2)
    for(i = 8U;i < 16U;i++){
 8022ab0:	8bfb      	ldrh	r3, [r7, #30]
 8022ab2:	3301      	adds	r3, #1
 8022ab4:	83fb      	strh	r3, [r7, #30]
C:/Users/leonardo/Desktop/Code/Github/DawnBGC/Libraries/FWLIB/src/gd32f4xx_gpio.c:304 (discriminator 1)
 8022ab6:	8bfb      	ldrh	r3, [r7, #30]
 8022ab8:	2b0f      	cmp	r3, #15
 8022aba:	d9df      	bls.n	8022a7c <gpio_af_set+0x64>
C:/Users/leonardo/Desktop/Code/Github/DawnBGC/Libraries/FWLIB/src/gd32f4xx_gpio.c:312
        }
    }

    GPIO_AFSEL0(gpio_periph) = afrl;
 8022abc:	68fb      	ldr	r3, [r7, #12]
 8022abe:	3320      	adds	r3, #32
 8022ac0:	461a      	mov	r2, r3
 8022ac2:	69bb      	ldr	r3, [r7, #24]
 8022ac4:	6013      	str	r3, [r2, #0]
C:/Users/leonardo/Desktop/Code/Github/DawnBGC/Libraries/FWLIB/src/gd32f4xx_gpio.c:313
    GPIO_AFSEL1(gpio_periph) = afrh;
 8022ac6:	68fb      	ldr	r3, [r7, #12]
 8022ac8:	3324      	adds	r3, #36	; 0x24
 8022aca:	461a      	mov	r2, r3
 8022acc:	697b      	ldr	r3, [r7, #20]
 8022ace:	6013      	str	r3, [r2, #0]
C:/Users/leonardo/Desktop/Code/Github/DawnBGC/Libraries/FWLIB/src/gd32f4xx_gpio.c:314
}
 8022ad0:	bf00      	nop
 8022ad2:	3724      	adds	r7, #36	; 0x24
 8022ad4:	46bd      	mov	sp, r7
 8022ad6:	bc80      	pop	{r7}
 8022ad8:	4770      	bx	lr
	...

08022adc <exti_init>:
exti_init():
C:/Users/leonardo/Desktop/Code/Github/DawnBGC/Libraries/FWLIB/src/gd32f4xx_exti.c:50
    \retval     none
*/
void exti_init(exti_line_enum linex, \
                exti_mode_enum mode, \
                exti_trig_type_enum trig_type)
{
 8022adc:	b480      	push	{r7}
 8022ade:	b083      	sub	sp, #12
 8022ae0:	af00      	add	r7, sp, #0
 8022ae2:	6078      	str	r0, [r7, #4]
 8022ae4:	460b      	mov	r3, r1
 8022ae6:	70fb      	strb	r3, [r7, #3]
 8022ae8:	4613      	mov	r3, r2
 8022aea:	70bb      	strb	r3, [r7, #2]
C:/Users/leonardo/Desktop/Code/Github/DawnBGC/Libraries/FWLIB/src/gd32f4xx_exti.c:52
    /* reset the EXTI line x */
    EXTI_INTEN &= ~(uint32_t)linex;
 8022aec:	4b34      	ldr	r3, [pc, #208]	; (8022bc0 <exti_init+0xe4>)
 8022aee:	681a      	ldr	r2, [r3, #0]
 8022af0:	687b      	ldr	r3, [r7, #4]
 8022af2:	43db      	mvns	r3, r3
 8022af4:	4932      	ldr	r1, [pc, #200]	; (8022bc0 <exti_init+0xe4>)
 8022af6:	4013      	ands	r3, r2
 8022af8:	600b      	str	r3, [r1, #0]
C:/Users/leonardo/Desktop/Code/Github/DawnBGC/Libraries/FWLIB/src/gd32f4xx_exti.c:53
    EXTI_EVEN &= ~(uint32_t)linex;
 8022afa:	4b32      	ldr	r3, [pc, #200]	; (8022bc4 <exti_init+0xe8>)
 8022afc:	681a      	ldr	r2, [r3, #0]
 8022afe:	687b      	ldr	r3, [r7, #4]
 8022b00:	43db      	mvns	r3, r3
 8022b02:	4930      	ldr	r1, [pc, #192]	; (8022bc4 <exti_init+0xe8>)
 8022b04:	4013      	ands	r3, r2
 8022b06:	600b      	str	r3, [r1, #0]
C:/Users/leonardo/Desktop/Code/Github/DawnBGC/Libraries/FWLIB/src/gd32f4xx_exti.c:54
    EXTI_RTEN &= ~(uint32_t)linex;
 8022b08:	4b2f      	ldr	r3, [pc, #188]	; (8022bc8 <exti_init+0xec>)
 8022b0a:	681a      	ldr	r2, [r3, #0]
 8022b0c:	687b      	ldr	r3, [r7, #4]
 8022b0e:	43db      	mvns	r3, r3
 8022b10:	492d      	ldr	r1, [pc, #180]	; (8022bc8 <exti_init+0xec>)
 8022b12:	4013      	ands	r3, r2
 8022b14:	600b      	str	r3, [r1, #0]
C:/Users/leonardo/Desktop/Code/Github/DawnBGC/Libraries/FWLIB/src/gd32f4xx_exti.c:55
    EXTI_FTEN &= ~(uint32_t)linex;
 8022b16:	4b2d      	ldr	r3, [pc, #180]	; (8022bcc <exti_init+0xf0>)
 8022b18:	681a      	ldr	r2, [r3, #0]
 8022b1a:	687b      	ldr	r3, [r7, #4]
 8022b1c:	43db      	mvns	r3, r3
 8022b1e:	492b      	ldr	r1, [pc, #172]	; (8022bcc <exti_init+0xf0>)
 8022b20:	4013      	ands	r3, r2
 8022b22:	600b      	str	r3, [r1, #0]
C:/Users/leonardo/Desktop/Code/Github/DawnBGC/Libraries/FWLIB/src/gd32f4xx_exti.c:58
    
    /* set the EXTI mode and enable the interrupts or events from EXTI line x */
    switch(mode){
 8022b24:	78fb      	ldrb	r3, [r7, #3]
 8022b26:	2b00      	cmp	r3, #0
 8022b28:	d002      	beq.n	8022b30 <exti_init+0x54>
 8022b2a:	2b01      	cmp	r3, #1
 8022b2c:	d007      	beq.n	8022b3e <exti_init+0x62>
C:/Users/leonardo/Desktop/Code/Github/DawnBGC/Libraries/FWLIB/src/gd32f4xx_exti.c:66
        break;
    case EXTI_EVENT:
        EXTI_EVEN |= (uint32_t)linex;
        break;
    default:
        break;
 8022b2e:	e00d      	b.n	8022b4c <exti_init+0x70>
C:/Users/leonardo/Desktop/Code/Github/DawnBGC/Libraries/FWLIB/src/gd32f4xx_exti.c:60
        EXTI_INTEN |= (uint32_t)linex;
 8022b30:	4b23      	ldr	r3, [pc, #140]	; (8022bc0 <exti_init+0xe4>)
 8022b32:	681a      	ldr	r2, [r3, #0]
 8022b34:	4922      	ldr	r1, [pc, #136]	; (8022bc0 <exti_init+0xe4>)
 8022b36:	687b      	ldr	r3, [r7, #4]
 8022b38:	4313      	orrs	r3, r2
 8022b3a:	600b      	str	r3, [r1, #0]
C:/Users/leonardo/Desktop/Code/Github/DawnBGC/Libraries/FWLIB/src/gd32f4xx_exti.c:61
        break;
 8022b3c:	e006      	b.n	8022b4c <exti_init+0x70>
C:/Users/leonardo/Desktop/Code/Github/DawnBGC/Libraries/FWLIB/src/gd32f4xx_exti.c:63
        EXTI_EVEN |= (uint32_t)linex;
 8022b3e:	4b21      	ldr	r3, [pc, #132]	; (8022bc4 <exti_init+0xe8>)
 8022b40:	681a      	ldr	r2, [r3, #0]
 8022b42:	4920      	ldr	r1, [pc, #128]	; (8022bc4 <exti_init+0xe8>)
 8022b44:	687b      	ldr	r3, [r7, #4]
 8022b46:	4313      	orrs	r3, r2
 8022b48:	600b      	str	r3, [r1, #0]
C:/Users/leonardo/Desktop/Code/Github/DawnBGC/Libraries/FWLIB/src/gd32f4xx_exti.c:64
        break;
 8022b4a:	bf00      	nop
C:/Users/leonardo/Desktop/Code/Github/DawnBGC/Libraries/FWLIB/src/gd32f4xx_exti.c:70
    }
    
    /* set the EXTI trigger type */
    switch(trig_type){
 8022b4c:	78bb      	ldrb	r3, [r7, #2]
 8022b4e:	2b02      	cmp	r3, #2
 8022b50:	d022      	beq.n	8022b98 <exti_init+0xbc>
 8022b52:	2b02      	cmp	r3, #2
 8022b54:	dc2d      	bgt.n	8022bb2 <exti_init+0xd6>
 8022b56:	2b00      	cmp	r3, #0
 8022b58:	d002      	beq.n	8022b60 <exti_init+0x84>
 8022b5a:	2b01      	cmp	r3, #1
 8022b5c:	d00e      	beq.n	8022b7c <exti_init+0xa0>
C:/Users/leonardo/Desktop/Code/Github/DawnBGC/Libraries/FWLIB/src/gd32f4xx_exti.c:84
    case EXTI_TRIG_BOTH:
        EXTI_RTEN |= (uint32_t)linex;
        EXTI_FTEN |= (uint32_t)linex;
        break;
    default:
        break;
 8022b5e:	e028      	b.n	8022bb2 <exti_init+0xd6>
C:/Users/leonardo/Desktop/Code/Github/DawnBGC/Libraries/FWLIB/src/gd32f4xx_exti.c:72
        EXTI_RTEN |= (uint32_t)linex;
 8022b60:	4b19      	ldr	r3, [pc, #100]	; (8022bc8 <exti_init+0xec>)
 8022b62:	681a      	ldr	r2, [r3, #0]
 8022b64:	4918      	ldr	r1, [pc, #96]	; (8022bc8 <exti_init+0xec>)
 8022b66:	687b      	ldr	r3, [r7, #4]
 8022b68:	4313      	orrs	r3, r2
 8022b6a:	600b      	str	r3, [r1, #0]
C:/Users/leonardo/Desktop/Code/Github/DawnBGC/Libraries/FWLIB/src/gd32f4xx_exti.c:73
        EXTI_FTEN &= ~(uint32_t)linex;
 8022b6c:	4b17      	ldr	r3, [pc, #92]	; (8022bcc <exti_init+0xf0>)
 8022b6e:	681a      	ldr	r2, [r3, #0]
 8022b70:	687b      	ldr	r3, [r7, #4]
 8022b72:	43db      	mvns	r3, r3
 8022b74:	4915      	ldr	r1, [pc, #84]	; (8022bcc <exti_init+0xf0>)
 8022b76:	4013      	ands	r3, r2
 8022b78:	600b      	str	r3, [r1, #0]
C:/Users/leonardo/Desktop/Code/Github/DawnBGC/Libraries/FWLIB/src/gd32f4xx_exti.c:74
        break;
 8022b7a:	e01b      	b.n	8022bb4 <exti_init+0xd8>
C:/Users/leonardo/Desktop/Code/Github/DawnBGC/Libraries/FWLIB/src/gd32f4xx_exti.c:76
        EXTI_RTEN &= ~(uint32_t)linex;
 8022b7c:	4b12      	ldr	r3, [pc, #72]	; (8022bc8 <exti_init+0xec>)
 8022b7e:	681a      	ldr	r2, [r3, #0]
 8022b80:	687b      	ldr	r3, [r7, #4]
 8022b82:	43db      	mvns	r3, r3
 8022b84:	4910      	ldr	r1, [pc, #64]	; (8022bc8 <exti_init+0xec>)
 8022b86:	4013      	ands	r3, r2
 8022b88:	600b      	str	r3, [r1, #0]
C:/Users/leonardo/Desktop/Code/Github/DawnBGC/Libraries/FWLIB/src/gd32f4xx_exti.c:77
        EXTI_FTEN |= (uint32_t)linex;
 8022b8a:	4b10      	ldr	r3, [pc, #64]	; (8022bcc <exti_init+0xf0>)
 8022b8c:	681a      	ldr	r2, [r3, #0]
 8022b8e:	490f      	ldr	r1, [pc, #60]	; (8022bcc <exti_init+0xf0>)
 8022b90:	687b      	ldr	r3, [r7, #4]
 8022b92:	4313      	orrs	r3, r2
 8022b94:	600b      	str	r3, [r1, #0]
C:/Users/leonardo/Desktop/Code/Github/DawnBGC/Libraries/FWLIB/src/gd32f4xx_exti.c:78
        break;
 8022b96:	e00d      	b.n	8022bb4 <exti_init+0xd8>
C:/Users/leonardo/Desktop/Code/Github/DawnBGC/Libraries/FWLIB/src/gd32f4xx_exti.c:80
        EXTI_RTEN |= (uint32_t)linex;
 8022b98:	4b0b      	ldr	r3, [pc, #44]	; (8022bc8 <exti_init+0xec>)
 8022b9a:	681a      	ldr	r2, [r3, #0]
 8022b9c:	490a      	ldr	r1, [pc, #40]	; (8022bc8 <exti_init+0xec>)
 8022b9e:	687b      	ldr	r3, [r7, #4]
 8022ba0:	4313      	orrs	r3, r2
 8022ba2:	600b      	str	r3, [r1, #0]
C:/Users/leonardo/Desktop/Code/Github/DawnBGC/Libraries/FWLIB/src/gd32f4xx_exti.c:81
        EXTI_FTEN |= (uint32_t)linex;
 8022ba4:	4b09      	ldr	r3, [pc, #36]	; (8022bcc <exti_init+0xf0>)
 8022ba6:	681a      	ldr	r2, [r3, #0]
 8022ba8:	4908      	ldr	r1, [pc, #32]	; (8022bcc <exti_init+0xf0>)
 8022baa:	687b      	ldr	r3, [r7, #4]
 8022bac:	4313      	orrs	r3, r2
 8022bae:	600b      	str	r3, [r1, #0]
C:/Users/leonardo/Desktop/Code/Github/DawnBGC/Libraries/FWLIB/src/gd32f4xx_exti.c:82
        break;
 8022bb0:	e000      	b.n	8022bb4 <exti_init+0xd8>
C:/Users/leonardo/Desktop/Code/Github/DawnBGC/Libraries/FWLIB/src/gd32f4xx_exti.c:84
        break;
 8022bb2:	bf00      	nop
C:/Users/leonardo/Desktop/Code/Github/DawnBGC/Libraries/FWLIB/src/gd32f4xx_exti.c:86
    }
}
 8022bb4:	bf00      	nop
 8022bb6:	370c      	adds	r7, #12
 8022bb8:	46bd      	mov	sp, r7
 8022bba:	bc80      	pop	{r7}
 8022bbc:	4770      	bx	lr
 8022bbe:	bf00      	nop
 8022bc0:	40013c00 	.word	0x40013c00
 8022bc4:	40013c04 	.word	0x40013c04
 8022bc8:	40013c08 	.word	0x40013c08
 8022bcc:	40013c0c 	.word	0x40013c0c

08022bd0 <exti_interrupt_flag_clear>:
exti_interrupt_flag_clear():
C:/Users/leonardo/Desktop/Code/Github/DawnBGC/Libraries/FWLIB/src/gd32f4xx_exti.c:201
      \arg        EXTI_x (x=0..22): EXTI line x
    \param[out] none
    \retval     none
*/
void exti_interrupt_flag_clear(exti_line_enum linex)
{
 8022bd0:	b480      	push	{r7}
 8022bd2:	b083      	sub	sp, #12
 8022bd4:	af00      	add	r7, sp, #0
 8022bd6:	6078      	str	r0, [r7, #4]
C:/Users/leonardo/Desktop/Code/Github/DawnBGC/Libraries/FWLIB/src/gd32f4xx_exti.c:202
    EXTI_PD = (uint32_t)linex;
 8022bd8:	4a03      	ldr	r2, [pc, #12]	; (8022be8 <exti_interrupt_flag_clear+0x18>)
 8022bda:	687b      	ldr	r3, [r7, #4]
 8022bdc:	6013      	str	r3, [r2, #0]
C:/Users/leonardo/Desktop/Code/Github/DawnBGC/Libraries/FWLIB/src/gd32f4xx_exti.c:203
}
 8022bde:	bf00      	nop
 8022be0:	370c      	adds	r7, #12
 8022be2:	46bd      	mov	sp, r7
 8022be4:	bc80      	pop	{r7}
 8022be6:	4770      	bx	lr
 8022be8:	40013c14 	.word	0x40013c14

08022bec <exti_software_interrupt_enable>:
exti_software_interrupt_enable():
C:/Users/leonardo/Desktop/Code/Github/DawnBGC/Libraries/FWLIB/src/gd32f4xx_exti.c:214
      \arg        EXTI_x (x=0..22): EXTI line x
    \param[out] none
    \retval     none
*/
void exti_software_interrupt_enable(exti_line_enum linex)
{
 8022bec:	b480      	push	{r7}
 8022bee:	b083      	sub	sp, #12
 8022bf0:	af00      	add	r7, sp, #0
 8022bf2:	6078      	str	r0, [r7, #4]
C:/Users/leonardo/Desktop/Code/Github/DawnBGC/Libraries/FWLIB/src/gd32f4xx_exti.c:215
    EXTI_SWIEV |= (uint32_t)linex;
 8022bf4:	4b05      	ldr	r3, [pc, #20]	; (8022c0c <exti_software_interrupt_enable+0x20>)
 8022bf6:	681a      	ldr	r2, [r3, #0]
 8022bf8:	4904      	ldr	r1, [pc, #16]	; (8022c0c <exti_software_interrupt_enable+0x20>)
 8022bfa:	687b      	ldr	r3, [r7, #4]
 8022bfc:	4313      	orrs	r3, r2
 8022bfe:	600b      	str	r3, [r1, #0]
C:/Users/leonardo/Desktop/Code/Github/DawnBGC/Libraries/FWLIB/src/gd32f4xx_exti.c:216
}
 8022c00:	bf00      	nop
 8022c02:	370c      	adds	r7, #12
 8022c04:	46bd      	mov	sp, r7
 8022c06:	bc80      	pop	{r7}
 8022c08:	4770      	bx	lr
 8022c0a:	bf00      	nop
 8022c0c:	40013c10 	.word	0x40013c10

08022c10 <dma_deinit>:
dma_deinit():
C:/Users/leonardo/Desktop/Code/Github/DawnBGC/Libraries/FWLIB/src/gd32f4xx_dma.c:27
      \arg        DMA_CHx(x=0..7)
    \param[out] none
    \retval     none
*/
void dma_deinit(uint32_t dma_periph,dma_channel_enum channelx)
{
 8022c10:	b480      	push	{r7}
 8022c12:	b083      	sub	sp, #12
 8022c14:	af00      	add	r7, sp, #0
 8022c16:	6078      	str	r0, [r7, #4]
 8022c18:	460b      	mov	r3, r1
 8022c1a:	70fb      	strb	r3, [r7, #3]
C:/Users/leonardo/Desktop/Code/Github/DawnBGC/Libraries/FWLIB/src/gd32f4xx_dma.c:29
    /* disable DMA a channel */
    DMA_CHCTL(dma_periph,channelx) &= ~DMA_CHXCTL_CHEN;
 8022c1c:	78fa      	ldrb	r2, [r7, #3]
 8022c1e:	4613      	mov	r3, r2
 8022c20:	005b      	lsls	r3, r3, #1
 8022c22:	4413      	add	r3, r2
 8022c24:	00db      	lsls	r3, r3, #3
 8022c26:	461a      	mov	r2, r3
 8022c28:	687b      	ldr	r3, [r7, #4]
 8022c2a:	4413      	add	r3, r2
 8022c2c:	3310      	adds	r3, #16
 8022c2e:	6819      	ldr	r1, [r3, #0]
 8022c30:	78fa      	ldrb	r2, [r7, #3]
 8022c32:	4613      	mov	r3, r2
 8022c34:	005b      	lsls	r3, r3, #1
 8022c36:	4413      	add	r3, r2
 8022c38:	00db      	lsls	r3, r3, #3
 8022c3a:	461a      	mov	r2, r3
 8022c3c:	687b      	ldr	r3, [r7, #4]
 8022c3e:	4413      	add	r3, r2
 8022c40:	3310      	adds	r3, #16
 8022c42:	461a      	mov	r2, r3
 8022c44:	f021 0301 	bic.w	r3, r1, #1
 8022c48:	6013      	str	r3, [r2, #0]
C:/Users/leonardo/Desktop/Code/Github/DawnBGC/Libraries/FWLIB/src/gd32f4xx_dma.c:31
    /* reset DMA channel registers */
    DMA_CHCTL(dma_periph,channelx) = DMA_CHCTL_RESET_VALUE;
 8022c4a:	78fa      	ldrb	r2, [r7, #3]
 8022c4c:	4613      	mov	r3, r2
 8022c4e:	005b      	lsls	r3, r3, #1
 8022c50:	4413      	add	r3, r2
 8022c52:	00db      	lsls	r3, r3, #3
 8022c54:	461a      	mov	r2, r3
 8022c56:	687b      	ldr	r3, [r7, #4]
 8022c58:	4413      	add	r3, r2
 8022c5a:	3310      	adds	r3, #16
 8022c5c:	461a      	mov	r2, r3
 8022c5e:	2300      	movs	r3, #0
 8022c60:	6013      	str	r3, [r2, #0]
C:/Users/leonardo/Desktop/Code/Github/DawnBGC/Libraries/FWLIB/src/gd32f4xx_dma.c:32
    DMA_CHCNT(dma_periph,channelx) = DMA_CHCNT_RESET_VALUE;
 8022c62:	78fa      	ldrb	r2, [r7, #3]
 8022c64:	4613      	mov	r3, r2
 8022c66:	005b      	lsls	r3, r3, #1
 8022c68:	4413      	add	r3, r2
 8022c6a:	00db      	lsls	r3, r3, #3
 8022c6c:	461a      	mov	r2, r3
 8022c6e:	687b      	ldr	r3, [r7, #4]
 8022c70:	4413      	add	r3, r2
 8022c72:	3314      	adds	r3, #20
 8022c74:	461a      	mov	r2, r3
 8022c76:	2300      	movs	r3, #0
 8022c78:	6013      	str	r3, [r2, #0]
C:/Users/leonardo/Desktop/Code/Github/DawnBGC/Libraries/FWLIB/src/gd32f4xx_dma.c:33
    DMA_CHPADDR(dma_periph,channelx) = DMA_CHPADDR_RESET_VALUE;
 8022c7a:	78fa      	ldrb	r2, [r7, #3]
 8022c7c:	4613      	mov	r3, r2
 8022c7e:	005b      	lsls	r3, r3, #1
 8022c80:	4413      	add	r3, r2
 8022c82:	00db      	lsls	r3, r3, #3
 8022c84:	461a      	mov	r2, r3
 8022c86:	687b      	ldr	r3, [r7, #4]
 8022c88:	4413      	add	r3, r2
 8022c8a:	3318      	adds	r3, #24
 8022c8c:	461a      	mov	r2, r3
 8022c8e:	2300      	movs	r3, #0
 8022c90:	6013      	str	r3, [r2, #0]
C:/Users/leonardo/Desktop/Code/Github/DawnBGC/Libraries/FWLIB/src/gd32f4xx_dma.c:34
    DMA_CHM0ADDR(dma_periph,channelx) = DMA_CHMADDR_RESET_VALUE;
 8022c92:	78fa      	ldrb	r2, [r7, #3]
 8022c94:	4613      	mov	r3, r2
 8022c96:	005b      	lsls	r3, r3, #1
 8022c98:	4413      	add	r3, r2
 8022c9a:	00db      	lsls	r3, r3, #3
 8022c9c:	461a      	mov	r2, r3
 8022c9e:	687b      	ldr	r3, [r7, #4]
 8022ca0:	4413      	add	r3, r2
 8022ca2:	331c      	adds	r3, #28
 8022ca4:	461a      	mov	r2, r3
 8022ca6:	2300      	movs	r3, #0
 8022ca8:	6013      	str	r3, [r2, #0]
C:/Users/leonardo/Desktop/Code/Github/DawnBGC/Libraries/FWLIB/src/gd32f4xx_dma.c:35
    DMA_CHM1ADDR(dma_periph,channelx) = DMA_CHMADDR_RESET_VALUE;
 8022caa:	78fa      	ldrb	r2, [r7, #3]
 8022cac:	4613      	mov	r3, r2
 8022cae:	005b      	lsls	r3, r3, #1
 8022cb0:	4413      	add	r3, r2
 8022cb2:	00db      	lsls	r3, r3, #3
 8022cb4:	461a      	mov	r2, r3
 8022cb6:	687b      	ldr	r3, [r7, #4]
 8022cb8:	4413      	add	r3, r2
 8022cba:	3320      	adds	r3, #32
 8022cbc:	461a      	mov	r2, r3
 8022cbe:	2300      	movs	r3, #0
 8022cc0:	6013      	str	r3, [r2, #0]
C:/Users/leonardo/Desktop/Code/Github/DawnBGC/Libraries/FWLIB/src/gd32f4xx_dma.c:36
    DMA_CHFCTL(dma_periph,channelx) = DMA_CHFCTL_RESET_VALUE;
 8022cc2:	78fa      	ldrb	r2, [r7, #3]
 8022cc4:	4613      	mov	r3, r2
 8022cc6:	005b      	lsls	r3, r3, #1
 8022cc8:	4413      	add	r3, r2
 8022cca:	00db      	lsls	r3, r3, #3
 8022ccc:	461a      	mov	r2, r3
 8022cce:	687b      	ldr	r3, [r7, #4]
 8022cd0:	4413      	add	r3, r2
 8022cd2:	3324      	adds	r3, #36	; 0x24
 8022cd4:	461a      	mov	r2, r3
 8022cd6:	2300      	movs	r3, #0
 8022cd8:	6013      	str	r3, [r2, #0]
C:/Users/leonardo/Desktop/Code/Github/DawnBGC/Libraries/FWLIB/src/gd32f4xx_dma.c:37
    if(channelx < DMA_CH4){
 8022cda:	78fb      	ldrb	r3, [r7, #3]
 8022cdc:	2b03      	cmp	r3, #3
 8022cde:	d817      	bhi.n	8022d10 <dma_deinit+0x100>
C:/Users/leonardo/Desktop/Code/Github/DawnBGC/Libraries/FWLIB/src/gd32f4xx_dma.c:38
        DMA_INTC0(dma_periph) |= DMA_FLAG_ADD(DMA_CHINTF_RESET_VALUE,channelx);
 8022ce0:	687b      	ldr	r3, [r7, #4]
 8022ce2:	3308      	adds	r3, #8
 8022ce4:	6819      	ldr	r1, [r3, #0]
 8022ce6:	78fa      	ldrb	r2, [r7, #3]
 8022ce8:	4613      	mov	r3, r2
 8022cea:	005b      	lsls	r3, r3, #1
 8022cec:	4413      	add	r3, r2
 8022cee:	005b      	lsls	r3, r3, #1
 8022cf0:	461a      	mov	r2, r3
 8022cf2:	78fb      	ldrb	r3, [r7, #3]
 8022cf4:	085b      	lsrs	r3, r3, #1
 8022cf6:	b2db      	uxtb	r3, r3
 8022cf8:	f003 0301 	and.w	r3, r3, #1
 8022cfc:	009b      	lsls	r3, r3, #2
 8022cfe:	4413      	add	r3, r2
 8022d00:	223d      	movs	r2, #61	; 0x3d
 8022d02:	fa02 f303 	lsl.w	r3, r2, r3
 8022d06:	687a      	ldr	r2, [r7, #4]
 8022d08:	3208      	adds	r2, #8
 8022d0a:	430b      	orrs	r3, r1
 8022d0c:	6013      	str	r3, [r2, #0]
C:/Users/leonardo/Desktop/Code/Github/DawnBGC/Libraries/FWLIB/src/gd32f4xx_dma.c:43
    }else{
        channelx -= (dma_channel_enum)4;
        DMA_INTC1(dma_periph) |= DMA_FLAG_ADD(DMA_CHINTF_RESET_VALUE,channelx);
    }
}
 8022d0e:	e019      	b.n	8022d44 <dma_deinit+0x134>
C:/Users/leonardo/Desktop/Code/Github/DawnBGC/Libraries/FWLIB/src/gd32f4xx_dma.c:40
        channelx -= (dma_channel_enum)4;
 8022d10:	78fb      	ldrb	r3, [r7, #3]
 8022d12:	3b04      	subs	r3, #4
 8022d14:	70fb      	strb	r3, [r7, #3]
C:/Users/leonardo/Desktop/Code/Github/DawnBGC/Libraries/FWLIB/src/gd32f4xx_dma.c:41
        DMA_INTC1(dma_periph) |= DMA_FLAG_ADD(DMA_CHINTF_RESET_VALUE,channelx);
 8022d16:	687b      	ldr	r3, [r7, #4]
 8022d18:	330c      	adds	r3, #12
 8022d1a:	6819      	ldr	r1, [r3, #0]
 8022d1c:	78fa      	ldrb	r2, [r7, #3]
 8022d1e:	4613      	mov	r3, r2
 8022d20:	005b      	lsls	r3, r3, #1
 8022d22:	4413      	add	r3, r2
 8022d24:	005b      	lsls	r3, r3, #1
 8022d26:	461a      	mov	r2, r3
 8022d28:	78fb      	ldrb	r3, [r7, #3]
 8022d2a:	085b      	lsrs	r3, r3, #1
 8022d2c:	b2db      	uxtb	r3, r3
 8022d2e:	f003 0301 	and.w	r3, r3, #1
 8022d32:	009b      	lsls	r3, r3, #2
 8022d34:	4413      	add	r3, r2
 8022d36:	223d      	movs	r2, #61	; 0x3d
 8022d38:	fa02 f303 	lsl.w	r3, r2, r3
 8022d3c:	687a      	ldr	r2, [r7, #4]
 8022d3e:	320c      	adds	r2, #12
 8022d40:	430b      	orrs	r3, r1
 8022d42:	6013      	str	r3, [r2, #0]
C:/Users/leonardo/Desktop/Code/Github/DawnBGC/Libraries/FWLIB/src/gd32f4xx_dma.c:43
}
 8022d44:	bf00      	nop
 8022d46:	370c      	adds	r7, #12
 8022d48:	46bd      	mov	sp, r7
 8022d4a:	bc80      	pop	{r7}
 8022d4c:	4770      	bx	lr

08022d4e <dma_single_data_mode_init>:
dma_single_data_mode_init():
C:/Users/leonardo/Desktop/Code/Github/DawnBGC/Libraries/FWLIB/src/gd32f4xx_dma.c:65
                  circular_mode: DMA_CIRCULAR_MODE_ENABLE,DMA_CIRCULAR_MODE_DISABLE
    \param[out] none
    \retval     none
*/
void dma_single_data_mode_init(uint32_t dma_periph,dma_channel_enum channelx,dma_single_data_parameter_struct init_struct)
{
 8022d4e:	b082      	sub	sp, #8
 8022d50:	b480      	push	{r7}
 8022d52:	b085      	sub	sp, #20
 8022d54:	af00      	add	r7, sp, #0
 8022d56:	6078      	str	r0, [r7, #4]
 8022d58:	f107 0018 	add.w	r0, r7, #24
 8022d5c:	e880 000c 	stmia.w	r0, {r2, r3}
 8022d60:	460b      	mov	r3, r1
 8022d62:	70fb      	strb	r3, [r7, #3]
C:/Users/leonardo/Desktop/Code/Github/DawnBGC/Libraries/FWLIB/src/gd32f4xx_dma.c:69
    uint32_t ctl;
    
    /* select single data mode */
    DMA_CHFCTL(dma_periph,channelx) &= ~DMA_CHXFCTL_MDMEN;
 8022d64:	78fa      	ldrb	r2, [r7, #3]
 8022d66:	4613      	mov	r3, r2
 8022d68:	005b      	lsls	r3, r3, #1
 8022d6a:	4413      	add	r3, r2
 8022d6c:	00db      	lsls	r3, r3, #3
 8022d6e:	461a      	mov	r2, r3
 8022d70:	687b      	ldr	r3, [r7, #4]
 8022d72:	4413      	add	r3, r2
 8022d74:	3324      	adds	r3, #36	; 0x24
 8022d76:	6819      	ldr	r1, [r3, #0]
 8022d78:	78fa      	ldrb	r2, [r7, #3]
 8022d7a:	4613      	mov	r3, r2
 8022d7c:	005b      	lsls	r3, r3, #1
 8022d7e:	4413      	add	r3, r2
 8022d80:	00db      	lsls	r3, r3, #3
 8022d82:	461a      	mov	r2, r3
 8022d84:	687b      	ldr	r3, [r7, #4]
 8022d86:	4413      	add	r3, r2
 8022d88:	3324      	adds	r3, #36	; 0x24
 8022d8a:	461a      	mov	r2, r3
 8022d8c:	f021 0304 	bic.w	r3, r1, #4
 8022d90:	6013      	str	r3, [r2, #0]
C:/Users/leonardo/Desktop/Code/Github/DawnBGC/Libraries/FWLIB/src/gd32f4xx_dma.c:72
    
    /* configure peripheral base address */
    DMA_CHPADDR(dma_periph,channelx) = init_struct.periph_addr;
 8022d92:	78fa      	ldrb	r2, [r7, #3]
 8022d94:	4613      	mov	r3, r2
 8022d96:	005b      	lsls	r3, r3, #1
 8022d98:	4413      	add	r3, r2
 8022d9a:	00db      	lsls	r3, r3, #3
 8022d9c:	461a      	mov	r2, r3
 8022d9e:	687b      	ldr	r3, [r7, #4]
 8022da0:	4413      	add	r3, r2
 8022da2:	3318      	adds	r3, #24
 8022da4:	461a      	mov	r2, r3
 8022da6:	69bb      	ldr	r3, [r7, #24]
 8022da8:	6013      	str	r3, [r2, #0]
C:/Users/leonardo/Desktop/Code/Github/DawnBGC/Libraries/FWLIB/src/gd32f4xx_dma.c:75
    
    /* configure memory base address */
    DMA_CHM0ADDR(dma_periph,channelx) = init_struct.memory0_addr;
 8022daa:	78fa      	ldrb	r2, [r7, #3]
 8022dac:	4613      	mov	r3, r2
 8022dae:	005b      	lsls	r3, r3, #1
 8022db0:	4413      	add	r3, r2
 8022db2:	00db      	lsls	r3, r3, #3
 8022db4:	461a      	mov	r2, r3
 8022db6:	687b      	ldr	r3, [r7, #4]
 8022db8:	4413      	add	r3, r2
 8022dba:	331c      	adds	r3, #28
 8022dbc:	461a      	mov	r2, r3
 8022dbe:	6a3b      	ldr	r3, [r7, #32]
 8022dc0:	6013      	str	r3, [r2, #0]
C:/Users/leonardo/Desktop/Code/Github/DawnBGC/Libraries/FWLIB/src/gd32f4xx_dma.c:78
    
    /* configure the number of remaining data to be transferred */
    DMA_CHCNT(dma_periph,channelx) = init_struct.number;
 8022dc2:	78fa      	ldrb	r2, [r7, #3]
 8022dc4:	4613      	mov	r3, r2
 8022dc6:	005b      	lsls	r3, r3, #1
 8022dc8:	4413      	add	r3, r2
 8022dca:	00db      	lsls	r3, r3, #3
 8022dcc:	461a      	mov	r2, r3
 8022dce:	687b      	ldr	r3, [r7, #4]
 8022dd0:	4413      	add	r3, r2
 8022dd2:	3314      	adds	r3, #20
 8022dd4:	461a      	mov	r2, r3
 8022dd6:	6b7b      	ldr	r3, [r7, #52]	; 0x34
 8022dd8:	6013      	str	r3, [r2, #0]
C:/Users/leonardo/Desktop/Code/Github/DawnBGC/Libraries/FWLIB/src/gd32f4xx_dma.c:81
    
    /* configure peripheral and memory transfer width,channel priotity,transfer mode */
    ctl = DMA_CHCTL(dma_periph,channelx);
 8022dda:	78fa      	ldrb	r2, [r7, #3]
 8022ddc:	4613      	mov	r3, r2
 8022dde:	005b      	lsls	r3, r3, #1
 8022de0:	4413      	add	r3, r2
 8022de2:	00db      	lsls	r3, r3, #3
 8022de4:	461a      	mov	r2, r3
 8022de6:	687b      	ldr	r3, [r7, #4]
 8022de8:	4413      	add	r3, r2
 8022dea:	3310      	adds	r3, #16
 8022dec:	681b      	ldr	r3, [r3, #0]
 8022dee:	60fb      	str	r3, [r7, #12]
C:/Users/leonardo/Desktop/Code/Github/DawnBGC/Libraries/FWLIB/src/gd32f4xx_dma.c:82
    ctl &= ~(DMA_CHXCTL_PWIDTH | DMA_CHXCTL_MWIDTH | DMA_CHXCTL_PRIO | DMA_CHXCTL_TM);
 8022df0:	68fb      	ldr	r3, [r7, #12]
 8022df2:	f423 335e 	bic.w	r3, r3, #227328	; 0x37800
 8022df6:	f023 03c0 	bic.w	r3, r3, #192	; 0xc0
 8022dfa:	60fb      	str	r3, [r7, #12]
C:/Users/leonardo/Desktop/Code/Github/DawnBGC/Libraries/FWLIB/src/gd32f4xx_dma.c:83
    ctl |= (init_struct.periph_memory_width | (init_struct.periph_memory_width << 2) | init_struct.priority | init_struct.direction);
 8022dfc:	6aba      	ldr	r2, [r7, #40]	; 0x28
 8022dfe:	6abb      	ldr	r3, [r7, #40]	; 0x28
 8022e00:	009b      	lsls	r3, r3, #2
 8022e02:	431a      	orrs	r2, r3
 8022e04:	6bbb      	ldr	r3, [r7, #56]	; 0x38
 8022e06:	431a      	orrs	r2, r3
 8022e08:	6b3b      	ldr	r3, [r7, #48]	; 0x30
 8022e0a:	4313      	orrs	r3, r2
 8022e0c:	68fa      	ldr	r2, [r7, #12]
 8022e0e:	4313      	orrs	r3, r2
 8022e10:	60fb      	str	r3, [r7, #12]
C:/Users/leonardo/Desktop/Code/Github/DawnBGC/Libraries/FWLIB/src/gd32f4xx_dma.c:84
    DMA_CHCTL(dma_periph,channelx) = ctl;
 8022e12:	78fa      	ldrb	r2, [r7, #3]
 8022e14:	4613      	mov	r3, r2
 8022e16:	005b      	lsls	r3, r3, #1
 8022e18:	4413      	add	r3, r2
 8022e1a:	00db      	lsls	r3, r3, #3
 8022e1c:	461a      	mov	r2, r3
 8022e1e:	687b      	ldr	r3, [r7, #4]
 8022e20:	4413      	add	r3, r2
 8022e22:	3310      	adds	r3, #16
 8022e24:	461a      	mov	r2, r3
 8022e26:	68fb      	ldr	r3, [r7, #12]
 8022e28:	6013      	str	r3, [r2, #0]
C:/Users/leonardo/Desktop/Code/Github/DawnBGC/Libraries/FWLIB/src/gd32f4xx_dma.c:87

    /* configure peripheral increasing mode */
    if(DMA_PERIPH_INCREASE_ENABLE == init_struct.periph_inc){
 8022e2a:	69fb      	ldr	r3, [r7, #28]
 8022e2c:	2b00      	cmp	r3, #0
 8022e2e:	d117      	bne.n	8022e60 <dma_single_data_mode_init+0x112>
C:/Users/leonardo/Desktop/Code/Github/DawnBGC/Libraries/FWLIB/src/gd32f4xx_dma.c:88
        DMA_CHCTL(dma_periph,channelx) |= DMA_CHXCTL_PNAGA;
 8022e30:	78fa      	ldrb	r2, [r7, #3]
 8022e32:	4613      	mov	r3, r2
 8022e34:	005b      	lsls	r3, r3, #1
 8022e36:	4413      	add	r3, r2
 8022e38:	00db      	lsls	r3, r3, #3
 8022e3a:	461a      	mov	r2, r3
 8022e3c:	687b      	ldr	r3, [r7, #4]
 8022e3e:	4413      	add	r3, r2
 8022e40:	3310      	adds	r3, #16
 8022e42:	6819      	ldr	r1, [r3, #0]
 8022e44:	78fa      	ldrb	r2, [r7, #3]
 8022e46:	4613      	mov	r3, r2
 8022e48:	005b      	lsls	r3, r3, #1
 8022e4a:	4413      	add	r3, r2
 8022e4c:	00db      	lsls	r3, r3, #3
 8022e4e:	461a      	mov	r2, r3
 8022e50:	687b      	ldr	r3, [r7, #4]
 8022e52:	4413      	add	r3, r2
 8022e54:	3310      	adds	r3, #16
 8022e56:	461a      	mov	r2, r3
 8022e58:	f441 7300 	orr.w	r3, r1, #512	; 0x200
 8022e5c:	6013      	str	r3, [r2, #0]
 8022e5e:	e031      	b.n	8022ec4 <dma_single_data_mode_init+0x176>
C:/Users/leonardo/Desktop/Code/Github/DawnBGC/Libraries/FWLIB/src/gd32f4xx_dma.c:89
    }else if(DMA_PERIPH_INCREASE_DISABLE == init_struct.periph_inc){
 8022e60:	69fb      	ldr	r3, [r7, #28]
 8022e62:	2b01      	cmp	r3, #1
 8022e64:	d117      	bne.n	8022e96 <dma_single_data_mode_init+0x148>
C:/Users/leonardo/Desktop/Code/Github/DawnBGC/Libraries/FWLIB/src/gd32f4xx_dma.c:90
        DMA_CHCTL(dma_periph,channelx) &= ~DMA_CHXCTL_PNAGA;
 8022e66:	78fa      	ldrb	r2, [r7, #3]
 8022e68:	4613      	mov	r3, r2
 8022e6a:	005b      	lsls	r3, r3, #1
 8022e6c:	4413      	add	r3, r2
 8022e6e:	00db      	lsls	r3, r3, #3
 8022e70:	461a      	mov	r2, r3
 8022e72:	687b      	ldr	r3, [r7, #4]
 8022e74:	4413      	add	r3, r2
 8022e76:	3310      	adds	r3, #16
 8022e78:	6819      	ldr	r1, [r3, #0]
 8022e7a:	78fa      	ldrb	r2, [r7, #3]
 8022e7c:	4613      	mov	r3, r2
 8022e7e:	005b      	lsls	r3, r3, #1
 8022e80:	4413      	add	r3, r2
 8022e82:	00db      	lsls	r3, r3, #3
 8022e84:	461a      	mov	r2, r3
 8022e86:	687b      	ldr	r3, [r7, #4]
 8022e88:	4413      	add	r3, r2
 8022e8a:	3310      	adds	r3, #16
 8022e8c:	461a      	mov	r2, r3
 8022e8e:	f421 7300 	bic.w	r3, r1, #512	; 0x200
 8022e92:	6013      	str	r3, [r2, #0]
 8022e94:	e016      	b.n	8022ec4 <dma_single_data_mode_init+0x176>
C:/Users/leonardo/Desktop/Code/Github/DawnBGC/Libraries/FWLIB/src/gd32f4xx_dma.c:92
    }else{
        DMA_CHCTL(dma_periph,channelx) |= DMA_CHXCTL_PAIF;
 8022e96:	78fa      	ldrb	r2, [r7, #3]
 8022e98:	4613      	mov	r3, r2
 8022e9a:	005b      	lsls	r3, r3, #1
 8022e9c:	4413      	add	r3, r2
 8022e9e:	00db      	lsls	r3, r3, #3
 8022ea0:	461a      	mov	r2, r3
 8022ea2:	687b      	ldr	r3, [r7, #4]
 8022ea4:	4413      	add	r3, r2
 8022ea6:	3310      	adds	r3, #16
 8022ea8:	6819      	ldr	r1, [r3, #0]
 8022eaa:	78fa      	ldrb	r2, [r7, #3]
 8022eac:	4613      	mov	r3, r2
 8022eae:	005b      	lsls	r3, r3, #1
 8022eb0:	4413      	add	r3, r2
 8022eb2:	00db      	lsls	r3, r3, #3
 8022eb4:	461a      	mov	r2, r3
 8022eb6:	687b      	ldr	r3, [r7, #4]
 8022eb8:	4413      	add	r3, r2
 8022eba:	3310      	adds	r3, #16
 8022ebc:	461a      	mov	r2, r3
 8022ebe:	f441 4300 	orr.w	r3, r1, #32768	; 0x8000
 8022ec2:	6013      	str	r3, [r2, #0]
C:/Users/leonardo/Desktop/Code/Github/DawnBGC/Libraries/FWLIB/src/gd32f4xx_dma.c:96
    }

    /* configure memory increasing mode */
    if(DMA_MEMORY_INCREASE_ENABLE == init_struct.memory_inc){
 8022ec4:	6a7b      	ldr	r3, [r7, #36]	; 0x24
 8022ec6:	2b00      	cmp	r3, #0
 8022ec8:	d117      	bne.n	8022efa <dma_single_data_mode_init+0x1ac>
C:/Users/leonardo/Desktop/Code/Github/DawnBGC/Libraries/FWLIB/src/gd32f4xx_dma.c:97
        DMA_CHCTL(dma_periph,channelx) |= DMA_CHXCTL_MNAGA;
 8022eca:	78fa      	ldrb	r2, [r7, #3]
 8022ecc:	4613      	mov	r3, r2
 8022ece:	005b      	lsls	r3, r3, #1
 8022ed0:	4413      	add	r3, r2
 8022ed2:	00db      	lsls	r3, r3, #3
 8022ed4:	461a      	mov	r2, r3
 8022ed6:	687b      	ldr	r3, [r7, #4]
 8022ed8:	4413      	add	r3, r2
 8022eda:	3310      	adds	r3, #16
 8022edc:	6819      	ldr	r1, [r3, #0]
 8022ede:	78fa      	ldrb	r2, [r7, #3]
 8022ee0:	4613      	mov	r3, r2
 8022ee2:	005b      	lsls	r3, r3, #1
 8022ee4:	4413      	add	r3, r2
 8022ee6:	00db      	lsls	r3, r3, #3
 8022ee8:	461a      	mov	r2, r3
 8022eea:	687b      	ldr	r3, [r7, #4]
 8022eec:	4413      	add	r3, r2
 8022eee:	3310      	adds	r3, #16
 8022ef0:	461a      	mov	r2, r3
 8022ef2:	f441 6380 	orr.w	r3, r1, #1024	; 0x400
 8022ef6:	6013      	str	r3, [r2, #0]
 8022ef8:	e016      	b.n	8022f28 <dma_single_data_mode_init+0x1da>
C:/Users/leonardo/Desktop/Code/Github/DawnBGC/Libraries/FWLIB/src/gd32f4xx_dma.c:99
    }else{
        DMA_CHCTL(dma_periph,channelx) &= ~DMA_CHXCTL_MNAGA;
 8022efa:	78fa      	ldrb	r2, [r7, #3]
 8022efc:	4613      	mov	r3, r2
 8022efe:	005b      	lsls	r3, r3, #1
 8022f00:	4413      	add	r3, r2
 8022f02:	00db      	lsls	r3, r3, #3
 8022f04:	461a      	mov	r2, r3
 8022f06:	687b      	ldr	r3, [r7, #4]
 8022f08:	4413      	add	r3, r2
 8022f0a:	3310      	adds	r3, #16
 8022f0c:	6819      	ldr	r1, [r3, #0]
 8022f0e:	78fa      	ldrb	r2, [r7, #3]
 8022f10:	4613      	mov	r3, r2
 8022f12:	005b      	lsls	r3, r3, #1
 8022f14:	4413      	add	r3, r2
 8022f16:	00db      	lsls	r3, r3, #3
 8022f18:	461a      	mov	r2, r3
 8022f1a:	687b      	ldr	r3, [r7, #4]
 8022f1c:	4413      	add	r3, r2
 8022f1e:	3310      	adds	r3, #16
 8022f20:	461a      	mov	r2, r3
 8022f22:	f421 6380 	bic.w	r3, r1, #1024	; 0x400
 8022f26:	6013      	str	r3, [r2, #0]
C:/Users/leonardo/Desktop/Code/Github/DawnBGC/Libraries/FWLIB/src/gd32f4xx_dma.c:103
    }

    /* configure DMA circular mode */
    if(DMA_CIRCULAR_MODE_ENABLE == init_struct.circular_mode){
 8022f28:	6afb      	ldr	r3, [r7, #44]	; 0x2c
 8022f2a:	2b00      	cmp	r3, #0
 8022f2c:	d117      	bne.n	8022f5e <dma_single_data_mode_init+0x210>
C:/Users/leonardo/Desktop/Code/Github/DawnBGC/Libraries/FWLIB/src/gd32f4xx_dma.c:104
        DMA_CHCTL(dma_periph,channelx) |= DMA_CHXCTL_CMEN;
 8022f2e:	78fa      	ldrb	r2, [r7, #3]
 8022f30:	4613      	mov	r3, r2
 8022f32:	005b      	lsls	r3, r3, #1
 8022f34:	4413      	add	r3, r2
 8022f36:	00db      	lsls	r3, r3, #3
 8022f38:	461a      	mov	r2, r3
 8022f3a:	687b      	ldr	r3, [r7, #4]
 8022f3c:	4413      	add	r3, r2
 8022f3e:	3310      	adds	r3, #16
 8022f40:	6819      	ldr	r1, [r3, #0]
 8022f42:	78fa      	ldrb	r2, [r7, #3]
 8022f44:	4613      	mov	r3, r2
 8022f46:	005b      	lsls	r3, r3, #1
 8022f48:	4413      	add	r3, r2
 8022f4a:	00db      	lsls	r3, r3, #3
 8022f4c:	461a      	mov	r2, r3
 8022f4e:	687b      	ldr	r3, [r7, #4]
 8022f50:	4413      	add	r3, r2
 8022f52:	3310      	adds	r3, #16
 8022f54:	461a      	mov	r2, r3
 8022f56:	f441 7380 	orr.w	r3, r1, #256	; 0x100
 8022f5a:	6013      	str	r3, [r2, #0]
C:/Users/leonardo/Desktop/Code/Github/DawnBGC/Libraries/FWLIB/src/gd32f4xx_dma.c:108
    }else{
        DMA_CHCTL(dma_periph,channelx) &= ~DMA_CHXCTL_CMEN;
    }
}
 8022f5c:	e016      	b.n	8022f8c <dma_single_data_mode_init+0x23e>
C:/Users/leonardo/Desktop/Code/Github/DawnBGC/Libraries/FWLIB/src/gd32f4xx_dma.c:106
        DMA_CHCTL(dma_periph,channelx) &= ~DMA_CHXCTL_CMEN;
 8022f5e:	78fa      	ldrb	r2, [r7, #3]
 8022f60:	4613      	mov	r3, r2
 8022f62:	005b      	lsls	r3, r3, #1
 8022f64:	4413      	add	r3, r2
 8022f66:	00db      	lsls	r3, r3, #3
 8022f68:	461a      	mov	r2, r3
 8022f6a:	687b      	ldr	r3, [r7, #4]
 8022f6c:	4413      	add	r3, r2
 8022f6e:	3310      	adds	r3, #16
 8022f70:	6819      	ldr	r1, [r3, #0]
 8022f72:	78fa      	ldrb	r2, [r7, #3]
 8022f74:	4613      	mov	r3, r2
 8022f76:	005b      	lsls	r3, r3, #1
 8022f78:	4413      	add	r3, r2
 8022f7a:	00db      	lsls	r3, r3, #3
 8022f7c:	461a      	mov	r2, r3
 8022f7e:	687b      	ldr	r3, [r7, #4]
 8022f80:	4413      	add	r3, r2
 8022f82:	3310      	adds	r3, #16
 8022f84:	461a      	mov	r2, r3
 8022f86:	f421 7380 	bic.w	r3, r1, #256	; 0x100
 8022f8a:	6013      	str	r3, [r2, #0]
C:/Users/leonardo/Desktop/Code/Github/DawnBGC/Libraries/FWLIB/src/gd32f4xx_dma.c:108
}
 8022f8c:	bf00      	nop
 8022f8e:	3714      	adds	r7, #20
 8022f90:	46bd      	mov	sp, r7
 8022f92:	bc80      	pop	{r7}
 8022f94:	b002      	add	sp, #8
 8022f96:	4770      	bx	lr

08022f98 <dma_interrupt_flag_get>:
dma_interrupt_flag_get():
C:/Users/leonardo/Desktop/Code/Github/DawnBGC/Libraries/FWLIB/src/gd32f4xx_dma.c:253
      \arg        DMA_INTF_FTFIF: full transger finish flag
    \param[out] none
    \retval     FlagStatus: SET or RESET
*/
FlagStatus dma_interrupt_flag_get(uint32_t dma_periph,dma_channel_enum channelx,uint32_t interrupt)
{
 8022f98:	b480      	push	{r7}
 8022f9a:	b089      	sub	sp, #36	; 0x24
 8022f9c:	af00      	add	r7, sp, #0
 8022f9e:	60f8      	str	r0, [r7, #12]
 8022fa0:	460b      	mov	r3, r1
 8022fa2:	607a      	str	r2, [r7, #4]
 8022fa4:	72fb      	strb	r3, [r7, #11]
C:/Users/leonardo/Desktop/Code/Github/DawnBGC/Libraries/FWLIB/src/gd32f4xx_dma.c:254
    uint32_t interrupt_enable = 0U,interrupt_flag = 0U;
 8022fa6:	2300      	movs	r3, #0
 8022fa8:	61fb      	str	r3, [r7, #28]
 8022faa:	2300      	movs	r3, #0
 8022fac:	61bb      	str	r3, [r7, #24]
C:/Users/leonardo/Desktop/Code/Github/DawnBGC/Libraries/FWLIB/src/gd32f4xx_dma.c:255
    dma_channel_enum channel_flag_offset = channelx;
 8022fae:	7afb      	ldrb	r3, [r7, #11]
 8022fb0:	75fb      	strb	r3, [r7, #23]
C:/Users/leonardo/Desktop/Code/Github/DawnBGC/Libraries/FWLIB/src/gd32f4xx_dma.c:256
    if(channelx < DMA_CH4){
 8022fb2:	7afb      	ldrb	r3, [r7, #11]
 8022fb4:	2b03      	cmp	r3, #3
 8022fb6:	f200 80f3 	bhi.w	80231a0 <dma_interrupt_flag_get+0x208>
 8022fba:	687b      	ldr	r3, [r7, #4]
 8022fbc:	3b01      	subs	r3, #1
 8022fbe:	2b1f      	cmp	r3, #31
 8022fc0:	f200 81e9 	bhi.w	8023396 <dma_interrupt_flag_get+0x3fe>
 8022fc4:	a201      	add	r2, pc, #4	; (adr r2, 8022fcc <dma_interrupt_flag_get+0x34>)
 8022fc6:	f852 f023 	ldr.w	pc, [r2, r3, lsl #2]
 8022fca:	bf00      	nop
 8022fcc:	0802304d 	.word	0x0802304d
 8022fd0:	08023397 	.word	0x08023397
 8022fd4:	08023397 	.word	0x08023397
 8022fd8:	08023091 	.word	0x08023091
 8022fdc:	08023397 	.word	0x08023397
 8022fe0:	08023397 	.word	0x08023397
 8022fe4:	08023397 	.word	0x08023397
 8022fe8:	080230d5 	.word	0x080230d5
 8022fec:	08023397 	.word	0x08023397
 8022ff0:	08023397 	.word	0x08023397
 8022ff4:	08023397 	.word	0x08023397
 8022ff8:	08023397 	.word	0x08023397
 8022ffc:	08023397 	.word	0x08023397
 8023000:	08023397 	.word	0x08023397
 8023004:	08023397 	.word	0x08023397
 8023008:	08023119 	.word	0x08023119
 802300c:	08023397 	.word	0x08023397
 8023010:	08023397 	.word	0x08023397
 8023014:	08023397 	.word	0x08023397
 8023018:	08023397 	.word	0x08023397
 802301c:	08023397 	.word	0x08023397
 8023020:	08023397 	.word	0x08023397
 8023024:	08023397 	.word	0x08023397
 8023028:	08023397 	.word	0x08023397
 802302c:	08023397 	.word	0x08023397
 8023030:	08023397 	.word	0x08023397
 8023034:	08023397 	.word	0x08023397
 8023038:	08023397 	.word	0x08023397
 802303c:	08023397 	.word	0x08023397
 8023040:	08023397 	.word	0x08023397
 8023044:	08023397 	.word	0x08023397
 8023048:	0802315d 	.word	0x0802315d
C:/Users/leonardo/Desktop/Code/Github/DawnBGC/Libraries/FWLIB/src/gd32f4xx_dma.c:259
        switch(interrupt){
        case DMA_INTF_FEEIF:
            interrupt_flag = DMA_INTF0(dma_periph) & DMA_FLAG_ADD(interrupt,channelx);
 802304c:	68fb      	ldr	r3, [r7, #12]
 802304e:	6819      	ldr	r1, [r3, #0]
 8023050:	7afa      	ldrb	r2, [r7, #11]
 8023052:	4613      	mov	r3, r2
 8023054:	005b      	lsls	r3, r3, #1
 8023056:	4413      	add	r3, r2
 8023058:	005b      	lsls	r3, r3, #1
 802305a:	461a      	mov	r2, r3
 802305c:	7afb      	ldrb	r3, [r7, #11]
 802305e:	085b      	lsrs	r3, r3, #1
 8023060:	b2db      	uxtb	r3, r3
 8023062:	f003 0301 	and.w	r3, r3, #1
 8023066:	009b      	lsls	r3, r3, #2
 8023068:	4413      	add	r3, r2
 802306a:	687a      	ldr	r2, [r7, #4]
 802306c:	fa02 f303 	lsl.w	r3, r2, r3
 8023070:	400b      	ands	r3, r1
 8023072:	61bb      	str	r3, [r7, #24]
C:/Users/leonardo/Desktop/Code/Github/DawnBGC/Libraries/FWLIB/src/gd32f4xx_dma.c:260
            interrupt_enable = DMA_CHFCTL(dma_periph,channelx) & DMA_CHXFCTL_FEEIE;
 8023074:	7afa      	ldrb	r2, [r7, #11]
 8023076:	4613      	mov	r3, r2
 8023078:	005b      	lsls	r3, r3, #1
 802307a:	4413      	add	r3, r2
 802307c:	00db      	lsls	r3, r3, #3
 802307e:	461a      	mov	r2, r3
 8023080:	68fb      	ldr	r3, [r7, #12]
 8023082:	4413      	add	r3, r2
 8023084:	3324      	adds	r3, #36	; 0x24
 8023086:	681b      	ldr	r3, [r3, #0]
 8023088:	f003 0380 	and.w	r3, r3, #128	; 0x80
 802308c:	61fb      	str	r3, [r7, #28]
C:/Users/leonardo/Desktop/Code/Github/DawnBGC/Libraries/FWLIB/src/gd32f4xx_dma.c:261
            break;
 802308e:	e185      	b.n	802339c <dma_interrupt_flag_get+0x404>
C:/Users/leonardo/Desktop/Code/Github/DawnBGC/Libraries/FWLIB/src/gd32f4xx_dma.c:263
        case DMA_INTF_SDEIF:
            interrupt_flag = DMA_INTF0(dma_periph) & DMA_FLAG_ADD(interrupt,channelx);
 8023090:	68fb      	ldr	r3, [r7, #12]
 8023092:	6819      	ldr	r1, [r3, #0]
 8023094:	7afa      	ldrb	r2, [r7, #11]
 8023096:	4613      	mov	r3, r2
 8023098:	005b      	lsls	r3, r3, #1
 802309a:	4413      	add	r3, r2
 802309c:	005b      	lsls	r3, r3, #1
 802309e:	461a      	mov	r2, r3
 80230a0:	7afb      	ldrb	r3, [r7, #11]
 80230a2:	085b      	lsrs	r3, r3, #1
 80230a4:	b2db      	uxtb	r3, r3
 80230a6:	f003 0301 	and.w	r3, r3, #1
 80230aa:	009b      	lsls	r3, r3, #2
 80230ac:	4413      	add	r3, r2
 80230ae:	687a      	ldr	r2, [r7, #4]
 80230b0:	fa02 f303 	lsl.w	r3, r2, r3
 80230b4:	400b      	ands	r3, r1
 80230b6:	61bb      	str	r3, [r7, #24]
C:/Users/leonardo/Desktop/Code/Github/DawnBGC/Libraries/FWLIB/src/gd32f4xx_dma.c:264
            interrupt_enable = DMA_CHCTL(dma_periph,channelx) & DMA_CHXCTL_SDEIE;
 80230b8:	7afa      	ldrb	r2, [r7, #11]
 80230ba:	4613      	mov	r3, r2
 80230bc:	005b      	lsls	r3, r3, #1
 80230be:	4413      	add	r3, r2
 80230c0:	00db      	lsls	r3, r3, #3
 80230c2:	461a      	mov	r2, r3
 80230c4:	68fb      	ldr	r3, [r7, #12]
 80230c6:	4413      	add	r3, r2
 80230c8:	3310      	adds	r3, #16
 80230ca:	681b      	ldr	r3, [r3, #0]
 80230cc:	f003 0302 	and.w	r3, r3, #2
 80230d0:	61fb      	str	r3, [r7, #28]
C:/Users/leonardo/Desktop/Code/Github/DawnBGC/Libraries/FWLIB/src/gd32f4xx_dma.c:265
            break;
 80230d2:	e163      	b.n	802339c <dma_interrupt_flag_get+0x404>
C:/Users/leonardo/Desktop/Code/Github/DawnBGC/Libraries/FWLIB/src/gd32f4xx_dma.c:267
        case DMA_INTF_TAEIF:
            interrupt_flag = DMA_INTF0(dma_periph) & DMA_FLAG_ADD(interrupt,channelx);
 80230d4:	68fb      	ldr	r3, [r7, #12]
 80230d6:	6819      	ldr	r1, [r3, #0]
 80230d8:	7afa      	ldrb	r2, [r7, #11]
 80230da:	4613      	mov	r3, r2
 80230dc:	005b      	lsls	r3, r3, #1
 80230de:	4413      	add	r3, r2
 80230e0:	005b      	lsls	r3, r3, #1
 80230e2:	461a      	mov	r2, r3
 80230e4:	7afb      	ldrb	r3, [r7, #11]
 80230e6:	085b      	lsrs	r3, r3, #1
 80230e8:	b2db      	uxtb	r3, r3
 80230ea:	f003 0301 	and.w	r3, r3, #1
 80230ee:	009b      	lsls	r3, r3, #2
 80230f0:	4413      	add	r3, r2
 80230f2:	687a      	ldr	r2, [r7, #4]
 80230f4:	fa02 f303 	lsl.w	r3, r2, r3
 80230f8:	400b      	ands	r3, r1
 80230fa:	61bb      	str	r3, [r7, #24]
C:/Users/leonardo/Desktop/Code/Github/DawnBGC/Libraries/FWLIB/src/gd32f4xx_dma.c:268
            interrupt_enable = DMA_CHCTL(dma_periph,channelx) & DMA_CHXCTL_TAEIE;
 80230fc:	7afa      	ldrb	r2, [r7, #11]
 80230fe:	4613      	mov	r3, r2
 8023100:	005b      	lsls	r3, r3, #1
 8023102:	4413      	add	r3, r2
 8023104:	00db      	lsls	r3, r3, #3
 8023106:	461a      	mov	r2, r3
 8023108:	68fb      	ldr	r3, [r7, #12]
 802310a:	4413      	add	r3, r2
 802310c:	3310      	adds	r3, #16
 802310e:	681b      	ldr	r3, [r3, #0]
 8023110:	f003 0304 	and.w	r3, r3, #4
 8023114:	61fb      	str	r3, [r7, #28]
C:/Users/leonardo/Desktop/Code/Github/DawnBGC/Libraries/FWLIB/src/gd32f4xx_dma.c:269
            break;
 8023116:	e141      	b.n	802339c <dma_interrupt_flag_get+0x404>
C:/Users/leonardo/Desktop/Code/Github/DawnBGC/Libraries/FWLIB/src/gd32f4xx_dma.c:271
        case DMA_INTF_HTFIF:
            interrupt_flag = DMA_INTF0(dma_periph) & DMA_FLAG_ADD(interrupt,channelx);
 8023118:	68fb      	ldr	r3, [r7, #12]
 802311a:	6819      	ldr	r1, [r3, #0]
 802311c:	7afa      	ldrb	r2, [r7, #11]
 802311e:	4613      	mov	r3, r2
 8023120:	005b      	lsls	r3, r3, #1
 8023122:	4413      	add	r3, r2
 8023124:	005b      	lsls	r3, r3, #1
 8023126:	461a      	mov	r2, r3
 8023128:	7afb      	ldrb	r3, [r7, #11]
 802312a:	085b      	lsrs	r3, r3, #1
 802312c:	b2db      	uxtb	r3, r3
 802312e:	f003 0301 	and.w	r3, r3, #1
 8023132:	009b      	lsls	r3, r3, #2
 8023134:	4413      	add	r3, r2
 8023136:	687a      	ldr	r2, [r7, #4]
 8023138:	fa02 f303 	lsl.w	r3, r2, r3
 802313c:	400b      	ands	r3, r1
 802313e:	61bb      	str	r3, [r7, #24]
C:/Users/leonardo/Desktop/Code/Github/DawnBGC/Libraries/FWLIB/src/gd32f4xx_dma.c:272
            interrupt_enable = DMA_CHCTL(dma_periph,channelx) & DMA_CHXCTL_HTFIE;
 8023140:	7afa      	ldrb	r2, [r7, #11]
 8023142:	4613      	mov	r3, r2
 8023144:	005b      	lsls	r3, r3, #1
 8023146:	4413      	add	r3, r2
 8023148:	00db      	lsls	r3, r3, #3
 802314a:	461a      	mov	r2, r3
 802314c:	68fb      	ldr	r3, [r7, #12]
 802314e:	4413      	add	r3, r2
 8023150:	3310      	adds	r3, #16
 8023152:	681b      	ldr	r3, [r3, #0]
 8023154:	f003 0308 	and.w	r3, r3, #8
 8023158:	61fb      	str	r3, [r7, #28]
C:/Users/leonardo/Desktop/Code/Github/DawnBGC/Libraries/FWLIB/src/gd32f4xx_dma.c:273
            break;
 802315a:	e11f      	b.n	802339c <dma_interrupt_flag_get+0x404>
C:/Users/leonardo/Desktop/Code/Github/DawnBGC/Libraries/FWLIB/src/gd32f4xx_dma.c:275
        case DMA_INTF_FTFIF:
            interrupt_flag = (DMA_INTF0(dma_periph) & DMA_FLAG_ADD(interrupt,channelx));
 802315c:	68fb      	ldr	r3, [r7, #12]
 802315e:	6819      	ldr	r1, [r3, #0]
 8023160:	7afa      	ldrb	r2, [r7, #11]
 8023162:	4613      	mov	r3, r2
 8023164:	005b      	lsls	r3, r3, #1
 8023166:	4413      	add	r3, r2
 8023168:	005b      	lsls	r3, r3, #1
 802316a:	461a      	mov	r2, r3
 802316c:	7afb      	ldrb	r3, [r7, #11]
 802316e:	085b      	lsrs	r3, r3, #1
 8023170:	b2db      	uxtb	r3, r3
 8023172:	f003 0301 	and.w	r3, r3, #1
 8023176:	009b      	lsls	r3, r3, #2
 8023178:	4413      	add	r3, r2
 802317a:	687a      	ldr	r2, [r7, #4]
 802317c:	fa02 f303 	lsl.w	r3, r2, r3
 8023180:	400b      	ands	r3, r1
 8023182:	61bb      	str	r3, [r7, #24]
C:/Users/leonardo/Desktop/Code/Github/DawnBGC/Libraries/FWLIB/src/gd32f4xx_dma.c:276
            interrupt_enable = (DMA_CHCTL(dma_periph,channelx) & DMA_CHXCTL_FTFIE);
 8023184:	7afa      	ldrb	r2, [r7, #11]
 8023186:	4613      	mov	r3, r2
 8023188:	005b      	lsls	r3, r3, #1
 802318a:	4413      	add	r3, r2
 802318c:	00db      	lsls	r3, r3, #3
 802318e:	461a      	mov	r2, r3
 8023190:	68fb      	ldr	r3, [r7, #12]
 8023192:	4413      	add	r3, r2
 8023194:	3310      	adds	r3, #16
 8023196:	681b      	ldr	r3, [r3, #0]
 8023198:	f003 0310 	and.w	r3, r3, #16
 802319c:	61fb      	str	r3, [r7, #28]
C:/Users/leonardo/Desktop/Code/Github/DawnBGC/Libraries/FWLIB/src/gd32f4xx_dma.c:277
            break;
 802319e:	e0fd      	b.n	802339c <dma_interrupt_flag_get+0x404>
C:/Users/leonardo/Desktop/Code/Github/DawnBGC/Libraries/FWLIB/src/gd32f4xx_dma.c:282
        default:
            break;
        }
    }else{
        channel_flag_offset -= (dma_channel_enum)4;
 80231a0:	7dfb      	ldrb	r3, [r7, #23]
 80231a2:	3b04      	subs	r3, #4
 80231a4:	75fb      	strb	r3, [r7, #23]
 80231a6:	687b      	ldr	r3, [r7, #4]
 80231a8:	3b01      	subs	r3, #1
 80231aa:	2b1f      	cmp	r3, #31
 80231ac:	f200 80f5 	bhi.w	802339a <dma_interrupt_flag_get+0x402>
 80231b0:	a201      	add	r2, pc, #4	; (adr r2, 80231b8 <dma_interrupt_flag_get+0x220>)
 80231b2:	f852 f023 	ldr.w	pc, [r2, r3, lsl #2]
 80231b6:	bf00      	nop
 80231b8:	08023239 	.word	0x08023239
 80231bc:	0802339b 	.word	0x0802339b
 80231c0:	0802339b 	.word	0x0802339b
 80231c4:	0802327f 	.word	0x0802327f
 80231c8:	0802339b 	.word	0x0802339b
 80231cc:	0802339b 	.word	0x0802339b
 80231d0:	0802339b 	.word	0x0802339b
 80231d4:	080232c5 	.word	0x080232c5
 80231d8:	0802339b 	.word	0x0802339b
 80231dc:	0802339b 	.word	0x0802339b
 80231e0:	0802339b 	.word	0x0802339b
 80231e4:	0802339b 	.word	0x0802339b
 80231e8:	0802339b 	.word	0x0802339b
 80231ec:	0802339b 	.word	0x0802339b
 80231f0:	0802339b 	.word	0x0802339b
 80231f4:	0802330b 	.word	0x0802330b
 80231f8:	0802339b 	.word	0x0802339b
 80231fc:	0802339b 	.word	0x0802339b
 8023200:	0802339b 	.word	0x0802339b
 8023204:	0802339b 	.word	0x0802339b
 8023208:	0802339b 	.word	0x0802339b
 802320c:	0802339b 	.word	0x0802339b
 8023210:	0802339b 	.word	0x0802339b
 8023214:	0802339b 	.word	0x0802339b
 8023218:	0802339b 	.word	0x0802339b
 802321c:	0802339b 	.word	0x0802339b
 8023220:	0802339b 	.word	0x0802339b
 8023224:	0802339b 	.word	0x0802339b
 8023228:	0802339b 	.word	0x0802339b
 802322c:	0802339b 	.word	0x0802339b
 8023230:	0802339b 	.word	0x0802339b
 8023234:	08023351 	.word	0x08023351
C:/Users/leonardo/Desktop/Code/Github/DawnBGC/Libraries/FWLIB/src/gd32f4xx_dma.c:285
        switch(interrupt){
        case DMA_INTF_FEEIF:
            interrupt_flag = DMA_INTF1(dma_periph) & DMA_FLAG_ADD(interrupt,channel_flag_offset);
 8023238:	68fb      	ldr	r3, [r7, #12]
 802323a:	3304      	adds	r3, #4
 802323c:	6819      	ldr	r1, [r3, #0]
 802323e:	7dfa      	ldrb	r2, [r7, #23]
 8023240:	4613      	mov	r3, r2
 8023242:	005b      	lsls	r3, r3, #1
 8023244:	4413      	add	r3, r2
 8023246:	005b      	lsls	r3, r3, #1
 8023248:	461a      	mov	r2, r3
 802324a:	7dfb      	ldrb	r3, [r7, #23]
 802324c:	085b      	lsrs	r3, r3, #1
 802324e:	b2db      	uxtb	r3, r3
 8023250:	f003 0301 	and.w	r3, r3, #1
 8023254:	009b      	lsls	r3, r3, #2
 8023256:	4413      	add	r3, r2
 8023258:	687a      	ldr	r2, [r7, #4]
 802325a:	fa02 f303 	lsl.w	r3, r2, r3
 802325e:	400b      	ands	r3, r1
 8023260:	61bb      	str	r3, [r7, #24]
C:/Users/leonardo/Desktop/Code/Github/DawnBGC/Libraries/FWLIB/src/gd32f4xx_dma.c:286
            interrupt_enable = DMA_CHFCTL(dma_periph,channelx) & DMA_CHXFCTL_FEEIE;
 8023262:	7afa      	ldrb	r2, [r7, #11]
 8023264:	4613      	mov	r3, r2
 8023266:	005b      	lsls	r3, r3, #1
 8023268:	4413      	add	r3, r2
 802326a:	00db      	lsls	r3, r3, #3
 802326c:	461a      	mov	r2, r3
 802326e:	68fb      	ldr	r3, [r7, #12]
 8023270:	4413      	add	r3, r2
 8023272:	3324      	adds	r3, #36	; 0x24
 8023274:	681b      	ldr	r3, [r3, #0]
 8023276:	f003 0380 	and.w	r3, r3, #128	; 0x80
 802327a:	61fb      	str	r3, [r7, #28]
C:/Users/leonardo/Desktop/Code/Github/DawnBGC/Libraries/FWLIB/src/gd32f4xx_dma.c:287
            break;
 802327c:	e08e      	b.n	802339c <dma_interrupt_flag_get+0x404>
C:/Users/leonardo/Desktop/Code/Github/DawnBGC/Libraries/FWLIB/src/gd32f4xx_dma.c:289
        case DMA_INTF_SDEIF:
            interrupt_flag = DMA_INTF1(dma_periph) & DMA_FLAG_ADD(interrupt,channel_flag_offset);
 802327e:	68fb      	ldr	r3, [r7, #12]
 8023280:	3304      	adds	r3, #4
 8023282:	6819      	ldr	r1, [r3, #0]
 8023284:	7dfa      	ldrb	r2, [r7, #23]
 8023286:	4613      	mov	r3, r2
 8023288:	005b      	lsls	r3, r3, #1
 802328a:	4413      	add	r3, r2
 802328c:	005b      	lsls	r3, r3, #1
 802328e:	461a      	mov	r2, r3
 8023290:	7dfb      	ldrb	r3, [r7, #23]
 8023292:	085b      	lsrs	r3, r3, #1
 8023294:	b2db      	uxtb	r3, r3
 8023296:	f003 0301 	and.w	r3, r3, #1
 802329a:	009b      	lsls	r3, r3, #2
 802329c:	4413      	add	r3, r2
 802329e:	687a      	ldr	r2, [r7, #4]
 80232a0:	fa02 f303 	lsl.w	r3, r2, r3
 80232a4:	400b      	ands	r3, r1
 80232a6:	61bb      	str	r3, [r7, #24]
C:/Users/leonardo/Desktop/Code/Github/DawnBGC/Libraries/FWLIB/src/gd32f4xx_dma.c:290
            interrupt_enable = DMA_CHCTL(dma_periph,channelx) & DMA_CHXCTL_SDEIE;
 80232a8:	7afa      	ldrb	r2, [r7, #11]
 80232aa:	4613      	mov	r3, r2
 80232ac:	005b      	lsls	r3, r3, #1
 80232ae:	4413      	add	r3, r2
 80232b0:	00db      	lsls	r3, r3, #3
 80232b2:	461a      	mov	r2, r3
 80232b4:	68fb      	ldr	r3, [r7, #12]
 80232b6:	4413      	add	r3, r2
 80232b8:	3310      	adds	r3, #16
 80232ba:	681b      	ldr	r3, [r3, #0]
 80232bc:	f003 0302 	and.w	r3, r3, #2
 80232c0:	61fb      	str	r3, [r7, #28]
C:/Users/leonardo/Desktop/Code/Github/DawnBGC/Libraries/FWLIB/src/gd32f4xx_dma.c:291
            break;
 80232c2:	e06b      	b.n	802339c <dma_interrupt_flag_get+0x404>
C:/Users/leonardo/Desktop/Code/Github/DawnBGC/Libraries/FWLIB/src/gd32f4xx_dma.c:293
        case DMA_INTF_TAEIF:
            interrupt_flag = DMA_INTF1(dma_periph) & DMA_FLAG_ADD(interrupt,channel_flag_offset);
 80232c4:	68fb      	ldr	r3, [r7, #12]
 80232c6:	3304      	adds	r3, #4
 80232c8:	6819      	ldr	r1, [r3, #0]
 80232ca:	7dfa      	ldrb	r2, [r7, #23]
 80232cc:	4613      	mov	r3, r2
 80232ce:	005b      	lsls	r3, r3, #1
 80232d0:	4413      	add	r3, r2
 80232d2:	005b      	lsls	r3, r3, #1
 80232d4:	461a      	mov	r2, r3
 80232d6:	7dfb      	ldrb	r3, [r7, #23]
 80232d8:	085b      	lsrs	r3, r3, #1
 80232da:	b2db      	uxtb	r3, r3
 80232dc:	f003 0301 	and.w	r3, r3, #1
 80232e0:	009b      	lsls	r3, r3, #2
 80232e2:	4413      	add	r3, r2
 80232e4:	687a      	ldr	r2, [r7, #4]
 80232e6:	fa02 f303 	lsl.w	r3, r2, r3
 80232ea:	400b      	ands	r3, r1
 80232ec:	61bb      	str	r3, [r7, #24]
C:/Users/leonardo/Desktop/Code/Github/DawnBGC/Libraries/FWLIB/src/gd32f4xx_dma.c:294
            interrupt_enable = DMA_CHCTL(dma_periph,channelx) & DMA_CHXCTL_TAEIE;
 80232ee:	7afa      	ldrb	r2, [r7, #11]
 80232f0:	4613      	mov	r3, r2
 80232f2:	005b      	lsls	r3, r3, #1
 80232f4:	4413      	add	r3, r2
 80232f6:	00db      	lsls	r3, r3, #3
 80232f8:	461a      	mov	r2, r3
 80232fa:	68fb      	ldr	r3, [r7, #12]
 80232fc:	4413      	add	r3, r2
 80232fe:	3310      	adds	r3, #16
 8023300:	681b      	ldr	r3, [r3, #0]
 8023302:	f003 0304 	and.w	r3, r3, #4
 8023306:	61fb      	str	r3, [r7, #28]
C:/Users/leonardo/Desktop/Code/Github/DawnBGC/Libraries/FWLIB/src/gd32f4xx_dma.c:295
            break;
 8023308:	e048      	b.n	802339c <dma_interrupt_flag_get+0x404>
C:/Users/leonardo/Desktop/Code/Github/DawnBGC/Libraries/FWLIB/src/gd32f4xx_dma.c:297
        case DMA_INTF_HTFIF:
            interrupt_flag = DMA_INTF1(dma_periph) & DMA_FLAG_ADD(interrupt,channel_flag_offset);
 802330a:	68fb      	ldr	r3, [r7, #12]
 802330c:	3304      	adds	r3, #4
 802330e:	6819      	ldr	r1, [r3, #0]
 8023310:	7dfa      	ldrb	r2, [r7, #23]
 8023312:	4613      	mov	r3, r2
 8023314:	005b      	lsls	r3, r3, #1
 8023316:	4413      	add	r3, r2
 8023318:	005b      	lsls	r3, r3, #1
 802331a:	461a      	mov	r2, r3
 802331c:	7dfb      	ldrb	r3, [r7, #23]
 802331e:	085b      	lsrs	r3, r3, #1
 8023320:	b2db      	uxtb	r3, r3
 8023322:	f003 0301 	and.w	r3, r3, #1
 8023326:	009b      	lsls	r3, r3, #2
 8023328:	4413      	add	r3, r2
 802332a:	687a      	ldr	r2, [r7, #4]
 802332c:	fa02 f303 	lsl.w	r3, r2, r3
 8023330:	400b      	ands	r3, r1
 8023332:	61bb      	str	r3, [r7, #24]
C:/Users/leonardo/Desktop/Code/Github/DawnBGC/Libraries/FWLIB/src/gd32f4xx_dma.c:298
            interrupt_enable = DMA_CHCTL(dma_periph,channelx) & DMA_CHXCTL_HTFIE;
 8023334:	7afa      	ldrb	r2, [r7, #11]
 8023336:	4613      	mov	r3, r2
 8023338:	005b      	lsls	r3, r3, #1
 802333a:	4413      	add	r3, r2
 802333c:	00db      	lsls	r3, r3, #3
 802333e:	461a      	mov	r2, r3
 8023340:	68fb      	ldr	r3, [r7, #12]
 8023342:	4413      	add	r3, r2
 8023344:	3310      	adds	r3, #16
 8023346:	681b      	ldr	r3, [r3, #0]
 8023348:	f003 0308 	and.w	r3, r3, #8
 802334c:	61fb      	str	r3, [r7, #28]
C:/Users/leonardo/Desktop/Code/Github/DawnBGC/Libraries/FWLIB/src/gd32f4xx_dma.c:299
            break;
 802334e:	e025      	b.n	802339c <dma_interrupt_flag_get+0x404>
C:/Users/leonardo/Desktop/Code/Github/DawnBGC/Libraries/FWLIB/src/gd32f4xx_dma.c:301
        case DMA_INTF_FTFIF:
            interrupt_flag = DMA_INTF1(dma_periph) & DMA_FLAG_ADD(interrupt,channel_flag_offset);
 8023350:	68fb      	ldr	r3, [r7, #12]
 8023352:	3304      	adds	r3, #4
 8023354:	6819      	ldr	r1, [r3, #0]
 8023356:	7dfa      	ldrb	r2, [r7, #23]
 8023358:	4613      	mov	r3, r2
 802335a:	005b      	lsls	r3, r3, #1
 802335c:	4413      	add	r3, r2
 802335e:	005b      	lsls	r3, r3, #1
 8023360:	461a      	mov	r2, r3
 8023362:	7dfb      	ldrb	r3, [r7, #23]
 8023364:	085b      	lsrs	r3, r3, #1
 8023366:	b2db      	uxtb	r3, r3
 8023368:	f003 0301 	and.w	r3, r3, #1
 802336c:	009b      	lsls	r3, r3, #2
 802336e:	4413      	add	r3, r2
 8023370:	687a      	ldr	r2, [r7, #4]
 8023372:	fa02 f303 	lsl.w	r3, r2, r3
 8023376:	400b      	ands	r3, r1
 8023378:	61bb      	str	r3, [r7, #24]
C:/Users/leonardo/Desktop/Code/Github/DawnBGC/Libraries/FWLIB/src/gd32f4xx_dma.c:302
            interrupt_enable = DMA_CHCTL(dma_periph,channelx) & DMA_CHXCTL_FTFIE;
 802337a:	7afa      	ldrb	r2, [r7, #11]
 802337c:	4613      	mov	r3, r2
 802337e:	005b      	lsls	r3, r3, #1
 8023380:	4413      	add	r3, r2
 8023382:	00db      	lsls	r3, r3, #3
 8023384:	461a      	mov	r2, r3
 8023386:	68fb      	ldr	r3, [r7, #12]
 8023388:	4413      	add	r3, r2
 802338a:	3310      	adds	r3, #16
 802338c:	681b      	ldr	r3, [r3, #0]
 802338e:	f003 0310 	and.w	r3, r3, #16
 8023392:	61fb      	str	r3, [r7, #28]
C:/Users/leonardo/Desktop/Code/Github/DawnBGC/Libraries/FWLIB/src/gd32f4xx_dma.c:303
            break;
 8023394:	e002      	b.n	802339c <dma_interrupt_flag_get+0x404>
C:/Users/leonardo/Desktop/Code/Github/DawnBGC/Libraries/FWLIB/src/gd32f4xx_dma.c:279
            break;
 8023396:	bf00      	nop
 8023398:	e000      	b.n	802339c <dma_interrupt_flag_get+0x404>
C:/Users/leonardo/Desktop/Code/Github/DawnBGC/Libraries/FWLIB/src/gd32f4xx_dma.c:305
        default:
            break;
 802339a:	bf00      	nop
C:/Users/leonardo/Desktop/Code/Github/DawnBGC/Libraries/FWLIB/src/gd32f4xx_dma.c:309
        }
    }
    
    if(interrupt_flag && interrupt_enable){
 802339c:	69bb      	ldr	r3, [r7, #24]
 802339e:	2b00      	cmp	r3, #0
 80233a0:	d004      	beq.n	80233ac <dma_interrupt_flag_get+0x414>
C:/Users/leonardo/Desktop/Code/Github/DawnBGC/Libraries/FWLIB/src/gd32f4xx_dma.c:309 (discriminator 1)
 80233a2:	69fb      	ldr	r3, [r7, #28]
 80233a4:	2b00      	cmp	r3, #0
 80233a6:	d001      	beq.n	80233ac <dma_interrupt_flag_get+0x414>
C:/Users/leonardo/Desktop/Code/Github/DawnBGC/Libraries/FWLIB/src/gd32f4xx_dma.c:310
        return SET;
 80233a8:	2301      	movs	r3, #1
 80233aa:	e000      	b.n	80233ae <dma_interrupt_flag_get+0x416>
C:/Users/leonardo/Desktop/Code/Github/DawnBGC/Libraries/FWLIB/src/gd32f4xx_dma.c:312
    }else{
        return RESET;
 80233ac:	2300      	movs	r3, #0
C:/Users/leonardo/Desktop/Code/Github/DawnBGC/Libraries/FWLIB/src/gd32f4xx_dma.c:314
    }
}
 80233ae:	4618      	mov	r0, r3
 80233b0:	3724      	adds	r7, #36	; 0x24
 80233b2:	46bd      	mov	sp, r7
 80233b4:	bc80      	pop	{r7}
 80233b6:	4770      	bx	lr

080233b8 <dma_interrupt_flag_clear>:
dma_interrupt_flag_clear():
C:/Users/leonardo/Desktop/Code/Github/DawnBGC/Libraries/FWLIB/src/gd32f4xx_dma.c:332
      \arg        DMA_INTC_FTFIFC: clear full transger finish flag
    \param[out] none
    \retval     none
*/
void dma_interrupt_flag_clear(uint32_t dma_periph,dma_channel_enum channelx,uint32_t interrupt)
{
 80233b8:	b480      	push	{r7}
 80233ba:	b085      	sub	sp, #20
 80233bc:	af00      	add	r7, sp, #0
 80233be:	60f8      	str	r0, [r7, #12]
 80233c0:	460b      	mov	r3, r1
 80233c2:	607a      	str	r2, [r7, #4]
 80233c4:	72fb      	strb	r3, [r7, #11]
C:/Users/leonardo/Desktop/Code/Github/DawnBGC/Libraries/FWLIB/src/gd32f4xx_dma.c:333
    if(channelx < DMA_CH4){
 80233c6:	7afb      	ldrb	r3, [r7, #11]
 80233c8:	2b03      	cmp	r3, #3
 80233ca:	d817      	bhi.n	80233fc <dma_interrupt_flag_clear+0x44>
C:/Users/leonardo/Desktop/Code/Github/DawnBGC/Libraries/FWLIB/src/gd32f4xx_dma.c:334
        DMA_INTC0(dma_periph) |= DMA_FLAG_ADD(interrupt,channelx);
 80233cc:	68fb      	ldr	r3, [r7, #12]
 80233ce:	3308      	adds	r3, #8
 80233d0:	6819      	ldr	r1, [r3, #0]
 80233d2:	7afa      	ldrb	r2, [r7, #11]
 80233d4:	4613      	mov	r3, r2
 80233d6:	005b      	lsls	r3, r3, #1
 80233d8:	4413      	add	r3, r2
 80233da:	005b      	lsls	r3, r3, #1
 80233dc:	461a      	mov	r2, r3
 80233de:	7afb      	ldrb	r3, [r7, #11]
 80233e0:	085b      	lsrs	r3, r3, #1
 80233e2:	b2db      	uxtb	r3, r3
 80233e4:	f003 0301 	and.w	r3, r3, #1
 80233e8:	009b      	lsls	r3, r3, #2
 80233ea:	4413      	add	r3, r2
 80233ec:	687a      	ldr	r2, [r7, #4]
 80233ee:	fa02 f303 	lsl.w	r3, r2, r3
 80233f2:	68fa      	ldr	r2, [r7, #12]
 80233f4:	3208      	adds	r2, #8
 80233f6:	430b      	orrs	r3, r1
 80233f8:	6013      	str	r3, [r2, #0]
C:/Users/leonardo/Desktop/Code/Github/DawnBGC/Libraries/FWLIB/src/gd32f4xx_dma.c:339
    }else{
        channelx -= (dma_channel_enum)4;
        DMA_INTC1(dma_periph) |= DMA_FLAG_ADD(interrupt,channelx);
    }
}
 80233fa:	e019      	b.n	8023430 <dma_interrupt_flag_clear+0x78>
C:/Users/leonardo/Desktop/Code/Github/DawnBGC/Libraries/FWLIB/src/gd32f4xx_dma.c:336
        channelx -= (dma_channel_enum)4;
 80233fc:	7afb      	ldrb	r3, [r7, #11]
 80233fe:	3b04      	subs	r3, #4
 8023400:	72fb      	strb	r3, [r7, #11]
C:/Users/leonardo/Desktop/Code/Github/DawnBGC/Libraries/FWLIB/src/gd32f4xx_dma.c:337
        DMA_INTC1(dma_periph) |= DMA_FLAG_ADD(interrupt,channelx);
 8023402:	68fb      	ldr	r3, [r7, #12]
 8023404:	330c      	adds	r3, #12
 8023406:	6819      	ldr	r1, [r3, #0]
 8023408:	7afa      	ldrb	r2, [r7, #11]
 802340a:	4613      	mov	r3, r2
 802340c:	005b      	lsls	r3, r3, #1
 802340e:	4413      	add	r3, r2
 8023410:	005b      	lsls	r3, r3, #1
 8023412:	461a      	mov	r2, r3
 8023414:	7afb      	ldrb	r3, [r7, #11]
 8023416:	085b      	lsrs	r3, r3, #1
 8023418:	b2db      	uxtb	r3, r3
 802341a:	f003 0301 	and.w	r3, r3, #1
 802341e:	009b      	lsls	r3, r3, #2
 8023420:	4413      	add	r3, r2
 8023422:	687a      	ldr	r2, [r7, #4]
 8023424:	fa02 f303 	lsl.w	r3, r2, r3
 8023428:	68fa      	ldr	r2, [r7, #12]
 802342a:	320c      	adds	r2, #12
 802342c:	430b      	orrs	r3, r1
 802342e:	6013      	str	r3, [r2, #0]
C:/Users/leonardo/Desktop/Code/Github/DawnBGC/Libraries/FWLIB/src/gd32f4xx_dma.c:339
}
 8023430:	bf00      	nop
 8023432:	3714      	adds	r7, #20
 8023434:	46bd      	mov	sp, r7
 8023436:	bc80      	pop	{r7}
 8023438:	4770      	bx	lr

0802343a <dma_interrupt_enable>:
dma_interrupt_enable():
C:/Users/leonardo/Desktop/Code/Github/DawnBGC/Libraries/FWLIB/src/gd32f4xx_dma.c:357
      \arg        DMA_CHXFCTL_FEEIE: FIFO exception interrupt enable
    \param[out] none
    \retval     none
*/
void dma_interrupt_enable(uint32_t dma_periph,dma_channel_enum channelx,uint32_t source)
{
 802343a:	b480      	push	{r7}
 802343c:	b085      	sub	sp, #20
 802343e:	af00      	add	r7, sp, #0
 8023440:	60f8      	str	r0, [r7, #12]
 8023442:	460b      	mov	r3, r1
 8023444:	607a      	str	r2, [r7, #4]
 8023446:	72fb      	strb	r3, [r7, #11]
C:/Users/leonardo/Desktop/Code/Github/DawnBGC/Libraries/FWLIB/src/gd32f4xx_dma.c:358
    if(DMA_CHXFCTL_FEEIE != source){
 8023448:	687b      	ldr	r3, [r7, #4]
 802344a:	2b80      	cmp	r3, #128	; 0x80
 802344c:	d017      	beq.n	802347e <dma_interrupt_enable+0x44>
C:/Users/leonardo/Desktop/Code/Github/DawnBGC/Libraries/FWLIB/src/gd32f4xx_dma.c:359
        DMA_CHCTL(dma_periph,channelx) |= source;
 802344e:	7afa      	ldrb	r2, [r7, #11]
 8023450:	4613      	mov	r3, r2
 8023452:	005b      	lsls	r3, r3, #1
 8023454:	4413      	add	r3, r2
 8023456:	00db      	lsls	r3, r3, #3
 8023458:	461a      	mov	r2, r3
 802345a:	68fb      	ldr	r3, [r7, #12]
 802345c:	4413      	add	r3, r2
 802345e:	3310      	adds	r3, #16
 8023460:	6819      	ldr	r1, [r3, #0]
 8023462:	7afa      	ldrb	r2, [r7, #11]
 8023464:	4613      	mov	r3, r2
 8023466:	005b      	lsls	r3, r3, #1
 8023468:	4413      	add	r3, r2
 802346a:	00db      	lsls	r3, r3, #3
 802346c:	461a      	mov	r2, r3
 802346e:	68fb      	ldr	r3, [r7, #12]
 8023470:	4413      	add	r3, r2
 8023472:	3310      	adds	r3, #16
 8023474:	461a      	mov	r2, r3
 8023476:	687b      	ldr	r3, [r7, #4]
 8023478:	430b      	orrs	r3, r1
 802347a:	6013      	str	r3, [r2, #0]
C:/Users/leonardo/Desktop/Code/Github/DawnBGC/Libraries/FWLIB/src/gd32f4xx_dma.c:363
    }else{
        DMA_CHFCTL(dma_periph,channelx) |= source;
    }
}
 802347c:	e016      	b.n	80234ac <dma_interrupt_enable+0x72>
C:/Users/leonardo/Desktop/Code/Github/DawnBGC/Libraries/FWLIB/src/gd32f4xx_dma.c:361
        DMA_CHFCTL(dma_periph,channelx) |= source;
 802347e:	7afa      	ldrb	r2, [r7, #11]
 8023480:	4613      	mov	r3, r2
 8023482:	005b      	lsls	r3, r3, #1
 8023484:	4413      	add	r3, r2
 8023486:	00db      	lsls	r3, r3, #3
 8023488:	461a      	mov	r2, r3
 802348a:	68fb      	ldr	r3, [r7, #12]
 802348c:	4413      	add	r3, r2
 802348e:	3324      	adds	r3, #36	; 0x24
 8023490:	6819      	ldr	r1, [r3, #0]
 8023492:	7afa      	ldrb	r2, [r7, #11]
 8023494:	4613      	mov	r3, r2
 8023496:	005b      	lsls	r3, r3, #1
 8023498:	4413      	add	r3, r2
 802349a:	00db      	lsls	r3, r3, #3
 802349c:	461a      	mov	r2, r3
 802349e:	68fb      	ldr	r3, [r7, #12]
 80234a0:	4413      	add	r3, r2
 80234a2:	3324      	adds	r3, #36	; 0x24
 80234a4:	461a      	mov	r2, r3
 80234a6:	687b      	ldr	r3, [r7, #4]
 80234a8:	430b      	orrs	r3, r1
 80234aa:	6013      	str	r3, [r2, #0]
C:/Users/leonardo/Desktop/Code/Github/DawnBGC/Libraries/FWLIB/src/gd32f4xx_dma.c:363
}
 80234ac:	bf00      	nop
 80234ae:	3714      	adds	r7, #20
 80234b0:	46bd      	mov	sp, r7
 80234b2:	bc80      	pop	{r7}
 80234b4:	4770      	bx	lr

080234b6 <dma_interrupt_disable>:
dma_interrupt_disable():
C:/Users/leonardo/Desktop/Code/Github/DawnBGC/Libraries/FWLIB/src/gd32f4xx_dma.c:381
      \arg        DMA_CHXFCTL_FEEIE: FIFO exception interrupt enable
    \param[out] none
    \retval     none
*/
void dma_interrupt_disable(uint32_t dma_periph,dma_channel_enum channelx,uint32_t source)
{
 80234b6:	b480      	push	{r7}
 80234b8:	b085      	sub	sp, #20
 80234ba:	af00      	add	r7, sp, #0
 80234bc:	60f8      	str	r0, [r7, #12]
 80234be:	460b      	mov	r3, r1
 80234c0:	607a      	str	r2, [r7, #4]
 80234c2:	72fb      	strb	r3, [r7, #11]
C:/Users/leonardo/Desktop/Code/Github/DawnBGC/Libraries/FWLIB/src/gd32f4xx_dma.c:382
    if(DMA_CHXFCTL_FEEIE != source){
 80234c4:	687b      	ldr	r3, [r7, #4]
 80234c6:	2b80      	cmp	r3, #128	; 0x80
 80234c8:	d019      	beq.n	80234fe <dma_interrupt_disable+0x48>
C:/Users/leonardo/Desktop/Code/Github/DawnBGC/Libraries/FWLIB/src/gd32f4xx_dma.c:383
        DMA_CHCTL(dma_periph,channelx) &= ~source;
 80234ca:	7afa      	ldrb	r2, [r7, #11]
 80234cc:	4613      	mov	r3, r2
 80234ce:	005b      	lsls	r3, r3, #1
 80234d0:	4413      	add	r3, r2
 80234d2:	00db      	lsls	r3, r3, #3
 80234d4:	461a      	mov	r2, r3
 80234d6:	68fb      	ldr	r3, [r7, #12]
 80234d8:	4413      	add	r3, r2
 80234da:	3310      	adds	r3, #16
 80234dc:	6818      	ldr	r0, [r3, #0]
 80234de:	687b      	ldr	r3, [r7, #4]
 80234e0:	43d9      	mvns	r1, r3
 80234e2:	7afa      	ldrb	r2, [r7, #11]
 80234e4:	4613      	mov	r3, r2
 80234e6:	005b      	lsls	r3, r3, #1
 80234e8:	4413      	add	r3, r2
 80234ea:	00db      	lsls	r3, r3, #3
 80234ec:	461a      	mov	r2, r3
 80234ee:	68fb      	ldr	r3, [r7, #12]
 80234f0:	4413      	add	r3, r2
 80234f2:	3310      	adds	r3, #16
 80234f4:	461a      	mov	r2, r3
 80234f6:	ea00 0301 	and.w	r3, r0, r1
 80234fa:	6013      	str	r3, [r2, #0]
C:/Users/leonardo/Desktop/Code/Github/DawnBGC/Libraries/FWLIB/src/gd32f4xx_dma.c:387
    }else{
        DMA_CHFCTL(dma_periph,channelx) &= ~source;
    }
}
 80234fc:	e018      	b.n	8023530 <dma_interrupt_disable+0x7a>
C:/Users/leonardo/Desktop/Code/Github/DawnBGC/Libraries/FWLIB/src/gd32f4xx_dma.c:385
        DMA_CHFCTL(dma_periph,channelx) &= ~source;
 80234fe:	7afa      	ldrb	r2, [r7, #11]
 8023500:	4613      	mov	r3, r2
 8023502:	005b      	lsls	r3, r3, #1
 8023504:	4413      	add	r3, r2
 8023506:	00db      	lsls	r3, r3, #3
 8023508:	461a      	mov	r2, r3
 802350a:	68fb      	ldr	r3, [r7, #12]
 802350c:	4413      	add	r3, r2
 802350e:	3324      	adds	r3, #36	; 0x24
 8023510:	6818      	ldr	r0, [r3, #0]
 8023512:	687b      	ldr	r3, [r7, #4]
 8023514:	43d9      	mvns	r1, r3
 8023516:	7afa      	ldrb	r2, [r7, #11]
 8023518:	4613      	mov	r3, r2
 802351a:	005b      	lsls	r3, r3, #1
 802351c:	4413      	add	r3, r2
 802351e:	00db      	lsls	r3, r3, #3
 8023520:	461a      	mov	r2, r3
 8023522:	68fb      	ldr	r3, [r7, #12]
 8023524:	4413      	add	r3, r2
 8023526:	3324      	adds	r3, #36	; 0x24
 8023528:	461a      	mov	r2, r3
 802352a:	ea00 0301 	and.w	r3, r0, r1
 802352e:	6013      	str	r3, [r2, #0]
C:/Users/leonardo/Desktop/Code/Github/DawnBGC/Libraries/FWLIB/src/gd32f4xx_dma.c:387
}
 8023530:	bf00      	nop
 8023532:	3714      	adds	r7, #20
 8023534:	46bd      	mov	sp, r7
 8023536:	bc80      	pop	{r7}
 8023538:	4770      	bx	lr

0802353a <dma_transfer_number_get>:
dma_transfer_number_get():
C:/Users/leonardo/Desktop/Code/Github/DawnBGC/Libraries/FWLIB/src/gd32f4xx_dma.c:449
      \arg        DMA_CHx(x=0..7)
    \param[out] none
    \retval     uint32_t: the number of remaining data to be transferred by the DMA 
*/
uint32_t dma_transfer_number_get(uint32_t dma_periph,dma_channel_enum channelx)
{
 802353a:	b480      	push	{r7}
 802353c:	b083      	sub	sp, #12
 802353e:	af00      	add	r7, sp, #0
 8023540:	6078      	str	r0, [r7, #4]
 8023542:	460b      	mov	r3, r1
 8023544:	70fb      	strb	r3, [r7, #3]
C:/Users/leonardo/Desktop/Code/Github/DawnBGC/Libraries/FWLIB/src/gd32f4xx_dma.c:450
    return (uint32_t)DMA_CHCNT(dma_periph,channelx);
 8023546:	78fa      	ldrb	r2, [r7, #3]
 8023548:	4613      	mov	r3, r2
 802354a:	005b      	lsls	r3, r3, #1
 802354c:	4413      	add	r3, r2
 802354e:	00db      	lsls	r3, r3, #3
 8023550:	461a      	mov	r2, r3
 8023552:	687b      	ldr	r3, [r7, #4]
 8023554:	4413      	add	r3, r2
 8023556:	3314      	adds	r3, #20
 8023558:	681b      	ldr	r3, [r3, #0]
C:/Users/leonardo/Desktop/Code/Github/DawnBGC/Libraries/FWLIB/src/gd32f4xx_dma.c:451
}
 802355a:	4618      	mov	r0, r3
 802355c:	370c      	adds	r7, #12
 802355e:	46bd      	mov	sp, r7
 8023560:	bc80      	pop	{r7}
 8023562:	4770      	bx	lr

08023564 <dma_channel_enable>:
dma_channel_enable():
C:/Users/leonardo/Desktop/Code/Github/DawnBGC/Libraries/FWLIB/src/gd32f4xx_dma.c:685
      \arg        DMA_CHx(x=0..7)
    \param[out] none
    \retval     none 
*/
void dma_channel_enable(uint32_t dma_periph,dma_channel_enum channelx)
{
 8023564:	b480      	push	{r7}
 8023566:	b083      	sub	sp, #12
 8023568:	af00      	add	r7, sp, #0
 802356a:	6078      	str	r0, [r7, #4]
 802356c:	460b      	mov	r3, r1
 802356e:	70fb      	strb	r3, [r7, #3]
C:/Users/leonardo/Desktop/Code/Github/DawnBGC/Libraries/FWLIB/src/gd32f4xx_dma.c:686
    DMA_CHCTL(dma_periph,channelx) |= DMA_CHXCTL_CHEN;
 8023570:	78fa      	ldrb	r2, [r7, #3]
 8023572:	4613      	mov	r3, r2
 8023574:	005b      	lsls	r3, r3, #1
 8023576:	4413      	add	r3, r2
 8023578:	00db      	lsls	r3, r3, #3
 802357a:	461a      	mov	r2, r3
 802357c:	687b      	ldr	r3, [r7, #4]
 802357e:	4413      	add	r3, r2
 8023580:	3310      	adds	r3, #16
 8023582:	6819      	ldr	r1, [r3, #0]
 8023584:	78fa      	ldrb	r2, [r7, #3]
 8023586:	4613      	mov	r3, r2
 8023588:	005b      	lsls	r3, r3, #1
 802358a:	4413      	add	r3, r2
 802358c:	00db      	lsls	r3, r3, #3
 802358e:	461a      	mov	r2, r3
 8023590:	687b      	ldr	r3, [r7, #4]
 8023592:	4413      	add	r3, r2
 8023594:	3310      	adds	r3, #16
 8023596:	461a      	mov	r2, r3
 8023598:	f041 0301 	orr.w	r3, r1, #1
 802359c:	6013      	str	r3, [r2, #0]
C:/Users/leonardo/Desktop/Code/Github/DawnBGC/Libraries/FWLIB/src/gd32f4xx_dma.c:687
}
 802359e:	bf00      	nop
 80235a0:	370c      	adds	r7, #12
 80235a2:	46bd      	mov	sp, r7
 80235a4:	bc80      	pop	{r7}
 80235a6:	4770      	bx	lr

080235a8 <dma_channel_disable>:
dma_channel_disable():
C:/Users/leonardo/Desktop/Code/Github/DawnBGC/Libraries/FWLIB/src/gd32f4xx_dma.c:699
      \arg        DMA_CHx(x=0..7)
    \param[out] none
    \retval     none 
*/
void dma_channel_disable(uint32_t dma_periph,dma_channel_enum channelx)
{
 80235a8:	b480      	push	{r7}
 80235aa:	b083      	sub	sp, #12
 80235ac:	af00      	add	r7, sp, #0
 80235ae:	6078      	str	r0, [r7, #4]
 80235b0:	460b      	mov	r3, r1
 80235b2:	70fb      	strb	r3, [r7, #3]
C:/Users/leonardo/Desktop/Code/Github/DawnBGC/Libraries/FWLIB/src/gd32f4xx_dma.c:700
    DMA_CHCTL(dma_periph,channelx) &= ~DMA_CHXCTL_CHEN;
 80235b4:	78fa      	ldrb	r2, [r7, #3]
 80235b6:	4613      	mov	r3, r2
 80235b8:	005b      	lsls	r3, r3, #1
 80235ba:	4413      	add	r3, r2
 80235bc:	00db      	lsls	r3, r3, #3
 80235be:	461a      	mov	r2, r3
 80235c0:	687b      	ldr	r3, [r7, #4]
 80235c2:	4413      	add	r3, r2
 80235c4:	3310      	adds	r3, #16
 80235c6:	6819      	ldr	r1, [r3, #0]
 80235c8:	78fa      	ldrb	r2, [r7, #3]
 80235ca:	4613      	mov	r3, r2
 80235cc:	005b      	lsls	r3, r3, #1
 80235ce:	4413      	add	r3, r2
 80235d0:	00db      	lsls	r3, r3, #3
 80235d2:	461a      	mov	r2, r3
 80235d4:	687b      	ldr	r3, [r7, #4]
 80235d6:	4413      	add	r3, r2
 80235d8:	3310      	adds	r3, #16
 80235da:	461a      	mov	r2, r3
 80235dc:	f021 0301 	bic.w	r3, r1, #1
 80235e0:	6013      	str	r3, [r2, #0]
C:/Users/leonardo/Desktop/Code/Github/DawnBGC/Libraries/FWLIB/src/gd32f4xx_dma.c:701
}
 80235e2:	bf00      	nop
 80235e4:	370c      	adds	r7, #12
 80235e6:	46bd      	mov	sp, r7
 80235e8:	bc80      	pop	{r7}
 80235ea:	4770      	bx	lr

080235ec <dma_channel_subperipheral_select>:
dma_channel_subperipheral_select():
C:/Users/leonardo/Desktop/Code/Github/DawnBGC/Libraries/FWLIB/src/gd32f4xx_dma.c:715
      \arg        DMA_SUBPERIx(x=0..7)
    \param[out] none
    \retval     none 
*/
void dma_channel_subperipheral_select(uint32_t dma_periph,dma_channel_enum channelx,dma_subperipheral_enum sub_periph)
{
 80235ec:	b480      	push	{r7}
 80235ee:	b085      	sub	sp, #20
 80235f0:	af00      	add	r7, sp, #0
 80235f2:	6078      	str	r0, [r7, #4]
 80235f4:	460b      	mov	r3, r1
 80235f6:	70fb      	strb	r3, [r7, #3]
 80235f8:	4613      	mov	r3, r2
 80235fa:	70bb      	strb	r3, [r7, #2]
C:/Users/leonardo/Desktop/Code/Github/DawnBGC/Libraries/FWLIB/src/gd32f4xx_dma.c:718
    uint32_t ctl;
    /* acquire DMA_CHxCTL register */
    ctl = DMA_CHCTL(dma_periph,channelx);
 80235fc:	78fa      	ldrb	r2, [r7, #3]
 80235fe:	4613      	mov	r3, r2
 8023600:	005b      	lsls	r3, r3, #1
 8023602:	4413      	add	r3, r2
 8023604:	00db      	lsls	r3, r3, #3
 8023606:	461a      	mov	r2, r3
 8023608:	687b      	ldr	r3, [r7, #4]
 802360a:	4413      	add	r3, r2
 802360c:	3310      	adds	r3, #16
 802360e:	681b      	ldr	r3, [r3, #0]
 8023610:	60fb      	str	r3, [r7, #12]
C:/Users/leonardo/Desktop/Code/Github/DawnBGC/Libraries/FWLIB/src/gd32f4xx_dma.c:720
    /* assign regiser */
    ctl &= ~DMA_CHXCTL_PERIEN;
 8023612:	68fb      	ldr	r3, [r7, #12]
 8023614:	f023 6360 	bic.w	r3, r3, #234881024	; 0xe000000
 8023618:	60fb      	str	r3, [r7, #12]
C:/Users/leonardo/Desktop/Code/Github/DawnBGC/Libraries/FWLIB/src/gd32f4xx_dma.c:721
    ctl |= ((uint32_t)sub_periph << CHXCTL_PERIEN_OFFSET);
 802361a:	78bb      	ldrb	r3, [r7, #2]
 802361c:	065b      	lsls	r3, r3, #25
 802361e:	68fa      	ldr	r2, [r7, #12]
 8023620:	4313      	orrs	r3, r2
 8023622:	60fb      	str	r3, [r7, #12]
C:/Users/leonardo/Desktop/Code/Github/DawnBGC/Libraries/FWLIB/src/gd32f4xx_dma.c:723
    
    DMA_CHCTL(dma_periph,channelx) = ctl;
 8023624:	78fa      	ldrb	r2, [r7, #3]
 8023626:	4613      	mov	r3, r2
 8023628:	005b      	lsls	r3, r3, #1
 802362a:	4413      	add	r3, r2
 802362c:	00db      	lsls	r3, r3, #3
 802362e:	461a      	mov	r2, r3
 8023630:	687b      	ldr	r3, [r7, #4]
 8023632:	4413      	add	r3, r2
 8023634:	3310      	adds	r3, #16
 8023636:	461a      	mov	r2, r3
 8023638:	68fb      	ldr	r3, [r7, #12]
 802363a:	6013      	str	r3, [r2, #0]
C:/Users/leonardo/Desktop/Code/Github/DawnBGC/Libraries/FWLIB/src/gd32f4xx_dma.c:724
}
 802363c:	bf00      	nop
 802363e:	3714      	adds	r7, #20
 8023640:	46bd      	mov	sp, r7
 8023642:	bc80      	pop	{r7}
 8023644:	4770      	bx	lr
	...

08023648 <SystickInit>:
SystickInit():
C:/Users/leonardo/Desktop/Code/Github/DawnBGC/Dawn/DawnSys/systick.c:30

static uint8_t  fac_us=0; 
static uint16_t fac_ms=0; 

void SystickInit(void)
{
 8023648:	b580      	push	{r7, lr}
 802364a:	b082      	sub	sp, #8
 802364c:	af00      	add	r7, sp, #0
C:/Users/leonardo/Desktop/Code/Github/DawnBGC/Dawn/DawnSys/systick.c:31
    uint8_t sysclk_mhz = 0;
 802364e:	2300      	movs	r3, #0
 8023650:	71fb      	strb	r3, [r7, #7]
C:/Users/leonardo/Desktop/Code/Github/DawnBGC/Dawn/DawnSys/systick.c:32
    systick_clksource_set(SYSTICK_CLKSOURCE_HCLK_DIV8);
 8023652:	f06f 0004 	mvn.w	r0, #4
 8023656:	f7ff f90b 	bl	8022870 <systick_clksource_set>
C:/Users/leonardo/Desktop/Code/Github/DawnBGC/Dawn/DawnSys/systick.c:35

    
    sysclk_mhz = SYSTERM_CLK / 1000000;
 802365a:	23c8      	movs	r3, #200	; 0xc8
 802365c:	71fb      	strb	r3, [r7, #7]
C:/Users/leonardo/Desktop/Code/Github/DawnBGC/Dawn/DawnSys/systick.c:36
    fac_us = sysclk_mhz / 8;
 802365e:	79fb      	ldrb	r3, [r7, #7]
 8023660:	08db      	lsrs	r3, r3, #3
 8023662:	b2da      	uxtb	r2, r3
 8023664:	4b08      	ldr	r3, [pc, #32]	; (8023688 <SystickInit+0x40>)
 8023666:	701a      	strb	r2, [r3, #0]
C:/Users/leonardo/Desktop/Code/Github/DawnBGC/Dawn/DawnSys/systick.c:37
    fac_ms = (uint16_t)fac_us * 1000;
 8023668:	4b07      	ldr	r3, [pc, #28]	; (8023688 <SystickInit+0x40>)
 802366a:	781b      	ldrb	r3, [r3, #0]
 802366c:	b29b      	uxth	r3, r3
 802366e:	461a      	mov	r2, r3
 8023670:	0152      	lsls	r2, r2, #5
 8023672:	1ad2      	subs	r2, r2, r3
 8023674:	0092      	lsls	r2, r2, #2
 8023676:	4413      	add	r3, r2
 8023678:	00db      	lsls	r3, r3, #3
 802367a:	b29a      	uxth	r2, r3
 802367c:	4b03      	ldr	r3, [pc, #12]	; (802368c <SystickInit+0x44>)
 802367e:	801a      	strh	r2, [r3, #0]
C:/Users/leonardo/Desktop/Code/Github/DawnBGC/Dawn/DawnSys/systick.c:38
}
 8023680:	bf00      	nop
 8023682:	3708      	adds	r7, #8
 8023684:	46bd      	mov	sp, r7
 8023686:	bd80      	pop	{r7, pc}
 8023688:	200006ac 	.word	0x200006ac
 802368c:	200006ae 	.word	0x200006ae

08023690 <systick_dly_ms>:
systick_dly_ms():
C:/Users/leonardo/Desktop/Code/Github/DawnBGC/Dawn/DawnSys/systick.c:62
    
    SysTick->VAL = 0x00;
}

void systick_dly_ms(uint16_t nms)
{
 8023690:	b480      	push	{r7}
 8023692:	b085      	sub	sp, #20
 8023694:	af00      	add	r7, sp, #0
 8023696:	4603      	mov	r3, r0
 8023698:	80fb      	strh	r3, [r7, #6]
C:/Users/leonardo/Desktop/Code/Github/DawnBGC/Dawn/DawnSys/systick.c:66
    uint32_t temp;

    
    SysTick->LOAD=(uint32_t)nms * fac_ms;
 802369a:	88fb      	ldrh	r3, [r7, #6]
 802369c:	4a15      	ldr	r2, [pc, #84]	; (80236f4 <systick_dly_ms+0x64>)
 802369e:	8812      	ldrh	r2, [r2, #0]
 80236a0:	4611      	mov	r1, r2
 80236a2:	4a15      	ldr	r2, [pc, #84]	; (80236f8 <systick_dly_ms+0x68>)
 80236a4:	fb01 f303 	mul.w	r3, r1, r3
 80236a8:	6053      	str	r3, [r2, #4]
C:/Users/leonardo/Desktop/Code/Github/DawnBGC/Dawn/DawnSys/systick.c:68
    
    SysTick->VAL = 0x00;
 80236aa:	4b13      	ldr	r3, [pc, #76]	; (80236f8 <systick_dly_ms+0x68>)
 80236ac:	2200      	movs	r2, #0
 80236ae:	609a      	str	r2, [r3, #8]
C:/Users/leonardo/Desktop/Code/Github/DawnBGC/Dawn/DawnSys/systick.c:70
    
    SysTick->CTRL |= SysTick_CTRL_ENABLE_Msk ;
 80236b0:	4b11      	ldr	r3, [pc, #68]	; (80236f8 <systick_dly_ms+0x68>)
 80236b2:	681b      	ldr	r3, [r3, #0]
 80236b4:	4a10      	ldr	r2, [pc, #64]	; (80236f8 <systick_dly_ms+0x68>)
 80236b6:	f043 0301 	orr.w	r3, r3, #1
 80236ba:	6013      	str	r3, [r2, #0]
C:/Users/leonardo/Desktop/Code/Github/DawnBGC/Dawn/DawnSys/systick.c:73 (discriminator 2)
    do
    {
        temp = SysTick->CTRL;
 80236bc:	4b0e      	ldr	r3, [pc, #56]	; (80236f8 <systick_dly_ms+0x68>)
 80236be:	681b      	ldr	r3, [r3, #0]
 80236c0:	60fb      	str	r3, [r7, #12]
C:/Users/leonardo/Desktop/Code/Github/DawnBGC/Dawn/DawnSys/systick.c:75 (discriminator 2)
    }
    while((temp & 0x01)&& !(temp & (1<<16)));
 80236c2:	68fb      	ldr	r3, [r7, #12]
 80236c4:	f003 0301 	and.w	r3, r3, #1
 80236c8:	2b00      	cmp	r3, #0
 80236ca:	d004      	beq.n	80236d6 <systick_dly_ms+0x46>
C:/Users/leonardo/Desktop/Code/Github/DawnBGC/Dawn/DawnSys/systick.c:75 (discriminator 1)
 80236cc:	68fb      	ldr	r3, [r7, #12]
 80236ce:	f403 3380 	and.w	r3, r3, #65536	; 0x10000
 80236d2:	2b00      	cmp	r3, #0
 80236d4:	d0f2      	beq.n	80236bc <systick_dly_ms+0x2c>
C:/Users/leonardo/Desktop/Code/Github/DawnBGC/Dawn/DawnSys/systick.c:77
    
    SysTick->CTRL &= ~SysTick_CTRL_ENABLE_Msk;
 80236d6:	4b08      	ldr	r3, [pc, #32]	; (80236f8 <systick_dly_ms+0x68>)
 80236d8:	681b      	ldr	r3, [r3, #0]
 80236da:	4a07      	ldr	r2, [pc, #28]	; (80236f8 <systick_dly_ms+0x68>)
 80236dc:	f023 0301 	bic.w	r3, r3, #1
 80236e0:	6013      	str	r3, [r2, #0]
C:/Users/leonardo/Desktop/Code/Github/DawnBGC/Dawn/DawnSys/systick.c:79
    
    SysTick->VAL = 0x00;
 80236e2:	4b05      	ldr	r3, [pc, #20]	; (80236f8 <systick_dly_ms+0x68>)
 80236e4:	2200      	movs	r2, #0
 80236e6:	609a      	str	r2, [r3, #8]
C:/Users/leonardo/Desktop/Code/Github/DawnBGC/Dawn/DawnSys/systick.c:80
}
 80236e8:	bf00      	nop
 80236ea:	3714      	adds	r7, #20
 80236ec:	46bd      	mov	sp, r7
 80236ee:	bc80      	pop	{r7}
 80236f0:	4770      	bx	lr
 80236f2:	bf00      	nop
 80236f4:	200006ae 	.word	0x200006ae
 80236f8:	e000e010 	.word	0xe000e010

080236fc <NMI_Handler>:
NMI_Handler():
C:/Users/leonardo/Desktop/Code/Github/DawnBGC/Dawn/DawnMain/gd32f4xx_it.c:27


#include "gd32f4xx_it.h"

void NMI_Handler(void)
{
 80236fc:	b480      	push	{r7}
 80236fe:	af00      	add	r7, sp, #0
C:/Users/leonardo/Desktop/Code/Github/DawnBGC/Dawn/DawnMain/gd32f4xx_it.c:28
}
 8023700:	bf00      	nop
 8023702:	46bd      	mov	sp, r7
 8023704:	bc80      	pop	{r7}
 8023706:	4770      	bx	lr

08023708 <HardFault_Handler>:
HardFault_Handler():
C:/Users/leonardo/Desktop/Code/Github/DawnBGC/Dawn/DawnMain/gd32f4xx_it.c:31

void HardFault_Handler(void)
{
 8023708:	b480      	push	{r7}
 802370a:	af00      	add	r7, sp, #0
C:/Users/leonardo/Desktop/Code/Github/DawnBGC/Dawn/DawnMain/gd32f4xx_it.c:33 (discriminator 1)
    
    while (1){
 802370c:	e7fe      	b.n	802370c <HardFault_Handler+0x4>

0802370e <MemManage_Handler>:
MemManage_Handler():
C:/Users/leonardo/Desktop/Code/Github/DawnBGC/Dawn/DawnMain/gd32f4xx_it.c:38
    }
}

void MemManage_Handler(void)
{
 802370e:	b480      	push	{r7}
 8023710:	af00      	add	r7, sp, #0
C:/Users/leonardo/Desktop/Code/Github/DawnBGC/Dawn/DawnMain/gd32f4xx_it.c:40 (discriminator 1)
    
    while (1){
 8023712:	e7fe      	b.n	8023712 <MemManage_Handler+0x4>

08023714 <BusFault_Handler>:
BusFault_Handler():
C:/Users/leonardo/Desktop/Code/Github/DawnBGC/Dawn/DawnMain/gd32f4xx_it.c:45
    }
}

void BusFault_Handler(void)
{
 8023714:	b480      	push	{r7}
 8023716:	af00      	add	r7, sp, #0
C:/Users/leonardo/Desktop/Code/Github/DawnBGC/Dawn/DawnMain/gd32f4xx_it.c:47 (discriminator 1)
    
    while (1){
 8023718:	e7fe      	b.n	8023718 <BusFault_Handler+0x4>

0802371a <UsageFault_Handler>:
UsageFault_Handler():
C:/Users/leonardo/Desktop/Code/Github/DawnBGC/Dawn/DawnMain/gd32f4xx_it.c:52
    }
}

void UsageFault_Handler(void)
{
 802371a:	b480      	push	{r7}
 802371c:	af00      	add	r7, sp, #0
C:/Users/leonardo/Desktop/Code/Github/DawnBGC/Dawn/DawnMain/gd32f4xx_it.c:54 (discriminator 1)
    
    while (1){
 802371e:	e7fe      	b.n	802371e <UsageFault_Handler+0x4>

08023720 <SVC_Handler>:
SVC_Handler():
C:/Users/leonardo/Desktop/Code/Github/DawnBGC/Dawn/DawnMain/gd32f4xx_it.c:59
    }
}

void SVC_Handler(void)
{
 8023720:	b480      	push	{r7}
 8023722:	af00      	add	r7, sp, #0
C:/Users/leonardo/Desktop/Code/Github/DawnBGC/Dawn/DawnMain/gd32f4xx_it.c:60
}
 8023724:	bf00      	nop
 8023726:	46bd      	mov	sp, r7
 8023728:	bc80      	pop	{r7}
 802372a:	4770      	bx	lr

0802372c <DebugMon_Handler>:
DebugMon_Handler():
C:/Users/leonardo/Desktop/Code/Github/DawnBGC/Dawn/DawnMain/gd32f4xx_it.c:63

void DebugMon_Handler(void)
{
 802372c:	b480      	push	{r7}
 802372e:	af00      	add	r7, sp, #0
C:/Users/leonardo/Desktop/Code/Github/DawnBGC/Dawn/DawnMain/gd32f4xx_it.c:64
}
 8023730:	bf00      	nop
 8023732:	46bd      	mov	sp, r7
 8023734:	bc80      	pop	{r7}
 8023736:	4770      	bx	lr

08023738 <PendSV_Handler>:
PendSV_Handler():
C:/Users/leonardo/Desktop/Code/Github/DawnBGC/Dawn/DawnMain/gd32f4xx_it.c:67

void PendSV_Handler(void)
{
 8023738:	b480      	push	{r7}
 802373a:	af00      	add	r7, sp, #0
C:/Users/leonardo/Desktop/Code/Github/DawnBGC/Dawn/DawnMain/gd32f4xx_it.c:68
}
 802373c:	bf00      	nop
 802373e:	46bd      	mov	sp, r7
 8023740:	bc80      	pop	{r7}
 8023742:	4770      	bx	lr

08023744 <SysTick_Handler>:
SysTick_Handler():
C:/Users/leonardo/Desktop/Code/Github/DawnBGC/Dawn/DawnMain/gd32f4xx_it.c:71

void SysTick_Handler(void)
{
 8023744:	b480      	push	{r7}
 8023746:	af00      	add	r7, sp, #0
C:/Users/leonardo/Desktop/Code/Github/DawnBGC/Dawn/DawnMain/gd32f4xx_it.c:72
}
 8023748:	bf00      	nop
 802374a:	46bd      	mov	sp, r7
 802374c:	bc80      	pop	{r7}
 802374e:	4770      	bx	lr

08023750 <SysLedInit>:
SysLedInit():
C:/Users/leonardo/Desktop/Code/Github/DawnBGC/Dawn/DawnMain/dawn_main.c:27


#include "includes.h"

void SysLedInit(void)
{
 8023750:	b580      	push	{r7, lr}
 8023752:	af00      	add	r7, sp, #0
C:/Users/leonardo/Desktop/Code/Github/DawnBGC/Dawn/DawnMain/dawn_main.c:28
    rcu_periph_clock_enable(RCU_GPIOC);
 8023754:	f640 4002 	movw	r0, #3074	; 0xc02
 8023758:	f7fe fe98 	bl	802248c <rcu_periph_clock_enable>
C:/Users/leonardo/Desktop/Code/Github/DawnBGC/Dawn/DawnMain/dawn_main.c:29
    gpio_mode_set(GPIOC, GPIO_MODE_OUTPUT, GPIO_PUPD_NONE, GPIO_PIN_7);
 802375c:	2380      	movs	r3, #128	; 0x80
 802375e:	2200      	movs	r2, #0
 8023760:	2101      	movs	r1, #1
 8023762:	4807      	ldr	r0, [pc, #28]	; (8023780 <SysLedInit+0x30>)
 8023764:	f7ff f8a0 	bl	80228a8 <gpio_mode_set>
C:/Users/leonardo/Desktop/Code/Github/DawnBGC/Dawn/DawnMain/dawn_main.c:31

    gpio_output_options_set(GPIOC, GPIO_OTYPE_PP, GPIO_OSPEED_200MHZ, GPIO_PIN_7);
 8023768:	2380      	movs	r3, #128	; 0x80
 802376a:	2203      	movs	r2, #3
 802376c:	2100      	movs	r1, #0
 802376e:	4804      	ldr	r0, [pc, #16]	; (8023780 <SysLedInit+0x30>)
 8023770:	f7ff f8e7 	bl	8022942 <gpio_output_options_set>
C:/Users/leonardo/Desktop/Code/Github/DawnBGC/Dawn/DawnMain/dawn_main.c:33

    gpio_bit_set(GPIOC, GPIO_PIN_7);
 8023774:	2180      	movs	r1, #128	; 0x80
 8023776:	4802      	ldr	r0, [pc, #8]	; (8023780 <SysLedInit+0x30>)
 8023778:	f7ff f930 	bl	80229dc <gpio_bit_set>
C:/Users/leonardo/Desktop/Code/Github/DawnBGC/Dawn/DawnMain/dawn_main.c:34
}
 802377c:	bf00      	nop
 802377e:	bd80      	pop	{r7, pc}
 8023780:	40020800 	.word	0x40020800

08023784 <SysLedCmd>:
SysLedCmd():
C:/Users/leonardo/Desktop/Code/Github/DawnBGC/Dawn/DawnMain/dawn_main.c:37

void SysLedCmd(ControlStatus cmd)
{
 8023784:	b580      	push	{r7, lr}
 8023786:	b082      	sub	sp, #8
 8023788:	af00      	add	r7, sp, #0
 802378a:	4603      	mov	r3, r0
 802378c:	71fb      	strb	r3, [r7, #7]
C:/Users/leonardo/Desktop/Code/Github/DawnBGC/Dawn/DawnMain/dawn_main.c:38
    if (cmd == DISABLE)
 802378e:	79fb      	ldrb	r3, [r7, #7]
 8023790:	2b00      	cmp	r3, #0
 8023792:	d104      	bne.n	802379e <SysLedCmd+0x1a>
C:/Users/leonardo/Desktop/Code/Github/DawnBGC/Dawn/DawnMain/dawn_main.c:40
    {
        gpio_bit_set(GPIOC, GPIO_PIN_7);
 8023794:	2180      	movs	r1, #128	; 0x80
 8023796:	4806      	ldr	r0, [pc, #24]	; (80237b0 <SysLedCmd+0x2c>)
 8023798:	f7ff f920 	bl	80229dc <gpio_bit_set>
C:/Users/leonardo/Desktop/Code/Github/DawnBGC/Dawn/DawnMain/dawn_main.c:46
    }
    else
    {
        gpio_bit_reset(GPIOC, GPIO_PIN_7);
    }
}
 802379c:	e003      	b.n	80237a6 <SysLedCmd+0x22>
C:/Users/leonardo/Desktop/Code/Github/DawnBGC/Dawn/DawnMain/dawn_main.c:44
        gpio_bit_reset(GPIOC, GPIO_PIN_7);
 802379e:	2180      	movs	r1, #128	; 0x80
 80237a0:	4803      	ldr	r0, [pc, #12]	; (80237b0 <SysLedCmd+0x2c>)
 80237a2:	f7ff f92a 	bl	80229fa <gpio_bit_reset>
C:/Users/leonardo/Desktop/Code/Github/DawnBGC/Dawn/DawnMain/dawn_main.c:46
}
 80237a6:	bf00      	nop
 80237a8:	3708      	adds	r7, #8
 80237aa:	46bd      	mov	sp, r7
 80237ac:	bd80      	pop	{r7, pc}
 80237ae:	bf00      	nop
 80237b0:	40020800 	.word	0x40020800

080237b4 <main>:
main():
C:/Users/leonardo/Desktop/Code/Github/DawnBGC/Dawn/DawnMain/dawn_main.c:49

int main(void)
{
 80237b4:	b580      	push	{r7, lr}
 80237b6:	b084      	sub	sp, #16
 80237b8:	af00      	add	r7, sp, #0
C:/Users/leonardo/Desktop/Code/Github/DawnBGC/Dawn/DawnMain/dawn_main.c:51

    ControlStatus SysLedStatus = DISABLE;
 80237ba:	2300      	movs	r3, #0
 80237bc:	73fb      	strb	r3, [r7, #15]
 80237be:	2301      	movs	r3, #1
 80237c0:	607b      	str	r3, [r7, #4]
__set_PRIMASK():
C:\Users\leonardo\Desktop\Code\Github\DawnBGC\GD32EBuilder_project\DawnBGC/../../CMSIS/DSP/Include/core_cmFunc.h:497

    \param [in]    priMask  Priority Mask
 */
__attribute__( ( always_inline ) ) __STATIC_INLINE void __set_PRIMASK(uint32_t priMask)
{
  __ASM volatile ("MSR primask, %0" : : "r" (priMask) : "memory");
 80237c2:	687b      	ldr	r3, [r7, #4]
 80237c4:	f383 8810 	msr	PRIMASK, r3
C:\Users\leonardo\Desktop\Code\Github\DawnBGC\GD32EBuilder_project\DawnBGC/../../CMSIS/DSP/Include/core_cmFunc.h:498
}
 80237c8:	bf00      	nop
main():
C:/Users/leonardo/Desktop/Code/Github/DawnBGC/Dawn/DawnMain/dawn_main.c:57

    
    __set_PRIMASK(1);

    
    nvic_vector_table_set(NVIC_VECTTAB_FLASH, 0x20000);
 80237ca:	f44f 3100 	mov.w	r1, #131072	; 0x20000
 80237ce:	f04f 6000 	mov.w	r0, #134217728	; 0x8000000
 80237d2:	f7ff f837 	bl	8022844 <nvic_vector_table_set>
C:/Users/leonardo/Desktop/Code/Github/DawnBGC/Dawn/DawnMain/dawn_main.c:60

    
    nvic_priority_group_set(NVIC_PRIGROUP_PRE2_SUB2);
 80237d6:	f44f 60a0 	mov.w	r0, #1280	; 0x500
 80237da:	f7fe ffa3 	bl	8022724 <nvic_priority_group_set>
C:/Users/leonardo/Desktop/Code/Github/DawnBGC/Dawn/DawnMain/dawn_main.c:63

    
    SystickInit();
 80237de:	f7ff ff33 	bl	8023648 <SystickInit>
C:/Users/leonardo/Desktop/Code/Github/DawnBGC/Dawn/DawnMain/dawn_main.c:66

    
    SysLedInit();
 80237e2:	f7ff ffb5 	bl	8023750 <SysLedInit>
C:/Users/leonardo/Desktop/Code/Github/DawnBGC/Dawn/DawnMain/dawn_main.c:68
    
    TimeBaseInit();
 80237e6:	f002 fc13 	bl	8026010 <TimeBaseInit>
C:/Users/leonardo/Desktop/Code/Github/DawnBGC/Dawn/DawnMain/dawn_main.c:71

    
    DebugUsartInit(115200);
 80237ea:	f44f 30e1 	mov.w	r0, #115200	; 0x1c200
 80237ee:	f002 f8f7 	bl	80259e0 <DebugUsartInit>
C:/Users/leonardo/Desktop/Code/Github/DawnBGC/Dawn/DawnMain/dawn_main.c:74

    
    Icm206XXInit();
 80237f2:	f001 fcd7 	bl	80251a4 <Icm206XXInit>
C:/Users/leonardo/Desktop/Code/Github/DawnBGC/Dawn/DawnMain/dawn_main.c:77

    
    GimbalInit();
 80237f6:	f000 f883 	bl	8023900 <GimbalInit>
 80237fa:	2300      	movs	r3, #0
 80237fc:	60bb      	str	r3, [r7, #8]
__set_PRIMASK():
C:\Users\leonardo\Desktop\Code\Github\DawnBGC\GD32EBuilder_project\DawnBGC/../../CMSIS/DSP/Include/core_cmFunc.h:497
  __ASM volatile ("MSR primask, %0" : : "r" (priMask) : "memory");
 80237fe:	68bb      	ldr	r3, [r7, #8]
 8023800:	f383 8810 	msr	PRIMASK, r3
C:\Users\leonardo\Desktop\Code\Github\DawnBGC\GD32EBuilder_project\DawnBGC/../../CMSIS/DSP/Include/core_cmFunc.h:498
}
 8023804:	bf00      	nop
main():
C:/Users/leonardo/Desktop/Code/Github/DawnBGC/Dawn/DawnMain/dawn_main.c:85
    

    
    __set_PRIMASK(0);

    TimeBaseStart(1000 / SYS_LED_TOGGLE_FREQ, &TimeOutArray[FREE_TIMEOUT_MODULE]);
 8023806:	490e      	ldr	r1, [pc, #56]	; (8023840 <main+0x8c>)
 8023808:	20fa      	movs	r0, #250	; 0xfa
 802380a:	f002 fc3d 	bl	8026088 <TimeBaseStart>
C:/Users/leonardo/Desktop/Code/Github/DawnBGC/Dawn/DawnMain/dawn_main.c:90

    while (1)
    {
        
        FrameUnpack(&DebugUsartFrame);
 802380e:	480d      	ldr	r0, [pc, #52]	; (8023844 <main+0x90>)
 8023810:	f002 f85a 	bl	80258c8 <FrameUnpack>
C:/Users/leonardo/Desktop/Code/Github/DawnBGC/Dawn/DawnMain/dawn_main.c:93

        
        if (TimeBaseTimeOut(&TimeOutArray[FREE_TIMEOUT_MODULE]))
 8023814:	480a      	ldr	r0, [pc, #40]	; (8023840 <main+0x8c>)
 8023816:	f002 fc4b 	bl	80260b0 <TimeBaseTimeOut>
 802381a:	4603      	mov	r3, r0
 802381c:	2b00      	cmp	r3, #0
 802381e:	d0f6      	beq.n	802380e <main+0x5a>
C:/Users/leonardo/Desktop/Code/Github/DawnBGC/Dawn/DawnMain/dawn_main.c:96
        {
            
            TimeBaseStart(1000 / SYS_LED_TOGGLE_FREQ, &TimeOutArray[FREE_TIMEOUT_MODULE]);
 8023820:	4907      	ldr	r1, [pc, #28]	; (8023840 <main+0x8c>)
 8023822:	20fa      	movs	r0, #250	; 0xfa
 8023824:	f002 fc30 	bl	8026088 <TimeBaseStart>
C:/Users/leonardo/Desktop/Code/Github/DawnBGC/Dawn/DawnMain/dawn_main.c:97
            SysLedStatus = (ControlStatus)!SysLedStatus;
 8023828:	7bfb      	ldrb	r3, [r7, #15]
 802382a:	2b00      	cmp	r3, #0
 802382c:	bf0c      	ite	eq
 802382e:	2301      	moveq	r3, #1
 8023830:	2300      	movne	r3, #0
 8023832:	b2db      	uxtb	r3, r3
 8023834:	73fb      	strb	r3, [r7, #15]
C:/Users/leonardo/Desktop/Code/Github/DawnBGC/Dawn/DawnMain/dawn_main.c:98
            SysLedCmd(SysLedStatus);
 8023836:	7bfb      	ldrb	r3, [r7, #15]
 8023838:	4618      	mov	r0, r3
 802383a:	f7ff ffa3 	bl	8023784 <SysLedCmd>
C:/Users/leonardo/Desktop/Code/Github/DawnBGC/Dawn/DawnMain/dawn_main.c:90
        FrameUnpack(&DebugUsartFrame);
 802383e:	e7e6      	b.n	802380e <main+0x5a>
 8023840:	20000f28 	.word	0x20000f28
 8023844:	200006d4 	.word	0x200006d4

08023848 <gimbal_business>:
gimbal_business():
C:/Users/leonardo/Desktop/Code/Github/DawnBGC/Dawn/DawnMain/dawn_function.c:41
                .Yaw = 0.0f,
            },
};

void gimbal_business(void)
{
 8023848:	b580      	push	{r7, lr}
 802384a:	af00      	add	r7, sp, #0
C:/Users/leonardo/Desktop/Code/Github/DawnBGC/Dawn/DawnMain/dawn_function.c:43

    if (GimbalSystem.GimbalState == SYSTEM_STATUS)
 802384c:	4b03      	ldr	r3, [pc, #12]	; (802385c <gimbal_business+0x14>)
 802384e:	781b      	ldrb	r3, [r3, #0]
 8023850:	2b03      	cmp	r3, #3
 8023852:	d101      	bne.n	8023858 <gimbal_business+0x10>
C:/Users/leonardo/Desktop/Code/Github/DawnBGC/Dawn/DawnMain/dawn_function.c:45
    {
        motor_stall_process();
 8023854:	f000 f804 	bl	8023860 <motor_stall_process>
C:/Users/leonardo/Desktop/Code/Github/DawnBGC/Dawn/DawnMain/dawn_function.c:47
    }
}
 8023858:	bf00      	nop
 802385a:	bd80      	pop	{r7, pc}
 802385c:	20000000 	.word	0x20000000

08023860 <motor_stall_process>:
motor_stall_process():
C:/Users/leonardo/Desktop/Code/Github/DawnBGC/Dawn/DawnMain/dawn_function.c:49
void motor_stall_process(void)
{
 8023860:	b598      	push	{r3, r4, r7, lr}
 8023862:	af00      	add	r7, sp, #0
C:/Users/leonardo/Desktop/Code/Github/DawnBGC/Dawn/DawnMain/dawn_function.c:55
    static uint32_t StallTime = 0;
    static uint8_t StallTimes = 0;

    
    if (
        (GimbalSystem.ArmTorqueRef.Data.Latge) < (GimbalSystem.ArmRadsPID.Data.Latge.OutLimitMin + 100.f) 
 8023864:	4b22      	ldr	r3, [pc, #136]	; (80238f0 <motor_stall_process+0x90>)
 8023866:	f8d3 41e8 	ldr.w	r4, [r3, #488]	; 0x1e8
 802386a:	4b21      	ldr	r3, [pc, #132]	; (80238f0 <motor_stall_process+0x90>)
 802386c:	f8d3 3358 	ldr.w	r3, [r3, #856]	; 0x358
 8023870:	4920      	ldr	r1, [pc, #128]	; (80238f4 <motor_stall_process+0x94>)
 8023872:	4618      	mov	r0, r3
 8023874:	f7fd f8ac 	bl	80209d0 <__addsf3>
 8023878:	4603      	mov	r3, r0
C:/Users/leonardo/Desktop/Code/Github/DawnBGC/Dawn/DawnMain/dawn_function.c:54
    if (
 802387a:	4619      	mov	r1, r3
 802387c:	4620      	mov	r0, r4
 802387e:	f7fd fb4d 	bl	8020f1c <__aeabi_fcmplt>
 8023882:	4603      	mov	r3, r0
 8023884:	2b00      	cmp	r3, #0
 8023886:	d111      	bne.n	80238ac <motor_stall_process+0x4c>
C:/Users/leonardo/Desktop/Code/Github/DawnBGC/Dawn/DawnMain/dawn_function.c:56
        || (GimbalSystem.ArmTorqueRef.Data.Latge) > (GimbalSystem.ArmRadsPID.Data.Latge.OutLimitMax - 100.0f) )
 8023888:	4b19      	ldr	r3, [pc, #100]	; (80238f0 <motor_stall_process+0x90>)
 802388a:	f8d3 41e8 	ldr.w	r4, [r3, #488]	; 0x1e8
 802388e:	4b18      	ldr	r3, [pc, #96]	; (80238f0 <motor_stall_process+0x90>)
 8023890:	f8d3 335c 	ldr.w	r3, [r3, #860]	; 0x35c
 8023894:	4917      	ldr	r1, [pc, #92]	; (80238f4 <motor_stall_process+0x94>)
 8023896:	4618      	mov	r0, r3
 8023898:	f7fd f898 	bl	80209cc <__aeabi_fsub>
 802389c:	4603      	mov	r3, r0
 802389e:	4619      	mov	r1, r3
 80238a0:	4620      	mov	r0, r4
 80238a2:	f7fd fb59 	bl	8020f58 <__aeabi_fcmpgt>
 80238a6:	4603      	mov	r3, r0
 80238a8:	2b00      	cmp	r3, #0
 80238aa:	d01b      	beq.n	80238e4 <motor_stall_process+0x84>
C:/Users/leonardo/Desktop/Code/Github/DawnBGC/Dawn/DawnMain/dawn_function.c:58
    {
        StallTime++;
 80238ac:	4b12      	ldr	r3, [pc, #72]	; (80238f8 <motor_stall_process+0x98>)
 80238ae:	681b      	ldr	r3, [r3, #0]
 80238b0:	3301      	adds	r3, #1
 80238b2:	4a11      	ldr	r2, [pc, #68]	; (80238f8 <motor_stall_process+0x98>)
 80238b4:	6013      	str	r3, [r2, #0]
C:/Users/leonardo/Desktop/Code/Github/DawnBGC/Dawn/DawnMain/dawn_function.c:59
        if (StallTime > (0.2f * CLOSELOOP_EXECUTE_FREQ))
 80238b6:	4b10      	ldr	r3, [pc, #64]	; (80238f8 <motor_stall_process+0x98>)
 80238b8:	681b      	ldr	r3, [r3, #0]
 80238ba:	4618      	mov	r0, r3
 80238bc:	f7fd f938 	bl	8020b30 <__aeabi_ui2f>
 80238c0:	4603      	mov	r3, r0
 80238c2:	490e      	ldr	r1, [pc, #56]	; (80238fc <motor_stall_process+0x9c>)
 80238c4:	4618      	mov	r0, r3
 80238c6:	f7fd fb47 	bl	8020f58 <__aeabi_fcmpgt>
 80238ca:	4603      	mov	r3, r0
 80238cc:	2b00      	cmp	r3, #0
 80238ce:	d00d      	beq.n	80238ec <motor_stall_process+0x8c>
C:/Users/leonardo/Desktop/Code/Github/DawnBGC/Dawn/DawnMain/dawn_function.c:62
        {
            
            StallTime = 0;
 80238d0:	4b09      	ldr	r3, [pc, #36]	; (80238f8 <motor_stall_process+0x98>)
 80238d2:	2200      	movs	r2, #0
 80238d4:	601a      	str	r2, [r3, #0]
C:/Users/leonardo/Desktop/Code/Github/DawnBGC/Dawn/DawnMain/dawn_function.c:64

            GimbalSystem.GeoEulerTraget.Pitch = GimbalSystem.GeoEulerQuat.Pitch;
 80238d6:	4b06      	ldr	r3, [pc, #24]	; (80238f0 <motor_stall_process+0x90>)
 80238d8:	f8d3 3084 	ldr.w	r3, [r3, #132]	; 0x84
 80238dc:	4a04      	ldr	r2, [pc, #16]	; (80238f0 <motor_stall_process+0x90>)
 80238de:	f8c2 3094 	str.w	r3, [r2, #148]	; 0x94
C:/Users/leonardo/Desktop/Code/Github/DawnBGC/Dawn/DawnMain/dawn_function.c:59
        if (StallTime > (0.2f * CLOSELOOP_EXECUTE_FREQ))
 80238e2:	e003      	b.n	80238ec <motor_stall_process+0x8c>
C:/Users/leonardo/Desktop/Code/Github/DawnBGC/Dawn/DawnMain/dawn_function.c:74
            // ShutOffPWM(&BLDCRoll);
            // ShutOffPWM(&BLDCPitch);
        }
    }
    else
        StallTime = 0;
 80238e4:	4b04      	ldr	r3, [pc, #16]	; (80238f8 <motor_stall_process+0x98>)
 80238e6:	2200      	movs	r2, #0
 80238e8:	601a      	str	r2, [r3, #0]
C:/Users/leonardo/Desktop/Code/Github/DawnBGC/Dawn/DawnMain/dawn_function.c:75
}
 80238ea:	bf00      	nop
 80238ec:	bf00      	nop
 80238ee:	bd98      	pop	{r3, r4, r7, pc}
 80238f0:	20000000 	.word	0x20000000
 80238f4:	42c80000 	.word	0x42c80000
 80238f8:	200006b0 	.word	0x200006b0
 80238fc:	44480000 	.word	0x44480000

08023900 <GimbalInit>:
GimbalInit():
C:/Users/leonardo/Desktop/Code/Github/DawnBGC/Dawn/DawnGImbal/dawn_gimbal_system.c:32
static uint8_t CheckBLDCStatus(void);
static void BDCTorqueUpdata(void);
// static void BLDCTorqueUpdata(void);
static float AngleRadsLimit(float AngleErr, float RadsRef, float MaxACC);
void GimbalInit(void)
{
 8023900:	b580      	push	{r7, lr}
 8023902:	af00      	add	r7, sp, #0
C:/Users/leonardo/Desktop/Code/Github/DawnBGC/Dawn/DawnGImbal/dawn_gimbal_system.c:34
    // BLDCInit();
    BDCInit();
 8023904:	f002 fd74 	bl	80263f0 <BDCInit>
C:/Users/leonardo/Desktop/Code/Github/DawnBGC/Dawn/DawnGImbal/dawn_gimbal_system.c:35
}
 8023908:	bf00      	nop
 802390a:	bd80      	pop	{r7, pc}

0802390c <GimbalWork>:
GimbalWork():
C:/Users/leonardo/Desktop/Code/Github/DawnBGC/Dawn/DawnGImbal/dawn_gimbal_system.c:40

Matrix3X3Union local_ArmDCM_trans;

void GimbalWork(void)
{
 802390c:	b590      	push	{r4, r7, lr}
 802390e:	b085      	sub	sp, #20
 8023910:	af02      	add	r7, sp, #8
C:/Users/leonardo/Desktop/Code/Github/DawnBGC/Dawn/DawnGImbal/dawn_gimbal_system.c:41
    uint8_t i = 0;
 8023912:	2300      	movs	r3, #0
 8023914:	71fb      	strb	r3, [r7, #7]
C:/Users/leonardo/Desktop/Code/Github/DawnBGC/Dawn/DawnGImbal/dawn_gimbal_system.c:43

    BLDCUpdata();
 8023916:	f000 fa85 	bl	8023e24 <BLDCUpdata>
C:/Users/leonardo/Desktop/Code/Github/DawnBGC/Dawn/DawnGImbal/dawn_gimbal_system.c:45

    IMUUpdata();
 802391a:	f000 fb29 	bl	8023f70 <IMUUpdata>
C:/Users/leonardo/Desktop/Code/Github/DawnBGC/Dawn/DawnGImbal/dawn_gimbal_system.c:47

    MatrixSub(3, 1, &GimbalSystem.PlaneRadsRaw.Ele[0], &GimbalSystem.PlaneRadsBias.Ele[0], &GimbalSystem.PlaneRads.Ele[0]);
 802391e:	4bab      	ldr	r3, [pc, #684]	; (8023bcc <GimbalWork+0x2c0>)
 8023920:	9300      	str	r3, [sp, #0]
 8023922:	4bab      	ldr	r3, [pc, #684]	; (8023bd0 <GimbalWork+0x2c4>)
 8023924:	4aab      	ldr	r2, [pc, #684]	; (8023bd4 <GimbalWork+0x2c8>)
 8023926:	2101      	movs	r1, #1
 8023928:	2003      	movs	r0, #3
 802392a:	f001 f931 	bl	8024b90 <MatrixSub>
C:/Users/leonardo/Desktop/Code/Github/DawnBGC/Dawn/DawnGImbal/dawn_gimbal_system.c:49

    GimbalSystem.PlaneACC.Data.X = GimbalSystem.PlaneACCRaw.Data.X;
 802392e:	4baa      	ldr	r3, [pc, #680]	; (8023bd8 <GimbalWork+0x2cc>)
 8023930:	f8d3 30e8 	ldr.w	r3, [r3, #232]	; 0xe8
 8023934:	4aa8      	ldr	r2, [pc, #672]	; (8023bd8 <GimbalWork+0x2cc>)
 8023936:	f8c2 30f4 	str.w	r3, [r2, #244]	; 0xf4
C:/Users/leonardo/Desktop/Code/Github/DawnBGC/Dawn/DawnGImbal/dawn_gimbal_system.c:50
    GimbalSystem.PlaneACC.Data.Y = GimbalSystem.PlaneACCRaw.Data.Y;
 802393a:	4ba7      	ldr	r3, [pc, #668]	; (8023bd8 <GimbalWork+0x2cc>)
 802393c:	f8d3 30ec 	ldr.w	r3, [r3, #236]	; 0xec
 8023940:	4aa5      	ldr	r2, [pc, #660]	; (8023bd8 <GimbalWork+0x2cc>)
 8023942:	f8c2 30f8 	str.w	r3, [r2, #248]	; 0xf8
C:/Users/leonardo/Desktop/Code/Github/DawnBGC/Dawn/DawnGImbal/dawn_gimbal_system.c:51
    GimbalSystem.PlaneACC.Data.Z = GimbalSystem.PlaneACCRaw.Data.Z;
 8023946:	4ba4      	ldr	r3, [pc, #656]	; (8023bd8 <GimbalWork+0x2cc>)
 8023948:	f8d3 30f0 	ldr.w	r3, [r3, #240]	; 0xf0
 802394c:	4aa2      	ldr	r2, [pc, #648]	; (8023bd8 <GimbalWork+0x2cc>)
 802394e:	f8c2 30fc 	str.w	r3, [r2, #252]	; 0xfc
C:/Users/leonardo/Desktop/Code/Github/DawnBGC/Dawn/DawnGImbal/dawn_gimbal_system.c:53

    AttitudeUpdata();
 8023952:	f001 f9cd 	bl	8024cf0 <AttitudeUpdata>
C:/Users/leonardo/Desktop/Code/Github/DawnBGC/Dawn/DawnGImbal/dawn_gimbal_system.c:55

    ACC2Euler(&GimbalSystem.PlaneACC, &GimbalSystem.GeoEulerACC);
 8023956:	49a1      	ldr	r1, [pc, #644]	; (8023bdc <GimbalWork+0x2d0>)
 8023958:	48a1      	ldr	r0, [pc, #644]	; (8023be0 <GimbalWork+0x2d4>)
 802395a:	f000 fbdd 	bl	8024118 <ACC2Euler>
C:/Users/leonardo/Desktop/Code/Github/DawnBGC/Dawn/DawnGImbal/dawn_gimbal_system.c:56
    AttitudeCali();
 802395e:	f002 ff35 	bl	80267cc <AttitudeCali>
C:/Users/leonardo/Desktop/Code/Github/DawnBGC/Dawn/DawnGImbal/dawn_gimbal_system.c:58

    MatrixMultiply(3, 3, 1, &GimbalSystem.JacbState.Ele[0], &GimbalSystem.PlaneRadsCali.Ele[0], &GimbalSystem.ArmRadsRaw.Ele[0]);
 8023962:	4ba0      	ldr	r3, [pc, #640]	; (8023be4 <GimbalWork+0x2d8>)
 8023964:	9301      	str	r3, [sp, #4]
 8023966:	4ba0      	ldr	r3, [pc, #640]	; (8023be8 <GimbalWork+0x2dc>)
 8023968:	9300      	str	r3, [sp, #0]
 802396a:	4ba0      	ldr	r3, [pc, #640]	; (8023bec <GimbalWork+0x2e0>)
 802396c:	2201      	movs	r2, #1
 802396e:	2103      	movs	r1, #3
 8023970:	2003      	movs	r0, #3
 8023972:	f001 f94f 	bl	8024c14 <MatrixMultiply>
C:/Users/leonardo/Desktop/Code/Github/DawnBGC/Dawn/DawnGImbal/dawn_gimbal_system.c:60

    switch (GimbalSystem.GimbalState)
 8023976:	4b98      	ldr	r3, [pc, #608]	; (8023bd8 <GimbalWork+0x2cc>)
 8023978:	781b      	ldrb	r3, [r3, #0]
 802397a:	2b03      	cmp	r3, #3
 802397c:	f200 8221 	bhi.w	8023dc2 <GimbalWork+0x4b6>
 8023980:	a201      	add	r2, pc, #4	; (adr r2, 8023988 <GimbalWork+0x7c>)
 8023982:	f852 f023 	ldr.w	pc, [r2, r3, lsl #2]
 8023986:	bf00      	nop
 8023988:	08023999 	.word	0x08023999
 802398c:	080239d1 	.word	0x080239d1
 8023990:	080239e5 	.word	0x080239e5
 8023994:	08023a25 	.word	0x08023a25
C:/Users/leonardo/Desktop/Code/Github/DawnBGC/Dawn/DawnGImbal/dawn_gimbal_system.c:63
    {
    case IMU_STATUS:
        if (((GimbalSystem.PlaneACCRaw.Data.X) != 0.0f) && ((GimbalSystem.PlaneRadsRaw.Data.X) != 0.0f))
 8023998:	4b8f      	ldr	r3, [pc, #572]	; (8023bd8 <GimbalWork+0x2cc>)
 802399a:	f8d3 30e8 	ldr.w	r3, [r3, #232]	; 0xe8
 802399e:	f04f 0100 	mov.w	r1, #0
 80239a2:	4618      	mov	r0, r3
 80239a4:	f7fd fab0 	bl	8020f08 <__aeabi_fcmpeq>
 80239a8:	4603      	mov	r3, r0
 80239aa:	2b00      	cmp	r3, #0
 80239ac:	d000      	beq.n	80239b0 <GimbalWork+0xa4>
C:/Users/leonardo/Desktop/Code/Github/DawnBGC/Dawn/DawnGImbal/dawn_gimbal_system.c:67
        {
            GimbalSystem.GimbalState = BLDC_STATUS;
        }
        break;
 80239ae:	e20d      	b.n	8023dcc <GimbalWork+0x4c0>
C:/Users/leonardo/Desktop/Code/Github/DawnBGC/Dawn/DawnGImbal/dawn_gimbal_system.c:63 (discriminator 1)
        if (((GimbalSystem.PlaneACCRaw.Data.X) != 0.0f) && ((GimbalSystem.PlaneRadsRaw.Data.X) != 0.0f))
 80239b0:	4b89      	ldr	r3, [pc, #548]	; (8023bd8 <GimbalWork+0x2cc>)
 80239b2:	f8d3 310c 	ldr.w	r3, [r3, #268]	; 0x10c
 80239b6:	f04f 0100 	mov.w	r1, #0
 80239ba:	4618      	mov	r0, r3
 80239bc:	f7fd faa4 	bl	8020f08 <__aeabi_fcmpeq>
 80239c0:	4603      	mov	r3, r0
 80239c2:	2b00      	cmp	r3, #0
 80239c4:	d000      	beq.n	80239c8 <GimbalWork+0xbc>
C:/Users/leonardo/Desktop/Code/Github/DawnBGC/Dawn/DawnGImbal/dawn_gimbal_system.c:67 (discriminator 1)
        break;
 80239c6:	e201      	b.n	8023dcc <GimbalWork+0x4c0>
C:/Users/leonardo/Desktop/Code/Github/DawnBGC/Dawn/DawnGImbal/dawn_gimbal_system.c:65
            GimbalSystem.GimbalState = BLDC_STATUS;
 80239c8:	4b83      	ldr	r3, [pc, #524]	; (8023bd8 <GimbalWork+0x2cc>)
 80239ca:	2201      	movs	r2, #1
 80239cc:	701a      	strb	r2, [r3, #0]
C:/Users/leonardo/Desktop/Code/Github/DawnBGC/Dawn/DawnGImbal/dawn_gimbal_system.c:67
        break;
 80239ce:	e1fd      	b.n	8023dcc <GimbalWork+0x4c0>
C:/Users/leonardo/Desktop/Code/Github/DawnBGC/Dawn/DawnGImbal/dawn_gimbal_system.c:70

    case BLDC_STATUS:
        if (CheckBLDCStatus())
 80239d0:	f000 fafc 	bl	8023fcc <CheckBLDCStatus>
 80239d4:	4603      	mov	r3, r0
 80239d6:	2b00      	cmp	r3, #0
 80239d8:	f000 81f5 	beq.w	8023dc6 <GimbalWork+0x4ba>
C:/Users/leonardo/Desktop/Code/Github/DawnBGC/Dawn/DawnGImbal/dawn_gimbal_system.c:72
        {
            GimbalSystem.GimbalState = ATTITUDE_STATUS;
 80239dc:	4b7e      	ldr	r3, [pc, #504]	; (8023bd8 <GimbalWork+0x2cc>)
 80239de:	2202      	movs	r2, #2
 80239e0:	701a      	strb	r2, [r3, #0]
C:/Users/leonardo/Desktop/Code/Github/DawnBGC/Dawn/DawnGImbal/dawn_gimbal_system.c:74
        }
        break;
 80239e2:	e1f0      	b.n	8023dc6 <GimbalWork+0x4ba>
C:/Users/leonardo/Desktop/Code/Github/DawnBGC/Dawn/DawnGImbal/dawn_gimbal_system.c:77

    case ATTITUDE_STATUS:
        if (GimbalSystem.RestartFlag)
 80239e4:	4b7c      	ldr	r3, [pc, #496]	; (8023bd8 <GimbalWork+0x2cc>)
 80239e6:	7d1b      	ldrb	r3, [r3, #20]
 80239e8:	2b00      	cmp	r3, #0
 80239ea:	f000 81ee 	beq.w	8023dca <GimbalWork+0x4be>
C:/Users/leonardo/Desktop/Code/Github/DawnBGC/Dawn/DawnGImbal/dawn_gimbal_system.c:79
        {
            GimbalSystem.RestartFlag = FALSE;
 80239ee:	4b7a      	ldr	r3, [pc, #488]	; (8023bd8 <GimbalWork+0x2cc>)
 80239f0:	2200      	movs	r2, #0
 80239f2:	751a      	strb	r2, [r3, #20]
C:/Users/leonardo/Desktop/Code/Github/DawnBGC/Dawn/DawnGImbal/dawn_gimbal_system.c:81

            ACC2Euler(&GimbalSystem.PlaneACC, &GimbalSystem.GeoEulerACC);
 80239f4:	4979      	ldr	r1, [pc, #484]	; (8023bdc <GimbalWork+0x2d0>)
 80239f6:	487a      	ldr	r0, [pc, #488]	; (8023be0 <GimbalWork+0x2d4>)
 80239f8:	f000 fb8e 	bl	8024118 <ACC2Euler>
C:/Users/leonardo/Desktop/Code/Github/DawnBGC/Dawn/DawnGImbal/dawn_gimbal_system.c:82
            Euler2Quat(&GimbalSystem.GeoEulerACC, &GimbalSystem.QuaternionPlane);
 80239fc:	497c      	ldr	r1, [pc, #496]	; (8023bf0 <GimbalWork+0x2e4>)
 80239fe:	4877      	ldr	r0, [pc, #476]	; (8023bdc <GimbalWork+0x2d0>)
 8023a00:	f000 fc28 	bl	8024254 <Euler2Quat>
C:/Users/leonardo/Desktop/Code/Github/DawnBGC/Dawn/DawnGImbal/dawn_gimbal_system.c:83
            GimbalSystem.PlaneAttitudePID.IntegralX = 0.0f;
 8023a04:	4b74      	ldr	r3, [pc, #464]	; (8023bd8 <GimbalWork+0x2cc>)
 8023a06:	f04f 0200 	mov.w	r2, #0
 8023a0a:	645a      	str	r2, [r3, #68]	; 0x44
C:/Users/leonardo/Desktop/Code/Github/DawnBGC/Dawn/DawnGImbal/dawn_gimbal_system.c:84
            GimbalSystem.PlaneAttitudePID.IntegralZ = 0.0f;
 8023a0c:	4b72      	ldr	r3, [pc, #456]	; (8023bd8 <GimbalWork+0x2cc>)
 8023a0e:	f04f 0200 	mov.w	r2, #0
 8023a12:	64da      	str	r2, [r3, #76]	; 0x4c
C:/Users/leonardo/Desktop/Code/Github/DawnBGC/Dawn/DawnGImbal/dawn_gimbal_system.c:85
            GimbalSystem.PlaneAttitudePID.IntegralY = 0.0f;
 8023a14:	4b70      	ldr	r3, [pc, #448]	; (8023bd8 <GimbalWork+0x2cc>)
 8023a16:	f04f 0200 	mov.w	r2, #0
 8023a1a:	649a      	str	r2, [r3, #72]	; 0x48
C:/Users/leonardo/Desktop/Code/Github/DawnBGC/Dawn/DawnGImbal/dawn_gimbal_system.c:87

            GimbalSystem.GimbalState = SYSTEM_STATUS;
 8023a1c:	4b6e      	ldr	r3, [pc, #440]	; (8023bd8 <GimbalWork+0x2cc>)
 8023a1e:	2203      	movs	r2, #3
 8023a20:	701a      	strb	r2, [r3, #0]
C:/Users/leonardo/Desktop/Code/Github/DawnBGC/Dawn/DawnGImbal/dawn_gimbal_system.c:89
        }
        break;
 8023a22:	e1d2      	b.n	8023dca <GimbalWork+0x4be>
C:/Users/leonardo/Desktop/Code/Github/DawnBGC/Dawn/DawnGImbal/dawn_gimbal_system.c:93

    case SYSTEM_STATUS:

        GimbalSystem.GeoEulerErr.Data.Y = (GimbalSystem.GeoEulerTraget.Pitch) + (GimbalSystem.GeoEulerRefOffset.Pitch) - (GimbalSystem.GeoEulerQuat.Pitch);
 8023a24:	4b6c      	ldr	r3, [pc, #432]	; (8023bd8 <GimbalWork+0x2cc>)
 8023a26:	f8d3 3094 	ldr.w	r3, [r3, #148]	; 0x94
 8023a2a:	4a6b      	ldr	r2, [pc, #428]	; (8023bd8 <GimbalWork+0x2cc>)
 8023a2c:	f8d2 20a4 	ldr.w	r2, [r2, #164]	; 0xa4
 8023a30:	4611      	mov	r1, r2
 8023a32:	4618      	mov	r0, r3
 8023a34:	f7fc ffcc 	bl	80209d0 <__addsf3>
 8023a38:	4603      	mov	r3, r0
 8023a3a:	461a      	mov	r2, r3
 8023a3c:	4b66      	ldr	r3, [pc, #408]	; (8023bd8 <GimbalWork+0x2cc>)
 8023a3e:	f8d3 3084 	ldr.w	r3, [r3, #132]	; 0x84
 8023a42:	4619      	mov	r1, r3
 8023a44:	4610      	mov	r0, r2
 8023a46:	f7fc ffc1 	bl	80209cc <__aeabi_fsub>
 8023a4a:	4603      	mov	r3, r0
 8023a4c:	461a      	mov	r2, r3
 8023a4e:	4b62      	ldr	r3, [pc, #392]	; (8023bd8 <GimbalWork+0x2cc>)
 8023a50:	f8c3 20d4 	str.w	r2, [r3, #212]	; 0xd4
C:/Users/leonardo/Desktop/Code/Github/DawnBGC/Dawn/DawnGImbal/dawn_gimbal_system.c:94
        GimbalSystem.GeoEulerErr.Data.X = (GimbalSystem.GeoEulerTraget.Roll) + (GimbalSystem.GeoEulerRefOffset.Roll) - (GimbalSystem.GeoEulerQuat.Roll);
 8023a54:	4b60      	ldr	r3, [pc, #384]	; (8023bd8 <GimbalWork+0x2cc>)
 8023a56:	f8d3 3098 	ldr.w	r3, [r3, #152]	; 0x98
 8023a5a:	4a5f      	ldr	r2, [pc, #380]	; (8023bd8 <GimbalWork+0x2cc>)
 8023a5c:	f8d2 20a8 	ldr.w	r2, [r2, #168]	; 0xa8
 8023a60:	4611      	mov	r1, r2
 8023a62:	4618      	mov	r0, r3
 8023a64:	f7fc ffb4 	bl	80209d0 <__addsf3>
 8023a68:	4603      	mov	r3, r0
 8023a6a:	461a      	mov	r2, r3
 8023a6c:	4b5a      	ldr	r3, [pc, #360]	; (8023bd8 <GimbalWork+0x2cc>)
 8023a6e:	f8d3 3088 	ldr.w	r3, [r3, #136]	; 0x88
 8023a72:	4619      	mov	r1, r3
 8023a74:	4610      	mov	r0, r2
 8023a76:	f7fc ffa9 	bl	80209cc <__aeabi_fsub>
 8023a7a:	4603      	mov	r3, r0
 8023a7c:	461a      	mov	r2, r3
 8023a7e:	4b56      	ldr	r3, [pc, #344]	; (8023bd8 <GimbalWork+0x2cc>)
 8023a80:	f8c3 20d0 	str.w	r2, [r3, #208]	; 0xd0
C:/Users/leonardo/Desktop/Code/Github/DawnBGC/Dawn/DawnGImbal/dawn_gimbal_system.c:96

        for (i = 0; i < 3; i++)
 8023a84:	2300      	movs	r3, #0
 8023a86:	71fb      	strb	r3, [r7, #7]
 8023a88:	e027      	b.n	8023ada <GimbalWork+0x1ce>
C:/Users/leonardo/Desktop/Code/Github/DawnBGC/Dawn/DawnGImbal/dawn_gimbal_system.c:98
        {
            if (GimbalSystem.GeoEulerErr.Ele[i] > MAX_ANGLE_ERR)
 8023a8a:	79fb      	ldrb	r3, [r7, #7]
 8023a8c:	4a52      	ldr	r2, [pc, #328]	; (8023bd8 <GimbalWork+0x2cc>)
 8023a8e:	3334      	adds	r3, #52	; 0x34
 8023a90:	f852 3023 	ldr.w	r3, [r2, r3, lsl #2]
 8023a94:	4957      	ldr	r1, [pc, #348]	; (8023bf4 <GimbalWork+0x2e8>)
 8023a96:	4618      	mov	r0, r3
 8023a98:	f7fd fa5e 	bl	8020f58 <__aeabi_fcmpgt>
 8023a9c:	4603      	mov	r3, r0
 8023a9e:	2b00      	cmp	r3, #0
 8023aa0:	d006      	beq.n	8023ab0 <GimbalWork+0x1a4>
C:/Users/leonardo/Desktop/Code/Github/DawnBGC/Dawn/DawnGImbal/dawn_gimbal_system.c:100
            {
                GimbalSystem.GeoEulerErr.Ele[i] = MAX_ANGLE_ERR;
 8023aa2:	79fb      	ldrb	r3, [r7, #7]
 8023aa4:	4a4c      	ldr	r2, [pc, #304]	; (8023bd8 <GimbalWork+0x2cc>)
 8023aa6:	3334      	adds	r3, #52	; 0x34
 8023aa8:	4952      	ldr	r1, [pc, #328]	; (8023bf4 <GimbalWork+0x2e8>)
 8023aaa:	f842 1023 	str.w	r1, [r2, r3, lsl #2]
 8023aae:	e011      	b.n	8023ad4 <GimbalWork+0x1c8>
C:/Users/leonardo/Desktop/Code/Github/DawnBGC/Dawn/DawnGImbal/dawn_gimbal_system.c:102
            }
            else if (GimbalSystem.GeoEulerErr.Ele[i] < -MAX_ANGLE_ERR)
 8023ab0:	79fb      	ldrb	r3, [r7, #7]
 8023ab2:	4a49      	ldr	r2, [pc, #292]	; (8023bd8 <GimbalWork+0x2cc>)
 8023ab4:	3334      	adds	r3, #52	; 0x34
 8023ab6:	f852 3023 	ldr.w	r3, [r2, r3, lsl #2]
 8023aba:	494f      	ldr	r1, [pc, #316]	; (8023bf8 <GimbalWork+0x2ec>)
 8023abc:	4618      	mov	r0, r3
 8023abe:	f7fd fa2d 	bl	8020f1c <__aeabi_fcmplt>
 8023ac2:	4603      	mov	r3, r0
 8023ac4:	2b00      	cmp	r3, #0
 8023ac6:	d005      	beq.n	8023ad4 <GimbalWork+0x1c8>
C:/Users/leonardo/Desktop/Code/Github/DawnBGC/Dawn/DawnGImbal/dawn_gimbal_system.c:104
            {
                GimbalSystem.GeoEulerErr.Ele[i] = -MAX_ANGLE_ERR;
 8023ac8:	79fb      	ldrb	r3, [r7, #7]
 8023aca:	4a43      	ldr	r2, [pc, #268]	; (8023bd8 <GimbalWork+0x2cc>)
 8023acc:	3334      	adds	r3, #52	; 0x34
 8023ace:	494a      	ldr	r1, [pc, #296]	; (8023bf8 <GimbalWork+0x2ec>)
 8023ad0:	f842 1023 	str.w	r1, [r2, r3, lsl #2]
C:/Users/leonardo/Desktop/Code/Github/DawnBGC/Dawn/DawnGImbal/dawn_gimbal_system.c:96 (discriminator 2)
        for (i = 0; i < 3; i++)
 8023ad4:	79fb      	ldrb	r3, [r7, #7]
 8023ad6:	3301      	adds	r3, #1
 8023ad8:	71fb      	strb	r3, [r7, #7]
C:/Users/leonardo/Desktop/Code/Github/DawnBGC/Dawn/DawnGImbal/dawn_gimbal_system.c:96 (discriminator 1)
 8023ada:	79fb      	ldrb	r3, [r7, #7]
 8023adc:	2b02      	cmp	r3, #2
 8023ade:	d9d4      	bls.n	8023a8a <GimbalWork+0x17e>
C:/Users/leonardo/Desktop/Code/Github/DawnBGC/Dawn/DawnGImbal/dawn_gimbal_system.c:108
            }
        }

        MatrixMultiply(3, 3, 1, &GimbalSystem.CameraDCM.Ele[0], &GimbalSystem.GeoEulerErr.Ele[0], &GimbalSystem.PlaneEulerErr.Ele[0]);
 8023ae0:	4b46      	ldr	r3, [pc, #280]	; (8023bfc <GimbalWork+0x2f0>)
 8023ae2:	9301      	str	r3, [sp, #4]
 8023ae4:	4b46      	ldr	r3, [pc, #280]	; (8023c00 <GimbalWork+0x2f4>)
 8023ae6:	9300      	str	r3, [sp, #0]
 8023ae8:	4b46      	ldr	r3, [pc, #280]	; (8023c04 <GimbalWork+0x2f8>)
 8023aea:	2201      	movs	r2, #1
 8023aec:	2103      	movs	r1, #3
 8023aee:	2003      	movs	r0, #3
 8023af0:	f001 f890 	bl	8024c14 <MatrixMultiply>
C:/Users/leonardo/Desktop/Code/Github/DawnBGC/Dawn/DawnGImbal/dawn_gimbal_system.c:109
        MatrixMultiply(3, 3, 1, &GimbalSystem.JacbState.Ele[0], &GimbalSystem.PlaneEulerErr.Ele[0], &GimbalSystem.ArmAngleErr.Ele[0]);
 8023af4:	4b44      	ldr	r3, [pc, #272]	; (8023c08 <GimbalWork+0x2fc>)
 8023af6:	9301      	str	r3, [sp, #4]
 8023af8:	4b40      	ldr	r3, [pc, #256]	; (8023bfc <GimbalWork+0x2f0>)
 8023afa:	9300      	str	r3, [sp, #0]
 8023afc:	4b3b      	ldr	r3, [pc, #236]	; (8023bec <GimbalWork+0x2e0>)
 8023afe:	2201      	movs	r2, #1
 8023b00:	2103      	movs	r1, #3
 8023b02:	2003      	movs	r0, #3
 8023b04:	f001 f886 	bl	8024c14 <MatrixMultiply>
C:/Users/leonardo/Desktop/Code/Github/DawnBGC/Dawn/DawnGImbal/dawn_gimbal_system.c:111

        if ((GimbalSystem.CtrlMode.Pitch) == ANGLE_MODE)
 8023b08:	4b33      	ldr	r3, [pc, #204]	; (8023bd8 <GimbalWork+0x2cc>)
 8023b0a:	689b      	ldr	r3, [r3, #8]
 8023b0c:	f04f 0100 	mov.w	r1, #0
 8023b10:	4618      	mov	r0, r3
 8023b12:	f7fd f9f9 	bl	8020f08 <__aeabi_fcmpeq>
 8023b16:	4603      	mov	r3, r0
 8023b18:	2b00      	cmp	r3, #0
 8023b1a:	d01e      	beq.n	8023b5a <GimbalWork+0x24e>
C:/Users/leonardo/Desktop/Code/Github/DawnBGC/Dawn/DawnGImbal/dawn_gimbal_system.c:114
        {

            GimbalSystem.ArmAngleErr.Data.Small = (GimbalSystem.GeoEulerTraget.Pitch) + (GimbalSystem.GeoEulerRefOffset.Pitch) - (GimbalSystem.ArmAngle.Data.Small);
 8023b1c:	4b2e      	ldr	r3, [pc, #184]	; (8023bd8 <GimbalWork+0x2cc>)
 8023b1e:	f8d3 3094 	ldr.w	r3, [r3, #148]	; 0x94
 8023b22:	4a2d      	ldr	r2, [pc, #180]	; (8023bd8 <GimbalWork+0x2cc>)
 8023b24:	f8d2 20a4 	ldr.w	r2, [r2, #164]	; 0xa4
 8023b28:	4611      	mov	r1, r2
 8023b2a:	4618      	mov	r0, r3
 8023b2c:	f7fc ff50 	bl	80209d0 <__addsf3>
 8023b30:	4603      	mov	r3, r0
 8023b32:	461a      	mov	r2, r3
 8023b34:	4b28      	ldr	r3, [pc, #160]	; (8023bd8 <GimbalWork+0x2cc>)
 8023b36:	f8d3 315c 	ldr.w	r3, [r3, #348]	; 0x15c
 8023b3a:	4619      	mov	r1, r3
 8023b3c:	4610      	mov	r0, r2
 8023b3e:	f7fc ff45 	bl	80209cc <__aeabi_fsub>
 8023b42:	4603      	mov	r3, r0
 8023b44:	461a      	mov	r2, r3
 8023b46:	4b24      	ldr	r3, [pc, #144]	; (8023bd8 <GimbalWork+0x2cc>)
 8023b48:	f8c3 2150 	str.w	r2, [r3, #336]	; 0x150
C:/Users/leonardo/Desktop/Code/Github/DawnBGC/Dawn/DawnGImbal/dawn_gimbal_system.c:115
            GimbalSystem.ArmAnglePID.Data.Small.Kp = GimbalSystem.ArmAnglePIDKpAngle.Data.Small;
 8023b4c:	4b22      	ldr	r3, [pc, #136]	; (8023bd8 <GimbalWork+0x2cc>)
 8023b4e:	f8d3 3294 	ldr.w	r3, [r3, #660]	; 0x294
 8023b52:	4a21      	ldr	r2, [pc, #132]	; (8023bd8 <GimbalWork+0x2cc>)
 8023b54:	f8c2 32f4 	str.w	r3, [r2, #756]	; 0x2f4
 8023b58:	e00f      	b.n	8023b7a <GimbalWork+0x26e>
C:/Users/leonardo/Desktop/Code/Github/DawnBGC/Dawn/DawnGImbal/dawn_gimbal_system.c:117
        }
        else if ((GimbalSystem.CtrlMode.Pitch) == ATTITUDE_MODE)
 8023b5a:	4b1f      	ldr	r3, [pc, #124]	; (8023bd8 <GimbalWork+0x2cc>)
 8023b5c:	689b      	ldr	r3, [r3, #8]
 8023b5e:	f04f 517e 	mov.w	r1, #1065353216	; 0x3f800000
 8023b62:	4618      	mov	r0, r3
 8023b64:	f7fd f9d0 	bl	8020f08 <__aeabi_fcmpeq>
 8023b68:	4603      	mov	r3, r0
 8023b6a:	2b00      	cmp	r3, #0
 8023b6c:	d005      	beq.n	8023b7a <GimbalWork+0x26e>
C:/Users/leonardo/Desktop/Code/Github/DawnBGC/Dawn/DawnGImbal/dawn_gimbal_system.c:120
        {

            GimbalSystem.ArmAnglePID.Data.Small.Kp = GimbalSystem.ArmAnglePIDKpAttitude.Data.Small;
 8023b6e:	4b1a      	ldr	r3, [pc, #104]	; (8023bd8 <GimbalWork+0x2cc>)
 8023b70:	f8d3 3288 	ldr.w	r3, [r3, #648]	; 0x288
 8023b74:	4a18      	ldr	r2, [pc, #96]	; (8023bd8 <GimbalWork+0x2cc>)
 8023b76:	f8c2 32f4 	str.w	r3, [r2, #756]	; 0x2f4
C:/Users/leonardo/Desktop/Code/Github/DawnBGC/Dawn/DawnGImbal/dawn_gimbal_system.c:123
        }

        if ((GimbalSystem.CtrlMode.Roll) == ANGLE_MODE)
 8023b7a:	4b17      	ldr	r3, [pc, #92]	; (8023bd8 <GimbalWork+0x2cc>)
 8023b7c:	68db      	ldr	r3, [r3, #12]
 8023b7e:	f04f 0100 	mov.w	r1, #0
 8023b82:	4618      	mov	r0, r3
 8023b84:	f7fd f9c0 	bl	8020f08 <__aeabi_fcmpeq>
 8023b88:	4603      	mov	r3, r0
 8023b8a:	2b00      	cmp	r3, #0
 8023b8c:	d03e      	beq.n	8023c0c <GimbalWork+0x300>
C:/Users/leonardo/Desktop/Code/Github/DawnBGC/Dawn/DawnGImbal/dawn_gimbal_system.c:126
        {

            GimbalSystem.ArmAngleErr.Data.Middle = (GimbalSystem.GeoEulerTraget.Roll) + (GimbalSystem.GeoEulerRefOffset.Roll) - (GimbalSystem.ArmAngle.Data.Middle);
 8023b8e:	4b12      	ldr	r3, [pc, #72]	; (8023bd8 <GimbalWork+0x2cc>)
 8023b90:	f8d3 3098 	ldr.w	r3, [r3, #152]	; 0x98
 8023b94:	4a10      	ldr	r2, [pc, #64]	; (8023bd8 <GimbalWork+0x2cc>)
 8023b96:	f8d2 20a8 	ldr.w	r2, [r2, #168]	; 0xa8
 8023b9a:	4611      	mov	r1, r2
 8023b9c:	4618      	mov	r0, r3
 8023b9e:	f7fc ff17 	bl	80209d0 <__addsf3>
 8023ba2:	4603      	mov	r3, r0
 8023ba4:	461a      	mov	r2, r3
 8023ba6:	4b0c      	ldr	r3, [pc, #48]	; (8023bd8 <GimbalWork+0x2cc>)
 8023ba8:	f8d3 3154 	ldr.w	r3, [r3, #340]	; 0x154
 8023bac:	4619      	mov	r1, r3
 8023bae:	4610      	mov	r0, r2
 8023bb0:	f7fc ff0c 	bl	80209cc <__aeabi_fsub>
 8023bb4:	4603      	mov	r3, r0
 8023bb6:	461a      	mov	r2, r3
 8023bb8:	4b07      	ldr	r3, [pc, #28]	; (8023bd8 <GimbalWork+0x2cc>)
 8023bba:	f8c3 2148 	str.w	r2, [r3, #328]	; 0x148
C:/Users/leonardo/Desktop/Code/Github/DawnBGC/Dawn/DawnGImbal/dawn_gimbal_system.c:127
            GimbalSystem.ArmAnglePID.Data.Middle.Kp = GimbalSystem.ArmAnglePIDKpAngle.Data.Middle;
 8023bbe:	4b06      	ldr	r3, [pc, #24]	; (8023bd8 <GimbalWork+0x2cc>)
 8023bc0:	f8d3 328c 	ldr.w	r3, [r3, #652]	; 0x28c
 8023bc4:	4a04      	ldr	r2, [pc, #16]	; (8023bd8 <GimbalWork+0x2cc>)
 8023bc6:	f8c2 32a4 	str.w	r3, [r2, #676]	; 0x2a4
 8023bca:	e02f      	b.n	8023c2c <GimbalWork+0x320>
 8023bcc:	20000124 	.word	0x20000124
 8023bd0:	20000118 	.word	0x20000118
 8023bd4:	2000010c 	.word	0x2000010c
 8023bd8:	20000000 	.word	0x20000000
 8023bdc:	20000070 	.word	0x20000070
 8023be0:	200000f4 	.word	0x200000f4
 8023be4:	200001c0 	.word	0x200001c0
 8023be8:	20000130 	.word	0x20000130
 8023bec:	2000025c 	.word	0x2000025c
 8023bf0:	200000c0 	.word	0x200000c0
 8023bf4:	3e851eb8 	.word	0x3e851eb8
 8023bf8:	be851eb8 	.word	0xbe851eb8
 8023bfc:	200000dc 	.word	0x200000dc
 8023c00:	200000d0 	.word	0x200000d0
 8023c04:	20000214 	.word	0x20000214
 8023c08:	20000148 	.word	0x20000148
C:/Users/leonardo/Desktop/Code/Github/DawnBGC/Dawn/DawnGImbal/dawn_gimbal_system.c:129
        }
        else if ((GimbalSystem.CtrlMode.Roll) == ATTITUDE_MODE)
 8023c0c:	4b7e      	ldr	r3, [pc, #504]	; (8023e08 <GimbalWork+0x4fc>)
 8023c0e:	68db      	ldr	r3, [r3, #12]
 8023c10:	f04f 517e 	mov.w	r1, #1065353216	; 0x3f800000
 8023c14:	4618      	mov	r0, r3
 8023c16:	f7fd f977 	bl	8020f08 <__aeabi_fcmpeq>
 8023c1a:	4603      	mov	r3, r0
 8023c1c:	2b00      	cmp	r3, #0
 8023c1e:	d005      	beq.n	8023c2c <GimbalWork+0x320>
C:/Users/leonardo/Desktop/Code/Github/DawnBGC/Dawn/DawnGImbal/dawn_gimbal_system.c:132
        {

            GimbalSystem.ArmAnglePID.Data.Middle.Kp = GimbalSystem.ArmAnglePIDKpAttitude.Data.Middle;
 8023c20:	4b79      	ldr	r3, [pc, #484]	; (8023e08 <GimbalWork+0x4fc>)
 8023c22:	f8d3 3280 	ldr.w	r3, [r3, #640]	; 0x280
 8023c26:	4a78      	ldr	r2, [pc, #480]	; (8023e08 <GimbalWork+0x4fc>)
 8023c28:	f8c2 32a4 	str.w	r3, [r2, #676]	; 0x2a4
C:/Users/leonardo/Desktop/Code/Github/DawnBGC/Dawn/DawnGImbal/dawn_gimbal_system.c:135
        }

        if ((GimbalSystem.CtrlMode.Yaw) == ANGLE_MODE)
 8023c2c:	4b76      	ldr	r3, [pc, #472]	; (8023e08 <GimbalWork+0x4fc>)
 8023c2e:	691b      	ldr	r3, [r3, #16]
 8023c30:	f04f 0100 	mov.w	r1, #0
 8023c34:	4618      	mov	r0, r3
 8023c36:	f7fd f967 	bl	8020f08 <__aeabi_fcmpeq>
 8023c3a:	4603      	mov	r3, r0
 8023c3c:	2b00      	cmp	r3, #0
 8023c3e:	d01e      	beq.n	8023c7e <GimbalWork+0x372>
C:/Users/leonardo/Desktop/Code/Github/DawnBGC/Dawn/DawnGImbal/dawn_gimbal_system.c:138
        {

            GimbalSystem.ArmAngleErr.Data.Latge = (GimbalSystem.GeoEulerTraget.Yaw) + (GimbalSystem.GeoEulerRefOffset.Yaw) - (GimbalSystem.ArmAngle.Data.Latge);
 8023c40:	4b71      	ldr	r3, [pc, #452]	; (8023e08 <GimbalWork+0x4fc>)
 8023c42:	f8d3 309c 	ldr.w	r3, [r3, #156]	; 0x9c
 8023c46:	4a70      	ldr	r2, [pc, #448]	; (8023e08 <GimbalWork+0x4fc>)
 8023c48:	f8d2 20ac 	ldr.w	r2, [r2, #172]	; 0xac
 8023c4c:	4611      	mov	r1, r2
 8023c4e:	4618      	mov	r0, r3
 8023c50:	f7fc febe 	bl	80209d0 <__addsf3>
 8023c54:	4603      	mov	r3, r0
 8023c56:	461a      	mov	r2, r3
 8023c58:	4b6b      	ldr	r3, [pc, #428]	; (8023e08 <GimbalWork+0x4fc>)
 8023c5a:	f8d3 3158 	ldr.w	r3, [r3, #344]	; 0x158
 8023c5e:	4619      	mov	r1, r3
 8023c60:	4610      	mov	r0, r2
 8023c62:	f7fc feb3 	bl	80209cc <__aeabi_fsub>
 8023c66:	4603      	mov	r3, r0
 8023c68:	461a      	mov	r2, r3
 8023c6a:	4b67      	ldr	r3, [pc, #412]	; (8023e08 <GimbalWork+0x4fc>)
 8023c6c:	f8c3 214c 	str.w	r2, [r3, #332]	; 0x14c
C:/Users/leonardo/Desktop/Code/Github/DawnBGC/Dawn/DawnGImbal/dawn_gimbal_system.c:140

            GimbalSystem.ArmAnglePID.Data.Latge.Kp = GimbalSystem.ArmAnglePIDKpAngle.Data.Latge;
 8023c70:	4b65      	ldr	r3, [pc, #404]	; (8023e08 <GimbalWork+0x4fc>)
 8023c72:	f8d3 3290 	ldr.w	r3, [r3, #656]	; 0x290
 8023c76:	4a64      	ldr	r2, [pc, #400]	; (8023e08 <GimbalWork+0x4fc>)
 8023c78:	f8c2 32cc 	str.w	r3, [r2, #716]	; 0x2cc
 8023c7c:	e00f      	b.n	8023c9e <GimbalWork+0x392>
C:/Users/leonardo/Desktop/Code/Github/DawnBGC/Dawn/DawnGImbal/dawn_gimbal_system.c:142
        }
        else if ((GimbalSystem.CtrlMode.Yaw) == ATTITUDE_MODE)
 8023c7e:	4b62      	ldr	r3, [pc, #392]	; (8023e08 <GimbalWork+0x4fc>)
 8023c80:	691b      	ldr	r3, [r3, #16]
 8023c82:	f04f 517e 	mov.w	r1, #1065353216	; 0x3f800000
 8023c86:	4618      	mov	r0, r3
 8023c88:	f7fd f93e 	bl	8020f08 <__aeabi_fcmpeq>
 8023c8c:	4603      	mov	r3, r0
 8023c8e:	2b00      	cmp	r3, #0
 8023c90:	d005      	beq.n	8023c9e <GimbalWork+0x392>
C:/Users/leonardo/Desktop/Code/Github/DawnBGC/Dawn/DawnGImbal/dawn_gimbal_system.c:144
        {
            GimbalSystem.ArmAnglePID.Data.Latge.Kp = GimbalSystem.ArmAnglePIDKpAttitude.Data.Latge;
 8023c92:	4b5d      	ldr	r3, [pc, #372]	; (8023e08 <GimbalWork+0x4fc>)
 8023c94:	f8d3 3284 	ldr.w	r3, [r3, #644]	; 0x284
 8023c98:	4a5b      	ldr	r2, [pc, #364]	; (8023e08 <GimbalWork+0x4fc>)
 8023c9a:	f8c2 32cc 	str.w	r3, [r2, #716]	; 0x2cc
C:/Users/leonardo/Desktop/Code/Github/DawnBGC/Dawn/DawnGImbal/dawn_gimbal_system.c:147
        }

        GimbalSystem.ArmRads.Data.Latge = GimbalSystem.ArmRadsRaw.Data.Latge + GimbalSystem.ArmRadsBias.Data.Latge;
 8023c9e:	4b5a      	ldr	r3, [pc, #360]	; (8023e08 <GimbalWork+0x4fc>)
 8023ca0:	f8d3 31c4 	ldr.w	r3, [r3, #452]	; 0x1c4
 8023ca4:	4a58      	ldr	r2, [pc, #352]	; (8023e08 <GimbalWork+0x4fc>)
 8023ca6:	f8d2 21dc 	ldr.w	r2, [r2, #476]	; 0x1dc
 8023caa:	4611      	mov	r1, r2
 8023cac:	4618      	mov	r0, r3
 8023cae:	f7fc fe8f 	bl	80209d0 <__addsf3>
 8023cb2:	4603      	mov	r3, r0
 8023cb4:	461a      	mov	r2, r3
 8023cb6:	4b54      	ldr	r3, [pc, #336]	; (8023e08 <GimbalWork+0x4fc>)
 8023cb8:	f8c3 21d0 	str.w	r2, [r3, #464]	; 0x1d0
C:/Users/leonardo/Desktop/Code/Github/DawnBGC/Dawn/DawnGImbal/dawn_gimbal_system.c:148
        GimbalSystem.ArmRads.Data.Small = GimbalSystem.ArmRadsRaw.Data.Small;
 8023cbc:	4b52      	ldr	r3, [pc, #328]	; (8023e08 <GimbalWork+0x4fc>)
 8023cbe:	f8d3 31c8 	ldr.w	r3, [r3, #456]	; 0x1c8
 8023cc2:	4a51      	ldr	r2, [pc, #324]	; (8023e08 <GimbalWork+0x4fc>)
 8023cc4:	f8c2 31d4 	str.w	r3, [r2, #468]	; 0x1d4
C:/Users/leonardo/Desktop/Code/Github/DawnBGC/Dawn/DawnGImbal/dawn_gimbal_system.c:149
        GimbalSystem.ArmRads.Data.Middle = GimbalSystem.ArmRadsRaw.Data.Middle;
 8023cc8:	4b4f      	ldr	r3, [pc, #316]	; (8023e08 <GimbalWork+0x4fc>)
 8023cca:	f8d3 31c0 	ldr.w	r3, [r3, #448]	; 0x1c0
 8023cce:	4a4e      	ldr	r2, [pc, #312]	; (8023e08 <GimbalWork+0x4fc>)
 8023cd0:	f8c2 31cc 	str.w	r3, [r2, #460]	; 0x1cc
C:/Users/leonardo/Desktop/Code/Github/DawnBGC/Dawn/DawnGImbal/dawn_gimbal_system.c:151

        MatrixAdd(3, 1, &GimbalSystem.ArmAngle.Ele[0], &GimbalSystem.ArmAngleErr.Ele[0], &GimbalSystem.ArmAngleRef.Ele[0]);
 8023cd4:	4b4d      	ldr	r3, [pc, #308]	; (8023e0c <GimbalWork+0x500>)
 8023cd6:	9300      	str	r3, [sp, #0]
 8023cd8:	4b4d      	ldr	r3, [pc, #308]	; (8023e10 <GimbalWork+0x504>)
 8023cda:	4a4e      	ldr	r2, [pc, #312]	; (8023e14 <GimbalWork+0x508>)
 8023cdc:	2101      	movs	r1, #1
 8023cde:	2003      	movs	r0, #3
 8023ce0:	f000 ff14 	bl	8024b0c <MatrixAdd>
C:/Users/leonardo/Desktop/Code/Github/DawnBGC/Dawn/DawnGImbal/dawn_gimbal_system.c:153

        for (i = 0; i < 3; i++)
 8023ce4:	2300      	movs	r3, #0
 8023ce6:	71fb      	strb	r3, [r7, #7]
 8023ce8:	e067      	b.n	8023dba <GimbalWork+0x4ae>
C:/Users/leonardo/Desktop/Code/Github/DawnBGC/Dawn/DawnGImbal/dawn_gimbal_system.c:155 (discriminator 3)
        {
            GimbalSystem.ArmRadsRef.Ele[i] = PidControl((GimbalSystem.ArmAngleRef.Ele[i]) - (GimbalSystem.ArmAngle.Ele[i]),
 8023cea:	79fb      	ldrb	r3, [r7, #7]
 8023cec:	4a46      	ldr	r2, [pc, #280]	; (8023e08 <GimbalWork+0x4fc>)
 8023cee:	335e      	adds	r3, #94	; 0x5e
 8023cf0:	f852 2023 	ldr.w	r2, [r2, r3, lsl #2]
 8023cf4:	79fb      	ldrb	r3, [r7, #7]
 8023cf6:	4944      	ldr	r1, [pc, #272]	; (8023e08 <GimbalWork+0x4fc>)
 8023cf8:	3354      	adds	r3, #84	; 0x54
 8023cfa:	009b      	lsls	r3, r3, #2
 8023cfc:	440b      	add	r3, r1
 8023cfe:	685b      	ldr	r3, [r3, #4]
 8023d00:	4619      	mov	r1, r3
 8023d02:	4610      	mov	r0, r2
 8023d04:	f7fc fe62 	bl	80209cc <__aeabi_fsub>
 8023d08:	4603      	mov	r3, r0
 8023d0a:	4618      	mov	r0, r3
C:/Users/leonardo/Desktop/Code/Github/DawnBGC/Dawn/DawnGImbal/dawn_gimbal_system.c:156 (discriminator 3)
                                                        &GimbalSystem.ArmAnglePID.Ele[i]);
 8023d0c:	79fa      	ldrb	r2, [r7, #7]
C:/Users/leonardo/Desktop/Code/Github/DawnBGC/Dawn/DawnGImbal/dawn_gimbal_system.c:155 (discriminator 3)
            GimbalSystem.ArmRadsRef.Ele[i] = PidControl((GimbalSystem.ArmAngleRef.Ele[i]) - (GimbalSystem.ArmAngle.Ele[i]),
 8023d0e:	4613      	mov	r3, r2
 8023d10:	009b      	lsls	r3, r3, #2
 8023d12:	4413      	add	r3, r2
 8023d14:	00db      	lsls	r3, r3, #3
 8023d16:	f503 7328 	add.w	r3, r3, #672	; 0x2a0
 8023d1a:	4a3b      	ldr	r2, [pc, #236]	; (8023e08 <GimbalWork+0x4fc>)
 8023d1c:	4413      	add	r3, r2
 8023d1e:	3304      	adds	r3, #4
 8023d20:	79fc      	ldrb	r4, [r7, #7]
 8023d22:	4619      	mov	r1, r3
 8023d24:	f001 f908 	bl	8024f38 <PidControl>
 8023d28:	4602      	mov	r2, r0
 8023d2a:	4937      	ldr	r1, [pc, #220]	; (8023e08 <GimbalWork+0x4fc>)
 8023d2c:	f104 036a 	add.w	r3, r4, #106	; 0x6a
 8023d30:	f841 2023 	str.w	r2, [r1, r3, lsl #2]
C:/Users/leonardo/Desktop/Code/Github/DawnBGC/Dawn/DawnGImbal/dawn_gimbal_system.c:158 (discriminator 3)

            GimbalSystem.ArmRadsRef.Ele[i] = AngleRadsLimit(GimbalSystem.ArmAngleErr.Ele[i],
 8023d34:	79fb      	ldrb	r3, [r7, #7]
 8023d36:	4a34      	ldr	r2, [pc, #208]	; (8023e08 <GimbalWork+0x4fc>)
 8023d38:	3352      	adds	r3, #82	; 0x52
 8023d3a:	f852 0023 	ldr.w	r0, [r2, r3, lsl #2]
 8023d3e:	79fb      	ldrb	r3, [r7, #7]
 8023d40:	4a31      	ldr	r2, [pc, #196]	; (8023e08 <GimbalWork+0x4fc>)
 8023d42:	336a      	adds	r3, #106	; 0x6a
 8023d44:	f852 1023 	ldr.w	r1, [r2, r3, lsl #2]
 8023d48:	79fb      	ldrb	r3, [r7, #7]
 8023d4a:	4a2f      	ldr	r2, [pc, #188]	; (8023e08 <GimbalWork+0x4fc>)
 8023d4c:	336c      	adds	r3, #108	; 0x6c
 8023d4e:	009b      	lsls	r3, r3, #2
 8023d50:	4413      	add	r3, r2
 8023d52:	685b      	ldr	r3, [r3, #4]
 8023d54:	79fc      	ldrb	r4, [r7, #7]
 8023d56:	461a      	mov	r2, r3
 8023d58:	f000 f99c 	bl	8024094 <AngleRadsLimit>
 8023d5c:	4602      	mov	r2, r0
 8023d5e:	492a      	ldr	r1, [pc, #168]	; (8023e08 <GimbalWork+0x4fc>)
 8023d60:	f104 036a 	add.w	r3, r4, #106	; 0x6a
 8023d64:	f841 2023 	str.w	r2, [r1, r3, lsl #2]
C:/Users/leonardo/Desktop/Code/Github/DawnBGC/Dawn/DawnGImbal/dawn_gimbal_system.c:162 (discriminator 3)
                                                            GimbalSystem.ArmRadsRef.Ele[i],
                                                            GimbalSystem.ArmRadsRefACCMax.Ele[i]);

            GimbalSystem.ArmTorqueRef.Ele[i] = PidControl(GimbalSystem.ArmRadsRef.Ele[i] - GimbalSystem.ArmRads.Ele[i],
 8023d68:	79fb      	ldrb	r3, [r7, #7]
 8023d6a:	4a27      	ldr	r2, [pc, #156]	; (8023e08 <GimbalWork+0x4fc>)
 8023d6c:	336a      	adds	r3, #106	; 0x6a
 8023d6e:	f852 2023 	ldr.w	r2, [r2, r3, lsl #2]
 8023d72:	79fb      	ldrb	r3, [r7, #7]
 8023d74:	4924      	ldr	r1, [pc, #144]	; (8023e08 <GimbalWork+0x4fc>)
 8023d76:	3372      	adds	r3, #114	; 0x72
 8023d78:	009b      	lsls	r3, r3, #2
 8023d7a:	440b      	add	r3, r1
 8023d7c:	685b      	ldr	r3, [r3, #4]
 8023d7e:	4619      	mov	r1, r3
 8023d80:	4610      	mov	r0, r2
 8023d82:	f7fc fe23 	bl	80209cc <__aeabi_fsub>
 8023d86:	4603      	mov	r3, r0
 8023d88:	4618      	mov	r0, r3
C:/Users/leonardo/Desktop/Code/Github/DawnBGC/Dawn/DawnGImbal/dawn_gimbal_system.c:163 (discriminator 3)
                                                          &GimbalSystem.ArmRadsPID.Ele[i]);
 8023d8a:	79fa      	ldrb	r2, [r7, #7]
C:/Users/leonardo/Desktop/Code/Github/DawnBGC/Dawn/DawnGImbal/dawn_gimbal_system.c:162 (discriminator 3)
            GimbalSystem.ArmTorqueRef.Ele[i] = PidControl(GimbalSystem.ArmRadsRef.Ele[i] - GimbalSystem.ArmRads.Ele[i],
 8023d8c:	4613      	mov	r3, r2
 8023d8e:	009b      	lsls	r3, r3, #2
 8023d90:	4413      	add	r3, r2
 8023d92:	00db      	lsls	r3, r3, #3
 8023d94:	f503 7346 	add.w	r3, r3, #792	; 0x318
 8023d98:	4a1b      	ldr	r2, [pc, #108]	; (8023e08 <GimbalWork+0x4fc>)
 8023d9a:	4413      	add	r3, r2
 8023d9c:	3304      	adds	r3, #4
 8023d9e:	79fc      	ldrb	r4, [r7, #7]
 8023da0:	4619      	mov	r1, r3
 8023da2:	f001 f8c9 	bl	8024f38 <PidControl>
 8023da6:	4602      	mov	r2, r0
 8023da8:	4917      	ldr	r1, [pc, #92]	; (8023e08 <GimbalWork+0x4fc>)
 8023daa:	f104 0378 	add.w	r3, r4, #120	; 0x78
 8023dae:	009b      	lsls	r3, r3, #2
 8023db0:	440b      	add	r3, r1
 8023db2:	605a      	str	r2, [r3, #4]
C:/Users/leonardo/Desktop/Code/Github/DawnBGC/Dawn/DawnGImbal/dawn_gimbal_system.c:153 (discriminator 3)
        for (i = 0; i < 3; i++)
 8023db4:	79fb      	ldrb	r3, [r7, #7]
 8023db6:	3301      	adds	r3, #1
 8023db8:	71fb      	strb	r3, [r7, #7]
C:/Users/leonardo/Desktop/Code/Github/DawnBGC/Dawn/DawnGImbal/dawn_gimbal_system.c:153 (discriminator 1)
 8023dba:	79fb      	ldrb	r3, [r7, #7]
 8023dbc:	2b02      	cmp	r3, #2
 8023dbe:	d994      	bls.n	8023cea <GimbalWork+0x3de>
C:/Users/leonardo/Desktop/Code/Github/DawnBGC/Dawn/DawnGImbal/dawn_gimbal_system.c:165
        }
        break;
 8023dc0:	e004      	b.n	8023dcc <GimbalWork+0x4c0>
C:/Users/leonardo/Desktop/Code/Github/DawnBGC/Dawn/DawnGImbal/dawn_gimbal_system.c:168

    default:
        break;
 8023dc2:	bf00      	nop
 8023dc4:	e002      	b.n	8023dcc <GimbalWork+0x4c0>
C:/Users/leonardo/Desktop/Code/Github/DawnBGC/Dawn/DawnGImbal/dawn_gimbal_system.c:74
        break;
 8023dc6:	bf00      	nop
 8023dc8:	e000      	b.n	8023dcc <GimbalWork+0x4c0>
C:/Users/leonardo/Desktop/Code/Github/DawnBGC/Dawn/DawnGImbal/dawn_gimbal_system.c:89
        break;
 8023dca:	bf00      	nop
C:/Users/leonardo/Desktop/Code/Github/DawnBGC/Dawn/DawnGImbal/dawn_gimbal_system.c:172
    }

    // BLDCTorqueUpdata();
    BDCTorqueUpdata();
 8023dcc:	f000 f91a 	bl	8024004 <BDCTorqueUpdata>
C:/Users/leonardo/Desktop/Code/Github/DawnBGC/Dawn/DawnGImbal/dawn_gimbal_system.c:174

    GimbalSystem.GeoEulerQuat.Yaw = 0.0f;
 8023dd0:	4b0d      	ldr	r3, [pc, #52]	; (8023e08 <GimbalWork+0x4fc>)
 8023dd2:	f04f 0200 	mov.w	r2, #0
 8023dd6:	f8c3 208c 	str.w	r2, [r3, #140]	; 0x8c
C:/Users/leonardo/Desktop/Code/Github/DawnBGC/Dawn/DawnGImbal/dawn_gimbal_system.c:175
    Euler2DCM(&GimbalSystem.GeoEulerQuat, &GimbalSystem.CameraDCM);
 8023dda:	490f      	ldr	r1, [pc, #60]	; (8023e18 <GimbalWork+0x50c>)
 8023ddc:	480f      	ldr	r0, [pc, #60]	; (8023e1c <GimbalWork+0x510>)
 8023dde:	f000 fb0a 	bl	80243f6 <Euler2DCM>
C:/Users/leonardo/Desktop/Code/Github/DawnBGC/Dawn/DawnGImbal/dawn_gimbal_system.c:177

    if (GimbalSystem.JacbInv)
 8023de2:	4b09      	ldr	r3, [pc, #36]	; (8023e08 <GimbalWork+0x4fc>)
 8023de4:	7d5b      	ldrb	r3, [r3, #21]
 8023de6:	2b00      	cmp	r3, #0
 8023de8:	d004      	beq.n	8023df4 <GimbalWork+0x4e8>
C:/Users/leonardo/Desktop/Code/Github/DawnBGC/Dawn/DawnGImbal/dawn_gimbal_system.c:179
    {
        CalcJacobianInv(&GimbalSystem.ArmAngle, &GimbalSystem.JacbState);
 8023dea:	490d      	ldr	r1, [pc, #52]	; (8023e20 <GimbalWork+0x514>)
 8023dec:	4809      	ldr	r0, [pc, #36]	; (8023e14 <GimbalWork+0x508>)
 8023dee:	f000 fdbe 	bl	802496e <CalcJacobianInv>
 8023df2:	e003      	b.n	8023dfc <GimbalWork+0x4f0>
C:/Users/leonardo/Desktop/Code/Github/DawnBGC/Dawn/DawnGImbal/dawn_gimbal_system.c:183
    }
    else
    {
        CalcJacobianTrans(&GimbalSystem.ArmAngle, &GimbalSystem.JacbState);
 8023df4:	490a      	ldr	r1, [pc, #40]	; (8023e20 <GimbalWork+0x514>)
 8023df6:	4807      	ldr	r0, [pc, #28]	; (8023e14 <GimbalWork+0x508>)
 8023df8:	f000 fe2e 	bl	8024a58 <CalcJacobianTrans>
C:/Users/leonardo/Desktop/Code/Github/DawnBGC/Dawn/DawnGImbal/dawn_gimbal_system.c:186
    }

    gimbal_business();
 8023dfc:	f7ff fd24 	bl	8023848 <gimbal_business>
C:/Users/leonardo/Desktop/Code/Github/DawnBGC/Dawn/DawnGImbal/dawn_gimbal_system.c:187
}
 8023e00:	bf00      	nop
 8023e02:	370c      	adds	r7, #12
 8023e04:	46bd      	mov	sp, r7
 8023e06:	bd90      	pop	{r4, r7, pc}
 8023e08:	20000000 	.word	0x20000000
 8023e0c:	20000178 	.word	0x20000178
 8023e10:	20000148 	.word	0x20000148
 8023e14:	20000154 	.word	0x20000154
 8023e18:	20000214 	.word	0x20000214
 8023e1c:	20000080 	.word	0x20000080
 8023e20:	2000025c 	.word	0x2000025c

08023e24 <BLDCUpdata>:
BLDCUpdata():
C:/Users/leonardo/Desktop/Code/Github/DawnBGC/Dawn/DawnGImbal/dawn_gimbal_system.c:190

static void BLDCUpdata(void)
{
 8023e24:	b590      	push	{r4, r7, lr}
 8023e26:	b083      	sub	sp, #12
 8023e28:	af00      	add	r7, sp, #0
C:/Users/leonardo/Desktop/Code/Github/DawnBGC/Dawn/DawnGImbal/dawn_gimbal_system.c:191
    uint8_t i = 0;
 8023e2a:	2300      	movs	r3, #0
 8023e2c:	71fb      	strb	r3, [r7, #7]
C:/Users/leonardo/Desktop/Code/Github/DawnBGC/Dawn/DawnGImbal/dawn_gimbal_system.c:193

    GimbalSystem.ArmAngle.Data.Latge = (BLDCYaw.BLDCRac) * (GimbalSystem.ArmDir.Data.Latge);
 8023e2e:	4b4a      	ldr	r3, [pc, #296]	; (8023f58 <BLDCUpdata+0x134>)
 8023e30:	f8d3 3080 	ldr.w	r3, [r3, #128]	; 0x80
 8023e34:	4a49      	ldr	r2, [pc, #292]	; (8023f5c <BLDCUpdata+0x138>)
 8023e36:	f8d2 2140 	ldr.w	r2, [r2, #320]	; 0x140
 8023e3a:	4611      	mov	r1, r2
 8023e3c:	4618      	mov	r0, r3
 8023e3e:	f7fc fecf 	bl	8020be0 <__aeabi_fmul>
 8023e42:	4603      	mov	r3, r0
 8023e44:	461a      	mov	r2, r3
 8023e46:	4b45      	ldr	r3, [pc, #276]	; (8023f5c <BLDCUpdata+0x138>)
 8023e48:	f8c3 2158 	str.w	r2, [r3, #344]	; 0x158
C:/Users/leonardo/Desktop/Code/Github/DawnBGC/Dawn/DawnGImbal/dawn_gimbal_system.c:194
    GimbalSystem.ArmAngle.Data.Middle = (BLDCRoll.BLDCRac) * (GimbalSystem.ArmDir.Data.Middle);
 8023e4c:	4b44      	ldr	r3, [pc, #272]	; (8023f60 <BLDCUpdata+0x13c>)
 8023e4e:	f8d3 3080 	ldr.w	r3, [r3, #128]	; 0x80
 8023e52:	4a42      	ldr	r2, [pc, #264]	; (8023f5c <BLDCUpdata+0x138>)
 8023e54:	f8d2 213c 	ldr.w	r2, [r2, #316]	; 0x13c
 8023e58:	4611      	mov	r1, r2
 8023e5a:	4618      	mov	r0, r3
 8023e5c:	f7fc fec0 	bl	8020be0 <__aeabi_fmul>
 8023e60:	4603      	mov	r3, r0
 8023e62:	461a      	mov	r2, r3
 8023e64:	4b3d      	ldr	r3, [pc, #244]	; (8023f5c <BLDCUpdata+0x138>)
 8023e66:	f8c3 2154 	str.w	r2, [r3, #340]	; 0x154
C:/Users/leonardo/Desktop/Code/Github/DawnBGC/Dawn/DawnGImbal/dawn_gimbal_system.c:195
    GimbalSystem.ArmAngle.Data.Small = (BLDCPitch.BLDCRac) * (GimbalSystem.ArmDir.Data.Small);
 8023e6a:	4b3e      	ldr	r3, [pc, #248]	; (8023f64 <BLDCUpdata+0x140>)
 8023e6c:	f8d3 3080 	ldr.w	r3, [r3, #128]	; 0x80
 8023e70:	4a3a      	ldr	r2, [pc, #232]	; (8023f5c <BLDCUpdata+0x138>)
 8023e72:	f8d2 2144 	ldr.w	r2, [r2, #324]	; 0x144
 8023e76:	4611      	mov	r1, r2
 8023e78:	4618      	mov	r0, r3
 8023e7a:	f7fc feb1 	bl	8020be0 <__aeabi_fmul>
 8023e7e:	4603      	mov	r3, r0
 8023e80:	461a      	mov	r2, r3
 8023e82:	4b36      	ldr	r3, [pc, #216]	; (8023f5c <BLDCUpdata+0x138>)
 8023e84:	f8c3 215c 	str.w	r2, [r3, #348]	; 0x15c
C:/Users/leonardo/Desktop/Code/Github/DawnBGC/Dawn/DawnGImbal/dawn_gimbal_system.c:197

    for (i = 0; i < 3; i++)
 8023e88:	2300      	movs	r3, #0
 8023e8a:	71fb      	strb	r3, [r7, #7]
 8023e8c:	e05b      	b.n	8023f46 <BLDCUpdata+0x122>
C:/Users/leonardo/Desktop/Code/Github/DawnBGC/Dawn/DawnGImbal/dawn_gimbal_system.c:199
    {
        GimbalSystem.ArmAngle.Ele[i] -= GimbalSystem.ArmAngleOffset.Ele[i];
 8023e8e:	79fb      	ldrb	r3, [r7, #7]
 8023e90:	4a32      	ldr	r2, [pc, #200]	; (8023f5c <BLDCUpdata+0x138>)
 8023e92:	3354      	adds	r3, #84	; 0x54
 8023e94:	009b      	lsls	r3, r3, #2
 8023e96:	4413      	add	r3, r2
 8023e98:	685a      	ldr	r2, [r3, #4]
 8023e9a:	79fb      	ldrb	r3, [r7, #7]
 8023e9c:	492f      	ldr	r1, [pc, #188]	; (8023f5c <BLDCUpdata+0x138>)
 8023e9e:	3358      	adds	r3, #88	; 0x58
 8023ea0:	f851 3023 	ldr.w	r3, [r1, r3, lsl #2]
 8023ea4:	79fc      	ldrb	r4, [r7, #7]
 8023ea6:	4619      	mov	r1, r3
 8023ea8:	4610      	mov	r0, r2
 8023eaa:	f7fc fd8f 	bl	80209cc <__aeabi_fsub>
 8023eae:	4603      	mov	r3, r0
 8023eb0:	4619      	mov	r1, r3
 8023eb2:	4a2a      	ldr	r2, [pc, #168]	; (8023f5c <BLDCUpdata+0x138>)
 8023eb4:	f104 0354 	add.w	r3, r4, #84	; 0x54
 8023eb8:	009b      	lsls	r3, r3, #2
 8023eba:	4413      	add	r3, r2
 8023ebc:	6059      	str	r1, [r3, #4]
C:/Users/leonardo/Desktop/Code/Github/DawnBGC/Dawn/DawnGImbal/dawn_gimbal_system.c:201

        if ((GimbalSystem.ArmAngle.Ele[i]) < -2.0f * PI)
 8023ebe:	79fb      	ldrb	r3, [r7, #7]
 8023ec0:	4a26      	ldr	r2, [pc, #152]	; (8023f5c <BLDCUpdata+0x138>)
 8023ec2:	3354      	adds	r3, #84	; 0x54
 8023ec4:	009b      	lsls	r3, r3, #2
 8023ec6:	4413      	add	r3, r2
 8023ec8:	685b      	ldr	r3, [r3, #4]
 8023eca:	4927      	ldr	r1, [pc, #156]	; (8023f68 <BLDCUpdata+0x144>)
 8023ecc:	4618      	mov	r0, r3
 8023ece:	f7fd f825 	bl	8020f1c <__aeabi_fcmplt>
 8023ed2:	4603      	mov	r3, r0
 8023ed4:	2b00      	cmp	r3, #0
 8023ed6:	d013      	beq.n	8023f00 <BLDCUpdata+0xdc>
C:/Users/leonardo/Desktop/Code/Github/DawnBGC/Dawn/DawnGImbal/dawn_gimbal_system.c:203
        {
            GimbalSystem.ArmAngle.Ele[i] += 2.0f * PI;
 8023ed8:	79fb      	ldrb	r3, [r7, #7]
 8023eda:	4a20      	ldr	r2, [pc, #128]	; (8023f5c <BLDCUpdata+0x138>)
 8023edc:	3354      	adds	r3, #84	; 0x54
 8023ede:	009b      	lsls	r3, r3, #2
 8023ee0:	4413      	add	r3, r2
 8023ee2:	685b      	ldr	r3, [r3, #4]
 8023ee4:	79fc      	ldrb	r4, [r7, #7]
 8023ee6:	4921      	ldr	r1, [pc, #132]	; (8023f6c <BLDCUpdata+0x148>)
 8023ee8:	4618      	mov	r0, r3
 8023eea:	f7fc fd71 	bl	80209d0 <__addsf3>
 8023eee:	4603      	mov	r3, r0
 8023ef0:	4619      	mov	r1, r3
 8023ef2:	4a1a      	ldr	r2, [pc, #104]	; (8023f5c <BLDCUpdata+0x138>)
 8023ef4:	f104 0354 	add.w	r3, r4, #84	; 0x54
 8023ef8:	009b      	lsls	r3, r3, #2
 8023efa:	4413      	add	r3, r2
 8023efc:	6059      	str	r1, [r3, #4]
 8023efe:	e01f      	b.n	8023f40 <BLDCUpdata+0x11c>
C:/Users/leonardo/Desktop/Code/Github/DawnBGC/Dawn/DawnGImbal/dawn_gimbal_system.c:205
        }
        else if ((GimbalSystem.ArmAngle.Ele[i]) > 2.0f * PI)
 8023f00:	79fb      	ldrb	r3, [r7, #7]
 8023f02:	4a16      	ldr	r2, [pc, #88]	; (8023f5c <BLDCUpdata+0x138>)
 8023f04:	3354      	adds	r3, #84	; 0x54
 8023f06:	009b      	lsls	r3, r3, #2
 8023f08:	4413      	add	r3, r2
 8023f0a:	685b      	ldr	r3, [r3, #4]
 8023f0c:	4917      	ldr	r1, [pc, #92]	; (8023f6c <BLDCUpdata+0x148>)
 8023f0e:	4618      	mov	r0, r3
 8023f10:	f7fd f822 	bl	8020f58 <__aeabi_fcmpgt>
 8023f14:	4603      	mov	r3, r0
 8023f16:	2b00      	cmp	r3, #0
 8023f18:	d012      	beq.n	8023f40 <BLDCUpdata+0x11c>
C:/Users/leonardo/Desktop/Code/Github/DawnBGC/Dawn/DawnGImbal/dawn_gimbal_system.c:207
        {
            GimbalSystem.ArmAngle.Ele[i] -= 2.0f * PI;
 8023f1a:	79fb      	ldrb	r3, [r7, #7]
 8023f1c:	4a0f      	ldr	r2, [pc, #60]	; (8023f5c <BLDCUpdata+0x138>)
 8023f1e:	3354      	adds	r3, #84	; 0x54
 8023f20:	009b      	lsls	r3, r3, #2
 8023f22:	4413      	add	r3, r2
 8023f24:	685b      	ldr	r3, [r3, #4]
 8023f26:	79fc      	ldrb	r4, [r7, #7]
 8023f28:	4910      	ldr	r1, [pc, #64]	; (8023f6c <BLDCUpdata+0x148>)
 8023f2a:	4618      	mov	r0, r3
 8023f2c:	f7fc fd4e 	bl	80209cc <__aeabi_fsub>
 8023f30:	4603      	mov	r3, r0
 8023f32:	4619      	mov	r1, r3
 8023f34:	4a09      	ldr	r2, [pc, #36]	; (8023f5c <BLDCUpdata+0x138>)
 8023f36:	f104 0354 	add.w	r3, r4, #84	; 0x54
 8023f3a:	009b      	lsls	r3, r3, #2
 8023f3c:	4413      	add	r3, r2
 8023f3e:	6059      	str	r1, [r3, #4]
C:/Users/leonardo/Desktop/Code/Github/DawnBGC/Dawn/DawnGImbal/dawn_gimbal_system.c:197 (discriminator 2)
    for (i = 0; i < 3; i++)
 8023f40:	79fb      	ldrb	r3, [r7, #7]
 8023f42:	3301      	adds	r3, #1
 8023f44:	71fb      	strb	r3, [r7, #7]
C:/Users/leonardo/Desktop/Code/Github/DawnBGC/Dawn/DawnGImbal/dawn_gimbal_system.c:197 (discriminator 1)
 8023f46:	79fb      	ldrb	r3, [r7, #7]
 8023f48:	2b02      	cmp	r3, #2
 8023f4a:	d9a0      	bls.n	8023e8e <BLDCUpdata+0x6a>
C:/Users/leonardo/Desktop/Code/Github/DawnBGC/Dawn/DawnGImbal/dawn_gimbal_system.c:210
        }
    }
}
 8023f4c:	bf00      	nop
 8023f4e:	bf00      	nop
 8023f50:	370c      	adds	r7, #12
 8023f52:	46bd      	mov	sp, r7
 8023f54:	bd90      	pop	{r4, r7, pc}
 8023f56:	bf00      	nop
 8023f58:	20000424 	.word	0x20000424
 8023f5c:	20000000 	.word	0x20000000
 8023f60:	200004d0 	.word	0x200004d0
 8023f64:	2000057c 	.word	0x2000057c
 8023f68:	c0c90fdb 	.word	0xc0c90fdb
 8023f6c:	40c90fdb 	.word	0x40c90fdb

08023f70 <IMUUpdata>:
IMUUpdata():
C:/Users/leonardo/Desktop/Code/Github/DawnBGC/Dawn/DawnGImbal/dawn_gimbal_system.c:212
static void IMUUpdata(void)
{
 8023f70:	b480      	push	{r7}
 8023f72:	af00      	add	r7, sp, #0
C:/Users/leonardo/Desktop/Code/Github/DawnBGC/Dawn/DawnGImbal/dawn_gimbal_system.c:213
    GimbalSystem.PlaneRadsRaw.Data.X = Icm206XXData.FGyroX;
 8023f74:	4b13      	ldr	r3, [pc, #76]	; (8023fc4 <IMUUpdata+0x54>)
 8023f76:	6a1b      	ldr	r3, [r3, #32]
 8023f78:	4a13      	ldr	r2, [pc, #76]	; (8023fc8 <IMUUpdata+0x58>)
 8023f7a:	f8c2 310c 	str.w	r3, [r2, #268]	; 0x10c
C:/Users/leonardo/Desktop/Code/Github/DawnBGC/Dawn/DawnGImbal/dawn_gimbal_system.c:214
    GimbalSystem.PlaneRadsRaw.Data.Y = Icm206XXData.FGyroZ;
 8023f7e:	4b11      	ldr	r3, [pc, #68]	; (8023fc4 <IMUUpdata+0x54>)
 8023f80:	6a9b      	ldr	r3, [r3, #40]	; 0x28
 8023f82:	4a11      	ldr	r2, [pc, #68]	; (8023fc8 <IMUUpdata+0x58>)
 8023f84:	f8c2 3110 	str.w	r3, [r2, #272]	; 0x110
C:/Users/leonardo/Desktop/Code/Github/DawnBGC/Dawn/DawnGImbal/dawn_gimbal_system.c:215
    GimbalSystem.PlaneRadsRaw.Data.Z = -Icm206XXData.FGyroY;
 8023f88:	4b0e      	ldr	r3, [pc, #56]	; (8023fc4 <IMUUpdata+0x54>)
 8023f8a:	6a5b      	ldr	r3, [r3, #36]	; 0x24
 8023f8c:	f083 4300 	eor.w	r3, r3, #2147483648	; 0x80000000
 8023f90:	4a0d      	ldr	r2, [pc, #52]	; (8023fc8 <IMUUpdata+0x58>)
 8023f92:	f8c2 3114 	str.w	r3, [r2, #276]	; 0x114
C:/Users/leonardo/Desktop/Code/Github/DawnBGC/Dawn/DawnGImbal/dawn_gimbal_system.c:217

    GimbalSystem.PlaneACCRaw.Data.X = -Icm206XXData.FAccX;
 8023f96:	4b0b      	ldr	r3, [pc, #44]	; (8023fc4 <IMUUpdata+0x54>)
 8023f98:	691b      	ldr	r3, [r3, #16]
 8023f9a:	f083 4300 	eor.w	r3, r3, #2147483648	; 0x80000000
 8023f9e:	4a0a      	ldr	r2, [pc, #40]	; (8023fc8 <IMUUpdata+0x58>)
 8023fa0:	f8c2 30e8 	str.w	r3, [r2, #232]	; 0xe8
C:/Users/leonardo/Desktop/Code/Github/DawnBGC/Dawn/DawnGImbal/dawn_gimbal_system.c:218
    GimbalSystem.PlaneACCRaw.Data.Y = -Icm206XXData.FAccZ;
 8023fa4:	4b07      	ldr	r3, [pc, #28]	; (8023fc4 <IMUUpdata+0x54>)
 8023fa6:	699b      	ldr	r3, [r3, #24]
 8023fa8:	f083 4300 	eor.w	r3, r3, #2147483648	; 0x80000000
 8023fac:	4a06      	ldr	r2, [pc, #24]	; (8023fc8 <IMUUpdata+0x58>)
 8023fae:	f8c2 30ec 	str.w	r3, [r2, #236]	; 0xec
C:/Users/leonardo/Desktop/Code/Github/DawnBGC/Dawn/DawnGImbal/dawn_gimbal_system.c:219
    GimbalSystem.PlaneACCRaw.Data.Z = Icm206XXData.FAccY;
 8023fb2:	4b04      	ldr	r3, [pc, #16]	; (8023fc4 <IMUUpdata+0x54>)
 8023fb4:	695b      	ldr	r3, [r3, #20]
 8023fb6:	4a04      	ldr	r2, [pc, #16]	; (8023fc8 <IMUUpdata+0x58>)
 8023fb8:	f8c2 30f0 	str.w	r3, [r2, #240]	; 0xf0
C:/Users/leonardo/Desktop/Code/Github/DawnBGC/Dawn/DawnGImbal/dawn_gimbal_system.c:220
}
 8023fbc:	bf00      	nop
 8023fbe:	46bd      	mov	sp, r7
 8023fc0:	bc80      	pop	{r7}
 8023fc2:	4770      	bx	lr
 8023fc4:	20000eec 	.word	0x20000eec
 8023fc8:	20000000 	.word	0x20000000

08023fcc <CheckBLDCStatus>:
CheckBLDCStatus():
C:/Users/leonardo/Desktop/Code/Github/DawnBGC/Dawn/DawnGImbal/dawn_gimbal_system.c:223

static uint8_t CheckBLDCStatus(void)
{
 8023fcc:	b480      	push	{r7}
 8023fce:	af00      	add	r7, sp, #0
C:/Users/leonardo/Desktop/Code/Github/DawnBGC/Dawn/DawnGImbal/dawn_gimbal_system.c:224
    if ((BLDCYaw.StateCheck) && (BLDCRoll.StateCheck) && (BLDCPitch.StateCheck))
 8023fd0:	4b09      	ldr	r3, [pc, #36]	; (8023ff8 <CheckBLDCStatus+0x2c>)
 8023fd2:	7e1b      	ldrb	r3, [r3, #24]
 8023fd4:	2b00      	cmp	r3, #0
 8023fd6:	d009      	beq.n	8023fec <CheckBLDCStatus+0x20>
C:/Users/leonardo/Desktop/Code/Github/DawnBGC/Dawn/DawnGImbal/dawn_gimbal_system.c:224 (discriminator 1)
 8023fd8:	4b08      	ldr	r3, [pc, #32]	; (8023ffc <CheckBLDCStatus+0x30>)
 8023fda:	7e1b      	ldrb	r3, [r3, #24]
 8023fdc:	2b00      	cmp	r3, #0
 8023fde:	d005      	beq.n	8023fec <CheckBLDCStatus+0x20>
C:/Users/leonardo/Desktop/Code/Github/DawnBGC/Dawn/DawnGImbal/dawn_gimbal_system.c:224 (discriminator 2)
 8023fe0:	4b07      	ldr	r3, [pc, #28]	; (8024000 <CheckBLDCStatus+0x34>)
 8023fe2:	7e1b      	ldrb	r3, [r3, #24]
 8023fe4:	2b00      	cmp	r3, #0
 8023fe6:	d001      	beq.n	8023fec <CheckBLDCStatus+0x20>
C:/Users/leonardo/Desktop/Code/Github/DawnBGC/Dawn/DawnGImbal/dawn_gimbal_system.c:227
    {

        return TRUE;
 8023fe8:	2301      	movs	r3, #1
 8023fea:	e000      	b.n	8023fee <CheckBLDCStatus+0x22>
C:/Users/leonardo/Desktop/Code/Github/DawnBGC/Dawn/DawnGImbal/dawn_gimbal_system.c:231
    }
    else
    {
        return FALSE;
 8023fec:	2300      	movs	r3, #0
C:/Users/leonardo/Desktop/Code/Github/DawnBGC/Dawn/DawnGImbal/dawn_gimbal_system.c:233
    }
}
 8023fee:	4618      	mov	r0, r3
 8023ff0:	46bd      	mov	sp, r7
 8023ff2:	bc80      	pop	{r7}
 8023ff4:	4770      	bx	lr
 8023ff6:	bf00      	nop
 8023ff8:	20000424 	.word	0x20000424
 8023ffc:	200004d0 	.word	0x200004d0
 8024000:	2000057c 	.word	0x2000057c

08024004 <BDCTorqueUpdata>:
BDCTorqueUpdata():
C:/Users/leonardo/Desktop/Code/Github/DawnBGC/Dawn/DawnGImbal/dawn_gimbal_system.c:235
static void BDCTorqueUpdata(void)
{
 8024004:	b580      	push	{r7, lr}
 8024006:	af00      	add	r7, sp, #0
C:/Users/leonardo/Desktop/Code/Github/DawnBGC/Dawn/DawnGImbal/dawn_gimbal_system.c:236
    BLDCYaw.StateCheck = TRUE;
 8024008:	4b1e      	ldr	r3, [pc, #120]	; (8024084 <BDCTorqueUpdata+0x80>)
 802400a:	2201      	movs	r2, #1
 802400c:	761a      	strb	r2, [r3, #24]
C:/Users/leonardo/Desktop/Code/Github/DawnBGC/Dawn/DawnGImbal/dawn_gimbal_system.c:237
    BLDCRoll.StateCheck = TRUE;
 802400e:	4b1e      	ldr	r3, [pc, #120]	; (8024088 <BDCTorqueUpdata+0x84>)
 8024010:	2201      	movs	r2, #1
 8024012:	761a      	strb	r2, [r3, #24]
C:/Users/leonardo/Desktop/Code/Github/DawnBGC/Dawn/DawnGImbal/dawn_gimbal_system.c:238
    BLDCPitch.StateCheck = TRUE;
 8024014:	4b1d      	ldr	r3, [pc, #116]	; (802408c <BDCTorqueUpdata+0x88>)
 8024016:	2201      	movs	r2, #1
 8024018:	761a      	strb	r2, [r3, #24]
C:/Users/leonardo/Desktop/Code/Github/DawnBGC/Dawn/DawnGImbal/dawn_gimbal_system.c:240

    BLDCYaw.QuadOut = (GimbalSystem.ArmTorqueRef.Data.Latge) * (GimbalSystem.ArmDir.Data.Latge);
 802401a:	4b1d      	ldr	r3, [pc, #116]	; (8024090 <BDCTorqueUpdata+0x8c>)
 802401c:	f8d3 31e8 	ldr.w	r3, [r3, #488]	; 0x1e8
 8024020:	4a1b      	ldr	r2, [pc, #108]	; (8024090 <BDCTorqueUpdata+0x8c>)
 8024022:	f8d2 2140 	ldr.w	r2, [r2, #320]	; 0x140
 8024026:	4611      	mov	r1, r2
 8024028:	4618      	mov	r0, r3
 802402a:	f7fc fdd9 	bl	8020be0 <__aeabi_fmul>
 802402e:	4603      	mov	r3, r0
 8024030:	461a      	mov	r2, r3
 8024032:	4b14      	ldr	r3, [pc, #80]	; (8024084 <BDCTorqueUpdata+0x80>)
 8024034:	67da      	str	r2, [r3, #124]	; 0x7c
C:/Users/leonardo/Desktop/Code/Github/DawnBGC/Dawn/DawnGImbal/dawn_gimbal_system.c:241
    BLDCRoll.QuadOut = (GimbalSystem.ArmTorqueRef.Data.Middle) * (GimbalSystem.ArmDir.Data.Middle);
 8024036:	4b16      	ldr	r3, [pc, #88]	; (8024090 <BDCTorqueUpdata+0x8c>)
 8024038:	f8d3 31e4 	ldr.w	r3, [r3, #484]	; 0x1e4
 802403c:	4a14      	ldr	r2, [pc, #80]	; (8024090 <BDCTorqueUpdata+0x8c>)
 802403e:	f8d2 213c 	ldr.w	r2, [r2, #316]	; 0x13c
 8024042:	4611      	mov	r1, r2
 8024044:	4618      	mov	r0, r3
 8024046:	f7fc fdcb 	bl	8020be0 <__aeabi_fmul>
 802404a:	4603      	mov	r3, r0
 802404c:	461a      	mov	r2, r3
 802404e:	4b0e      	ldr	r3, [pc, #56]	; (8024088 <BDCTorqueUpdata+0x84>)
 8024050:	67da      	str	r2, [r3, #124]	; 0x7c
C:/Users/leonardo/Desktop/Code/Github/DawnBGC/Dawn/DawnGImbal/dawn_gimbal_system.c:242
    BLDCPitch.QuadOut = (GimbalSystem.ArmTorqueRef.Data.Small) * (GimbalSystem.ArmDir.Data.Small);
 8024052:	4b0f      	ldr	r3, [pc, #60]	; (8024090 <BDCTorqueUpdata+0x8c>)
 8024054:	f8d3 31ec 	ldr.w	r3, [r3, #492]	; 0x1ec
 8024058:	4a0d      	ldr	r2, [pc, #52]	; (8024090 <BDCTorqueUpdata+0x8c>)
 802405a:	f8d2 2144 	ldr.w	r2, [r2, #324]	; 0x144
 802405e:	4611      	mov	r1, r2
 8024060:	4618      	mov	r0, r3
 8024062:	f7fc fdbd 	bl	8020be0 <__aeabi_fmul>
 8024066:	4603      	mov	r3, r0
 8024068:	461a      	mov	r2, r3
 802406a:	4b08      	ldr	r3, [pc, #32]	; (802408c <BDCTorqueUpdata+0x88>)
 802406c:	67da      	str	r2, [r3, #124]	; 0x7c
C:/Users/leonardo/Desktop/Code/Github/DawnBGC/Dawn/DawnGImbal/dawn_gimbal_system.c:244

    BDCpwm(&BLDCYaw);
 802406e:	4805      	ldr	r0, [pc, #20]	; (8024084 <BDCTorqueUpdata+0x80>)
 8024070:	f002 fa28 	bl	80264c4 <BDCpwm>
C:/Users/leonardo/Desktop/Code/Github/DawnBGC/Dawn/DawnGImbal/dawn_gimbal_system.c:245
    BDCpwm(&BLDCRoll);
 8024074:	4804      	ldr	r0, [pc, #16]	; (8024088 <BDCTorqueUpdata+0x84>)
 8024076:	f002 fa25 	bl	80264c4 <BDCpwm>
C:/Users/leonardo/Desktop/Code/Github/DawnBGC/Dawn/DawnGImbal/dawn_gimbal_system.c:246
    BDCpwm(&BLDCPitch);
 802407a:	4804      	ldr	r0, [pc, #16]	; (802408c <BDCTorqueUpdata+0x88>)
 802407c:	f002 fa22 	bl	80264c4 <BDCpwm>
C:/Users/leonardo/Desktop/Code/Github/DawnBGC/Dawn/DawnGImbal/dawn_gimbal_system.c:247
}
 8024080:	bf00      	nop
 8024082:	bd80      	pop	{r7, pc}
 8024084:	20000424 	.word	0x20000424
 8024088:	200004d0 	.word	0x200004d0
 802408c:	2000057c 	.word	0x2000057c
 8024090:	20000000 	.word	0x20000000

08024094 <AngleRadsLimit>:
AngleRadsLimit():
C:/Users/leonardo/Desktop/Code/Github/DawnBGC/Dawn/DawnGImbal/dawn_gimbal_system.c:273
//         BLDCCali(&BLDCPitch);
//     }
// }

static float AngleRadsLimit(float AngleErr, float RadsRef, float MaxACC)
{
 8024094:	b580      	push	{r7, lr}
 8024096:	b086      	sub	sp, #24
 8024098:	af00      	add	r7, sp, #0
 802409a:	60f8      	str	r0, [r7, #12]
 802409c:	60b9      	str	r1, [r7, #8]
 802409e:	607a      	str	r2, [r7, #4]
C:/Users/leonardo/Desktop/Code/Github/DawnBGC/Dawn/DawnGImbal/dawn_gimbal_system.c:274
    float MaxRads = 0.0f;
 80240a0:	f04f 0300 	mov.w	r3, #0
 80240a4:	617b      	str	r3, [r7, #20]
C:/Users/leonardo/Desktop/Code/Github/DawnBGC/Dawn/DawnGImbal/dawn_gimbal_system.c:276

    if (AngleErr < 0.0f)
 80240a6:	f04f 0100 	mov.w	r1, #0
 80240aa:	68f8      	ldr	r0, [r7, #12]
 80240ac:	f7fc ff36 	bl	8020f1c <__aeabi_fcmplt>
 80240b0:	4603      	mov	r3, r0
 80240b2:	2b00      	cmp	r3, #0
 80240b4:	d003      	beq.n	80240be <AngleRadsLimit+0x2a>
C:/Users/leonardo/Desktop/Code/Github/DawnBGC/Dawn/DawnGImbal/dawn_gimbal_system.c:278
    {
        AngleErr = -AngleErr;
 80240b6:	68fb      	ldr	r3, [r7, #12]
 80240b8:	f083 4300 	eor.w	r3, r3, #2147483648	; 0x80000000
 80240bc:	60fb      	str	r3, [r7, #12]
C:/Users/leonardo/Desktop/Code/Github/DawnBGC/Dawn/DawnGImbal/dawn_gimbal_system.c:280
    }
    MaxRads = sqrtf(2.0f * AngleErr * MaxACC);
 80240be:	68fb      	ldr	r3, [r7, #12]
 80240c0:	4619      	mov	r1, r3
 80240c2:	4618      	mov	r0, r3
 80240c4:	f7fc fc84 	bl	80209d0 <__addsf3>
 80240c8:	4603      	mov	r3, r0
 80240ca:	6879      	ldr	r1, [r7, #4]
 80240cc:	4618      	mov	r0, r3
 80240ce:	f7fc fd87 	bl	8020be0 <__aeabi_fmul>
 80240d2:	4603      	mov	r3, r0
 80240d4:	4618      	mov	r0, r3
 80240d6:	f002 fea5 	bl	8026e24 <sqrtf>
 80240da:	6178      	str	r0, [r7, #20]
C:/Users/leonardo/Desktop/Code/Github/DawnBGC/Dawn/DawnGImbal/dawn_gimbal_system.c:282

    if (RadsRef > MaxRads)
 80240dc:	6979      	ldr	r1, [r7, #20]
 80240de:	68b8      	ldr	r0, [r7, #8]
 80240e0:	f7fc ff3a 	bl	8020f58 <__aeabi_fcmpgt>
 80240e4:	4603      	mov	r3, r0
 80240e6:	2b00      	cmp	r3, #0
 80240e8:	d002      	beq.n	80240f0 <AngleRadsLimit+0x5c>
C:/Users/leonardo/Desktop/Code/Github/DawnBGC/Dawn/DawnGImbal/dawn_gimbal_system.c:284
    {
        RadsRef = MaxRads;
 80240ea:	697b      	ldr	r3, [r7, #20]
 80240ec:	60bb      	str	r3, [r7, #8]
 80240ee:	e00d      	b.n	802410c <AngleRadsLimit+0x78>
C:/Users/leonardo/Desktop/Code/Github/DawnBGC/Dawn/DawnGImbal/dawn_gimbal_system.c:286
    }
    else if (RadsRef < -MaxRads)
 80240f0:	697b      	ldr	r3, [r7, #20]
 80240f2:	f083 4300 	eor.w	r3, r3, #2147483648	; 0x80000000
 80240f6:	4619      	mov	r1, r3
 80240f8:	68b8      	ldr	r0, [r7, #8]
 80240fa:	f7fc ff0f 	bl	8020f1c <__aeabi_fcmplt>
 80240fe:	4603      	mov	r3, r0
 8024100:	2b00      	cmp	r3, #0
 8024102:	d003      	beq.n	802410c <AngleRadsLimit+0x78>
C:/Users/leonardo/Desktop/Code/Github/DawnBGC/Dawn/DawnGImbal/dawn_gimbal_system.c:288
    {
        RadsRef = -MaxRads;
 8024104:	697b      	ldr	r3, [r7, #20]
 8024106:	f083 4300 	eor.w	r3, r3, #2147483648	; 0x80000000
 802410a:	60bb      	str	r3, [r7, #8]
C:/Users/leonardo/Desktop/Code/Github/DawnBGC/Dawn/DawnGImbal/dawn_gimbal_system.c:291
    }

    return RadsRef;
 802410c:	68bb      	ldr	r3, [r7, #8]
C:/Users/leonardo/Desktop/Code/Github/DawnBGC/Dawn/DawnGImbal/dawn_gimbal_system.c:292
}
 802410e:	4618      	mov	r0, r3
 8024110:	3718      	adds	r7, #24
 8024112:	46bd      	mov	sp, r7
 8024114:	bd80      	pop	{r7, pc}
	...

08024118 <ACC2Euler>:
ACC2Euler():
C:/Users/leonardo/Desktop/Code/Github/DawnBGC/Dawn/DawnGImbal/dawn_gimbal_math.c:27


#include "includes.h"

void ACC2Euler(CartesianUnion *a, EulerStruct *e)
{
 8024118:	b590      	push	{r4, r7, lr}
 802411a:	b087      	sub	sp, #28
 802411c:	af00      	add	r7, sp, #0
 802411e:	6078      	str	r0, [r7, #4]
 8024120:	6039      	str	r1, [r7, #0]
C:/Users/leonardo/Desktop/Code/Github/DawnBGC/Dawn/DawnGImbal/dawn_gimbal_math.c:28
    float NormDiv = 0.0f;
 8024122:	f04f 0300 	mov.w	r3, #0
 8024126:	617b      	str	r3, [r7, #20]
C:/Users/leonardo/Desktop/Code/Github/DawnBGC/Dawn/DawnGImbal/dawn_gimbal_math.c:29
    float ax = 0.0f, ay = 0.0f, az = 0.0f;
 8024128:	f04f 0300 	mov.w	r3, #0
 802412c:	613b      	str	r3, [r7, #16]
 802412e:	f04f 0300 	mov.w	r3, #0
 8024132:	60fb      	str	r3, [r7, #12]
 8024134:	f04f 0300 	mov.w	r3, #0
 8024138:	60bb      	str	r3, [r7, #8]
C:/Users/leonardo/Desktop/Code/Github/DawnBGC/Dawn/DawnGImbal/dawn_gimbal_math.c:32
    
    
    NormDiv = 1.0f / sqrtf((a->Data.X) * (a->Data.X) + (a->Data.Y) * (a->Data.Y) + (a->Data.Z) * (a->Data.Z));
 802413a:	687b      	ldr	r3, [r7, #4]
 802413c:	681a      	ldr	r2, [r3, #0]
 802413e:	687b      	ldr	r3, [r7, #4]
 8024140:	681b      	ldr	r3, [r3, #0]
 8024142:	4619      	mov	r1, r3
 8024144:	4610      	mov	r0, r2
 8024146:	f7fc fd4b 	bl	8020be0 <__aeabi_fmul>
 802414a:	4603      	mov	r3, r0
 802414c:	461c      	mov	r4, r3
 802414e:	687b      	ldr	r3, [r7, #4]
 8024150:	685a      	ldr	r2, [r3, #4]
 8024152:	687b      	ldr	r3, [r7, #4]
 8024154:	685b      	ldr	r3, [r3, #4]
 8024156:	4619      	mov	r1, r3
 8024158:	4610      	mov	r0, r2
 802415a:	f7fc fd41 	bl	8020be0 <__aeabi_fmul>
 802415e:	4603      	mov	r3, r0
 8024160:	4619      	mov	r1, r3
 8024162:	4620      	mov	r0, r4
 8024164:	f7fc fc34 	bl	80209d0 <__addsf3>
 8024168:	4603      	mov	r3, r0
 802416a:	461c      	mov	r4, r3
 802416c:	687b      	ldr	r3, [r7, #4]
 802416e:	689a      	ldr	r2, [r3, #8]
 8024170:	687b      	ldr	r3, [r7, #4]
 8024172:	689b      	ldr	r3, [r3, #8]
 8024174:	4619      	mov	r1, r3
 8024176:	4610      	mov	r0, r2
 8024178:	f7fc fd32 	bl	8020be0 <__aeabi_fmul>
 802417c:	4603      	mov	r3, r0
 802417e:	4619      	mov	r1, r3
 8024180:	4620      	mov	r0, r4
 8024182:	f7fc fc25 	bl	80209d0 <__addsf3>
 8024186:	4603      	mov	r3, r0
 8024188:	4618      	mov	r0, r3
 802418a:	f002 fe4b 	bl	8026e24 <sqrtf>
 802418e:	4603      	mov	r3, r0
 8024190:	4619      	mov	r1, r3
 8024192:	f04f 507e 	mov.w	r0, #1065353216	; 0x3f800000
 8024196:	f7fc fdd7 	bl	8020d48 <__aeabi_fdiv>
 802419a:	4603      	mov	r3, r0
 802419c:	617b      	str	r3, [r7, #20]
C:/Users/leonardo/Desktop/Code/Github/DawnBGC/Dawn/DawnGImbal/dawn_gimbal_math.c:33
    ax = (a->Data.X) * NormDiv;
 802419e:	687b      	ldr	r3, [r7, #4]
 80241a0:	681b      	ldr	r3, [r3, #0]
 80241a2:	4619      	mov	r1, r3
 80241a4:	6978      	ldr	r0, [r7, #20]
 80241a6:	f7fc fd1b 	bl	8020be0 <__aeabi_fmul>
 80241aa:	4603      	mov	r3, r0
 80241ac:	613b      	str	r3, [r7, #16]
C:/Users/leonardo/Desktop/Code/Github/DawnBGC/Dawn/DawnGImbal/dawn_gimbal_math.c:34
    ay = (a->Data.Y) * NormDiv;
 80241ae:	687b      	ldr	r3, [r7, #4]
 80241b0:	685b      	ldr	r3, [r3, #4]
 80241b2:	4619      	mov	r1, r3
 80241b4:	6978      	ldr	r0, [r7, #20]
 80241b6:	f7fc fd13 	bl	8020be0 <__aeabi_fmul>
 80241ba:	4603      	mov	r3, r0
 80241bc:	60fb      	str	r3, [r7, #12]
C:/Users/leonardo/Desktop/Code/Github/DawnBGC/Dawn/DawnGImbal/dawn_gimbal_math.c:35
    az = (a->Data.Z) * NormDiv;
 80241be:	687b      	ldr	r3, [r7, #4]
 80241c0:	689b      	ldr	r3, [r3, #8]
 80241c2:	4619      	mov	r1, r3
 80241c4:	6978      	ldr	r0, [r7, #20]
 80241c6:	f7fc fd0b 	bl	8020be0 <__aeabi_fmul>
 80241ca:	4603      	mov	r3, r0
 80241cc:	60bb      	str	r3, [r7, #8]
C:/Users/leonardo/Desktop/Code/Github/DawnBGC/Dawn/DawnGImbal/dawn_gimbal_math.c:38
    
    
    switch(e->Order)
 80241ce:	683b      	ldr	r3, [r7, #0]
 80241d0:	781b      	ldrb	r3, [r3, #0]
 80241d2:	2b00      	cmp	r3, #0
 80241d4:	d12e      	bne.n	8024234 <ACC2Euler+0x11c>
C:/Users/leonardo/Desktop/Code/Github/DawnBGC/Dawn/DawnGImbal/dawn_gimbal_math.c:42
    {
        case EULER_ORDER_ZXY:
            
            if(ay > 0.9999f)
 80241d6:	491b      	ldr	r1, [pc, #108]	; (8024244 <ACC2Euler+0x12c>)
 80241d8:	68f8      	ldr	r0, [r7, #12]
 80241da:	f7fc febd 	bl	8020f58 <__aeabi_fcmpgt>
 80241de:	4603      	mov	r3, r0
 80241e0:	2b00      	cmp	r3, #0
 80241e2:	d007      	beq.n	80241f4 <ACC2Euler+0xdc>
C:/Users/leonardo/Desktop/Code/Github/DawnBGC/Dawn/DawnGImbal/dawn_gimbal_math.c:44
            {
                e->Roll = PI * 0.5f;
 80241e4:	683b      	ldr	r3, [r7, #0]
 80241e6:	4a18      	ldr	r2, [pc, #96]	; (8024248 <ACC2Euler+0x130>)
 80241e8:	609a      	str	r2, [r3, #8]
C:/Users/leonardo/Desktop/Code/Github/DawnBGC/Dawn/DawnGImbal/dawn_gimbal_math.c:45
                e->Pitch = 0.0f;
 80241ea:	683b      	ldr	r3, [r7, #0]
 80241ec:	f04f 0200 	mov.w	r2, #0
 80241f0:	605a      	str	r2, [r3, #4]
C:/Users/leonardo/Desktop/Code/Github/DawnBGC/Dawn/DawnGImbal/dawn_gimbal_math.c:57
            else
            {
                e->Roll = asinf(ay);
                e->Pitch = atan2f(-ax, az);
            }
            break;
 80241f2:	e01e      	b.n	8024232 <ACC2Euler+0x11a>
C:/Users/leonardo/Desktop/Code/Github/DawnBGC/Dawn/DawnGImbal/dawn_gimbal_math.c:47
            else if(ay < -0.9999f)
 80241f4:	4915      	ldr	r1, [pc, #84]	; (802424c <ACC2Euler+0x134>)
 80241f6:	68f8      	ldr	r0, [r7, #12]
 80241f8:	f7fc fe90 	bl	8020f1c <__aeabi_fcmplt>
 80241fc:	4603      	mov	r3, r0
 80241fe:	2b00      	cmp	r3, #0
 8024200:	d007      	beq.n	8024212 <ACC2Euler+0xfa>
C:/Users/leonardo/Desktop/Code/Github/DawnBGC/Dawn/DawnGImbal/dawn_gimbal_math.c:49
                e->Roll = -PI * 0.5f;
 8024202:	683b      	ldr	r3, [r7, #0]
 8024204:	4a12      	ldr	r2, [pc, #72]	; (8024250 <ACC2Euler+0x138>)
 8024206:	609a      	str	r2, [r3, #8]
C:/Users/leonardo/Desktop/Code/Github/DawnBGC/Dawn/DawnGImbal/dawn_gimbal_math.c:50
                e->Pitch = 0.0f;
 8024208:	683b      	ldr	r3, [r7, #0]
 802420a:	f04f 0200 	mov.w	r2, #0
 802420e:	605a      	str	r2, [r3, #4]
C:/Users/leonardo/Desktop/Code/Github/DawnBGC/Dawn/DawnGImbal/dawn_gimbal_math.c:57
            break;
 8024210:	e00f      	b.n	8024232 <ACC2Euler+0x11a>
C:/Users/leonardo/Desktop/Code/Github/DawnBGC/Dawn/DawnGImbal/dawn_gimbal_math.c:54
                e->Roll = asinf(ay);
 8024212:	68f8      	ldr	r0, [r7, #12]
 8024214:	f002 fdb2 	bl	8026d7c <asinf>
 8024218:	4602      	mov	r2, r0
 802421a:	683b      	ldr	r3, [r7, #0]
 802421c:	609a      	str	r2, [r3, #8]
C:/Users/leonardo/Desktop/Code/Github/DawnBGC/Dawn/DawnGImbal/dawn_gimbal_math.c:55
                e->Pitch = atan2f(-ax, az);
 802421e:	693b      	ldr	r3, [r7, #16]
 8024220:	f083 4300 	eor.w	r3, r3, #2147483648	; 0x80000000
 8024224:	68b9      	ldr	r1, [r7, #8]
 8024226:	4618      	mov	r0, r3
 8024228:	f002 fdfa 	bl	8026e20 <atan2f>
 802422c:	4602      	mov	r2, r0
 802422e:	683b      	ldr	r3, [r7, #0]
 8024230:	605a      	str	r2, [r3, #4]
C:/Users/leonardo/Desktop/Code/Github/DawnBGC/Dawn/DawnGImbal/dawn_gimbal_math.c:57
            break;
 8024232:	bf00      	nop
C:/Users/leonardo/Desktop/Code/Github/DawnBGC/Dawn/DawnGImbal/dawn_gimbal_math.c:61
    }
    
    
    e->Yaw = 0.0f;
 8024234:	683b      	ldr	r3, [r7, #0]
 8024236:	f04f 0200 	mov.w	r2, #0
 802423a:	60da      	str	r2, [r3, #12]
C:/Users/leonardo/Desktop/Code/Github/DawnBGC/Dawn/DawnGImbal/dawn_gimbal_math.c:62
}
 802423c:	bf00      	nop
 802423e:	371c      	adds	r7, #28
 8024240:	46bd      	mov	sp, r7
 8024242:	bd90      	pop	{r4, r7, pc}
 8024244:	3f7ff972 	.word	0x3f7ff972
 8024248:	3fc90fdb 	.word	0x3fc90fdb
 802424c:	bf7ff972 	.word	0xbf7ff972
 8024250:	bfc90fdb 	.word	0xbfc90fdb

08024254 <Euler2Quat>:
Euler2Quat():
C:/Users/leonardo/Desktop/Code/Github/DawnBGC/Dawn/DawnGImbal/dawn_gimbal_math.c:65

void Euler2Quat(EulerStruct *e, QuaternionStruct *q)
{
 8024254:	b590      	push	{r4, r7, lr}
 8024256:	b08d      	sub	sp, #52	; 0x34
 8024258:	af00      	add	r7, sp, #0
 802425a:	6078      	str	r0, [r7, #4]
 802425c:	6039      	str	r1, [r7, #0]
C:/Users/leonardo/Desktop/Code/Github/DawnBGC/Dawn/DawnGImbal/dawn_gimbal_math.c:66
    float Pitch = 0.0f, Roll = 0.0f, Yaw = 0.0f;
 802425e:	f04f 0300 	mov.w	r3, #0
 8024262:	62fb      	str	r3, [r7, #44]	; 0x2c
 8024264:	f04f 0300 	mov.w	r3, #0
 8024268:	62bb      	str	r3, [r7, #40]	; 0x28
 802426a:	f04f 0300 	mov.w	r3, #0
 802426e:	627b      	str	r3, [r7, #36]	; 0x24
C:/Users/leonardo/Desktop/Code/Github/DawnBGC/Dawn/DawnGImbal/dawn_gimbal_math.c:67
    float sp = 0.0f, cp = 0.0f, sr = 0.0f, cr = 0.0f, sy = 0.0f, cy = 0.0f;
 8024270:	f04f 0300 	mov.w	r3, #0
 8024274:	623b      	str	r3, [r7, #32]
 8024276:	f04f 0300 	mov.w	r3, #0
 802427a:	61fb      	str	r3, [r7, #28]
 802427c:	f04f 0300 	mov.w	r3, #0
 8024280:	61bb      	str	r3, [r7, #24]
 8024282:	f04f 0300 	mov.w	r3, #0
 8024286:	617b      	str	r3, [r7, #20]
 8024288:	f04f 0300 	mov.w	r3, #0
 802428c:	613b      	str	r3, [r7, #16]
 802428e:	f04f 0300 	mov.w	r3, #0
 8024292:	60fb      	str	r3, [r7, #12]
C:/Users/leonardo/Desktop/Code/Github/DawnBGC/Dawn/DawnGImbal/dawn_gimbal_math.c:69

    Pitch = (e->Pitch) * 0.5f;
 8024294:	687b      	ldr	r3, [r7, #4]
 8024296:	685b      	ldr	r3, [r3, #4]
 8024298:	f04f 517c 	mov.w	r1, #1056964608	; 0x3f000000
 802429c:	4618      	mov	r0, r3
 802429e:	f7fc fc9f 	bl	8020be0 <__aeabi_fmul>
 80242a2:	4603      	mov	r3, r0
 80242a4:	62fb      	str	r3, [r7, #44]	; 0x2c
C:/Users/leonardo/Desktop/Code/Github/DawnBGC/Dawn/DawnGImbal/dawn_gimbal_math.c:70
    Roll = (e->Roll) * 0.5f;
 80242a6:	687b      	ldr	r3, [r7, #4]
 80242a8:	689b      	ldr	r3, [r3, #8]
 80242aa:	f04f 517c 	mov.w	r1, #1056964608	; 0x3f000000
 80242ae:	4618      	mov	r0, r3
 80242b0:	f7fc fc96 	bl	8020be0 <__aeabi_fmul>
 80242b4:	4603      	mov	r3, r0
 80242b6:	62bb      	str	r3, [r7, #40]	; 0x28
C:/Users/leonardo/Desktop/Code/Github/DawnBGC/Dawn/DawnGImbal/dawn_gimbal_math.c:71
    Yaw = (e->Yaw) * 0.5f;
 80242b8:	687b      	ldr	r3, [r7, #4]
 80242ba:	68db      	ldr	r3, [r3, #12]
 80242bc:	f04f 517c 	mov.w	r1, #1056964608	; 0x3f000000
 80242c0:	4618      	mov	r0, r3
 80242c2:	f7fc fc8d 	bl	8020be0 <__aeabi_fmul>
 80242c6:	4603      	mov	r3, r0
 80242c8:	627b      	str	r3, [r7, #36]	; 0x24
C:/Users/leonardo/Desktop/Code/Github/DawnBGC/Dawn/DawnGImbal/dawn_gimbal_math.c:73
    
    sp = sinf(Pitch);
 80242ca:	6af8      	ldr	r0, [r7, #44]	; 0x2c
 80242cc:	f002 fd18 	bl	8026d00 <sinf>
 80242d0:	6238      	str	r0, [r7, #32]
C:/Users/leonardo/Desktop/Code/Github/DawnBGC/Dawn/DawnGImbal/dawn_gimbal_math.c:74
    cp = cosf(Pitch);
 80242d2:	6af8      	ldr	r0, [r7, #44]	; 0x2c
 80242d4:	f002 fcd8 	bl	8026c88 <cosf>
 80242d8:	61f8      	str	r0, [r7, #28]
C:/Users/leonardo/Desktop/Code/Github/DawnBGC/Dawn/DawnGImbal/dawn_gimbal_math.c:75
    sr = sinf(Roll);
 80242da:	6ab8      	ldr	r0, [r7, #40]	; 0x28
 80242dc:	f002 fd10 	bl	8026d00 <sinf>
 80242e0:	61b8      	str	r0, [r7, #24]
C:/Users/leonardo/Desktop/Code/Github/DawnBGC/Dawn/DawnGImbal/dawn_gimbal_math.c:76
    cr = cosf(Roll);
 80242e2:	6ab8      	ldr	r0, [r7, #40]	; 0x28
 80242e4:	f002 fcd0 	bl	8026c88 <cosf>
 80242e8:	6178      	str	r0, [r7, #20]
C:/Users/leonardo/Desktop/Code/Github/DawnBGC/Dawn/DawnGImbal/dawn_gimbal_math.c:77
    sy = sinf(Yaw);
 80242ea:	6a78      	ldr	r0, [r7, #36]	; 0x24
 80242ec:	f002 fd08 	bl	8026d00 <sinf>
 80242f0:	6138      	str	r0, [r7, #16]
C:/Users/leonardo/Desktop/Code/Github/DawnBGC/Dawn/DawnGImbal/dawn_gimbal_math.c:78
    cy = cosf(Yaw);
 80242f2:	6a78      	ldr	r0, [r7, #36]	; 0x24
 80242f4:	f002 fcc8 	bl	8026c88 <cosf>
 80242f8:	60f8      	str	r0, [r7, #12]
C:/Users/leonardo/Desktop/Code/Github/DawnBGC/Dawn/DawnGImbal/dawn_gimbal_math.c:80
    
    switch(e->Order)
 80242fa:	687b      	ldr	r3, [r7, #4]
 80242fc:	781b      	ldrb	r3, [r3, #0]
 80242fe:	2b00      	cmp	r3, #0
 8024300:	d174      	bne.n	80243ec <Euler2Quat+0x198>
C:/Users/leonardo/Desktop/Code/Github/DawnBGC/Dawn/DawnGImbal/dawn_gimbal_math.c:83
    {
        case EULER_ORDER_ZXY:
            q->q0 = cp * cr * cy - sp * sr * sy;
 8024302:	6979      	ldr	r1, [r7, #20]
 8024304:	69f8      	ldr	r0, [r7, #28]
 8024306:	f7fc fc6b 	bl	8020be0 <__aeabi_fmul>
 802430a:	4603      	mov	r3, r0
 802430c:	68f9      	ldr	r1, [r7, #12]
 802430e:	4618      	mov	r0, r3
 8024310:	f7fc fc66 	bl	8020be0 <__aeabi_fmul>
 8024314:	4603      	mov	r3, r0
 8024316:	461c      	mov	r4, r3
 8024318:	69b9      	ldr	r1, [r7, #24]
 802431a:	6a38      	ldr	r0, [r7, #32]
 802431c:	f7fc fc60 	bl	8020be0 <__aeabi_fmul>
 8024320:	4603      	mov	r3, r0
 8024322:	6939      	ldr	r1, [r7, #16]
 8024324:	4618      	mov	r0, r3
 8024326:	f7fc fc5b 	bl	8020be0 <__aeabi_fmul>
 802432a:	4603      	mov	r3, r0
 802432c:	4619      	mov	r1, r3
 802432e:	4620      	mov	r0, r4
 8024330:	f7fc fb4c 	bl	80209cc <__aeabi_fsub>
 8024334:	4603      	mov	r3, r0
 8024336:	461a      	mov	r2, r3
 8024338:	683b      	ldr	r3, [r7, #0]
 802433a:	601a      	str	r2, [r3, #0]
C:/Users/leonardo/Desktop/Code/Github/DawnBGC/Dawn/DawnGImbal/dawn_gimbal_math.c:84
            q->q1 = cp * sr * cy - cr * sp * sy;
 802433c:	69b9      	ldr	r1, [r7, #24]
 802433e:	69f8      	ldr	r0, [r7, #28]
 8024340:	f7fc fc4e 	bl	8020be0 <__aeabi_fmul>
 8024344:	4603      	mov	r3, r0
 8024346:	68f9      	ldr	r1, [r7, #12]
 8024348:	4618      	mov	r0, r3
 802434a:	f7fc fc49 	bl	8020be0 <__aeabi_fmul>
 802434e:	4603      	mov	r3, r0
 8024350:	461c      	mov	r4, r3
 8024352:	6a39      	ldr	r1, [r7, #32]
 8024354:	6978      	ldr	r0, [r7, #20]
 8024356:	f7fc fc43 	bl	8020be0 <__aeabi_fmul>
 802435a:	4603      	mov	r3, r0
 802435c:	6939      	ldr	r1, [r7, #16]
 802435e:	4618      	mov	r0, r3
 8024360:	f7fc fc3e 	bl	8020be0 <__aeabi_fmul>
 8024364:	4603      	mov	r3, r0
 8024366:	4619      	mov	r1, r3
 8024368:	4620      	mov	r0, r4
 802436a:	f7fc fb2f 	bl	80209cc <__aeabi_fsub>
 802436e:	4603      	mov	r3, r0
 8024370:	461a      	mov	r2, r3
 8024372:	683b      	ldr	r3, [r7, #0]
 8024374:	605a      	str	r2, [r3, #4]
C:/Users/leonardo/Desktop/Code/Github/DawnBGC/Dawn/DawnGImbal/dawn_gimbal_math.c:85
            q->q2 = cr * sp * cy + cp * sr * sy;
 8024376:	6a39      	ldr	r1, [r7, #32]
 8024378:	6978      	ldr	r0, [r7, #20]
 802437a:	f7fc fc31 	bl	8020be0 <__aeabi_fmul>
 802437e:	4603      	mov	r3, r0
 8024380:	68f9      	ldr	r1, [r7, #12]
 8024382:	4618      	mov	r0, r3
 8024384:	f7fc fc2c 	bl	8020be0 <__aeabi_fmul>
 8024388:	4603      	mov	r3, r0
 802438a:	461c      	mov	r4, r3
 802438c:	69b9      	ldr	r1, [r7, #24]
 802438e:	69f8      	ldr	r0, [r7, #28]
 8024390:	f7fc fc26 	bl	8020be0 <__aeabi_fmul>
 8024394:	4603      	mov	r3, r0
 8024396:	6939      	ldr	r1, [r7, #16]
 8024398:	4618      	mov	r0, r3
 802439a:	f7fc fc21 	bl	8020be0 <__aeabi_fmul>
 802439e:	4603      	mov	r3, r0
 80243a0:	4619      	mov	r1, r3
 80243a2:	4620      	mov	r0, r4
 80243a4:	f7fc fb14 	bl	80209d0 <__addsf3>
 80243a8:	4603      	mov	r3, r0
 80243aa:	461a      	mov	r2, r3
 80243ac:	683b      	ldr	r3, [r7, #0]
 80243ae:	609a      	str	r2, [r3, #8]
C:/Users/leonardo/Desktop/Code/Github/DawnBGC/Dawn/DawnGImbal/dawn_gimbal_math.c:86
            q->q3 = cp * cr * sy + sp * sr * cy;
 80243b0:	6979      	ldr	r1, [r7, #20]
 80243b2:	69f8      	ldr	r0, [r7, #28]
 80243b4:	f7fc fc14 	bl	8020be0 <__aeabi_fmul>
 80243b8:	4603      	mov	r3, r0
 80243ba:	6939      	ldr	r1, [r7, #16]
 80243bc:	4618      	mov	r0, r3
 80243be:	f7fc fc0f 	bl	8020be0 <__aeabi_fmul>
 80243c2:	4603      	mov	r3, r0
 80243c4:	461c      	mov	r4, r3
 80243c6:	69b9      	ldr	r1, [r7, #24]
 80243c8:	6a38      	ldr	r0, [r7, #32]
 80243ca:	f7fc fc09 	bl	8020be0 <__aeabi_fmul>
 80243ce:	4603      	mov	r3, r0
 80243d0:	68f9      	ldr	r1, [r7, #12]
 80243d2:	4618      	mov	r0, r3
 80243d4:	f7fc fc04 	bl	8020be0 <__aeabi_fmul>
 80243d8:	4603      	mov	r3, r0
 80243da:	4619      	mov	r1, r3
 80243dc:	4620      	mov	r0, r4
 80243de:	f7fc faf7 	bl	80209d0 <__addsf3>
 80243e2:	4603      	mov	r3, r0
 80243e4:	461a      	mov	r2, r3
 80243e6:	683b      	ldr	r3, [r7, #0]
 80243e8:	60da      	str	r2, [r3, #12]
C:/Users/leonardo/Desktop/Code/Github/DawnBGC/Dawn/DawnGImbal/dawn_gimbal_math.c:87
            break;
 80243ea:	e000      	b.n	80243ee <Euler2Quat+0x19a>
C:/Users/leonardo/Desktop/Code/Github/DawnBGC/Dawn/DawnGImbal/dawn_gimbal_math.c:90
        
        default:
            break;
 80243ec:	bf00      	nop
C:/Users/leonardo/Desktop/Code/Github/DawnBGC/Dawn/DawnGImbal/dawn_gimbal_math.c:92
    }
}
 80243ee:	bf00      	nop
 80243f0:	3734      	adds	r7, #52	; 0x34
 80243f2:	46bd      	mov	sp, r7
 80243f4:	bd90      	pop	{r4, r7, pc}

080243f6 <Euler2DCM>:
Euler2DCM():
C:/Users/leonardo/Desktop/Code/Github/DawnBGC/Dawn/DawnGImbal/dawn_gimbal_math.c:95

void Euler2DCM(EulerStruct *e, Matrix3X3Union *DCM )
{
 80243f6:	b590      	push	{r4, r7, lr}
 80243f8:	b089      	sub	sp, #36	; 0x24
 80243fa:	af00      	add	r7, sp, #0
 80243fc:	6078      	str	r0, [r7, #4]
 80243fe:	6039      	str	r1, [r7, #0]
C:/Users/leonardo/Desktop/Code/Github/DawnBGC/Dawn/DawnGImbal/dawn_gimbal_math.c:96
    float sp = 0.0f, cp = 0.0f, sr = 0.0f, cr = 0.0f, sy = 0.0f, cy = 0.0f;
 8024400:	f04f 0300 	mov.w	r3, #0
 8024404:	61fb      	str	r3, [r7, #28]
 8024406:	f04f 0300 	mov.w	r3, #0
 802440a:	61bb      	str	r3, [r7, #24]
 802440c:	f04f 0300 	mov.w	r3, #0
 8024410:	617b      	str	r3, [r7, #20]
 8024412:	f04f 0300 	mov.w	r3, #0
 8024416:	613b      	str	r3, [r7, #16]
 8024418:	f04f 0300 	mov.w	r3, #0
 802441c:	60fb      	str	r3, [r7, #12]
 802441e:	f04f 0300 	mov.w	r3, #0
 8024422:	60bb      	str	r3, [r7, #8]
C:/Users/leonardo/Desktop/Code/Github/DawnBGC/Dawn/DawnGImbal/dawn_gimbal_math.c:98

    sp = sinf(e->Pitch);
 8024424:	687b      	ldr	r3, [r7, #4]
 8024426:	685b      	ldr	r3, [r3, #4]
 8024428:	4618      	mov	r0, r3
 802442a:	f002 fc69 	bl	8026d00 <sinf>
 802442e:	61f8      	str	r0, [r7, #28]
C:/Users/leonardo/Desktop/Code/Github/DawnBGC/Dawn/DawnGImbal/dawn_gimbal_math.c:99
    cp = cosf(e->Pitch);
 8024430:	687b      	ldr	r3, [r7, #4]
 8024432:	685b      	ldr	r3, [r3, #4]
 8024434:	4618      	mov	r0, r3
 8024436:	f002 fc27 	bl	8026c88 <cosf>
 802443a:	61b8      	str	r0, [r7, #24]
C:/Users/leonardo/Desktop/Code/Github/DawnBGC/Dawn/DawnGImbal/dawn_gimbal_math.c:100
    sr = sinf(e->Roll);
 802443c:	687b      	ldr	r3, [r7, #4]
 802443e:	689b      	ldr	r3, [r3, #8]
 8024440:	4618      	mov	r0, r3
 8024442:	f002 fc5d 	bl	8026d00 <sinf>
 8024446:	6178      	str	r0, [r7, #20]
C:/Users/leonardo/Desktop/Code/Github/DawnBGC/Dawn/DawnGImbal/dawn_gimbal_math.c:101
    cr = cosf(e->Roll);
 8024448:	687b      	ldr	r3, [r7, #4]
 802444a:	689b      	ldr	r3, [r3, #8]
 802444c:	4618      	mov	r0, r3
 802444e:	f002 fc1b 	bl	8026c88 <cosf>
 8024452:	6138      	str	r0, [r7, #16]
C:/Users/leonardo/Desktop/Code/Github/DawnBGC/Dawn/DawnGImbal/dawn_gimbal_math.c:102
    sy = sinf(e->Yaw);
 8024454:	687b      	ldr	r3, [r7, #4]
 8024456:	68db      	ldr	r3, [r3, #12]
 8024458:	4618      	mov	r0, r3
 802445a:	f002 fc51 	bl	8026d00 <sinf>
 802445e:	60f8      	str	r0, [r7, #12]
C:/Users/leonardo/Desktop/Code/Github/DawnBGC/Dawn/DawnGImbal/dawn_gimbal_math.c:103
    cy = cosf(e->Yaw);
 8024460:	687b      	ldr	r3, [r7, #4]
 8024462:	68db      	ldr	r3, [r3, #12]
 8024464:	4618      	mov	r0, r3
 8024466:	f002 fc0f 	bl	8026c88 <cosf>
 802446a:	60b8      	str	r0, [r7, #8]
C:/Users/leonardo/Desktop/Code/Github/DawnBGC/Dawn/DawnGImbal/dawn_gimbal_math.c:105
    
    switch(e->Order)
 802446c:	687b      	ldr	r3, [r7, #4]
 802446e:	781b      	ldrb	r3, [r3, #0]
 8024470:	2b00      	cmp	r3, #0
 8024472:	f040 808a 	bne.w	802458a <Euler2DCM+0x194>
C:/Users/leonardo/Desktop/Code/Github/DawnBGC/Dawn/DawnGImbal/dawn_gimbal_math.c:109
    {
        case EULER_ORDER_ZXY:
            
            DCM ->Data.A00 = cp * cy - sp * sr * sy;
 8024476:	68b9      	ldr	r1, [r7, #8]
 8024478:	69b8      	ldr	r0, [r7, #24]
 802447a:	f7fc fbb1 	bl	8020be0 <__aeabi_fmul>
 802447e:	4603      	mov	r3, r0
 8024480:	461c      	mov	r4, r3
 8024482:	6979      	ldr	r1, [r7, #20]
 8024484:	69f8      	ldr	r0, [r7, #28]
 8024486:	f7fc fbab 	bl	8020be0 <__aeabi_fmul>
 802448a:	4603      	mov	r3, r0
 802448c:	68f9      	ldr	r1, [r7, #12]
 802448e:	4618      	mov	r0, r3
 8024490:	f7fc fba6 	bl	8020be0 <__aeabi_fmul>
 8024494:	4603      	mov	r3, r0
 8024496:	4619      	mov	r1, r3
 8024498:	4620      	mov	r0, r4
 802449a:	f7fc fa97 	bl	80209cc <__aeabi_fsub>
 802449e:	4603      	mov	r3, r0
 80244a0:	461a      	mov	r2, r3
 80244a2:	683b      	ldr	r3, [r7, #0]
 80244a4:	601a      	str	r2, [r3, #0]
C:/Users/leonardo/Desktop/Code/Github/DawnBGC/Dawn/DawnGImbal/dawn_gimbal_math.c:110
            DCM ->Data.A01 = cp * sy + cy * sp * sr;
 80244a6:	68f9      	ldr	r1, [r7, #12]
 80244a8:	69b8      	ldr	r0, [r7, #24]
 80244aa:	f7fc fb99 	bl	8020be0 <__aeabi_fmul>
 80244ae:	4603      	mov	r3, r0
 80244b0:	461c      	mov	r4, r3
 80244b2:	69f9      	ldr	r1, [r7, #28]
 80244b4:	68b8      	ldr	r0, [r7, #8]
 80244b6:	f7fc fb93 	bl	8020be0 <__aeabi_fmul>
 80244ba:	4603      	mov	r3, r0
 80244bc:	6979      	ldr	r1, [r7, #20]
 80244be:	4618      	mov	r0, r3
 80244c0:	f7fc fb8e 	bl	8020be0 <__aeabi_fmul>
 80244c4:	4603      	mov	r3, r0
 80244c6:	4619      	mov	r1, r3
 80244c8:	4620      	mov	r0, r4
 80244ca:	f7fc fa81 	bl	80209d0 <__addsf3>
 80244ce:	4603      	mov	r3, r0
 80244d0:	461a      	mov	r2, r3
 80244d2:	683b      	ldr	r3, [r7, #0]
 80244d4:	605a      	str	r2, [r3, #4]
C:/Users/leonardo/Desktop/Code/Github/DawnBGC/Dawn/DawnGImbal/dawn_gimbal_math.c:111
            DCM ->Data.A02 = -cr * sp;
 80244d6:	693b      	ldr	r3, [r7, #16]
 80244d8:	f083 4300 	eor.w	r3, r3, #2147483648	; 0x80000000
 80244dc:	69f9      	ldr	r1, [r7, #28]
 80244de:	4618      	mov	r0, r3
 80244e0:	f7fc fb7e 	bl	8020be0 <__aeabi_fmul>
 80244e4:	4603      	mov	r3, r0
 80244e6:	461a      	mov	r2, r3
 80244e8:	683b      	ldr	r3, [r7, #0]
 80244ea:	609a      	str	r2, [r3, #8]
C:/Users/leonardo/Desktop/Code/Github/DawnBGC/Dawn/DawnGImbal/dawn_gimbal_math.c:114
        
            
            DCM ->Data.A10 = -cr * sy;
 80244ec:	693b      	ldr	r3, [r7, #16]
 80244ee:	f083 4300 	eor.w	r3, r3, #2147483648	; 0x80000000
 80244f2:	68f9      	ldr	r1, [r7, #12]
 80244f4:	4618      	mov	r0, r3
 80244f6:	f7fc fb73 	bl	8020be0 <__aeabi_fmul>
 80244fa:	4603      	mov	r3, r0
 80244fc:	461a      	mov	r2, r3
 80244fe:	683b      	ldr	r3, [r7, #0]
 8024500:	60da      	str	r2, [r3, #12]
C:/Users/leonardo/Desktop/Code/Github/DawnBGC/Dawn/DawnGImbal/dawn_gimbal_math.c:115
            DCM ->Data.A11 = cr * cy;
 8024502:	68b9      	ldr	r1, [r7, #8]
 8024504:	6938      	ldr	r0, [r7, #16]
 8024506:	f7fc fb6b 	bl	8020be0 <__aeabi_fmul>
 802450a:	4603      	mov	r3, r0
 802450c:	461a      	mov	r2, r3
 802450e:	683b      	ldr	r3, [r7, #0]
 8024510:	611a      	str	r2, [r3, #16]
C:/Users/leonardo/Desktop/Code/Github/DawnBGC/Dawn/DawnGImbal/dawn_gimbal_math.c:116
            DCM ->Data.A12 = sr;
 8024512:	683b      	ldr	r3, [r7, #0]
 8024514:	697a      	ldr	r2, [r7, #20]
 8024516:	615a      	str	r2, [r3, #20]
C:/Users/leonardo/Desktop/Code/Github/DawnBGC/Dawn/DawnGImbal/dawn_gimbal_math.c:119
        
            
            DCM ->Data.A20 = cy * sp + cp * sr * sy;
 8024518:	69f9      	ldr	r1, [r7, #28]
 802451a:	68b8      	ldr	r0, [r7, #8]
 802451c:	f7fc fb60 	bl	8020be0 <__aeabi_fmul>
 8024520:	4603      	mov	r3, r0
 8024522:	461c      	mov	r4, r3
 8024524:	6979      	ldr	r1, [r7, #20]
 8024526:	69b8      	ldr	r0, [r7, #24]
 8024528:	f7fc fb5a 	bl	8020be0 <__aeabi_fmul>
 802452c:	4603      	mov	r3, r0
 802452e:	68f9      	ldr	r1, [r7, #12]
 8024530:	4618      	mov	r0, r3
 8024532:	f7fc fb55 	bl	8020be0 <__aeabi_fmul>
 8024536:	4603      	mov	r3, r0
 8024538:	4619      	mov	r1, r3
 802453a:	4620      	mov	r0, r4
 802453c:	f7fc fa48 	bl	80209d0 <__addsf3>
 8024540:	4603      	mov	r3, r0
 8024542:	461a      	mov	r2, r3
 8024544:	683b      	ldr	r3, [r7, #0]
 8024546:	619a      	str	r2, [r3, #24]
C:/Users/leonardo/Desktop/Code/Github/DawnBGC/Dawn/DawnGImbal/dawn_gimbal_math.c:120
            DCM ->Data.A21 = sp * sy - cp * cy * sr;
 8024548:	68f9      	ldr	r1, [r7, #12]
 802454a:	69f8      	ldr	r0, [r7, #28]
 802454c:	f7fc fb48 	bl	8020be0 <__aeabi_fmul>
 8024550:	4603      	mov	r3, r0
 8024552:	461c      	mov	r4, r3
 8024554:	68b9      	ldr	r1, [r7, #8]
 8024556:	69b8      	ldr	r0, [r7, #24]
 8024558:	f7fc fb42 	bl	8020be0 <__aeabi_fmul>
 802455c:	4603      	mov	r3, r0
 802455e:	6979      	ldr	r1, [r7, #20]
 8024560:	4618      	mov	r0, r3
 8024562:	f7fc fb3d 	bl	8020be0 <__aeabi_fmul>
 8024566:	4603      	mov	r3, r0
 8024568:	4619      	mov	r1, r3
 802456a:	4620      	mov	r0, r4
 802456c:	f7fc fa2e 	bl	80209cc <__aeabi_fsub>
 8024570:	4603      	mov	r3, r0
 8024572:	461a      	mov	r2, r3
 8024574:	683b      	ldr	r3, [r7, #0]
 8024576:	61da      	str	r2, [r3, #28]
C:/Users/leonardo/Desktop/Code/Github/DawnBGC/Dawn/DawnGImbal/dawn_gimbal_math.c:121
            DCM ->Data.A22 = cp * cr;
 8024578:	6939      	ldr	r1, [r7, #16]
 802457a:	69b8      	ldr	r0, [r7, #24]
 802457c:	f7fc fb30 	bl	8020be0 <__aeabi_fmul>
 8024580:	4603      	mov	r3, r0
 8024582:	461a      	mov	r2, r3
 8024584:	683b      	ldr	r3, [r7, #0]
 8024586:	621a      	str	r2, [r3, #32]
C:/Users/leonardo/Desktop/Code/Github/DawnBGC/Dawn/DawnGImbal/dawn_gimbal_math.c:122
            break;
 8024588:	e000      	b.n	802458c <Euler2DCM+0x196>
C:/Users/leonardo/Desktop/Code/Github/DawnBGC/Dawn/DawnGImbal/dawn_gimbal_math.c:125
        
        default:
            break;
 802458a:	bf00      	nop
C:/Users/leonardo/Desktop/Code/Github/DawnBGC/Dawn/DawnGImbal/dawn_gimbal_math.c:127
    }
}
 802458c:	bf00      	nop
 802458e:	3724      	adds	r7, #36	; 0x24
 8024590:	46bd      	mov	sp, r7
 8024592:	bd90      	pop	{r4, r7, pc}

08024594 <Quat2Euler>:
Quat2Euler():
C:/Users/leonardo/Desktop/Code/Github/DawnBGC/Dawn/DawnGImbal/dawn_gimbal_math.c:130
        
void Quat2Euler(QuaternionStruct *q, EulerStruct *e)
{
 8024594:	b590      	push	{r4, r7, lr}
 8024596:	b08d      	sub	sp, #52	; 0x34
 8024598:	af00      	add	r7, sp, #0
 802459a:	6078      	str	r0, [r7, #4]
 802459c:	6039      	str	r1, [r7, #0]
C:/Users/leonardo/Desktop/Code/Github/DawnBGC/Dawn/DawnGImbal/dawn_gimbal_math.c:131
    float A00 = 0.0f, A01 = 0.0f, A02 = 0.0f;
 802459e:	f04f 0300 	mov.w	r3, #0
 80245a2:	62fb      	str	r3, [r7, #44]	; 0x2c
 80245a4:	f04f 0300 	mov.w	r3, #0
 80245a8:	62bb      	str	r3, [r7, #40]	; 0x28
 80245aa:	f04f 0300 	mov.w	r3, #0
 80245ae:	627b      	str	r3, [r7, #36]	; 0x24
C:/Users/leonardo/Desktop/Code/Github/DawnBGC/Dawn/DawnGImbal/dawn_gimbal_math.c:132
    float A10 = 0.0f, A11 = 0.0f, A12 = 0.0f;
 80245b0:	f04f 0300 	mov.w	r3, #0
 80245b4:	623b      	str	r3, [r7, #32]
 80245b6:	f04f 0300 	mov.w	r3, #0
 80245ba:	61fb      	str	r3, [r7, #28]
 80245bc:	f04f 0300 	mov.w	r3, #0
 80245c0:	61bb      	str	r3, [r7, #24]
C:/Users/leonardo/Desktop/Code/Github/DawnBGC/Dawn/DawnGImbal/dawn_gimbal_math.c:133
    float A20 = 0.0f, A21 = 0.0f, A22 = 0.0f;
 80245c2:	f04f 0300 	mov.w	r3, #0
 80245c6:	617b      	str	r3, [r7, #20]
 80245c8:	f04f 0300 	mov.w	r3, #0
 80245cc:	613b      	str	r3, [r7, #16]
 80245ce:	f04f 0300 	mov.w	r3, #0
 80245d2:	60fb      	str	r3, [r7, #12]
C:/Users/leonardo/Desktop/Code/Github/DawnBGC/Dawn/DawnGImbal/dawn_gimbal_math.c:135
    
    switch(e->Order)
 80245d4:	683b      	ldr	r3, [r7, #0]
 80245d6:	781b      	ldrb	r3, [r3, #0]
 80245d8:	2b00      	cmp	r3, #0
 80245da:	f040 8145 	bne.w	8024868 <Quat2Euler+0x2d4>
C:/Users/leonardo/Desktop/Code/Github/DawnBGC/Dawn/DawnGImbal/dawn_gimbal_math.c:139
    {
        case EULER_ORDER_ZXY:
            
            A12 = 2.0f * ((q->q2) * (q->q3) + (q->q0) * (q->q1));
 80245de:	687b      	ldr	r3, [r7, #4]
 80245e0:	689a      	ldr	r2, [r3, #8]
 80245e2:	687b      	ldr	r3, [r7, #4]
 80245e4:	68db      	ldr	r3, [r3, #12]
 80245e6:	4619      	mov	r1, r3
 80245e8:	4610      	mov	r0, r2
 80245ea:	f7fc faf9 	bl	8020be0 <__aeabi_fmul>
 80245ee:	4603      	mov	r3, r0
 80245f0:	461c      	mov	r4, r3
 80245f2:	687b      	ldr	r3, [r7, #4]
 80245f4:	681a      	ldr	r2, [r3, #0]
 80245f6:	687b      	ldr	r3, [r7, #4]
 80245f8:	685b      	ldr	r3, [r3, #4]
 80245fa:	4619      	mov	r1, r3
 80245fc:	4610      	mov	r0, r2
 80245fe:	f7fc faef 	bl	8020be0 <__aeabi_fmul>
 8024602:	4603      	mov	r3, r0
 8024604:	4619      	mov	r1, r3
 8024606:	4620      	mov	r0, r4
 8024608:	f7fc f9e2 	bl	80209d0 <__addsf3>
 802460c:	4603      	mov	r3, r0
 802460e:	4619      	mov	r1, r3
 8024610:	4618      	mov	r0, r3
 8024612:	f7fc f9dd 	bl	80209d0 <__addsf3>
 8024616:	4603      	mov	r3, r0
 8024618:	61bb      	str	r3, [r7, #24]
C:/Users/leonardo/Desktop/Code/Github/DawnBGC/Dawn/DawnGImbal/dawn_gimbal_math.c:140
            if(A12 > 0.9999f)
 802461a:	4996      	ldr	r1, [pc, #600]	; (8024874 <Quat2Euler+0x2e0>)
 802461c:	69b8      	ldr	r0, [r7, #24]
 802461e:	f7fc fc9b 	bl	8020f58 <__aeabi_fcmpgt>
 8024622:	4603      	mov	r3, r0
 8024624:	2b00      	cmp	r3, #0
 8024626:	d046      	beq.n	80246b6 <Quat2Euler+0x122>
C:/Users/leonardo/Desktop/Code/Github/DawnBGC/Dawn/DawnGImbal/dawn_gimbal_math.c:142
            {
                A00 = 0.5f - ((q->q2) * (q->q2) + (q->q3) * (q->q3));
 8024628:	687b      	ldr	r3, [r7, #4]
 802462a:	689a      	ldr	r2, [r3, #8]
 802462c:	687b      	ldr	r3, [r7, #4]
 802462e:	689b      	ldr	r3, [r3, #8]
 8024630:	4619      	mov	r1, r3
 8024632:	4610      	mov	r0, r2
 8024634:	f7fc fad4 	bl	8020be0 <__aeabi_fmul>
 8024638:	4603      	mov	r3, r0
 802463a:	461c      	mov	r4, r3
 802463c:	687b      	ldr	r3, [r7, #4]
 802463e:	68da      	ldr	r2, [r3, #12]
 8024640:	687b      	ldr	r3, [r7, #4]
 8024642:	68db      	ldr	r3, [r3, #12]
 8024644:	4619      	mov	r1, r3
 8024646:	4610      	mov	r0, r2
 8024648:	f7fc faca 	bl	8020be0 <__aeabi_fmul>
 802464c:	4603      	mov	r3, r0
 802464e:	4619      	mov	r1, r3
 8024650:	4620      	mov	r0, r4
 8024652:	f7fc f9bd 	bl	80209d0 <__addsf3>
 8024656:	4603      	mov	r3, r0
 8024658:	4619      	mov	r1, r3
 802465a:	f04f 507c 	mov.w	r0, #1056964608	; 0x3f000000
 802465e:	f7fc f9b5 	bl	80209cc <__aeabi_fsub>
 8024662:	4603      	mov	r3, r0
 8024664:	62fb      	str	r3, [r7, #44]	; 0x2c
C:/Users/leonardo/Desktop/Code/Github/DawnBGC/Dawn/DawnGImbal/dawn_gimbal_math.c:143
                A01 = ((q->q1) * (q->q2) + (q->q0) * (q->q3));
 8024666:	687b      	ldr	r3, [r7, #4]
 8024668:	685a      	ldr	r2, [r3, #4]
 802466a:	687b      	ldr	r3, [r7, #4]
 802466c:	689b      	ldr	r3, [r3, #8]
 802466e:	4619      	mov	r1, r3
 8024670:	4610      	mov	r0, r2
 8024672:	f7fc fab5 	bl	8020be0 <__aeabi_fmul>
 8024676:	4603      	mov	r3, r0
 8024678:	461c      	mov	r4, r3
 802467a:	687b      	ldr	r3, [r7, #4]
 802467c:	681a      	ldr	r2, [r3, #0]
 802467e:	687b      	ldr	r3, [r7, #4]
 8024680:	68db      	ldr	r3, [r3, #12]
 8024682:	4619      	mov	r1, r3
 8024684:	4610      	mov	r0, r2
 8024686:	f7fc faab 	bl	8020be0 <__aeabi_fmul>
 802468a:	4603      	mov	r3, r0
 802468c:	4619      	mov	r1, r3
 802468e:	4620      	mov	r0, r4
 8024690:	f7fc f99e 	bl	80209d0 <__addsf3>
 8024694:	4603      	mov	r3, r0
 8024696:	62bb      	str	r3, [r7, #40]	; 0x28
C:/Users/leonardo/Desktop/Code/Github/DawnBGC/Dawn/DawnGImbal/dawn_gimbal_math.c:145
                
                e->Roll = PI * 0.5f;
 8024698:	683b      	ldr	r3, [r7, #0]
 802469a:	4a77      	ldr	r2, [pc, #476]	; (8024878 <Quat2Euler+0x2e4>)
 802469c:	609a      	str	r2, [r3, #8]
C:/Users/leonardo/Desktop/Code/Github/DawnBGC/Dawn/DawnGImbal/dawn_gimbal_math.c:146
                e->Pitch = 0.0f;
 802469e:	683b      	ldr	r3, [r7, #0]
 80246a0:	f04f 0200 	mov.w	r2, #0
 80246a4:	605a      	str	r2, [r3, #4]
C:/Users/leonardo/Desktop/Code/Github/DawnBGC/Dawn/DawnGImbal/dawn_gimbal_math.c:147
                e->Yaw = atan2f(A01, A00);
 80246a6:	6af9      	ldr	r1, [r7, #44]	; 0x2c
 80246a8:	6ab8      	ldr	r0, [r7, #40]	; 0x28
 80246aa:	f002 fbb9 	bl	8026e20 <atan2f>
 80246ae:	4602      	mov	r2, r0
 80246b0:	683b      	ldr	r3, [r7, #0]
 80246b2:	60da      	str	r2, [r3, #12]
C:/Users/leonardo/Desktop/Code/Github/DawnBGC/Dawn/DawnGImbal/dawn_gimbal_math.c:169
                
                e->Roll = asinf(A12);
                e->Pitch = atan2f(-A02, A22);
                e->Yaw = atan2f(-A10, A11);
            }
            break;
 80246b4:	e0d9      	b.n	802486a <Quat2Euler+0x2d6>
C:/Users/leonardo/Desktop/Code/Github/DawnBGC/Dawn/DawnGImbal/dawn_gimbal_math.c:149
            else if(A12 < -0.9999f)
 80246b6:	4971      	ldr	r1, [pc, #452]	; (802487c <Quat2Euler+0x2e8>)
 80246b8:	69b8      	ldr	r0, [r7, #24]
 80246ba:	f7fc fc2f 	bl	8020f1c <__aeabi_fcmplt>
 80246be:	4603      	mov	r3, r0
 80246c0:	2b00      	cmp	r3, #0
 80246c2:	d046      	beq.n	8024752 <Quat2Euler+0x1be>
C:/Users/leonardo/Desktop/Code/Github/DawnBGC/Dawn/DawnGImbal/dawn_gimbal_math.c:151
                A00 = 0.5f - ((q->q2) * (q->q2) + (q->q3) * (q->q3));
 80246c4:	687b      	ldr	r3, [r7, #4]
 80246c6:	689a      	ldr	r2, [r3, #8]
 80246c8:	687b      	ldr	r3, [r7, #4]
 80246ca:	689b      	ldr	r3, [r3, #8]
 80246cc:	4619      	mov	r1, r3
 80246ce:	4610      	mov	r0, r2
 80246d0:	f7fc fa86 	bl	8020be0 <__aeabi_fmul>
 80246d4:	4603      	mov	r3, r0
 80246d6:	461c      	mov	r4, r3
 80246d8:	687b      	ldr	r3, [r7, #4]
 80246da:	68da      	ldr	r2, [r3, #12]
 80246dc:	687b      	ldr	r3, [r7, #4]
 80246de:	68db      	ldr	r3, [r3, #12]
 80246e0:	4619      	mov	r1, r3
 80246e2:	4610      	mov	r0, r2
 80246e4:	f7fc fa7c 	bl	8020be0 <__aeabi_fmul>
 80246e8:	4603      	mov	r3, r0
 80246ea:	4619      	mov	r1, r3
 80246ec:	4620      	mov	r0, r4
 80246ee:	f7fc f96f 	bl	80209d0 <__addsf3>
 80246f2:	4603      	mov	r3, r0
 80246f4:	4619      	mov	r1, r3
 80246f6:	f04f 507c 	mov.w	r0, #1056964608	; 0x3f000000
 80246fa:	f7fc f967 	bl	80209cc <__aeabi_fsub>
 80246fe:	4603      	mov	r3, r0
 8024700:	62fb      	str	r3, [r7, #44]	; 0x2c
C:/Users/leonardo/Desktop/Code/Github/DawnBGC/Dawn/DawnGImbal/dawn_gimbal_math.c:152
                A01 = ((q->q1) * (q->q2) + (q->q0) * (q->q3));
 8024702:	687b      	ldr	r3, [r7, #4]
 8024704:	685a      	ldr	r2, [r3, #4]
 8024706:	687b      	ldr	r3, [r7, #4]
 8024708:	689b      	ldr	r3, [r3, #8]
 802470a:	4619      	mov	r1, r3
 802470c:	4610      	mov	r0, r2
 802470e:	f7fc fa67 	bl	8020be0 <__aeabi_fmul>
 8024712:	4603      	mov	r3, r0
 8024714:	461c      	mov	r4, r3
 8024716:	687b      	ldr	r3, [r7, #4]
 8024718:	681a      	ldr	r2, [r3, #0]
 802471a:	687b      	ldr	r3, [r7, #4]
 802471c:	68db      	ldr	r3, [r3, #12]
 802471e:	4619      	mov	r1, r3
 8024720:	4610      	mov	r0, r2
 8024722:	f7fc fa5d 	bl	8020be0 <__aeabi_fmul>
 8024726:	4603      	mov	r3, r0
 8024728:	4619      	mov	r1, r3
 802472a:	4620      	mov	r0, r4
 802472c:	f7fc f950 	bl	80209d0 <__addsf3>
 8024730:	4603      	mov	r3, r0
 8024732:	62bb      	str	r3, [r7, #40]	; 0x28
C:/Users/leonardo/Desktop/Code/Github/DawnBGC/Dawn/DawnGImbal/dawn_gimbal_math.c:154
                e->Roll = -PI * 0.5f;
 8024734:	683b      	ldr	r3, [r7, #0]
 8024736:	4a52      	ldr	r2, [pc, #328]	; (8024880 <Quat2Euler+0x2ec>)
 8024738:	609a      	str	r2, [r3, #8]
C:/Users/leonardo/Desktop/Code/Github/DawnBGC/Dawn/DawnGImbal/dawn_gimbal_math.c:155
                e->Pitch = 0.0f;
 802473a:	683b      	ldr	r3, [r7, #0]
 802473c:	f04f 0200 	mov.w	r2, #0
 8024740:	605a      	str	r2, [r3, #4]
C:/Users/leonardo/Desktop/Code/Github/DawnBGC/Dawn/DawnGImbal/dawn_gimbal_math.c:156
                e->Yaw = atan2f(A01, A00);
 8024742:	6af9      	ldr	r1, [r7, #44]	; 0x2c
 8024744:	6ab8      	ldr	r0, [r7, #40]	; 0x28
 8024746:	f002 fb6b 	bl	8026e20 <atan2f>
 802474a:	4602      	mov	r2, r0
 802474c:	683b      	ldr	r3, [r7, #0]
 802474e:	60da      	str	r2, [r3, #12]
C:/Users/leonardo/Desktop/Code/Github/DawnBGC/Dawn/DawnGImbal/dawn_gimbal_math.c:169
            break;
 8024750:	e08b      	b.n	802486a <Quat2Euler+0x2d6>
C:/Users/leonardo/Desktop/Code/Github/DawnBGC/Dawn/DawnGImbal/dawn_gimbal_math.c:160
                A02 = (q->q1) * (q->q3) - (q->q0) * (q->q2);
 8024752:	687b      	ldr	r3, [r7, #4]
 8024754:	685a      	ldr	r2, [r3, #4]
 8024756:	687b      	ldr	r3, [r7, #4]
 8024758:	68db      	ldr	r3, [r3, #12]
 802475a:	4619      	mov	r1, r3
 802475c:	4610      	mov	r0, r2
 802475e:	f7fc fa3f 	bl	8020be0 <__aeabi_fmul>
 8024762:	4603      	mov	r3, r0
 8024764:	461c      	mov	r4, r3
 8024766:	687b      	ldr	r3, [r7, #4]
 8024768:	681a      	ldr	r2, [r3, #0]
 802476a:	687b      	ldr	r3, [r7, #4]
 802476c:	689b      	ldr	r3, [r3, #8]
 802476e:	4619      	mov	r1, r3
 8024770:	4610      	mov	r0, r2
 8024772:	f7fc fa35 	bl	8020be0 <__aeabi_fmul>
 8024776:	4603      	mov	r3, r0
 8024778:	4619      	mov	r1, r3
 802477a:	4620      	mov	r0, r4
 802477c:	f7fc f926 	bl	80209cc <__aeabi_fsub>
 8024780:	4603      	mov	r3, r0
 8024782:	627b      	str	r3, [r7, #36]	; 0x24
C:/Users/leonardo/Desktop/Code/Github/DawnBGC/Dawn/DawnGImbal/dawn_gimbal_math.c:161
                A10 = (q->q1) * (q->q2) - (q->q0) * (q->q3);
 8024784:	687b      	ldr	r3, [r7, #4]
 8024786:	685a      	ldr	r2, [r3, #4]
 8024788:	687b      	ldr	r3, [r7, #4]
 802478a:	689b      	ldr	r3, [r3, #8]
 802478c:	4619      	mov	r1, r3
 802478e:	4610      	mov	r0, r2
 8024790:	f7fc fa26 	bl	8020be0 <__aeabi_fmul>
 8024794:	4603      	mov	r3, r0
 8024796:	461c      	mov	r4, r3
 8024798:	687b      	ldr	r3, [r7, #4]
 802479a:	681a      	ldr	r2, [r3, #0]
 802479c:	687b      	ldr	r3, [r7, #4]
 802479e:	68db      	ldr	r3, [r3, #12]
 80247a0:	4619      	mov	r1, r3
 80247a2:	4610      	mov	r0, r2
 80247a4:	f7fc fa1c 	bl	8020be0 <__aeabi_fmul>
 80247a8:	4603      	mov	r3, r0
 80247aa:	4619      	mov	r1, r3
 80247ac:	4620      	mov	r0, r4
 80247ae:	f7fc f90d 	bl	80209cc <__aeabi_fsub>
 80247b2:	4603      	mov	r3, r0
 80247b4:	623b      	str	r3, [r7, #32]
C:/Users/leonardo/Desktop/Code/Github/DawnBGC/Dawn/DawnGImbal/dawn_gimbal_math.c:162
                A11 = 0.5f - ((q->q1) * (q->q1) + (q->q3) * (q->q3));
 80247b6:	687b      	ldr	r3, [r7, #4]
 80247b8:	685a      	ldr	r2, [r3, #4]
 80247ba:	687b      	ldr	r3, [r7, #4]
 80247bc:	685b      	ldr	r3, [r3, #4]
 80247be:	4619      	mov	r1, r3
 80247c0:	4610      	mov	r0, r2
 80247c2:	f7fc fa0d 	bl	8020be0 <__aeabi_fmul>
 80247c6:	4603      	mov	r3, r0
 80247c8:	461c      	mov	r4, r3
 80247ca:	687b      	ldr	r3, [r7, #4]
 80247cc:	68da      	ldr	r2, [r3, #12]
 80247ce:	687b      	ldr	r3, [r7, #4]
 80247d0:	68db      	ldr	r3, [r3, #12]
 80247d2:	4619      	mov	r1, r3
 80247d4:	4610      	mov	r0, r2
 80247d6:	f7fc fa03 	bl	8020be0 <__aeabi_fmul>
 80247da:	4603      	mov	r3, r0
 80247dc:	4619      	mov	r1, r3
 80247de:	4620      	mov	r0, r4
 80247e0:	f7fc f8f6 	bl	80209d0 <__addsf3>
 80247e4:	4603      	mov	r3, r0
 80247e6:	4619      	mov	r1, r3
 80247e8:	f04f 507c 	mov.w	r0, #1056964608	; 0x3f000000
 80247ec:	f7fc f8ee 	bl	80209cc <__aeabi_fsub>
 80247f0:	4603      	mov	r3, r0
 80247f2:	61fb      	str	r3, [r7, #28]
C:/Users/leonardo/Desktop/Code/Github/DawnBGC/Dawn/DawnGImbal/dawn_gimbal_math.c:163
                A22 = 0.5f - ((q->q1) * (q->q1) + (q->q2) * (q->q2));
 80247f4:	687b      	ldr	r3, [r7, #4]
 80247f6:	685a      	ldr	r2, [r3, #4]
 80247f8:	687b      	ldr	r3, [r7, #4]
 80247fa:	685b      	ldr	r3, [r3, #4]
 80247fc:	4619      	mov	r1, r3
 80247fe:	4610      	mov	r0, r2
 8024800:	f7fc f9ee 	bl	8020be0 <__aeabi_fmul>
 8024804:	4603      	mov	r3, r0
 8024806:	461c      	mov	r4, r3
 8024808:	687b      	ldr	r3, [r7, #4]
 802480a:	689a      	ldr	r2, [r3, #8]
 802480c:	687b      	ldr	r3, [r7, #4]
 802480e:	689b      	ldr	r3, [r3, #8]
 8024810:	4619      	mov	r1, r3
 8024812:	4610      	mov	r0, r2
 8024814:	f7fc f9e4 	bl	8020be0 <__aeabi_fmul>
 8024818:	4603      	mov	r3, r0
 802481a:	4619      	mov	r1, r3
 802481c:	4620      	mov	r0, r4
 802481e:	f7fc f8d7 	bl	80209d0 <__addsf3>
 8024822:	4603      	mov	r3, r0
 8024824:	4619      	mov	r1, r3
 8024826:	f04f 507c 	mov.w	r0, #1056964608	; 0x3f000000
 802482a:	f7fc f8cf 	bl	80209cc <__aeabi_fsub>
 802482e:	4603      	mov	r3, r0
 8024830:	60fb      	str	r3, [r7, #12]
C:/Users/leonardo/Desktop/Code/Github/DawnBGC/Dawn/DawnGImbal/dawn_gimbal_math.c:165
                e->Roll = asinf(A12);
 8024832:	69b8      	ldr	r0, [r7, #24]
 8024834:	f002 faa2 	bl	8026d7c <asinf>
 8024838:	4602      	mov	r2, r0
 802483a:	683b      	ldr	r3, [r7, #0]
 802483c:	609a      	str	r2, [r3, #8]
C:/Users/leonardo/Desktop/Code/Github/DawnBGC/Dawn/DawnGImbal/dawn_gimbal_math.c:166
                e->Pitch = atan2f(-A02, A22);
 802483e:	6a7b      	ldr	r3, [r7, #36]	; 0x24
 8024840:	f083 4300 	eor.w	r3, r3, #2147483648	; 0x80000000
 8024844:	68f9      	ldr	r1, [r7, #12]
 8024846:	4618      	mov	r0, r3
 8024848:	f002 faea 	bl	8026e20 <atan2f>
 802484c:	4602      	mov	r2, r0
 802484e:	683b      	ldr	r3, [r7, #0]
 8024850:	605a      	str	r2, [r3, #4]
C:/Users/leonardo/Desktop/Code/Github/DawnBGC/Dawn/DawnGImbal/dawn_gimbal_math.c:167
                e->Yaw = atan2f(-A10, A11);
 8024852:	6a3b      	ldr	r3, [r7, #32]
 8024854:	f083 4300 	eor.w	r3, r3, #2147483648	; 0x80000000
 8024858:	69f9      	ldr	r1, [r7, #28]
 802485a:	4618      	mov	r0, r3
 802485c:	f002 fae0 	bl	8026e20 <atan2f>
 8024860:	4602      	mov	r2, r0
 8024862:	683b      	ldr	r3, [r7, #0]
 8024864:	60da      	str	r2, [r3, #12]
C:/Users/leonardo/Desktop/Code/Github/DawnBGC/Dawn/DawnGImbal/dawn_gimbal_math.c:169
            break;
 8024866:	e000      	b.n	802486a <Quat2Euler+0x2d6>
C:/Users/leonardo/Desktop/Code/Github/DawnBGC/Dawn/DawnGImbal/dawn_gimbal_math.c:172
        
        default:
            break;
 8024868:	bf00      	nop
C:/Users/leonardo/Desktop/Code/Github/DawnBGC/Dawn/DawnGImbal/dawn_gimbal_math.c:174
    }
}
 802486a:	bf00      	nop
 802486c:	3734      	adds	r7, #52	; 0x34
 802486e:	46bd      	mov	sp, r7
 8024870:	bd90      	pop	{r4, r7, pc}
 8024872:	bf00      	nop
 8024874:	3f7ff972 	.word	0x3f7ff972
 8024878:	3fc90fdb 	.word	0x3fc90fdb
 802487c:	bf7ff972 	.word	0xbf7ff972
 8024880:	bfc90fdb 	.word	0xbfc90fdb

08024884 <QuatNormalize>:
QuatNormalize():
C:/Users/leonardo/Desktop/Code/Github/DawnBGC/Dawn/DawnGImbal/dawn_gimbal_math.c:177

void QuatNormalize(QuaternionStruct *q, QuaternionStruct *QHat)
{
 8024884:	b590      	push	{r4, r7, lr}
 8024886:	b085      	sub	sp, #20
 8024888:	af00      	add	r7, sp, #0
 802488a:	6078      	str	r0, [r7, #4]
 802488c:	6039      	str	r1, [r7, #0]
C:/Users/leonardo/Desktop/Code/Github/DawnBGC/Dawn/DawnGImbal/dawn_gimbal_math.c:178
    float NormDiv = 0.0f;
 802488e:	f04f 0300 	mov.w	r3, #0
 8024892:	60fb      	str	r3, [r7, #12]
C:/Users/leonardo/Desktop/Code/Github/DawnBGC/Dawn/DawnGImbal/dawn_gimbal_math.c:180
    
    NormDiv = sqrtf((q->q0) * (q->q0) + (q->q1) * (q->q1) + (q->q2) * (q->q2) + (q->q3) * (q->q3));
 8024894:	687b      	ldr	r3, [r7, #4]
 8024896:	681a      	ldr	r2, [r3, #0]
 8024898:	687b      	ldr	r3, [r7, #4]
 802489a:	681b      	ldr	r3, [r3, #0]
 802489c:	4619      	mov	r1, r3
 802489e:	4610      	mov	r0, r2
 80248a0:	f7fc f99e 	bl	8020be0 <__aeabi_fmul>
 80248a4:	4603      	mov	r3, r0
 80248a6:	461c      	mov	r4, r3
 80248a8:	687b      	ldr	r3, [r7, #4]
 80248aa:	685a      	ldr	r2, [r3, #4]
 80248ac:	687b      	ldr	r3, [r7, #4]
 80248ae:	685b      	ldr	r3, [r3, #4]
 80248b0:	4619      	mov	r1, r3
 80248b2:	4610      	mov	r0, r2
 80248b4:	f7fc f994 	bl	8020be0 <__aeabi_fmul>
 80248b8:	4603      	mov	r3, r0
 80248ba:	4619      	mov	r1, r3
 80248bc:	4620      	mov	r0, r4
 80248be:	f7fc f887 	bl	80209d0 <__addsf3>
 80248c2:	4603      	mov	r3, r0
 80248c4:	461c      	mov	r4, r3
 80248c6:	687b      	ldr	r3, [r7, #4]
 80248c8:	689a      	ldr	r2, [r3, #8]
 80248ca:	687b      	ldr	r3, [r7, #4]
 80248cc:	689b      	ldr	r3, [r3, #8]
 80248ce:	4619      	mov	r1, r3
 80248d0:	4610      	mov	r0, r2
 80248d2:	f7fc f985 	bl	8020be0 <__aeabi_fmul>
 80248d6:	4603      	mov	r3, r0
 80248d8:	4619      	mov	r1, r3
 80248da:	4620      	mov	r0, r4
 80248dc:	f7fc f878 	bl	80209d0 <__addsf3>
 80248e0:	4603      	mov	r3, r0
 80248e2:	461c      	mov	r4, r3
 80248e4:	687b      	ldr	r3, [r7, #4]
 80248e6:	68da      	ldr	r2, [r3, #12]
 80248e8:	687b      	ldr	r3, [r7, #4]
 80248ea:	68db      	ldr	r3, [r3, #12]
 80248ec:	4619      	mov	r1, r3
 80248ee:	4610      	mov	r0, r2
 80248f0:	f7fc f976 	bl	8020be0 <__aeabi_fmul>
 80248f4:	4603      	mov	r3, r0
 80248f6:	4619      	mov	r1, r3
 80248f8:	4620      	mov	r0, r4
 80248fa:	f7fc f869 	bl	80209d0 <__addsf3>
 80248fe:	4603      	mov	r3, r0
 8024900:	4618      	mov	r0, r3
 8024902:	f002 fa8f 	bl	8026e24 <sqrtf>
 8024906:	60f8      	str	r0, [r7, #12]
C:/Users/leonardo/Desktop/Code/Github/DawnBGC/Dawn/DawnGImbal/dawn_gimbal_math.c:181
    NormDiv = 1.0f / NormDiv;
 8024908:	68f9      	ldr	r1, [r7, #12]
 802490a:	f04f 507e 	mov.w	r0, #1065353216	; 0x3f800000
 802490e:	f7fc fa1b 	bl	8020d48 <__aeabi_fdiv>
 8024912:	4603      	mov	r3, r0
 8024914:	60fb      	str	r3, [r7, #12]
C:/Users/leonardo/Desktop/Code/Github/DawnBGC/Dawn/DawnGImbal/dawn_gimbal_math.c:183
    
    QHat->q0 = (q->q0) * NormDiv;
 8024916:	687b      	ldr	r3, [r7, #4]
 8024918:	681b      	ldr	r3, [r3, #0]
 802491a:	68f9      	ldr	r1, [r7, #12]
 802491c:	4618      	mov	r0, r3
 802491e:	f7fc f95f 	bl	8020be0 <__aeabi_fmul>
 8024922:	4603      	mov	r3, r0
 8024924:	461a      	mov	r2, r3
 8024926:	683b      	ldr	r3, [r7, #0]
 8024928:	601a      	str	r2, [r3, #0]
C:/Users/leonardo/Desktop/Code/Github/DawnBGC/Dawn/DawnGImbal/dawn_gimbal_math.c:184
    QHat->q1 = (q->q1) * NormDiv;
 802492a:	687b      	ldr	r3, [r7, #4]
 802492c:	685b      	ldr	r3, [r3, #4]
 802492e:	68f9      	ldr	r1, [r7, #12]
 8024930:	4618      	mov	r0, r3
 8024932:	f7fc f955 	bl	8020be0 <__aeabi_fmul>
 8024936:	4603      	mov	r3, r0
 8024938:	461a      	mov	r2, r3
 802493a:	683b      	ldr	r3, [r7, #0]
 802493c:	605a      	str	r2, [r3, #4]
C:/Users/leonardo/Desktop/Code/Github/DawnBGC/Dawn/DawnGImbal/dawn_gimbal_math.c:185
    QHat->q2 = (q->q2) * NormDiv;
 802493e:	687b      	ldr	r3, [r7, #4]
 8024940:	689b      	ldr	r3, [r3, #8]
 8024942:	68f9      	ldr	r1, [r7, #12]
 8024944:	4618      	mov	r0, r3
 8024946:	f7fc f94b 	bl	8020be0 <__aeabi_fmul>
 802494a:	4603      	mov	r3, r0
 802494c:	461a      	mov	r2, r3
 802494e:	683b      	ldr	r3, [r7, #0]
 8024950:	609a      	str	r2, [r3, #8]
C:/Users/leonardo/Desktop/Code/Github/DawnBGC/Dawn/DawnGImbal/dawn_gimbal_math.c:186
    QHat->q3 = (q->q3) * NormDiv;
 8024952:	687b      	ldr	r3, [r7, #4]
 8024954:	68db      	ldr	r3, [r3, #12]
 8024956:	68f9      	ldr	r1, [r7, #12]
 8024958:	4618      	mov	r0, r3
 802495a:	f7fc f941 	bl	8020be0 <__aeabi_fmul>
 802495e:	4603      	mov	r3, r0
 8024960:	461a      	mov	r2, r3
 8024962:	683b      	ldr	r3, [r7, #0]
 8024964:	60da      	str	r2, [r3, #12]
C:/Users/leonardo/Desktop/Code/Github/DawnBGC/Dawn/DawnGImbal/dawn_gimbal_math.c:187
}
 8024966:	bf00      	nop
 8024968:	3714      	adds	r7, #20
 802496a:	46bd      	mov	sp, r7
 802496c:	bd90      	pop	{r4, r7, pc}

0802496e <CalcJacobianInv>:
CalcJacobianInv():
C:/Users/leonardo/Desktop/Code/Github/DawnBGC/Dawn/DawnGImbal/dawn_gimbal_math.c:190

void CalcJacobianInv(ArmUnion *Link, Matrix3X3Union *j)
{
 802496e:	b580      	push	{r7, lr}
 8024970:	b088      	sub	sp, #32
 8024972:	af00      	add	r7, sp, #0
 8024974:	6078      	str	r0, [r7, #4]
 8024976:	6039      	str	r1, [r7, #0]
C:/Users/leonardo/Desktop/Code/Github/DawnBGC/Dawn/DawnGImbal/dawn_gimbal_math.c:191
    float cm_div = 0;
 8024978:	f04f 0300 	mov.w	r3, #0
 802497c:	61fb      	str	r3, [r7, #28]
C:/Users/leonardo/Desktop/Code/Github/DawnBGC/Dawn/DawnGImbal/dawn_gimbal_math.c:192
    float sm = 0.0f, cm = 0.0f, si = 0.0f, ci = 0.0f;
 802497e:	f04f 0300 	mov.w	r3, #0
 8024982:	61bb      	str	r3, [r7, #24]
 8024984:	f04f 0300 	mov.w	r3, #0
 8024988:	617b      	str	r3, [r7, #20]
 802498a:	f04f 0300 	mov.w	r3, #0
 802498e:	613b      	str	r3, [r7, #16]
 8024990:	f04f 0300 	mov.w	r3, #0
 8024994:	60fb      	str	r3, [r7, #12]
C:/Users/leonardo/Desktop/Code/Github/DawnBGC/Dawn/DawnGImbal/dawn_gimbal_math.c:194
    
    sm = sinf(Link->Data.Middle);
 8024996:	687b      	ldr	r3, [r7, #4]
 8024998:	681b      	ldr	r3, [r3, #0]
 802499a:	4618      	mov	r0, r3
 802499c:	f002 f9b0 	bl	8026d00 <sinf>
 80249a0:	61b8      	str	r0, [r7, #24]
C:/Users/leonardo/Desktop/Code/Github/DawnBGC/Dawn/DawnGImbal/dawn_gimbal_math.c:195
    cm = cosf(Link->Data.Middle);
 80249a2:	687b      	ldr	r3, [r7, #4]
 80249a4:	681b      	ldr	r3, [r3, #0]
 80249a6:	4618      	mov	r0, r3
 80249a8:	f002 f96e 	bl	8026c88 <cosf>
 80249ac:	6178      	str	r0, [r7, #20]
C:/Users/leonardo/Desktop/Code/Github/DawnBGC/Dawn/DawnGImbal/dawn_gimbal_math.c:196
    si = sinf(Link->Data.Small);
 80249ae:	687b      	ldr	r3, [r7, #4]
 80249b0:	689b      	ldr	r3, [r3, #8]
 80249b2:	4618      	mov	r0, r3
 80249b4:	f002 f9a4 	bl	8026d00 <sinf>
 80249b8:	6138      	str	r0, [r7, #16]
C:/Users/leonardo/Desktop/Code/Github/DawnBGC/Dawn/DawnGImbal/dawn_gimbal_math.c:197
    ci = cosf(Link->Data.Small);
 80249ba:	687b      	ldr	r3, [r7, #4]
 80249bc:	689b      	ldr	r3, [r3, #8]
 80249be:	4618      	mov	r0, r3
 80249c0:	f002 f962 	bl	8026c88 <cosf>
 80249c4:	60f8      	str	r0, [r7, #12]
C:/Users/leonardo/Desktop/Code/Github/DawnBGC/Dawn/DawnGImbal/dawn_gimbal_math.c:200
    
    
    cm_div = 1.0f / cm;
 80249c6:	6979      	ldr	r1, [r7, #20]
 80249c8:	f04f 507e 	mov.w	r0, #1065353216	; 0x3f800000
 80249cc:	f7fc f9bc 	bl	8020d48 <__aeabi_fdiv>
 80249d0:	4603      	mov	r3, r0
 80249d2:	61fb      	str	r3, [r7, #28]
C:/Users/leonardo/Desktop/Code/Github/DawnBGC/Dawn/DawnGImbal/dawn_gimbal_math.c:203

    
    j->Data.A00 = ci * cm_div;
 80249d4:	69f9      	ldr	r1, [r7, #28]
 80249d6:	68f8      	ldr	r0, [r7, #12]
 80249d8:	f7fc f902 	bl	8020be0 <__aeabi_fmul>
 80249dc:	4603      	mov	r3, r0
 80249de:	461a      	mov	r2, r3
 80249e0:	683b      	ldr	r3, [r7, #0]
 80249e2:	601a      	str	r2, [r3, #0]
C:/Users/leonardo/Desktop/Code/Github/DawnBGC/Dawn/DawnGImbal/dawn_gimbal_math.c:204
    j->Data.A01 = 0.0f;
 80249e4:	683b      	ldr	r3, [r7, #0]
 80249e6:	f04f 0200 	mov.w	r2, #0
 80249ea:	605a      	str	r2, [r3, #4]
C:/Users/leonardo/Desktop/Code/Github/DawnBGC/Dawn/DawnGImbal/dawn_gimbal_math.c:205
    j->Data.A02 = si * cm_div;
 80249ec:	69f9      	ldr	r1, [r7, #28]
 80249ee:	6938      	ldr	r0, [r7, #16]
 80249f0:	f7fc f8f6 	bl	8020be0 <__aeabi_fmul>
 80249f4:	4603      	mov	r3, r0
 80249f6:	461a      	mov	r2, r3
 80249f8:	683b      	ldr	r3, [r7, #0]
 80249fa:	609a      	str	r2, [r3, #8]
C:/Users/leonardo/Desktop/Code/Github/DawnBGC/Dawn/DawnGImbal/dawn_gimbal_math.c:208
    
    
    j->Data.A10 = -si;
 80249fc:	693b      	ldr	r3, [r7, #16]
 80249fe:	f083 4200 	eor.w	r2, r3, #2147483648	; 0x80000000
 8024a02:	683b      	ldr	r3, [r7, #0]
 8024a04:	60da      	str	r2, [r3, #12]
C:/Users/leonardo/Desktop/Code/Github/DawnBGC/Dawn/DawnGImbal/dawn_gimbal_math.c:209
    j->Data.A11 = 0.0f;
 8024a06:	683b      	ldr	r3, [r7, #0]
 8024a08:	f04f 0200 	mov.w	r2, #0
 8024a0c:	611a      	str	r2, [r3, #16]
C:/Users/leonardo/Desktop/Code/Github/DawnBGC/Dawn/DawnGImbal/dawn_gimbal_math.c:210
    j->Data.A12 = ci;
 8024a0e:	683b      	ldr	r3, [r7, #0]
 8024a10:	68fa      	ldr	r2, [r7, #12]
 8024a12:	615a      	str	r2, [r3, #20]
C:/Users/leonardo/Desktop/Code/Github/DawnBGC/Dawn/DawnGImbal/dawn_gimbal_math.c:213
    
    
    j->Data.A20 = ci * sm * cm_div;
 8024a14:	69b9      	ldr	r1, [r7, #24]
 8024a16:	68f8      	ldr	r0, [r7, #12]
 8024a18:	f7fc f8e2 	bl	8020be0 <__aeabi_fmul>
 8024a1c:	4603      	mov	r3, r0
 8024a1e:	69f9      	ldr	r1, [r7, #28]
 8024a20:	4618      	mov	r0, r3
 8024a22:	f7fc f8dd 	bl	8020be0 <__aeabi_fmul>
 8024a26:	4603      	mov	r3, r0
 8024a28:	461a      	mov	r2, r3
 8024a2a:	683b      	ldr	r3, [r7, #0]
 8024a2c:	619a      	str	r2, [r3, #24]
C:/Users/leonardo/Desktop/Code/Github/DawnBGC/Dawn/DawnGImbal/dawn_gimbal_math.c:214
    j->Data.A21 = 1.0f;
 8024a2e:	683b      	ldr	r3, [r7, #0]
 8024a30:	f04f 527e 	mov.w	r2, #1065353216	; 0x3f800000
 8024a34:	61da      	str	r2, [r3, #28]
C:/Users/leonardo/Desktop/Code/Github/DawnBGC/Dawn/DawnGImbal/dawn_gimbal_math.c:215
    j->Data.A22 = si * sm * cm_div;
 8024a36:	69b9      	ldr	r1, [r7, #24]
 8024a38:	6938      	ldr	r0, [r7, #16]
 8024a3a:	f7fc f8d1 	bl	8020be0 <__aeabi_fmul>
 8024a3e:	4603      	mov	r3, r0
 8024a40:	69f9      	ldr	r1, [r7, #28]
 8024a42:	4618      	mov	r0, r3
 8024a44:	f7fc f8cc 	bl	8020be0 <__aeabi_fmul>
 8024a48:	4603      	mov	r3, r0
 8024a4a:	461a      	mov	r2, r3
 8024a4c:	683b      	ldr	r3, [r7, #0]
 8024a4e:	621a      	str	r2, [r3, #32]
C:/Users/leonardo/Desktop/Code/Github/DawnBGC/Dawn/DawnGImbal/dawn_gimbal_math.c:216
}
 8024a50:	bf00      	nop
 8024a52:	3720      	adds	r7, #32
 8024a54:	46bd      	mov	sp, r7
 8024a56:	bd80      	pop	{r7, pc}

08024a58 <CalcJacobianTrans>:
CalcJacobianTrans():
C:/Users/leonardo/Desktop/Code/Github/DawnBGC/Dawn/DawnGImbal/dawn_gimbal_math.c:219

void CalcJacobianTrans(ArmUnion *Link, Matrix3X3Union *j)
{
 8024a58:	b580      	push	{r7, lr}
 8024a5a:	b086      	sub	sp, #24
 8024a5c:	af00      	add	r7, sp, #0
 8024a5e:	6078      	str	r0, [r7, #4]
 8024a60:	6039      	str	r1, [r7, #0]
C:/Users/leonardo/Desktop/Code/Github/DawnBGC/Dawn/DawnGImbal/dawn_gimbal_math.c:220
    float sm = 0.0f, cm = 0.0f, si = 0.0f, ci = 0.0f;
 8024a62:	f04f 0300 	mov.w	r3, #0
 8024a66:	617b      	str	r3, [r7, #20]
 8024a68:	f04f 0300 	mov.w	r3, #0
 8024a6c:	613b      	str	r3, [r7, #16]
 8024a6e:	f04f 0300 	mov.w	r3, #0
 8024a72:	60fb      	str	r3, [r7, #12]
 8024a74:	f04f 0300 	mov.w	r3, #0
 8024a78:	60bb      	str	r3, [r7, #8]
C:/Users/leonardo/Desktop/Code/Github/DawnBGC/Dawn/DawnGImbal/dawn_gimbal_math.c:222
    
    sm = sinf(Link->Data.Middle);
 8024a7a:	687b      	ldr	r3, [r7, #4]
 8024a7c:	681b      	ldr	r3, [r3, #0]
 8024a7e:	4618      	mov	r0, r3
 8024a80:	f002 f93e 	bl	8026d00 <sinf>
 8024a84:	6178      	str	r0, [r7, #20]
C:/Users/leonardo/Desktop/Code/Github/DawnBGC/Dawn/DawnGImbal/dawn_gimbal_math.c:223
    cm = cosf(Link->Data.Middle);
 8024a86:	687b      	ldr	r3, [r7, #4]
 8024a88:	681b      	ldr	r3, [r3, #0]
 8024a8a:	4618      	mov	r0, r3
 8024a8c:	f002 f8fc 	bl	8026c88 <cosf>
 8024a90:	6138      	str	r0, [r7, #16]
C:/Users/leonardo/Desktop/Code/Github/DawnBGC/Dawn/DawnGImbal/dawn_gimbal_math.c:224
    si = sinf(Link->Data.Small);
 8024a92:	687b      	ldr	r3, [r7, #4]
 8024a94:	689b      	ldr	r3, [r3, #8]
 8024a96:	4618      	mov	r0, r3
 8024a98:	f002 f932 	bl	8026d00 <sinf>
 8024a9c:	60f8      	str	r0, [r7, #12]
C:/Users/leonardo/Desktop/Code/Github/DawnBGC/Dawn/DawnGImbal/dawn_gimbal_math.c:225
    ci = cosf(Link->Data.Small);
 8024a9e:	687b      	ldr	r3, [r7, #4]
 8024aa0:	689b      	ldr	r3, [r3, #8]
 8024aa2:	4618      	mov	r0, r3
 8024aa4:	f002 f8f0 	bl	8026c88 <cosf>
 8024aa8:	60b8      	str	r0, [r7, #8]
C:/Users/leonardo/Desktop/Code/Github/DawnBGC/Dawn/DawnGImbal/dawn_gimbal_math.c:228

    
    j->Data.A00 = ci * cm;
 8024aaa:	6939      	ldr	r1, [r7, #16]
 8024aac:	68b8      	ldr	r0, [r7, #8]
 8024aae:	f7fc f897 	bl	8020be0 <__aeabi_fmul>
 8024ab2:	4603      	mov	r3, r0
 8024ab4:	461a      	mov	r2, r3
 8024ab6:	683b      	ldr	r3, [r7, #0]
 8024ab8:	601a      	str	r2, [r3, #0]
C:/Users/leonardo/Desktop/Code/Github/DawnBGC/Dawn/DawnGImbal/dawn_gimbal_math.c:229
    j->Data.A01 = -sm;
 8024aba:	697b      	ldr	r3, [r7, #20]
 8024abc:	f083 4200 	eor.w	r2, r3, #2147483648	; 0x80000000
 8024ac0:	683b      	ldr	r3, [r7, #0]
 8024ac2:	605a      	str	r2, [r3, #4]
C:/Users/leonardo/Desktop/Code/Github/DawnBGC/Dawn/DawnGImbal/dawn_gimbal_math.c:230
    j->Data.A02 = cm * si;
 8024ac4:	68f9      	ldr	r1, [r7, #12]
 8024ac6:	6938      	ldr	r0, [r7, #16]
 8024ac8:	f7fc f88a 	bl	8020be0 <__aeabi_fmul>
 8024acc:	4603      	mov	r3, r0
 8024ace:	461a      	mov	r2, r3
 8024ad0:	683b      	ldr	r3, [r7, #0]
 8024ad2:	609a      	str	r2, [r3, #8]
C:/Users/leonardo/Desktop/Code/Github/DawnBGC/Dawn/DawnGImbal/dawn_gimbal_math.c:233
    
    
    j->Data.A10 = -si;
 8024ad4:	68fb      	ldr	r3, [r7, #12]
 8024ad6:	f083 4200 	eor.w	r2, r3, #2147483648	; 0x80000000
 8024ada:	683b      	ldr	r3, [r7, #0]
 8024adc:	60da      	str	r2, [r3, #12]
C:/Users/leonardo/Desktop/Code/Github/DawnBGC/Dawn/DawnGImbal/dawn_gimbal_math.c:234
    j->Data.A11 = 0.0f;
 8024ade:	683b      	ldr	r3, [r7, #0]
 8024ae0:	f04f 0200 	mov.w	r2, #0
 8024ae4:	611a      	str	r2, [r3, #16]
C:/Users/leonardo/Desktop/Code/Github/DawnBGC/Dawn/DawnGImbal/dawn_gimbal_math.c:235
    j->Data.A12 = ci;
 8024ae6:	683b      	ldr	r3, [r7, #0]
 8024ae8:	68ba      	ldr	r2, [r7, #8]
 8024aea:	615a      	str	r2, [r3, #20]
C:/Users/leonardo/Desktop/Code/Github/DawnBGC/Dawn/DawnGImbal/dawn_gimbal_math.c:238
    
    
    j->Data.A20 = 0.0f;
 8024aec:	683b      	ldr	r3, [r7, #0]
 8024aee:	f04f 0200 	mov.w	r2, #0
 8024af2:	619a      	str	r2, [r3, #24]
C:/Users/leonardo/Desktop/Code/Github/DawnBGC/Dawn/DawnGImbal/dawn_gimbal_math.c:239
    j->Data.A21 = 1.0f;
 8024af4:	683b      	ldr	r3, [r7, #0]
 8024af6:	f04f 527e 	mov.w	r2, #1065353216	; 0x3f800000
 8024afa:	61da      	str	r2, [r3, #28]
C:/Users/leonardo/Desktop/Code/Github/DawnBGC/Dawn/DawnGImbal/dawn_gimbal_math.c:240
    j->Data.A22 = 0.0f;
 8024afc:	683b      	ldr	r3, [r7, #0]
 8024afe:	f04f 0200 	mov.w	r2, #0
 8024b02:	621a      	str	r2, [r3, #32]
C:/Users/leonardo/Desktop/Code/Github/DawnBGC/Dawn/DawnGImbal/dawn_gimbal_math.c:241
}
 8024b04:	bf00      	nop
 8024b06:	3718      	adds	r7, #24
 8024b08:	46bd      	mov	sp, r7
 8024b0a:	bd80      	pop	{r7, pc}

08024b0c <MatrixAdd>:
MatrixAdd():
C:/Users/leonardo/Desktop/Code/Github/DawnBGC/Dawn/DawnGImbal/dawn_gimbal_math.c:246
    
    
    
void MatrixAdd(uint8_t ABRow, uint8_t ABCol, float *m_a, float *m_b, float *m_c)
{
 8024b0c:	b590      	push	{r4, r7, lr}
 8024b0e:	b087      	sub	sp, #28
 8024b10:	af00      	add	r7, sp, #0
 8024b12:	60ba      	str	r2, [r7, #8]
 8024b14:	607b      	str	r3, [r7, #4]
 8024b16:	4603      	mov	r3, r0
 8024b18:	73fb      	strb	r3, [r7, #15]
 8024b1a:	460b      	mov	r3, r1
 8024b1c:	73bb      	strb	r3, [r7, #14]
C:/Users/leonardo/Desktop/Code/Github/DawnBGC/Dawn/DawnGImbal/dawn_gimbal_math.c:247
    uint8_t i = 0, j = 0;
 8024b1e:	2300      	movs	r3, #0
 8024b20:	75fb      	strb	r3, [r7, #23]
 8024b22:	2300      	movs	r3, #0
 8024b24:	75bb      	strb	r3, [r7, #22]
C:/Users/leonardo/Desktop/Code/Github/DawnBGC/Dawn/DawnGImbal/dawn_gimbal_math.c:248
    uint8_t Index = 0;
 8024b26:	2300      	movs	r3, #0
 8024b28:	757b      	strb	r3, [r7, #21]
C:/Users/leonardo/Desktop/Code/Github/DawnBGC/Dawn/DawnGImbal/dawn_gimbal_math.c:250

    for(i = 0; i < ABRow; i++)
 8024b2a:	2300      	movs	r3, #0
 8024b2c:	75fb      	strb	r3, [r7, #23]
 8024b2e:	e026      	b.n	8024b7e <MatrixAdd+0x72>
C:/Users/leonardo/Desktop/Code/Github/DawnBGC/Dawn/DawnGImbal/dawn_gimbal_math.c:252
    {
        for(j = 0; j < ABCol; j++)
 8024b30:	2300      	movs	r3, #0
 8024b32:	75bb      	strb	r3, [r7, #22]
 8024b34:	e01c      	b.n	8024b70 <MatrixAdd+0x64>
C:/Users/leonardo/Desktop/Code/Github/DawnBGC/Dawn/DawnGImbal/dawn_gimbal_math.c:254 (discriminator 3)
        {
            Index = i * ABCol + j;
 8024b36:	7dfa      	ldrb	r2, [r7, #23]
 8024b38:	7bbb      	ldrb	r3, [r7, #14]
 8024b3a:	fb12 f303 	smulbb	r3, r2, r3
 8024b3e:	b2da      	uxtb	r2, r3
 8024b40:	7dbb      	ldrb	r3, [r7, #22]
 8024b42:	4413      	add	r3, r2
 8024b44:	757b      	strb	r3, [r7, #21]
C:/Users/leonardo/Desktop/Code/Github/DawnBGC/Dawn/DawnGImbal/dawn_gimbal_math.c:255 (discriminator 3)
            m_c[Index] = m_a[Index] + m_b[Index];
 8024b46:	7d7b      	ldrb	r3, [r7, #21]
 8024b48:	009b      	lsls	r3, r3, #2
 8024b4a:	68ba      	ldr	r2, [r7, #8]
 8024b4c:	4413      	add	r3, r2
 8024b4e:	6818      	ldr	r0, [r3, #0]
 8024b50:	7d7b      	ldrb	r3, [r7, #21]
 8024b52:	009b      	lsls	r3, r3, #2
 8024b54:	687a      	ldr	r2, [r7, #4]
 8024b56:	4413      	add	r3, r2
 8024b58:	6819      	ldr	r1, [r3, #0]
 8024b5a:	7d7b      	ldrb	r3, [r7, #21]
 8024b5c:	009b      	lsls	r3, r3, #2
 8024b5e:	6aba      	ldr	r2, [r7, #40]	; 0x28
 8024b60:	18d4      	adds	r4, r2, r3
 8024b62:	f7fb ff35 	bl	80209d0 <__addsf3>
 8024b66:	4603      	mov	r3, r0
 8024b68:	6023      	str	r3, [r4, #0]
C:/Users/leonardo/Desktop/Code/Github/DawnBGC/Dawn/DawnGImbal/dawn_gimbal_math.c:252 (discriminator 3)
        for(j = 0; j < ABCol; j++)
 8024b6a:	7dbb      	ldrb	r3, [r7, #22]
 8024b6c:	3301      	adds	r3, #1
 8024b6e:	75bb      	strb	r3, [r7, #22]
C:/Users/leonardo/Desktop/Code/Github/DawnBGC/Dawn/DawnGImbal/dawn_gimbal_math.c:252 (discriminator 1)
 8024b70:	7dba      	ldrb	r2, [r7, #22]
 8024b72:	7bbb      	ldrb	r3, [r7, #14]
 8024b74:	429a      	cmp	r2, r3
 8024b76:	d3de      	bcc.n	8024b36 <MatrixAdd+0x2a>
C:/Users/leonardo/Desktop/Code/Github/DawnBGC/Dawn/DawnGImbal/dawn_gimbal_math.c:250 (discriminator 2)
    for(i = 0; i < ABRow; i++)
 8024b78:	7dfb      	ldrb	r3, [r7, #23]
 8024b7a:	3301      	adds	r3, #1
 8024b7c:	75fb      	strb	r3, [r7, #23]
C:/Users/leonardo/Desktop/Code/Github/DawnBGC/Dawn/DawnGImbal/dawn_gimbal_math.c:250 (discriminator 1)
 8024b7e:	7dfa      	ldrb	r2, [r7, #23]
 8024b80:	7bfb      	ldrb	r3, [r7, #15]
 8024b82:	429a      	cmp	r2, r3
 8024b84:	d3d4      	bcc.n	8024b30 <MatrixAdd+0x24>
C:/Users/leonardo/Desktop/Code/Github/DawnBGC/Dawn/DawnGImbal/dawn_gimbal_math.c:258
        }
    }
}
 8024b86:	bf00      	nop
 8024b88:	bf00      	nop
 8024b8a:	371c      	adds	r7, #28
 8024b8c:	46bd      	mov	sp, r7
 8024b8e:	bd90      	pop	{r4, r7, pc}

08024b90 <MatrixSub>:
MatrixSub():
C:/Users/leonardo/Desktop/Code/Github/DawnBGC/Dawn/DawnGImbal/dawn_gimbal_math.c:261

void MatrixSub(uint8_t ABRow, uint8_t ABCol, float *m_a, float *m_b, float *m_c)
{
 8024b90:	b590      	push	{r4, r7, lr}
 8024b92:	b087      	sub	sp, #28
 8024b94:	af00      	add	r7, sp, #0
 8024b96:	60ba      	str	r2, [r7, #8]
 8024b98:	607b      	str	r3, [r7, #4]
 8024b9a:	4603      	mov	r3, r0
 8024b9c:	73fb      	strb	r3, [r7, #15]
 8024b9e:	460b      	mov	r3, r1
 8024ba0:	73bb      	strb	r3, [r7, #14]
C:/Users/leonardo/Desktop/Code/Github/DawnBGC/Dawn/DawnGImbal/dawn_gimbal_math.c:262
    uint8_t i = 0, j = 0;
 8024ba2:	2300      	movs	r3, #0
 8024ba4:	75fb      	strb	r3, [r7, #23]
 8024ba6:	2300      	movs	r3, #0
 8024ba8:	75bb      	strb	r3, [r7, #22]
C:/Users/leonardo/Desktop/Code/Github/DawnBGC/Dawn/DawnGImbal/dawn_gimbal_math.c:263
    uint8_t Index = 0;
 8024baa:	2300      	movs	r3, #0
 8024bac:	757b      	strb	r3, [r7, #21]
C:/Users/leonardo/Desktop/Code/Github/DawnBGC/Dawn/DawnGImbal/dawn_gimbal_math.c:265

    for(i = 0; i < ABRow; i++)
 8024bae:	2300      	movs	r3, #0
 8024bb0:	75fb      	strb	r3, [r7, #23]
 8024bb2:	e026      	b.n	8024c02 <MatrixSub+0x72>
C:/Users/leonardo/Desktop/Code/Github/DawnBGC/Dawn/DawnGImbal/dawn_gimbal_math.c:267
    {
        for(j = 0; j < ABCol; j++)
 8024bb4:	2300      	movs	r3, #0
 8024bb6:	75bb      	strb	r3, [r7, #22]
 8024bb8:	e01c      	b.n	8024bf4 <MatrixSub+0x64>
C:/Users/leonardo/Desktop/Code/Github/DawnBGC/Dawn/DawnGImbal/dawn_gimbal_math.c:269 (discriminator 3)
        {
            Index = i * ABCol + j;
 8024bba:	7dfa      	ldrb	r2, [r7, #23]
 8024bbc:	7bbb      	ldrb	r3, [r7, #14]
 8024bbe:	fb12 f303 	smulbb	r3, r2, r3
 8024bc2:	b2da      	uxtb	r2, r3
 8024bc4:	7dbb      	ldrb	r3, [r7, #22]
 8024bc6:	4413      	add	r3, r2
 8024bc8:	757b      	strb	r3, [r7, #21]
C:/Users/leonardo/Desktop/Code/Github/DawnBGC/Dawn/DawnGImbal/dawn_gimbal_math.c:270 (discriminator 3)
            m_c[Index] = m_a[Index] - m_b[Index];
 8024bca:	7d7b      	ldrb	r3, [r7, #21]
 8024bcc:	009b      	lsls	r3, r3, #2
 8024bce:	68ba      	ldr	r2, [r7, #8]
 8024bd0:	4413      	add	r3, r2
 8024bd2:	6818      	ldr	r0, [r3, #0]
 8024bd4:	7d7b      	ldrb	r3, [r7, #21]
 8024bd6:	009b      	lsls	r3, r3, #2
 8024bd8:	687a      	ldr	r2, [r7, #4]
 8024bda:	4413      	add	r3, r2
 8024bdc:	6819      	ldr	r1, [r3, #0]
 8024bde:	7d7b      	ldrb	r3, [r7, #21]
 8024be0:	009b      	lsls	r3, r3, #2
 8024be2:	6aba      	ldr	r2, [r7, #40]	; 0x28
 8024be4:	18d4      	adds	r4, r2, r3
 8024be6:	f7fb fef1 	bl	80209cc <__aeabi_fsub>
 8024bea:	4603      	mov	r3, r0
 8024bec:	6023      	str	r3, [r4, #0]
C:/Users/leonardo/Desktop/Code/Github/DawnBGC/Dawn/DawnGImbal/dawn_gimbal_math.c:267 (discriminator 3)
        for(j = 0; j < ABCol; j++)
 8024bee:	7dbb      	ldrb	r3, [r7, #22]
 8024bf0:	3301      	adds	r3, #1
 8024bf2:	75bb      	strb	r3, [r7, #22]
C:/Users/leonardo/Desktop/Code/Github/DawnBGC/Dawn/DawnGImbal/dawn_gimbal_math.c:267 (discriminator 1)
 8024bf4:	7dba      	ldrb	r2, [r7, #22]
 8024bf6:	7bbb      	ldrb	r3, [r7, #14]
 8024bf8:	429a      	cmp	r2, r3
 8024bfa:	d3de      	bcc.n	8024bba <MatrixSub+0x2a>
C:/Users/leonardo/Desktop/Code/Github/DawnBGC/Dawn/DawnGImbal/dawn_gimbal_math.c:265 (discriminator 2)
    for(i = 0; i < ABRow; i++)
 8024bfc:	7dfb      	ldrb	r3, [r7, #23]
 8024bfe:	3301      	adds	r3, #1
 8024c00:	75fb      	strb	r3, [r7, #23]
C:/Users/leonardo/Desktop/Code/Github/DawnBGC/Dawn/DawnGImbal/dawn_gimbal_math.c:265 (discriminator 1)
 8024c02:	7dfa      	ldrb	r2, [r7, #23]
 8024c04:	7bfb      	ldrb	r3, [r7, #15]
 8024c06:	429a      	cmp	r2, r3
 8024c08:	d3d4      	bcc.n	8024bb4 <MatrixSub+0x24>
C:/Users/leonardo/Desktop/Code/Github/DawnBGC/Dawn/DawnGImbal/dawn_gimbal_math.c:273
        }
    }
}
 8024c0a:	bf00      	nop
 8024c0c:	bf00      	nop
 8024c0e:	371c      	adds	r7, #28
 8024c10:	46bd      	mov	sp, r7
 8024c12:	bd90      	pop	{r4, r7, pc}

08024c14 <MatrixMultiply>:
MatrixMultiply():
C:/Users/leonardo/Desktop/Code/Github/DawnBGC/Dawn/DawnGImbal/dawn_gimbal_math.c:276

void MatrixMultiply(uint8_t ARow, uint8_t AColBRow, uint8_t BCol, float *m_a, float *m_b, float *m_c)
{
 8024c14:	b5b0      	push	{r4, r5, r7, lr}
 8024c16:	b084      	sub	sp, #16
 8024c18:	af00      	add	r7, sp, #0
 8024c1a:	603b      	str	r3, [r7, #0]
 8024c1c:	4603      	mov	r3, r0
 8024c1e:	71fb      	strb	r3, [r7, #7]
 8024c20:	460b      	mov	r3, r1
 8024c22:	71bb      	strb	r3, [r7, #6]
 8024c24:	4613      	mov	r3, r2
 8024c26:	717b      	strb	r3, [r7, #5]
C:/Users/leonardo/Desktop/Code/Github/DawnBGC/Dawn/DawnGImbal/dawn_gimbal_math.c:277
    uint8_t i = 0, j = 0, k = 0;
 8024c28:	2300      	movs	r3, #0
 8024c2a:	73fb      	strb	r3, [r7, #15]
 8024c2c:	2300      	movs	r3, #0
 8024c2e:	73bb      	strb	r3, [r7, #14]
 8024c30:	2300      	movs	r3, #0
 8024c32:	737b      	strb	r3, [r7, #13]
C:/Users/leonardo/Desktop/Code/Github/DawnBGC/Dawn/DawnGImbal/dawn_gimbal_math.c:279

    memset((uint8_t*)m_c, 0, ARow * BCol * 4);
 8024c34:	79fb      	ldrb	r3, [r7, #7]
 8024c36:	797a      	ldrb	r2, [r7, #5]
 8024c38:	fb02 f303 	mul.w	r3, r2, r3
 8024c3c:	009b      	lsls	r3, r3, #2
 8024c3e:	461a      	mov	r2, r3
 8024c40:	2100      	movs	r1, #0
 8024c42:	6a78      	ldr	r0, [r7, #36]	; 0x24
 8024c44:	f002 f818 	bl	8026c78 <memset>
C:/Users/leonardo/Desktop/Code/Github/DawnBGC/Dawn/DawnGImbal/dawn_gimbal_math.c:280
    for(i = 0; i < ARow; i++)
 8024c48:	2300      	movs	r3, #0
 8024c4a:	73fb      	strb	r3, [r7, #15]
 8024c4c:	e047      	b.n	8024cde <MatrixMultiply+0xca>
C:/Users/leonardo/Desktop/Code/Github/DawnBGC/Dawn/DawnGImbal/dawn_gimbal_math.c:282
    {
        for(j = 0; j < AColBRow; j++)
 8024c4e:	2300      	movs	r3, #0
 8024c50:	73bb      	strb	r3, [r7, #14]
 8024c52:	e03d      	b.n	8024cd0 <MatrixMultiply+0xbc>
C:/Users/leonardo/Desktop/Code/Github/DawnBGC/Dawn/DawnGImbal/dawn_gimbal_math.c:284
        {
            for(k = 0; k < BCol; k++)
 8024c54:	2300      	movs	r3, #0
 8024c56:	737b      	strb	r3, [r7, #13]
 8024c58:	e033      	b.n	8024cc2 <MatrixMultiply+0xae>
C:/Users/leonardo/Desktop/Code/Github/DawnBGC/Dawn/DawnGImbal/dawn_gimbal_math.c:286 (discriminator 3)
            {
                m_c[i * BCol + k] += m_a[i * AColBRow + j] * m_b[j * BCol + k];
 8024c5a:	7bfb      	ldrb	r3, [r7, #15]
 8024c5c:	797a      	ldrb	r2, [r7, #5]
 8024c5e:	fb02 f203 	mul.w	r2, r2, r3
 8024c62:	7b7b      	ldrb	r3, [r7, #13]
 8024c64:	4413      	add	r3, r2
 8024c66:	009b      	lsls	r3, r3, #2
 8024c68:	6a7a      	ldr	r2, [r7, #36]	; 0x24
 8024c6a:	4413      	add	r3, r2
 8024c6c:	681d      	ldr	r5, [r3, #0]
 8024c6e:	7bfb      	ldrb	r3, [r7, #15]
 8024c70:	79ba      	ldrb	r2, [r7, #6]
 8024c72:	fb02 f203 	mul.w	r2, r2, r3
 8024c76:	7bbb      	ldrb	r3, [r7, #14]
 8024c78:	4413      	add	r3, r2
 8024c7a:	009b      	lsls	r3, r3, #2
 8024c7c:	683a      	ldr	r2, [r7, #0]
 8024c7e:	4413      	add	r3, r2
 8024c80:	6818      	ldr	r0, [r3, #0]
 8024c82:	7bbb      	ldrb	r3, [r7, #14]
 8024c84:	797a      	ldrb	r2, [r7, #5]
 8024c86:	fb02 f203 	mul.w	r2, r2, r3
 8024c8a:	7b7b      	ldrb	r3, [r7, #13]
 8024c8c:	4413      	add	r3, r2
 8024c8e:	009b      	lsls	r3, r3, #2
 8024c90:	6a3a      	ldr	r2, [r7, #32]
 8024c92:	4413      	add	r3, r2
 8024c94:	681b      	ldr	r3, [r3, #0]
 8024c96:	4619      	mov	r1, r3
 8024c98:	f7fb ffa2 	bl	8020be0 <__aeabi_fmul>
 8024c9c:	4603      	mov	r3, r0
 8024c9e:	4619      	mov	r1, r3
 8024ca0:	7bfb      	ldrb	r3, [r7, #15]
 8024ca2:	797a      	ldrb	r2, [r7, #5]
 8024ca4:	fb02 f203 	mul.w	r2, r2, r3
 8024ca8:	7b7b      	ldrb	r3, [r7, #13]
 8024caa:	4413      	add	r3, r2
 8024cac:	009b      	lsls	r3, r3, #2
 8024cae:	6a7a      	ldr	r2, [r7, #36]	; 0x24
 8024cb0:	18d4      	adds	r4, r2, r3
 8024cb2:	4628      	mov	r0, r5
 8024cb4:	f7fb fe8c 	bl	80209d0 <__addsf3>
 8024cb8:	4603      	mov	r3, r0
 8024cba:	6023      	str	r3, [r4, #0]
C:/Users/leonardo/Desktop/Code/Github/DawnBGC/Dawn/DawnGImbal/dawn_gimbal_math.c:284 (discriminator 3)
            for(k = 0; k < BCol; k++)
 8024cbc:	7b7b      	ldrb	r3, [r7, #13]
 8024cbe:	3301      	adds	r3, #1
 8024cc0:	737b      	strb	r3, [r7, #13]
C:/Users/leonardo/Desktop/Code/Github/DawnBGC/Dawn/DawnGImbal/dawn_gimbal_math.c:284 (discriminator 1)
 8024cc2:	7b7a      	ldrb	r2, [r7, #13]
 8024cc4:	797b      	ldrb	r3, [r7, #5]
 8024cc6:	429a      	cmp	r2, r3
 8024cc8:	d3c7      	bcc.n	8024c5a <MatrixMultiply+0x46>
C:/Users/leonardo/Desktop/Code/Github/DawnBGC/Dawn/DawnGImbal/dawn_gimbal_math.c:282 (discriminator 2)
        for(j = 0; j < AColBRow; j++)
 8024cca:	7bbb      	ldrb	r3, [r7, #14]
 8024ccc:	3301      	adds	r3, #1
 8024cce:	73bb      	strb	r3, [r7, #14]
C:/Users/leonardo/Desktop/Code/Github/DawnBGC/Dawn/DawnGImbal/dawn_gimbal_math.c:282 (discriminator 1)
 8024cd0:	7bba      	ldrb	r2, [r7, #14]
 8024cd2:	79bb      	ldrb	r3, [r7, #6]
 8024cd4:	429a      	cmp	r2, r3
 8024cd6:	d3bd      	bcc.n	8024c54 <MatrixMultiply+0x40>
C:/Users/leonardo/Desktop/Code/Github/DawnBGC/Dawn/DawnGImbal/dawn_gimbal_math.c:280 (discriminator 2)
    for(i = 0; i < ARow; i++)
 8024cd8:	7bfb      	ldrb	r3, [r7, #15]
 8024cda:	3301      	adds	r3, #1
 8024cdc:	73fb      	strb	r3, [r7, #15]
C:/Users/leonardo/Desktop/Code/Github/DawnBGC/Dawn/DawnGImbal/dawn_gimbal_math.c:280 (discriminator 1)
 8024cde:	7bfa      	ldrb	r2, [r7, #15]
 8024ce0:	79fb      	ldrb	r3, [r7, #7]
 8024ce2:	429a      	cmp	r2, r3
 8024ce4:	d3b3      	bcc.n	8024c4e <MatrixMultiply+0x3a>
C:/Users/leonardo/Desktop/Code/Github/DawnBGC/Dawn/DawnGImbal/dawn_gimbal_math.c:290
            }
        }
    }
}
 8024ce6:	bf00      	nop
 8024ce8:	bf00      	nop
 8024cea:	3710      	adds	r7, #16
 8024cec:	46bd      	mov	sp, r7
 8024cee:	bdb0      	pop	{r4, r5, r7, pc}

08024cf0 <AttitudeUpdata>:
AttitudeUpdata():
C:/Users/leonardo/Desktop/Code/Github/DawnBGC/Dawn/DawnGImbal/dawn_gimbal_math.c:292
void AttitudeUpdata(void)
{
 8024cf0:	b590      	push	{r4, r7, lr}
 8024cf2:	b087      	sub	sp, #28
 8024cf4:	af00      	add	r7, sp, #0
C:/Users/leonardo/Desktop/Code/Github/DawnBGC/Dawn/DawnGImbal/dawn_gimbal_math.c:293
    float DeltaQ0 = 0.0f, DeltaQ1 = 0.0f, DeltaQ2 = 0.0f, DeltaQ3 = 0.0f;
 8024cf6:	f04f 0300 	mov.w	r3, #0
 8024cfa:	617b      	str	r3, [r7, #20]
 8024cfc:	f04f 0300 	mov.w	r3, #0
 8024d00:	613b      	str	r3, [r7, #16]
 8024d02:	f04f 0300 	mov.w	r3, #0
 8024d06:	60fb      	str	r3, [r7, #12]
 8024d08:	f04f 0300 	mov.w	r3, #0
 8024d0c:	60bb      	str	r3, [r7, #8]
C:/Users/leonardo/Desktop/Code/Github/DawnBGC/Dawn/DawnGImbal/dawn_gimbal_math.c:294
    float half_dt = 0.5f / CLOSELOOP_EXECUTE_FREQ;
 8024d0e:	4b86      	ldr	r3, [pc, #536]	; (8024f28 <AttitudeUpdata+0x238>)
 8024d10:	607b      	str	r3, [r7, #4]
C:/Users/leonardo/Desktop/Code/Github/DawnBGC/Dawn/DawnGImbal/dawn_gimbal_math.c:297

    
    DeltaQ0 = (-(GimbalSystem.QuaternionPlane.q1) * (GimbalSystem.PlaneRadsCali.Data.X) - (GimbalSystem.QuaternionPlane.q2) * (GimbalSystem.PlaneRadsCali.Data.Y) - (GimbalSystem.QuaternionPlane.q3) * (GimbalSystem.PlaneRadsCali.Data.Z)) * half_dt;
 8024d12:	4b86      	ldr	r3, [pc, #536]	; (8024f2c <AttitudeUpdata+0x23c>)
 8024d14:	f8d3 30c4 	ldr.w	r3, [r3, #196]	; 0xc4
 8024d18:	f083 4300 	eor.w	r3, r3, #2147483648	; 0x80000000
 8024d1c:	4a83      	ldr	r2, [pc, #524]	; (8024f2c <AttitudeUpdata+0x23c>)
 8024d1e:	f8d2 2130 	ldr.w	r2, [r2, #304]	; 0x130
 8024d22:	4611      	mov	r1, r2
 8024d24:	4618      	mov	r0, r3
 8024d26:	f7fb ff5b 	bl	8020be0 <__aeabi_fmul>
 8024d2a:	4603      	mov	r3, r0
 8024d2c:	461c      	mov	r4, r3
 8024d2e:	4b7f      	ldr	r3, [pc, #508]	; (8024f2c <AttitudeUpdata+0x23c>)
 8024d30:	f8d3 30c8 	ldr.w	r3, [r3, #200]	; 0xc8
 8024d34:	4a7d      	ldr	r2, [pc, #500]	; (8024f2c <AttitudeUpdata+0x23c>)
 8024d36:	f8d2 2134 	ldr.w	r2, [r2, #308]	; 0x134
 8024d3a:	4611      	mov	r1, r2
 8024d3c:	4618      	mov	r0, r3
 8024d3e:	f7fb ff4f 	bl	8020be0 <__aeabi_fmul>
 8024d42:	4603      	mov	r3, r0
 8024d44:	4619      	mov	r1, r3
 8024d46:	4620      	mov	r0, r4
 8024d48:	f7fb fe40 	bl	80209cc <__aeabi_fsub>
 8024d4c:	4603      	mov	r3, r0
 8024d4e:	461c      	mov	r4, r3
 8024d50:	4b76      	ldr	r3, [pc, #472]	; (8024f2c <AttitudeUpdata+0x23c>)
 8024d52:	f8d3 30cc 	ldr.w	r3, [r3, #204]	; 0xcc
 8024d56:	4a75      	ldr	r2, [pc, #468]	; (8024f2c <AttitudeUpdata+0x23c>)
 8024d58:	f8d2 2138 	ldr.w	r2, [r2, #312]	; 0x138
 8024d5c:	4611      	mov	r1, r2
 8024d5e:	4618      	mov	r0, r3
 8024d60:	f7fb ff3e 	bl	8020be0 <__aeabi_fmul>
 8024d64:	4603      	mov	r3, r0
 8024d66:	4619      	mov	r1, r3
 8024d68:	4620      	mov	r0, r4
 8024d6a:	f7fb fe2f 	bl	80209cc <__aeabi_fsub>
 8024d6e:	4603      	mov	r3, r0
 8024d70:	4619      	mov	r1, r3
 8024d72:	6878      	ldr	r0, [r7, #4]
 8024d74:	f7fb ff34 	bl	8020be0 <__aeabi_fmul>
 8024d78:	4603      	mov	r3, r0
 8024d7a:	617b      	str	r3, [r7, #20]
C:/Users/leonardo/Desktop/Code/Github/DawnBGC/Dawn/DawnGImbal/dawn_gimbal_math.c:298
    DeltaQ1 = ((GimbalSystem.QuaternionPlane.q0) * (GimbalSystem.PlaneRadsCali.Data.X) + (GimbalSystem.QuaternionPlane.q2) * (GimbalSystem.PlaneRadsCali.Data.Z) - (GimbalSystem.QuaternionPlane.q3) * (GimbalSystem.PlaneRadsCali.Data.Y)) * half_dt;
 8024d7c:	4b6b      	ldr	r3, [pc, #428]	; (8024f2c <AttitudeUpdata+0x23c>)
 8024d7e:	f8d3 30c0 	ldr.w	r3, [r3, #192]	; 0xc0
 8024d82:	4a6a      	ldr	r2, [pc, #424]	; (8024f2c <AttitudeUpdata+0x23c>)
 8024d84:	f8d2 2130 	ldr.w	r2, [r2, #304]	; 0x130
 8024d88:	4611      	mov	r1, r2
 8024d8a:	4618      	mov	r0, r3
 8024d8c:	f7fb ff28 	bl	8020be0 <__aeabi_fmul>
 8024d90:	4603      	mov	r3, r0
 8024d92:	461c      	mov	r4, r3
 8024d94:	4b65      	ldr	r3, [pc, #404]	; (8024f2c <AttitudeUpdata+0x23c>)
 8024d96:	f8d3 30c8 	ldr.w	r3, [r3, #200]	; 0xc8
 8024d9a:	4a64      	ldr	r2, [pc, #400]	; (8024f2c <AttitudeUpdata+0x23c>)
 8024d9c:	f8d2 2138 	ldr.w	r2, [r2, #312]	; 0x138
 8024da0:	4611      	mov	r1, r2
 8024da2:	4618      	mov	r0, r3
 8024da4:	f7fb ff1c 	bl	8020be0 <__aeabi_fmul>
 8024da8:	4603      	mov	r3, r0
 8024daa:	4619      	mov	r1, r3
 8024dac:	4620      	mov	r0, r4
 8024dae:	f7fb fe0f 	bl	80209d0 <__addsf3>
 8024db2:	4603      	mov	r3, r0
 8024db4:	461c      	mov	r4, r3
 8024db6:	4b5d      	ldr	r3, [pc, #372]	; (8024f2c <AttitudeUpdata+0x23c>)
 8024db8:	f8d3 30cc 	ldr.w	r3, [r3, #204]	; 0xcc
 8024dbc:	4a5b      	ldr	r2, [pc, #364]	; (8024f2c <AttitudeUpdata+0x23c>)
 8024dbe:	f8d2 2134 	ldr.w	r2, [r2, #308]	; 0x134
 8024dc2:	4611      	mov	r1, r2
 8024dc4:	4618      	mov	r0, r3
 8024dc6:	f7fb ff0b 	bl	8020be0 <__aeabi_fmul>
 8024dca:	4603      	mov	r3, r0
 8024dcc:	4619      	mov	r1, r3
 8024dce:	4620      	mov	r0, r4
 8024dd0:	f7fb fdfc 	bl	80209cc <__aeabi_fsub>
 8024dd4:	4603      	mov	r3, r0
 8024dd6:	4619      	mov	r1, r3
 8024dd8:	6878      	ldr	r0, [r7, #4]
 8024dda:	f7fb ff01 	bl	8020be0 <__aeabi_fmul>
 8024dde:	4603      	mov	r3, r0
 8024de0:	613b      	str	r3, [r7, #16]
C:/Users/leonardo/Desktop/Code/Github/DawnBGC/Dawn/DawnGImbal/dawn_gimbal_math.c:299
    DeltaQ2 = ((GimbalSystem.QuaternionPlane.q0) * (GimbalSystem.PlaneRadsCali.Data.Y) - (GimbalSystem.QuaternionPlane.q1) * (GimbalSystem.PlaneRadsCali.Data.Z) + (GimbalSystem.QuaternionPlane.q3) * (GimbalSystem.PlaneRadsCali.Data.X)) * half_dt;
 8024de2:	4b52      	ldr	r3, [pc, #328]	; (8024f2c <AttitudeUpdata+0x23c>)
 8024de4:	f8d3 30c0 	ldr.w	r3, [r3, #192]	; 0xc0
 8024de8:	4a50      	ldr	r2, [pc, #320]	; (8024f2c <AttitudeUpdata+0x23c>)
 8024dea:	f8d2 2134 	ldr.w	r2, [r2, #308]	; 0x134
 8024dee:	4611      	mov	r1, r2
 8024df0:	4618      	mov	r0, r3
 8024df2:	f7fb fef5 	bl	8020be0 <__aeabi_fmul>
 8024df6:	4603      	mov	r3, r0
 8024df8:	461c      	mov	r4, r3
 8024dfa:	4b4c      	ldr	r3, [pc, #304]	; (8024f2c <AttitudeUpdata+0x23c>)
 8024dfc:	f8d3 30c4 	ldr.w	r3, [r3, #196]	; 0xc4
 8024e00:	4a4a      	ldr	r2, [pc, #296]	; (8024f2c <AttitudeUpdata+0x23c>)
 8024e02:	f8d2 2138 	ldr.w	r2, [r2, #312]	; 0x138
 8024e06:	4611      	mov	r1, r2
 8024e08:	4618      	mov	r0, r3
 8024e0a:	f7fb fee9 	bl	8020be0 <__aeabi_fmul>
 8024e0e:	4603      	mov	r3, r0
 8024e10:	4619      	mov	r1, r3
 8024e12:	4620      	mov	r0, r4
 8024e14:	f7fb fdda 	bl	80209cc <__aeabi_fsub>
 8024e18:	4603      	mov	r3, r0
 8024e1a:	461c      	mov	r4, r3
 8024e1c:	4b43      	ldr	r3, [pc, #268]	; (8024f2c <AttitudeUpdata+0x23c>)
 8024e1e:	f8d3 30cc 	ldr.w	r3, [r3, #204]	; 0xcc
 8024e22:	4a42      	ldr	r2, [pc, #264]	; (8024f2c <AttitudeUpdata+0x23c>)
 8024e24:	f8d2 2130 	ldr.w	r2, [r2, #304]	; 0x130
 8024e28:	4611      	mov	r1, r2
 8024e2a:	4618      	mov	r0, r3
 8024e2c:	f7fb fed8 	bl	8020be0 <__aeabi_fmul>
 8024e30:	4603      	mov	r3, r0
 8024e32:	4619      	mov	r1, r3
 8024e34:	4620      	mov	r0, r4
 8024e36:	f7fb fdcb 	bl	80209d0 <__addsf3>
 8024e3a:	4603      	mov	r3, r0
 8024e3c:	4619      	mov	r1, r3
 8024e3e:	6878      	ldr	r0, [r7, #4]
 8024e40:	f7fb fece 	bl	8020be0 <__aeabi_fmul>
 8024e44:	4603      	mov	r3, r0
 8024e46:	60fb      	str	r3, [r7, #12]
C:/Users/leonardo/Desktop/Code/Github/DawnBGC/Dawn/DawnGImbal/dawn_gimbal_math.c:300
    DeltaQ3 = ((GimbalSystem.QuaternionPlane.q0) * (GimbalSystem.PlaneRadsCali.Data.Z) + (GimbalSystem.QuaternionPlane.q1) * (GimbalSystem.PlaneRadsCali.Data.Y) - (GimbalSystem.QuaternionPlane.q2) * (GimbalSystem.PlaneRadsCali.Data.X)) * half_dt;
 8024e48:	4b38      	ldr	r3, [pc, #224]	; (8024f2c <AttitudeUpdata+0x23c>)
 8024e4a:	f8d3 30c0 	ldr.w	r3, [r3, #192]	; 0xc0
 8024e4e:	4a37      	ldr	r2, [pc, #220]	; (8024f2c <AttitudeUpdata+0x23c>)
 8024e50:	f8d2 2138 	ldr.w	r2, [r2, #312]	; 0x138
 8024e54:	4611      	mov	r1, r2
 8024e56:	4618      	mov	r0, r3
 8024e58:	f7fb fec2 	bl	8020be0 <__aeabi_fmul>
 8024e5c:	4603      	mov	r3, r0
 8024e5e:	461c      	mov	r4, r3
 8024e60:	4b32      	ldr	r3, [pc, #200]	; (8024f2c <AttitudeUpdata+0x23c>)
 8024e62:	f8d3 30c4 	ldr.w	r3, [r3, #196]	; 0xc4
 8024e66:	4a31      	ldr	r2, [pc, #196]	; (8024f2c <AttitudeUpdata+0x23c>)
 8024e68:	f8d2 2134 	ldr.w	r2, [r2, #308]	; 0x134
 8024e6c:	4611      	mov	r1, r2
 8024e6e:	4618      	mov	r0, r3
 8024e70:	f7fb feb6 	bl	8020be0 <__aeabi_fmul>
 8024e74:	4603      	mov	r3, r0
 8024e76:	4619      	mov	r1, r3
 8024e78:	4620      	mov	r0, r4
 8024e7a:	f7fb fda9 	bl	80209d0 <__addsf3>
 8024e7e:	4603      	mov	r3, r0
 8024e80:	461c      	mov	r4, r3
 8024e82:	4b2a      	ldr	r3, [pc, #168]	; (8024f2c <AttitudeUpdata+0x23c>)
 8024e84:	f8d3 30c8 	ldr.w	r3, [r3, #200]	; 0xc8
 8024e88:	4a28      	ldr	r2, [pc, #160]	; (8024f2c <AttitudeUpdata+0x23c>)
 8024e8a:	f8d2 2130 	ldr.w	r2, [r2, #304]	; 0x130
 8024e8e:	4611      	mov	r1, r2
 8024e90:	4618      	mov	r0, r3
 8024e92:	f7fb fea5 	bl	8020be0 <__aeabi_fmul>
 8024e96:	4603      	mov	r3, r0
 8024e98:	4619      	mov	r1, r3
 8024e9a:	4620      	mov	r0, r4
 8024e9c:	f7fb fd96 	bl	80209cc <__aeabi_fsub>
 8024ea0:	4603      	mov	r3, r0
 8024ea2:	4619      	mov	r1, r3
 8024ea4:	6878      	ldr	r0, [r7, #4]
 8024ea6:	f7fb fe9b 	bl	8020be0 <__aeabi_fmul>
 8024eaa:	4603      	mov	r3, r0
 8024eac:	60bb      	str	r3, [r7, #8]
C:/Users/leonardo/Desktop/Code/Github/DawnBGC/Dawn/DawnGImbal/dawn_gimbal_math.c:302

    GimbalSystem.QuaternionPlane.q0 += DeltaQ0;
 8024eae:	4b1f      	ldr	r3, [pc, #124]	; (8024f2c <AttitudeUpdata+0x23c>)
 8024eb0:	f8d3 30c0 	ldr.w	r3, [r3, #192]	; 0xc0
 8024eb4:	6979      	ldr	r1, [r7, #20]
 8024eb6:	4618      	mov	r0, r3
 8024eb8:	f7fb fd8a 	bl	80209d0 <__addsf3>
 8024ebc:	4603      	mov	r3, r0
 8024ebe:	461a      	mov	r2, r3
 8024ec0:	4b1a      	ldr	r3, [pc, #104]	; (8024f2c <AttitudeUpdata+0x23c>)
 8024ec2:	f8c3 20c0 	str.w	r2, [r3, #192]	; 0xc0
C:/Users/leonardo/Desktop/Code/Github/DawnBGC/Dawn/DawnGImbal/dawn_gimbal_math.c:303
    GimbalSystem.QuaternionPlane.q1 += DeltaQ1;
 8024ec6:	4b19      	ldr	r3, [pc, #100]	; (8024f2c <AttitudeUpdata+0x23c>)
 8024ec8:	f8d3 30c4 	ldr.w	r3, [r3, #196]	; 0xc4
 8024ecc:	6939      	ldr	r1, [r7, #16]
 8024ece:	4618      	mov	r0, r3
 8024ed0:	f7fb fd7e 	bl	80209d0 <__addsf3>
 8024ed4:	4603      	mov	r3, r0
 8024ed6:	461a      	mov	r2, r3
 8024ed8:	4b14      	ldr	r3, [pc, #80]	; (8024f2c <AttitudeUpdata+0x23c>)
 8024eda:	f8c3 20c4 	str.w	r2, [r3, #196]	; 0xc4
C:/Users/leonardo/Desktop/Code/Github/DawnBGC/Dawn/DawnGImbal/dawn_gimbal_math.c:304
    GimbalSystem.QuaternionPlane.q2 += DeltaQ2;
 8024ede:	4b13      	ldr	r3, [pc, #76]	; (8024f2c <AttitudeUpdata+0x23c>)
 8024ee0:	f8d3 30c8 	ldr.w	r3, [r3, #200]	; 0xc8
 8024ee4:	68f9      	ldr	r1, [r7, #12]
 8024ee6:	4618      	mov	r0, r3
 8024ee8:	f7fb fd72 	bl	80209d0 <__addsf3>
 8024eec:	4603      	mov	r3, r0
 8024eee:	461a      	mov	r2, r3
 8024ef0:	4b0e      	ldr	r3, [pc, #56]	; (8024f2c <AttitudeUpdata+0x23c>)
 8024ef2:	f8c3 20c8 	str.w	r2, [r3, #200]	; 0xc8
C:/Users/leonardo/Desktop/Code/Github/DawnBGC/Dawn/DawnGImbal/dawn_gimbal_math.c:305
    GimbalSystem.QuaternionPlane.q3 += DeltaQ3;
 8024ef6:	4b0d      	ldr	r3, [pc, #52]	; (8024f2c <AttitudeUpdata+0x23c>)
 8024ef8:	f8d3 30cc 	ldr.w	r3, [r3, #204]	; 0xcc
 8024efc:	68b9      	ldr	r1, [r7, #8]
 8024efe:	4618      	mov	r0, r3
 8024f00:	f7fb fd66 	bl	80209d0 <__addsf3>
 8024f04:	4603      	mov	r3, r0
 8024f06:	461a      	mov	r2, r3
 8024f08:	4b08      	ldr	r3, [pc, #32]	; (8024f2c <AttitudeUpdata+0x23c>)
 8024f0a:	f8c3 20cc 	str.w	r2, [r3, #204]	; 0xcc
C:/Users/leonardo/Desktop/Code/Github/DawnBGC/Dawn/DawnGImbal/dawn_gimbal_math.c:308

    
    QuatNormalize(&GimbalSystem.QuaternionPlane, &GimbalSystem.QuaternionPlane);
 8024f0e:	4908      	ldr	r1, [pc, #32]	; (8024f30 <AttitudeUpdata+0x240>)
 8024f10:	4807      	ldr	r0, [pc, #28]	; (8024f30 <AttitudeUpdata+0x240>)
 8024f12:	f7ff fcb7 	bl	8024884 <QuatNormalize>
C:/Users/leonardo/Desktop/Code/Github/DawnBGC/Dawn/DawnGImbal/dawn_gimbal_math.c:311

    
    Quat2Euler(&GimbalSystem.QuaternionPlane, &GimbalSystem.GeoEulerQuat);
 8024f16:	4907      	ldr	r1, [pc, #28]	; (8024f34 <AttitudeUpdata+0x244>)
 8024f18:	4805      	ldr	r0, [pc, #20]	; (8024f30 <AttitudeUpdata+0x240>)
 8024f1a:	f7ff fb3b 	bl	8024594 <Quat2Euler>
C:/Users/leonardo/Desktop/Code/Github/DawnBGC/Dawn/DawnGImbal/dawn_gimbal_math.c:312
}
 8024f1e:	bf00      	nop
 8024f20:	371c      	adds	r7, #28
 8024f22:	46bd      	mov	sp, r7
 8024f24:	bd90      	pop	{r4, r7, pc}
 8024f26:	bf00      	nop
 8024f28:	3903126f 	.word	0x3903126f
 8024f2c:	20000000 	.word	0x20000000
 8024f30:	200000c0 	.word	0x200000c0
 8024f34:	20000080 	.word	0x20000080

08024f38 <PidControl>:
PidControl():
C:/Users/leonardo/Desktop/Code/Github/DawnBGC/Dawn/DawnGImbal/dawn_gimbal_math.c:357
    Pid->OutLimitMin = LimitMin;
    Pid->OutLimitMax = LimitMax;
}

float PidControl(float LimitMax, PidStruct *Pid)
{
 8024f38:	b590      	push	{r4, r7, lr}
 8024f3a:	b089      	sub	sp, #36	; 0x24
 8024f3c:	af00      	add	r7, sp, #0
 8024f3e:	6078      	str	r0, [r7, #4]
 8024f40:	6039      	str	r1, [r7, #0]
C:/Users/leonardo/Desktop/Code/Github/DawnBGC/Dawn/DawnGImbal/dawn_gimbal_math.c:358
    float ProportionalTerm = 0.0f, IntegralTerm = 0.0f, IntegralSumTemp = 0.0f, Out = 0.0f;
 8024f42:	f04f 0300 	mov.w	r3, #0
 8024f46:	61bb      	str	r3, [r7, #24]
 8024f48:	f04f 0300 	mov.w	r3, #0
 8024f4c:	617b      	str	r3, [r7, #20]
 8024f4e:	f04f 0300 	mov.w	r3, #0
 8024f52:	613b      	str	r3, [r7, #16]
 8024f54:	f04f 0300 	mov.w	r3, #0
 8024f58:	61fb      	str	r3, [r7, #28]
C:/Users/leonardo/Desktop/Code/Github/DawnBGC/Dawn/DawnGImbal/dawn_gimbal_math.c:359
    float FiffTerm = 0.0f, DeltaLimitMax = 0.0f;
 8024f5a:	f04f 0300 	mov.w	r3, #0
 8024f5e:	60fb      	str	r3, [r7, #12]
 8024f60:	f04f 0300 	mov.w	r3, #0
 8024f64:	60bb      	str	r3, [r7, #8]
C:/Users/leonardo/Desktop/Code/Github/DawnBGC/Dawn/DawnGImbal/dawn_gimbal_math.c:362

    
    ProportionalTerm = (Pid->Kp) * LimitMax;
 8024f66:	683b      	ldr	r3, [r7, #0]
 8024f68:	681b      	ldr	r3, [r3, #0]
 8024f6a:	4619      	mov	r1, r3
 8024f6c:	6878      	ldr	r0, [r7, #4]
 8024f6e:	f7fb fe37 	bl	8020be0 <__aeabi_fmul>
 8024f72:	4603      	mov	r3, r0
 8024f74:	61bb      	str	r3, [r7, #24]
C:/Users/leonardo/Desktop/Code/Github/DawnBGC/Dawn/DawnGImbal/dawn_gimbal_math.c:365

    
    if((Pid->Ki) == 0)
 8024f76:	683b      	ldr	r3, [r7, #0]
 8024f78:	685b      	ldr	r3, [r3, #4]
 8024f7a:	f04f 0100 	mov.w	r1, #0
 8024f7e:	4618      	mov	r0, r3
 8024f80:	f7fb ffc2 	bl	8020f08 <__aeabi_fcmpeq>
 8024f84:	4603      	mov	r3, r0
 8024f86:	2b00      	cmp	r3, #0
 8024f88:	d004      	beq.n	8024f94 <PidControl+0x5c>
C:/Users/leonardo/Desktop/Code/Github/DawnBGC/Dawn/DawnGImbal/dawn_gimbal_math.c:367
    {
        Pid->Integral = 0;
 8024f8a:	683b      	ldr	r3, [r7, #0]
 8024f8c:	f04f 0200 	mov.w	r2, #0
 8024f90:	609a      	str	r2, [r3, #8]
 8024f92:	e02e      	b.n	8024ff2 <PidControl+0xba>
C:/Users/leonardo/Desktop/Code/Github/DawnBGC/Dawn/DawnGImbal/dawn_gimbal_math.c:371
    }
    else
    {
        IntegralTerm = (Pid->Ki) * LimitMax;
 8024f94:	683b      	ldr	r3, [r7, #0]
 8024f96:	685b      	ldr	r3, [r3, #4]
 8024f98:	4619      	mov	r1, r3
 8024f9a:	6878      	ldr	r0, [r7, #4]
 8024f9c:	f7fb fe20 	bl	8020be0 <__aeabi_fmul>
 8024fa0:	4603      	mov	r3, r0
 8024fa2:	617b      	str	r3, [r7, #20]
C:/Users/leonardo/Desktop/Code/Github/DawnBGC/Dawn/DawnGImbal/dawn_gimbal_math.c:372
        IntegralSumTemp = (Pid->Integral) + IntegralTerm;
 8024fa4:	683b      	ldr	r3, [r7, #0]
 8024fa6:	689b      	ldr	r3, [r3, #8]
 8024fa8:	4619      	mov	r1, r3
 8024faa:	6978      	ldr	r0, [r7, #20]
 8024fac:	f7fb fd10 	bl	80209d0 <__addsf3>
 8024fb0:	4603      	mov	r3, r0
 8024fb2:	613b      	str	r3, [r7, #16]
C:/Users/leonardo/Desktop/Code/Github/DawnBGC/Dawn/DawnGImbal/dawn_gimbal_math.c:375

        
        if(IntegralSumTemp > (Pid->IntegralMax))
 8024fb4:	683b      	ldr	r3, [r7, #0]
 8024fb6:	691b      	ldr	r3, [r3, #16]
 8024fb8:	4619      	mov	r1, r3
 8024fba:	6938      	ldr	r0, [r7, #16]
 8024fbc:	f7fb ffcc 	bl	8020f58 <__aeabi_fcmpgt>
 8024fc0:	4603      	mov	r3, r0
 8024fc2:	2b00      	cmp	r3, #0
 8024fc4:	d004      	beq.n	8024fd0 <PidControl+0x98>
C:/Users/leonardo/Desktop/Code/Github/DawnBGC/Dawn/DawnGImbal/dawn_gimbal_math.c:377
        {
            Pid->Integral = Pid->IntegralMax;
 8024fc6:	683b      	ldr	r3, [r7, #0]
 8024fc8:	691a      	ldr	r2, [r3, #16]
 8024fca:	683b      	ldr	r3, [r7, #0]
 8024fcc:	609a      	str	r2, [r3, #8]
 8024fce:	e010      	b.n	8024ff2 <PidControl+0xba>
C:/Users/leonardo/Desktop/Code/Github/DawnBGC/Dawn/DawnGImbal/dawn_gimbal_math.c:379
        }
        else if (IntegralSumTemp < (Pid->IntegralMin))
 8024fd0:	683b      	ldr	r3, [r7, #0]
 8024fd2:	68db      	ldr	r3, [r3, #12]
 8024fd4:	4619      	mov	r1, r3
 8024fd6:	6938      	ldr	r0, [r7, #16]
 8024fd8:	f7fb ffa0 	bl	8020f1c <__aeabi_fcmplt>
 8024fdc:	4603      	mov	r3, r0
 8024fde:	2b00      	cmp	r3, #0
 8024fe0:	d004      	beq.n	8024fec <PidControl+0xb4>
C:/Users/leonardo/Desktop/Code/Github/DawnBGC/Dawn/DawnGImbal/dawn_gimbal_math.c:381
        {
            Pid->Integral = Pid->IntegralMin;
 8024fe2:	683b      	ldr	r3, [r7, #0]
 8024fe4:	68da      	ldr	r2, [r3, #12]
 8024fe6:	683b      	ldr	r3, [r7, #0]
 8024fe8:	609a      	str	r2, [r3, #8]
 8024fea:	e002      	b.n	8024ff2 <PidControl+0xba>
C:/Users/leonardo/Desktop/Code/Github/DawnBGC/Dawn/DawnGImbal/dawn_gimbal_math.c:385
        }
        else
        {
            Pid->Integral = IntegralSumTemp;
 8024fec:	683b      	ldr	r3, [r7, #0]
 8024fee:	693a      	ldr	r2, [r7, #16]
 8024ff0:	609a      	str	r2, [r3, #8]
C:/Users/leonardo/Desktop/Code/Github/DawnBGC/Dawn/DawnGImbal/dawn_gimbal_math.c:390
        }
    }

    
    LimitMax = ((Pid->FliterCoef) * (Pid->OldError) + (1.0f - (Pid->FliterCoef)) * LimitMax);
 8024ff2:	683b      	ldr	r3, [r7, #0]
 8024ff4:	6a5a      	ldr	r2, [r3, #36]	; 0x24
 8024ff6:	683b      	ldr	r3, [r7, #0]
 8024ff8:	6a1b      	ldr	r3, [r3, #32]
 8024ffa:	4619      	mov	r1, r3
 8024ffc:	4610      	mov	r0, r2
 8024ffe:	f7fb fdef 	bl	8020be0 <__aeabi_fmul>
 8025002:	4603      	mov	r3, r0
 8025004:	461c      	mov	r4, r3
 8025006:	683b      	ldr	r3, [r7, #0]
 8025008:	6a5b      	ldr	r3, [r3, #36]	; 0x24
 802500a:	4619      	mov	r1, r3
 802500c:	f04f 507e 	mov.w	r0, #1065353216	; 0x3f800000
 8025010:	f7fb fcdc 	bl	80209cc <__aeabi_fsub>
 8025014:	4603      	mov	r3, r0
 8025016:	6879      	ldr	r1, [r7, #4]
 8025018:	4618      	mov	r0, r3
 802501a:	f7fb fde1 	bl	8020be0 <__aeabi_fmul>
 802501e:	4603      	mov	r3, r0
 8025020:	4619      	mov	r1, r3
 8025022:	4620      	mov	r0, r4
 8025024:	f7fb fcd4 	bl	80209d0 <__addsf3>
 8025028:	4603      	mov	r3, r0
 802502a:	607b      	str	r3, [r7, #4]
C:/Users/leonardo/Desktop/Code/Github/DawnBGC/Dawn/DawnGImbal/dawn_gimbal_math.c:391
    DeltaLimitMax = LimitMax - (Pid->OldError);
 802502c:	683b      	ldr	r3, [r7, #0]
 802502e:	6a1b      	ldr	r3, [r3, #32]
 8025030:	4619      	mov	r1, r3
 8025032:	6878      	ldr	r0, [r7, #4]
 8025034:	f7fb fcca 	bl	80209cc <__aeabi_fsub>
 8025038:	4603      	mov	r3, r0
 802503a:	60bb      	str	r3, [r7, #8]
C:/Users/leonardo/Desktop/Code/Github/DawnBGC/Dawn/DawnGImbal/dawn_gimbal_math.c:392
    FiffTerm = (Pid->Kd) * DeltaLimitMax;
 802503c:	683b      	ldr	r3, [r7, #0]
 802503e:	69db      	ldr	r3, [r3, #28]
 8025040:	4619      	mov	r1, r3
 8025042:	68b8      	ldr	r0, [r7, #8]
 8025044:	f7fb fdcc 	bl	8020be0 <__aeabi_fmul>
 8025048:	4603      	mov	r3, r0
 802504a:	60fb      	str	r3, [r7, #12]
C:/Users/leonardo/Desktop/Code/Github/DawnBGC/Dawn/DawnGImbal/dawn_gimbal_math.c:393
    Pid->OldError = LimitMax;
 802504c:	683b      	ldr	r3, [r7, #0]
 802504e:	687a      	ldr	r2, [r7, #4]
 8025050:	621a      	str	r2, [r3, #32]
C:/Users/leonardo/Desktop/Code/Github/DawnBGC/Dawn/DawnGImbal/dawn_gimbal_math.c:396

    
    Out = ProportionalTerm + (Pid->Integral) + FiffTerm;
 8025052:	683b      	ldr	r3, [r7, #0]
 8025054:	689b      	ldr	r3, [r3, #8]
 8025056:	69b9      	ldr	r1, [r7, #24]
 8025058:	4618      	mov	r0, r3
 802505a:	f7fb fcb9 	bl	80209d0 <__addsf3>
 802505e:	4603      	mov	r3, r0
 8025060:	4619      	mov	r1, r3
 8025062:	68f8      	ldr	r0, [r7, #12]
 8025064:	f7fb fcb4 	bl	80209d0 <__addsf3>
 8025068:	4603      	mov	r3, r0
 802506a:	61fb      	str	r3, [r7, #28]
C:/Users/leonardo/Desktop/Code/Github/DawnBGC/Dawn/DawnGImbal/dawn_gimbal_math.c:399

    
    if(Out > (Pid->OutLimitMax))
 802506c:	683b      	ldr	r3, [r7, #0]
 802506e:	699b      	ldr	r3, [r3, #24]
 8025070:	4619      	mov	r1, r3
 8025072:	69f8      	ldr	r0, [r7, #28]
 8025074:	f7fb ff70 	bl	8020f58 <__aeabi_fcmpgt>
 8025078:	4603      	mov	r3, r0
 802507a:	2b00      	cmp	r3, #0
 802507c:	d003      	beq.n	8025086 <PidControl+0x14e>
C:/Users/leonardo/Desktop/Code/Github/DawnBGC/Dawn/DawnGImbal/dawn_gimbal_math.c:401
    {
        Out = Pid->OutLimitMax;
 802507e:	683b      	ldr	r3, [r7, #0]
 8025080:	699b      	ldr	r3, [r3, #24]
 8025082:	61fb      	str	r3, [r7, #28]
 8025084:	e00b      	b.n	802509e <PidControl+0x166>
C:/Users/leonardo/Desktop/Code/Github/DawnBGC/Dawn/DawnGImbal/dawn_gimbal_math.c:403
    }
    else if(Out < (Pid->OutLimitMin))
 8025086:	683b      	ldr	r3, [r7, #0]
 8025088:	695b      	ldr	r3, [r3, #20]
 802508a:	4619      	mov	r1, r3
 802508c:	69f8      	ldr	r0, [r7, #28]
 802508e:	f7fb ff45 	bl	8020f1c <__aeabi_fcmplt>
 8025092:	4603      	mov	r3, r0
 8025094:	2b00      	cmp	r3, #0
 8025096:	d002      	beq.n	802509e <PidControl+0x166>
C:/Users/leonardo/Desktop/Code/Github/DawnBGC/Dawn/DawnGImbal/dawn_gimbal_math.c:405
    {
        Out = Pid->OutLimitMin;
 8025098:	683b      	ldr	r3, [r7, #0]
 802509a:	695b      	ldr	r3, [r3, #20]
 802509c:	61fb      	str	r3, [r7, #28]
C:/Users/leonardo/Desktop/Code/Github/DawnBGC/Dawn/DawnGImbal/dawn_gimbal_math.c:408
    }

    return Out;
 802509e:	69fb      	ldr	r3, [r7, #28]
C:/Users/leonardo/Desktop/Code/Github/DawnBGC/Dawn/DawnGImbal/dawn_gimbal_math.c:409
}
 80250a0:	4618      	mov	r0, r3
 80250a2:	3724      	adds	r7, #36	; 0x24
 80250a4:	46bd      	mov	sp, r7
 80250a6:	bd90      	pop	{r4, r7, pc}

080250a8 <SPI0ReadWriteBytes>:
SPI0ReadWriteBytes():
C:/Users/leonardo/Desktop/Code/Github/DawnBGC/Dawn/DawnDevice/icm206xx.c:76
{
    0xbb, 0xff, 0xff, 0xff, 0xff, 0xff, 0xff, 0xff, 0xff, 0xff, 0xff, 0xff, 0xff, 0xff, 0xff
};

static uint8_t SPI0ReadWriteBytes(uint8_t TxData)
{
 80250a8:	b580      	push	{r7, lr}
 80250aa:	b084      	sub	sp, #16
 80250ac:	af00      	add	r7, sp, #0
 80250ae:	4603      	mov	r3, r0
 80250b0:	71fb      	strb	r3, [r7, #7]
C:/Users/leonardo/Desktop/Code/Github/DawnBGC/Dawn/DawnDevice/icm206xx.c:77
    uint16_t i = 0;
 80250b2:	2300      	movs	r3, #0
 80250b4:	81fb      	strh	r3, [r7, #14]
C:/Users/leonardo/Desktop/Code/Github/DawnBGC/Dawn/DawnDevice/icm206xx.c:79
    
    while(spi_i2s_flag_get(SPI0, SPI_FLAG_TBE) == RESET)
 80250b6:	e009      	b.n	80250cc <SPI0ReadWriteBytes+0x24>
C:/Users/leonardo/Desktop/Code/Github/DawnBGC/Dawn/DawnDevice/icm206xx.c:81
    {
        i++;
 80250b8:	89fb      	ldrh	r3, [r7, #14]
 80250ba:	3301      	adds	r3, #1
 80250bc:	81fb      	strh	r3, [r7, #14]
C:/Users/leonardo/Desktop/Code/Github/DawnBGC/Dawn/DawnDevice/icm206xx.c:82
        if(i > 5000)
 80250be:	89fb      	ldrh	r3, [r7, #14]
 80250c0:	f241 3288 	movw	r2, #5000	; 0x1388
 80250c4:	4293      	cmp	r3, r2
 80250c6:	d901      	bls.n	80250cc <SPI0ReadWriteBytes+0x24>
C:/Users/leonardo/Desktop/Code/Github/DawnBGC/Dawn/DawnDevice/icm206xx.c:84
        {
            return 0;
 80250c8:	2300      	movs	r3, #0
 80250ca:	e025      	b.n	8025118 <SPI0ReadWriteBytes+0x70>
C:/Users/leonardo/Desktop/Code/Github/DawnBGC/Dawn/DawnDevice/icm206xx.c:79
    while(spi_i2s_flag_get(SPI0, SPI_FLAG_TBE) == RESET)
 80250cc:	2102      	movs	r1, #2
 80250ce:	4814      	ldr	r0, [pc, #80]	; (8025120 <SPI0ReadWriteBytes+0x78>)
 80250d0:	f7fd f9b2 	bl	8022438 <spi_i2s_flag_get>
 80250d4:	4603      	mov	r3, r0
 80250d6:	2b00      	cmp	r3, #0
 80250d8:	d0ee      	beq.n	80250b8 <SPI0ReadWriteBytes+0x10>
C:/Users/leonardo/Desktop/Code/Github/DawnBGC/Dawn/DawnDevice/icm206xx.c:87
        }
    };
    spi_i2s_data_transmit(SPI0, TxData);
 80250da:	79fb      	ldrb	r3, [r7, #7]
 80250dc:	b29b      	uxth	r3, r3
 80250de:	4619      	mov	r1, r3
 80250e0:	480f      	ldr	r0, [pc, #60]	; (8025120 <SPI0ReadWriteBytes+0x78>)
 80250e2:	f7fd f98c 	bl	80223fe <spi_i2s_data_transmit>
C:/Users/leonardo/Desktop/Code/Github/DawnBGC/Dawn/DawnDevice/icm206xx.c:89
        
    i = 0;
 80250e6:	2300      	movs	r3, #0
 80250e8:	81fb      	strh	r3, [r7, #14]
C:/Users/leonardo/Desktop/Code/Github/DawnBGC/Dawn/DawnDevice/icm206xx.c:90
    while(spi_i2s_flag_get(SPI0, SPI_FLAG_RBNE) == RESET)
 80250ea:	e009      	b.n	8025100 <SPI0ReadWriteBytes+0x58>
C:/Users/leonardo/Desktop/Code/Github/DawnBGC/Dawn/DawnDevice/icm206xx.c:92
    {
        i++;
 80250ec:	89fb      	ldrh	r3, [r7, #14]
 80250ee:	3301      	adds	r3, #1
 80250f0:	81fb      	strh	r3, [r7, #14]
C:/Users/leonardo/Desktop/Code/Github/DawnBGC/Dawn/DawnDevice/icm206xx.c:93
        if(i > 5000)
 80250f2:	89fb      	ldrh	r3, [r7, #14]
 80250f4:	f241 3288 	movw	r2, #5000	; 0x1388
 80250f8:	4293      	cmp	r3, r2
 80250fa:	d901      	bls.n	8025100 <SPI0ReadWriteBytes+0x58>
C:/Users/leonardo/Desktop/Code/Github/DawnBGC/Dawn/DawnDevice/icm206xx.c:95
        {
            return 0;
 80250fc:	2300      	movs	r3, #0
 80250fe:	e00b      	b.n	8025118 <SPI0ReadWriteBytes+0x70>
C:/Users/leonardo/Desktop/Code/Github/DawnBGC/Dawn/DawnDevice/icm206xx.c:90
    while(spi_i2s_flag_get(SPI0, SPI_FLAG_RBNE) == RESET)
 8025100:	2101      	movs	r1, #1
 8025102:	4807      	ldr	r0, [pc, #28]	; (8025120 <SPI0ReadWriteBytes+0x78>)
 8025104:	f7fd f998 	bl	8022438 <spi_i2s_flag_get>
 8025108:	4603      	mov	r3, r0
 802510a:	2b00      	cmp	r3, #0
 802510c:	d0ee      	beq.n	80250ec <SPI0ReadWriteBytes+0x44>
C:/Users/leonardo/Desktop/Code/Github/DawnBGC/Dawn/DawnDevice/icm206xx.c:99
        }
    };

    return spi_i2s_data_receive(SPI0);
 802510e:	4804      	ldr	r0, [pc, #16]	; (8025120 <SPI0ReadWriteBytes+0x78>)
 8025110:	f7fd f985 	bl	802241e <spi_i2s_data_receive>
 8025114:	4603      	mov	r3, r0
 8025116:	b2db      	uxtb	r3, r3
C:/Users/leonardo/Desktop/Code/Github/DawnBGC/Dawn/DawnDevice/icm206xx.c:100
}
 8025118:	4618      	mov	r0, r3
 802511a:	3710      	adds	r7, #16
 802511c:	46bd      	mov	sp, r7
 802511e:	bd80      	pop	{r7, pc}
 8025120:	40013000 	.word	0x40013000

08025124 <Icm206XXWriteByte>:
Icm206XXWriteByte():
C:/Users/leonardo/Desktop/Code/Github/DawnBGC/Dawn/DawnDevice/icm206xx.c:103

static void Icm206XXWriteByte(uint8_t add, uint8_t TxData)
{
 8025124:	b580      	push	{r7, lr}
 8025126:	b082      	sub	sp, #8
 8025128:	af00      	add	r7, sp, #0
 802512a:	4603      	mov	r3, r0
 802512c:	460a      	mov	r2, r1
 802512e:	71fb      	strb	r3, [r7, #7]
 8025130:	4613      	mov	r3, r2
 8025132:	71bb      	strb	r3, [r7, #6]
C:/Users/leonardo/Desktop/Code/Github/DawnBGC/Dawn/DawnDevice/icm206xx.c:104
    ICM206XX_CS_LOW();
 8025134:	2104      	movs	r1, #4
 8025136:	4809      	ldr	r0, [pc, #36]	; (802515c <Icm206XXWriteByte+0x38>)
 8025138:	f7fd fc5f 	bl	80229fa <gpio_bit_reset>
C:/Users/leonardo/Desktop/Code/Github/DawnBGC/Dawn/DawnDevice/icm206xx.c:105
    SPI0ReadWriteBytes(add);
 802513c:	79fb      	ldrb	r3, [r7, #7]
 802513e:	4618      	mov	r0, r3
 8025140:	f7ff ffb2 	bl	80250a8 <SPI0ReadWriteBytes>
C:/Users/leonardo/Desktop/Code/Github/DawnBGC/Dawn/DawnDevice/icm206xx.c:106
    SPI0ReadWriteBytes(TxData);
 8025144:	79bb      	ldrb	r3, [r7, #6]
 8025146:	4618      	mov	r0, r3
 8025148:	f7ff ffae 	bl	80250a8 <SPI0ReadWriteBytes>
C:/Users/leonardo/Desktop/Code/Github/DawnBGC/Dawn/DawnDevice/icm206xx.c:107
    ICM206XX_CS_HIGH();
 802514c:	2104      	movs	r1, #4
 802514e:	4803      	ldr	r0, [pc, #12]	; (802515c <Icm206XXWriteByte+0x38>)
 8025150:	f7fd fc44 	bl	80229dc <gpio_bit_set>
C:/Users/leonardo/Desktop/Code/Github/DawnBGC/Dawn/DawnDevice/icm206xx.c:108
}
 8025154:	bf00      	nop
 8025156:	3708      	adds	r7, #8
 8025158:	46bd      	mov	sp, r7
 802515a:	bd80      	pop	{r7, pc}
 802515c:	40020c00 	.word	0x40020c00

08025160 <Icm206XXReadByte>:
Icm206XXReadByte():
C:/Users/leonardo/Desktop/Code/Github/DawnBGC/Dawn/DawnDevice/icm206xx.c:111

static uint8_t Icm206XXReadByte(uint8_t add)
{
 8025160:	b580      	push	{r7, lr}
 8025162:	b084      	sub	sp, #16
 8025164:	af00      	add	r7, sp, #0
 8025166:	4603      	mov	r3, r0
 8025168:	71fb      	strb	r3, [r7, #7]
C:/Users/leonardo/Desktop/Code/Github/DawnBGC/Dawn/DawnDevice/icm206xx.c:112
    uint8_t data = 0;
 802516a:	2300      	movs	r3, #0
 802516c:	73fb      	strb	r3, [r7, #15]
C:/Users/leonardo/Desktop/Code/Github/DawnBGC/Dawn/DawnDevice/icm206xx.c:114
    
    ICM206XX_CS_LOW();
 802516e:	2104      	movs	r1, #4
 8025170:	480b      	ldr	r0, [pc, #44]	; (80251a0 <Icm206XXReadByte+0x40>)
 8025172:	f7fd fc42 	bl	80229fa <gpio_bit_reset>
C:/Users/leonardo/Desktop/Code/Github/DawnBGC/Dawn/DawnDevice/icm206xx.c:115
    SPI0ReadWriteBytes(0x80|add);
 8025176:	79fb      	ldrb	r3, [r7, #7]
 8025178:	f063 037f 	orn	r3, r3, #127	; 0x7f
 802517c:	b2db      	uxtb	r3, r3
 802517e:	4618      	mov	r0, r3
 8025180:	f7ff ff92 	bl	80250a8 <SPI0ReadWriteBytes>
C:/Users/leonardo/Desktop/Code/Github/DawnBGC/Dawn/DawnDevice/icm206xx.c:116
    data = SPI0ReadWriteBytes(0xff);
 8025184:	20ff      	movs	r0, #255	; 0xff
 8025186:	f7ff ff8f 	bl	80250a8 <SPI0ReadWriteBytes>
 802518a:	4603      	mov	r3, r0
 802518c:	73fb      	strb	r3, [r7, #15]
C:/Users/leonardo/Desktop/Code/Github/DawnBGC/Dawn/DawnDevice/icm206xx.c:117
    ICM206XX_CS_HIGH();
 802518e:	2104      	movs	r1, #4
 8025190:	4803      	ldr	r0, [pc, #12]	; (80251a0 <Icm206XXReadByte+0x40>)
 8025192:	f7fd fc23 	bl	80229dc <gpio_bit_set>
C:/Users/leonardo/Desktop/Code/Github/DawnBGC/Dawn/DawnDevice/icm206xx.c:119

    return data;
 8025196:	7bfb      	ldrb	r3, [r7, #15]
C:/Users/leonardo/Desktop/Code/Github/DawnBGC/Dawn/DawnDevice/icm206xx.c:120
}
 8025198:	4618      	mov	r0, r3
 802519a:	3710      	adds	r7, #16
 802519c:	46bd      	mov	sp, r7
 802519e:	bd80      	pop	{r7, pc}
 80251a0:	40020c00 	.word	0x40020c00

080251a4 <Icm206XXInit>:
Icm206XXInit():
C:/Users/leonardo/Desktop/Code/Github/DawnBGC/Dawn/DawnDevice/icm206xx.c:124

uint8_t icA206xx_debug_data = 0;
void Icm206XXInit(void)
{
 80251a4:	b5b0      	push	{r4, r5, r7, lr}
 80251a6:	b09c      	sub	sp, #112	; 0x70
 80251a8:	af08      	add	r7, sp, #32
C:/Users/leonardo/Desktop/Code/Github/DawnBGC/Dawn/DawnDevice/icm206xx.c:129
    timer_parameter_struct timer_initpara;
    spi_parameter_struct spi_init_struct;
    dma_single_data_parameter_struct dma_init_struct;
    
    rcu_periph_clock_enable(RCU_GPIOD);
 80251aa:	f640 4003 	movw	r0, #3075	; 0xc03
 80251ae:	f7fd f96d 	bl	802248c <rcu_periph_clock_enable>
C:/Users/leonardo/Desktop/Code/Github/DawnBGC/Dawn/DawnDevice/icm206xx.c:130
    rcu_periph_clock_enable(RCU_GPIOB);
 80251b2:	f640 4001 	movw	r0, #3073	; 0xc01
 80251b6:	f7fd f969 	bl	802248c <rcu_periph_clock_enable>
C:/Users/leonardo/Desktop/Code/Github/DawnBGC/Dawn/DawnDevice/icm206xx.c:131
    rcu_periph_clock_enable(RCU_GPIOC);
 80251ba:	f640 4002 	movw	r0, #3074	; 0xc02
 80251be:	f7fd f965 	bl	802248c <rcu_periph_clock_enable>
C:/Users/leonardo/Desktop/Code/Github/DawnBGC/Dawn/DawnDevice/icm206xx.c:132
    rcu_periph_clock_enable(RCU_SPI0);
 80251c2:	f241 100c 	movw	r0, #4364	; 0x110c
 80251c6:	f7fd f961 	bl	802248c <rcu_periph_clock_enable>
C:/Users/leonardo/Desktop/Code/Github/DawnBGC/Dawn/DawnDevice/icm206xx.c:133
    rcu_periph_clock_enable(RCU_DMA1);
 80251ca:	f640 4016 	movw	r0, #3094	; 0xc16
 80251ce:	f7fd f95d 	bl	802248c <rcu_periph_clock_enable>
C:/Users/leonardo/Desktop/Code/Github/DawnBGC/Dawn/DawnDevice/icm206xx.c:134
    rcu_periph_clock_enable(RCU_TIMER12);
 80251d2:	f241 0007 	movw	r0, #4103	; 0x1007
 80251d6:	f7fd f959 	bl	802248c <rcu_periph_clock_enable>
C:/Users/leonardo/Desktop/Code/Github/DawnBGC/Dawn/DawnDevice/icm206xx.c:135
    rcu_timer_clock_prescaler_config(RCU_TIMER_PSC_MUL4);
 80251da:	f04f 7080 	mov.w	r0, #16777216	; 0x1000000
 80251de:	f7fd f9bd 	bl	802255c <rcu_timer_clock_prescaler_config>
C:/Users/leonardo/Desktop/Code/Github/DawnBGC/Dawn/DawnDevice/icm206xx.c:138
    
    
    gpio_af_set(GPIOB, GPIO_AF_5, GPIO_PIN_3|GPIO_PIN_4| GPIO_PIN_5);
 80251e2:	2238      	movs	r2, #56	; 0x38
 80251e4:	2105      	movs	r1, #5
 80251e6:	48a6      	ldr	r0, [pc, #664]	; (8025480 <Icm206XXInit+0x2dc>)
 80251e8:	f7fd fc16 	bl	8022a18 <gpio_af_set>
C:/Users/leonardo/Desktop/Code/Github/DawnBGC/Dawn/DawnDevice/icm206xx.c:139
    gpio_mode_set(GPIOB, GPIO_MODE_AF, GPIO_PUPD_PULLUP, GPIO_PIN_3|GPIO_PIN_4| GPIO_PIN_5);
 80251ec:	2338      	movs	r3, #56	; 0x38
 80251ee:	2201      	movs	r2, #1
 80251f0:	2102      	movs	r1, #2
 80251f2:	48a3      	ldr	r0, [pc, #652]	; (8025480 <Icm206XXInit+0x2dc>)
 80251f4:	f7fd fb58 	bl	80228a8 <gpio_mode_set>
C:/Users/leonardo/Desktop/Code/Github/DawnBGC/Dawn/DawnDevice/icm206xx.c:140
    gpio_output_options_set(GPIOB, GPIO_OTYPE_PP, GPIO_OSPEED_200MHZ, GPIO_PIN_3|GPIO_PIN_4| GPIO_PIN_5);
 80251f8:	2338      	movs	r3, #56	; 0x38
 80251fa:	2203      	movs	r2, #3
 80251fc:	2100      	movs	r1, #0
 80251fe:	48a0      	ldr	r0, [pc, #640]	; (8025480 <Icm206XXInit+0x2dc>)
 8025200:	f7fd fb9f 	bl	8022942 <gpio_output_options_set>
C:/Users/leonardo/Desktop/Code/Github/DawnBGC/Dawn/DawnDevice/icm206xx.c:143
    
    
    gpio_mode_set(GPIOD, GPIO_MODE_OUTPUT, GPIO_PUPD_NONE, GPIO_PIN_2);
 8025204:	2304      	movs	r3, #4
 8025206:	2200      	movs	r2, #0
 8025208:	2101      	movs	r1, #1
 802520a:	489e      	ldr	r0, [pc, #632]	; (8025484 <Icm206XXInit+0x2e0>)
 802520c:	f7fd fb4c 	bl	80228a8 <gpio_mode_set>
C:/Users/leonardo/Desktop/Code/Github/DawnBGC/Dawn/DawnDevice/icm206xx.c:144
    gpio_output_options_set(GPIOD, GPIO_OTYPE_PP, GPIO_OSPEED_200MHZ, GPIO_PIN_2);
 8025210:	2304      	movs	r3, #4
 8025212:	2203      	movs	r2, #3
 8025214:	2100      	movs	r1, #0
 8025216:	489b      	ldr	r0, [pc, #620]	; (8025484 <Icm206XXInit+0x2e0>)
 8025218:	f7fd fb93 	bl	8022942 <gpio_output_options_set>
C:/Users/leonardo/Desktop/Code/Github/DawnBGC/Dawn/DawnDevice/icm206xx.c:145
    gpio_bit_set(GPIOD, GPIO_PIN_2);
 802521c:	2104      	movs	r1, #4
 802521e:	4899      	ldr	r0, [pc, #612]	; (8025484 <Icm206XXInit+0x2e0>)
 8025220:	f7fd fbdc 	bl	80229dc <gpio_bit_set>
C:/Users/leonardo/Desktop/Code/Github/DawnBGC/Dawn/DawnDevice/icm206xx.c:148
                                
    
    gpio_mode_set(GPIOC, GPIO_MODE_INPUT, GPIO_PUPD_PULLUP, GPIO_PIN_0);
 8025224:	2301      	movs	r3, #1
 8025226:	2201      	movs	r2, #1
 8025228:	2100      	movs	r1, #0
 802522a:	4897      	ldr	r0, [pc, #604]	; (8025488 <Icm206XXInit+0x2e4>)
 802522c:	f7fd fb3c 	bl	80228a8 <gpio_mode_set>
C:/Users/leonardo/Desktop/Code/Github/DawnBGC/Dawn/DawnDevice/icm206xx.c:149
    syscfg_exti_line_config(EXTI_SOURCE_GPIOC, EXTI_SOURCE_PIN0);
 8025230:	2100      	movs	r1, #0
 8025232:	2002      	movs	r0, #2
 8025234:	f7fd f808 	bl	8022248 <syscfg_exti_line_config>
C:/Users/leonardo/Desktop/Code/Github/DawnBGC/Dawn/DawnDevice/icm206xx.c:150
    exti_init(EXTI_0, EXTI_INTERRUPT, EXTI_TRIG_FALLING);
 8025238:	2201      	movs	r2, #1
 802523a:	2100      	movs	r1, #0
 802523c:	2001      	movs	r0, #1
 802523e:	f7fd fc4d 	bl	8022adc <exti_init>
C:/Users/leonardo/Desktop/Code/Github/DawnBGC/Dawn/DawnDevice/icm206xx.c:151
    exti_interrupt_flag_clear(EXTI_0);
 8025242:	2001      	movs	r0, #1
 8025244:	f7fd fcc4 	bl	8022bd0 <exti_interrupt_flag_clear>
C:/Users/leonardo/Desktop/Code/Github/DawnBGC/Dawn/DawnDevice/icm206xx.c:152
    nvic_irq_enable(EXTI0_IRQn, ICM206XX_INT_PRE_PRIORITY, ICM206XX_INT_SUB_PRIORITY);
 8025248:	2200      	movs	r2, #0
 802524a:	2101      	movs	r1, #1
 802524c:	2006      	movs	r0, #6
 802524e:	f7fd fa7b 	bl	8022748 <nvic_irq_enable>
C:/Users/leonardo/Desktop/Code/Github/DawnBGC/Dawn/DawnDevice/icm206xx.c:155
    
    
    dma_deinit(DMA1, DMA_CH3);   
 8025252:	2103      	movs	r1, #3
 8025254:	488d      	ldr	r0, [pc, #564]	; (802548c <Icm206XXInit+0x2e8>)
 8025256:	f7fd fcdb 	bl	8022c10 <dma_deinit>
C:/Users/leonardo/Desktop/Code/Github/DawnBGC/Dawn/DawnDevice/icm206xx.c:156
    dma_init_struct.periph_addr = (uint32_t)&SPI_DATA(SPI0);
 802525a:	4b8d      	ldr	r3, [pc, #564]	; (8025490 <Icm206XXInit+0x2ec>)
 802525c:	603b      	str	r3, [r7, #0]
C:/Users/leonardo/Desktop/Code/Github/DawnBGC/Dawn/DawnDevice/icm206xx.c:157
    dma_init_struct.memory0_addr = (uint32_t)Icm206XXTxBufGyro;
 802525e:	4b8d      	ldr	r3, [pc, #564]	; (8025494 <Icm206XXInit+0x2f0>)
 8025260:	60bb      	str	r3, [r7, #8]
C:/Users/leonardo/Desktop/Code/Github/DawnBGC/Dawn/DawnDevice/icm206xx.c:158
    dma_init_struct.direction = DMA_MEMORY_TO_PERIPH;
 8025262:	2340      	movs	r3, #64	; 0x40
 8025264:	61bb      	str	r3, [r7, #24]
C:/Users/leonardo/Desktop/Code/Github/DawnBGC/Dawn/DawnDevice/icm206xx.c:159
    dma_init_struct.number = 7;
 8025266:	2307      	movs	r3, #7
 8025268:	61fb      	str	r3, [r7, #28]
C:/Users/leonardo/Desktop/Code/Github/DawnBGC/Dawn/DawnDevice/icm206xx.c:160
    dma_init_struct.periph_inc = DMA_PERIPH_INCREASE_DISABLE;
 802526a:	2301      	movs	r3, #1
 802526c:	607b      	str	r3, [r7, #4]
C:/Users/leonardo/Desktop/Code/Github/DawnBGC/Dawn/DawnDevice/icm206xx.c:161
    dma_init_struct.memory_inc = DMA_MEMORY_INCREASE_ENABLE;
 802526e:	2300      	movs	r3, #0
 8025270:	60fb      	str	r3, [r7, #12]
C:/Users/leonardo/Desktop/Code/Github/DawnBGC/Dawn/DawnDevice/icm206xx.c:162
    dma_init_struct.periph_memory_width = DMA_PERIPH_WIDTH_8BIT;
 8025272:	2300      	movs	r3, #0
 8025274:	613b      	str	r3, [r7, #16]
C:/Users/leonardo/Desktop/Code/Github/DawnBGC/Dawn/DawnDevice/icm206xx.c:163
    dma_init_struct.circular_mode = DMA_CIRCULAR_MODE_DISABLE;
 8025276:	2301      	movs	r3, #1
 8025278:	617b      	str	r3, [r7, #20]
C:/Users/leonardo/Desktop/Code/Github/DawnBGC/Dawn/DawnDevice/icm206xx.c:164
    dma_init_struct.priority = DMA_PRIORITY_ULTRA_HIGH;
 802527a:	f44f 3340 	mov.w	r3, #196608	; 0x30000
 802527e:	623b      	str	r3, [r7, #32]
C:/Users/leonardo/Desktop/Code/Github/DawnBGC/Dawn/DawnDevice/icm206xx.c:165
    dma_single_data_mode_init(DMA1, DMA_CH3, dma_init_struct);
 8025280:	466d      	mov	r5, sp
 8025282:	f107 0408 	add.w	r4, r7, #8
 8025286:	cc0f      	ldmia	r4!, {r0, r1, r2, r3}
 8025288:	c50f      	stmia	r5!, {r0, r1, r2, r3}
 802528a:	e894 0007 	ldmia.w	r4, {r0, r1, r2}
 802528e:	e885 0007 	stmia.w	r5, {r0, r1, r2}
 8025292:	463b      	mov	r3, r7
 8025294:	cb0c      	ldmia	r3, {r2, r3}
 8025296:	2103      	movs	r1, #3
 8025298:	487c      	ldr	r0, [pc, #496]	; (802548c <Icm206XXInit+0x2e8>)
 802529a:	f7fd fd58 	bl	8022d4e <dma_single_data_mode_init>
C:/Users/leonardo/Desktop/Code/Github/DawnBGC/Dawn/DawnDevice/icm206xx.c:166
    dma_channel_subperipheral_select(DMA1, DMA_CH3, DMA_SUBPERI3);
 802529e:	2203      	movs	r2, #3
 80252a0:	2103      	movs	r1, #3
 80252a2:	487a      	ldr	r0, [pc, #488]	; (802548c <Icm206XXInit+0x2e8>)
 80252a4:	f7fe f9a2 	bl	80235ec <dma_channel_subperipheral_select>
C:/Users/leonardo/Desktop/Code/Github/DawnBGC/Dawn/DawnDevice/icm206xx.c:169
    
    
    dma_deinit(DMA1, DMA_CH2);   
 80252a8:	2102      	movs	r1, #2
 80252aa:	4878      	ldr	r0, [pc, #480]	; (802548c <Icm206XXInit+0x2e8>)
 80252ac:	f7fd fcb0 	bl	8022c10 <dma_deinit>
C:/Users/leonardo/Desktop/Code/Github/DawnBGC/Dawn/DawnDevice/icm206xx.c:170
    dma_init_struct.periph_addr = (uint32_t)&SPI_DATA(SPI0);
 80252b0:	4b77      	ldr	r3, [pc, #476]	; (8025490 <Icm206XXInit+0x2ec>)
 80252b2:	603b      	str	r3, [r7, #0]
C:/Users/leonardo/Desktop/Code/Github/DawnBGC/Dawn/DawnDevice/icm206xx.c:171
    dma_init_struct.memory0_addr = (uint32_t)Icm206XXRxBuf;
 80252b4:	4b78      	ldr	r3, [pc, #480]	; (8025498 <Icm206XXInit+0x2f4>)
 80252b6:	60bb      	str	r3, [r7, #8]
C:/Users/leonardo/Desktop/Code/Github/DawnBGC/Dawn/DawnDevice/icm206xx.c:172
    dma_init_struct.direction = DMA_PERIPH_TO_MEMORY;
 80252b8:	2300      	movs	r3, #0
 80252ba:	61bb      	str	r3, [r7, #24]
C:/Users/leonardo/Desktop/Code/Github/DawnBGC/Dawn/DawnDevice/icm206xx.c:173
    dma_init_struct.number = 7;
 80252bc:	2307      	movs	r3, #7
 80252be:	61fb      	str	r3, [r7, #28]
C:/Users/leonardo/Desktop/Code/Github/DawnBGC/Dawn/DawnDevice/icm206xx.c:174
    dma_init_struct.periph_inc = DMA_PERIPH_INCREASE_DISABLE;
 80252c0:	2301      	movs	r3, #1
 80252c2:	607b      	str	r3, [r7, #4]
C:/Users/leonardo/Desktop/Code/Github/DawnBGC/Dawn/DawnDevice/icm206xx.c:175
    dma_init_struct.memory_inc = DMA_MEMORY_INCREASE_ENABLE;
 80252c4:	2300      	movs	r3, #0
 80252c6:	60fb      	str	r3, [r7, #12]
C:/Users/leonardo/Desktop/Code/Github/DawnBGC/Dawn/DawnDevice/icm206xx.c:176
    dma_init_struct.periph_memory_width = DMA_PERIPH_WIDTH_8BIT;
 80252c8:	2300      	movs	r3, #0
 80252ca:	613b      	str	r3, [r7, #16]
C:/Users/leonardo/Desktop/Code/Github/DawnBGC/Dawn/DawnDevice/icm206xx.c:177
    dma_init_struct.circular_mode = DMA_CIRCULAR_MODE_DISABLE;
 80252cc:	2301      	movs	r3, #1
 80252ce:	617b      	str	r3, [r7, #20]
C:/Users/leonardo/Desktop/Code/Github/DawnBGC/Dawn/DawnDevice/icm206xx.c:178
    dma_init_struct.priority = DMA_PRIORITY_ULTRA_HIGH;
 80252d0:	f44f 3340 	mov.w	r3, #196608	; 0x30000
 80252d4:	623b      	str	r3, [r7, #32]
C:/Users/leonardo/Desktop/Code/Github/DawnBGC/Dawn/DawnDevice/icm206xx.c:179
    dma_single_data_mode_init(DMA1, DMA_CH2, dma_init_struct);
 80252d6:	466d      	mov	r5, sp
 80252d8:	f107 0408 	add.w	r4, r7, #8
 80252dc:	cc0f      	ldmia	r4!, {r0, r1, r2, r3}
 80252de:	c50f      	stmia	r5!, {r0, r1, r2, r3}
 80252e0:	e894 0007 	ldmia.w	r4, {r0, r1, r2}
 80252e4:	e885 0007 	stmia.w	r5, {r0, r1, r2}
 80252e8:	463b      	mov	r3, r7
 80252ea:	cb0c      	ldmia	r3, {r2, r3}
 80252ec:	2102      	movs	r1, #2
 80252ee:	4867      	ldr	r0, [pc, #412]	; (802548c <Icm206XXInit+0x2e8>)
 80252f0:	f7fd fd2d 	bl	8022d4e <dma_single_data_mode_init>
C:/Users/leonardo/Desktop/Code/Github/DawnBGC/Dawn/DawnDevice/icm206xx.c:180
    dma_channel_subperipheral_select(DMA1, DMA_CH2, DMA_SUBPERI3);
 80252f4:	2203      	movs	r2, #3
 80252f6:	2102      	movs	r1, #2
 80252f8:	4864      	ldr	r0, [pc, #400]	; (802548c <Icm206XXInit+0x2e8>)
 80252fa:	f7fe f977 	bl	80235ec <dma_channel_subperipheral_select>
C:/Users/leonardo/Desktop/Code/Github/DawnBGC/Dawn/DawnDevice/icm206xx.c:182
    
    dma_interrupt_flag_clear(DMA1, DMA_CH2, DMA_CHXCTL_FTFIE);
 80252fe:	2210      	movs	r2, #16
 8025300:	2102      	movs	r1, #2
 8025302:	4862      	ldr	r0, [pc, #392]	; (802548c <Icm206XXInit+0x2e8>)
 8025304:	f7fe f858 	bl	80233b8 <dma_interrupt_flag_clear>
C:/Users/leonardo/Desktop/Code/Github/DawnBGC/Dawn/DawnDevice/icm206xx.c:183
    dma_interrupt_enable(DMA1, DMA_CH2, DMA_CHXCTL_FTFIE);
 8025308:	2210      	movs	r2, #16
 802530a:	2102      	movs	r1, #2
 802530c:	485f      	ldr	r0, [pc, #380]	; (802548c <Icm206XXInit+0x2e8>)
 802530e:	f7fe f894 	bl	802343a <dma_interrupt_enable>
C:/Users/leonardo/Desktop/Code/Github/DawnBGC/Dawn/DawnDevice/icm206xx.c:184
    nvic_irq_enable(DMA1_Channel2_IRQn, DMA_RX_PRE_PRIORITY, DMA_RX_SUB_PRIORITY);
 8025312:	2200      	movs	r2, #0
 8025314:	2101      	movs	r1, #1
 8025316:	203a      	movs	r0, #58	; 0x3a
 8025318:	f7fd fa16 	bl	8022748 <nvic_irq_enable>
C:/Users/leonardo/Desktop/Code/Github/DawnBGC/Dawn/DawnDevice/icm206xx.c:187

    
    spi_init_struct.trans_mode = SPI_TRANSMODE_FULLDUPLEX;
 802531c:	2300      	movs	r3, #0
 802531e:	62bb      	str	r3, [r7, #40]	; 0x28
C:/Users/leonardo/Desktop/Code/Github/DawnBGC/Dawn/DawnDevice/icm206xx.c:188
    spi_init_struct.device_mode = SPI_MASTER;
 8025320:	f44f 7382 	mov.w	r3, #260	; 0x104
 8025324:	627b      	str	r3, [r7, #36]	; 0x24
C:/Users/leonardo/Desktop/Code/Github/DawnBGC/Dawn/DawnDevice/icm206xx.c:189
    spi_init_struct.frame_size = SPI_FRAMESIZE_8BIT;
 8025326:	2300      	movs	r3, #0
 8025328:	62fb      	str	r3, [r7, #44]	; 0x2c
C:/Users/leonardo/Desktop/Code/Github/DawnBGC/Dawn/DawnDevice/icm206xx.c:190
    spi_init_struct.clock_polarity_phase = SPI_CK_PL_HIGH_PH_2EDGE;
 802532a:	2303      	movs	r3, #3
 802532c:	63bb      	str	r3, [r7, #56]	; 0x38
C:/Users/leonardo/Desktop/Code/Github/DawnBGC/Dawn/DawnDevice/icm206xx.c:191
    spi_init_struct.nss = SPI_NSS_SOFT;
 802532e:	f44f 7300 	mov.w	r3, #512	; 0x200
 8025332:	633b      	str	r3, [r7, #48]	; 0x30
C:/Users/leonardo/Desktop/Code/Github/DawnBGC/Dawn/DawnDevice/icm206xx.c:192
    spi_init_struct.prescale = SPI_PSC_256;                     
 8025334:	2338      	movs	r3, #56	; 0x38
 8025336:	63fb      	str	r3, [r7, #60]	; 0x3c
C:/Users/leonardo/Desktop/Code/Github/DawnBGC/Dawn/DawnDevice/icm206xx.c:193
    spi_init_struct.endian = SPI_ENDIAN_MSB;
 8025338:	2300      	movs	r3, #0
 802533a:	637b      	str	r3, [r7, #52]	; 0x34
C:/Users/leonardo/Desktop/Code/Github/DawnBGC/Dawn/DawnDevice/icm206xx.c:194
    spi_init(SPI0, &spi_init_struct);
 802533c:	f107 0324 	add.w	r3, r7, #36	; 0x24
 8025340:	4619      	mov	r1, r3
 8025342:	4856      	ldr	r0, [pc, #344]	; (802549c <Icm206XXInit+0x2f8>)
 8025344:	f7fc ffec 	bl	8022320 <spi_init>
C:/Users/leonardo/Desktop/Code/Github/DawnBGC/Dawn/DawnDevice/icm206xx.c:196
    
    spi_crc_polynomial_set(SPI0,7);
 8025348:	2107      	movs	r1, #7
 802534a:	4854      	ldr	r0, [pc, #336]	; (802549c <Icm206XXInit+0x2f8>)
 802534c:	f7fd f888 	bl	8022460 <spi_crc_polynomial_set>
C:/Users/leonardo/Desktop/Code/Github/DawnBGC/Dawn/DawnDevice/icm206xx.c:198
    
    spi_dma_enable(SPI0, SPI_DMA_TRANSMIT);
 8025350:	2100      	movs	r1, #0
 8025352:	4852      	ldr	r0, [pc, #328]	; (802549c <Icm206XXInit+0x2f8>)
 8025354:	f7fd f834 	bl	80223c0 <spi_dma_enable>
C:/Users/leonardo/Desktop/Code/Github/DawnBGC/Dawn/DawnDevice/icm206xx.c:199
    spi_dma_enable(SPI0, SPI_DMA_RECEIVE);
 8025358:	2101      	movs	r1, #1
 802535a:	4850      	ldr	r0, [pc, #320]	; (802549c <Icm206XXInit+0x2f8>)
 802535c:	f7fd f830 	bl	80223c0 <spi_dma_enable>
C:/Users/leonardo/Desktop/Code/Github/DawnBGC/Dawn/DawnDevice/icm206xx.c:201

    spi_enable(SPI0);
 8025360:	484e      	ldr	r0, [pc, #312]	; (802549c <Icm206XXInit+0x2f8>)
 8025362:	f7fd f81e 	bl	80223a2 <spi_enable>
C:/Users/leonardo/Desktop/Code/Github/DawnBGC/Dawn/DawnDevice/icm206xx.c:204
    
    
    Icm206XXData.WhoAmI = Icm206XXReadByte(WHOAMI);
 8025366:	2075      	movs	r0, #117	; 0x75
 8025368:	f7ff fefa 	bl	8025160 <Icm206XXReadByte>
 802536c:	4603      	mov	r3, r0
 802536e:	461a      	mov	r2, r3
 8025370:	4b4b      	ldr	r3, [pc, #300]	; (80254a0 <Icm206XXInit+0x2fc>)
 8025372:	f883 2038 	strb.w	r2, [r3, #56]	; 0x38
C:/Users/leonardo/Desktop/Code/Github/DawnBGC/Dawn/DawnDevice/icm206xx.c:205
    systick_dly_ms(10);
 8025376:	200a      	movs	r0, #10
 8025378:	f7fe f98a 	bl	8023690 <systick_dly_ms>
C:/Users/leonardo/Desktop/Code/Github/DawnBGC/Dawn/DawnDevice/icm206xx.c:207
    
    Icm206XXWriteByte(PWR_MGMT_1, 0x80);
 802537c:	2180      	movs	r1, #128	; 0x80
 802537e:	206b      	movs	r0, #107	; 0x6b
 8025380:	f7ff fed0 	bl	8025124 <Icm206XXWriteByte>
C:/Users/leonardo/Desktop/Code/Github/DawnBGC/Dawn/DawnDevice/icm206xx.c:208
    systick_dly_ms(100);
 8025384:	2064      	movs	r0, #100	; 0x64
 8025386:	f7fe f983 	bl	8023690 <systick_dly_ms>
C:/Users/leonardo/Desktop/Code/Github/DawnBGC/Dawn/DawnDevice/icm206xx.c:209
    Icm206XXWriteByte(PWR_MGMT_1, 0x00);
 802538a:	2100      	movs	r1, #0
 802538c:	206b      	movs	r0, #107	; 0x6b
 802538e:	f7ff fec9 	bl	8025124 <Icm206XXWriteByte>
C:/Users/leonardo/Desktop/Code/Github/DawnBGC/Dawn/DawnDevice/icm206xx.c:210
    systick_dly_ms(100);
 8025392:	2064      	movs	r0, #100	; 0x64
 8025394:	f7fe f97c 	bl	8023690 <systick_dly_ms>
C:/Users/leonardo/Desktop/Code/Github/DawnBGC/Dawn/DawnDevice/icm206xx.c:213
    

    Icm206XXWriteByte(GYRO_CONFIG, 0x12);      
 8025398:	2112      	movs	r1, #18
 802539a:	201b      	movs	r0, #27
 802539c:	f7ff fec2 	bl	8025124 <Icm206XXWriteByte>
C:/Users/leonardo/Desktop/Code/Github/DawnBGC/Dawn/DawnDevice/icm206xx.c:214
    systick_dly_ms(100);
 80253a0:	2064      	movs	r0, #100	; 0x64
 80253a2:	f7fe f975 	bl	8023690 <systick_dly_ms>
C:/Users/leonardo/Desktop/Code/Github/DawnBGC/Dawn/DawnDevice/icm206xx.c:215
    Icm206XXRegData = Icm206XXReadByte(GYRO_CONFIG);
 80253a6:	201b      	movs	r0, #27
 80253a8:	f7ff feda 	bl	8025160 <Icm206XXReadByte>
 80253ac:	4603      	mov	r3, r0
 80253ae:	461a      	mov	r2, r3
 80253b0:	4b3c      	ldr	r3, [pc, #240]	; (80254a4 <Icm206XXInit+0x300>)
 80253b2:	701a      	strb	r2, [r3, #0]
C:/Users/leonardo/Desktop/Code/Github/DawnBGC/Dawn/DawnDevice/icm206xx.c:216
    systick_dly_ms(10);
 80253b4:	200a      	movs	r0, #10
 80253b6:	f7fe f96b 	bl	8023690 <systick_dly_ms>
C:/Users/leonardo/Desktop/Code/Github/DawnBGC/Dawn/DawnDevice/icm206xx.c:218
    
    Icm206XXWriteByte(ACCEL_CONFIG, 0x08);    
 80253ba:	2108      	movs	r1, #8
 80253bc:	201c      	movs	r0, #28
 80253be:	f7ff feb1 	bl	8025124 <Icm206XXWriteByte>
C:/Users/leonardo/Desktop/Code/Github/DawnBGC/Dawn/DawnDevice/icm206xx.c:219
    systick_dly_ms(100);
 80253c2:	2064      	movs	r0, #100	; 0x64
 80253c4:	f7fe f964 	bl	8023690 <systick_dly_ms>
C:/Users/leonardo/Desktop/Code/Github/DawnBGC/Dawn/DawnDevice/icm206xx.c:220
    Icm206XXRegData = Icm206XXReadByte(ACCEL_CONFIG);
 80253c8:	201c      	movs	r0, #28
 80253ca:	f7ff fec9 	bl	8025160 <Icm206XXReadByte>
 80253ce:	4603      	mov	r3, r0
 80253d0:	461a      	mov	r2, r3
 80253d2:	4b34      	ldr	r3, [pc, #208]	; (80254a4 <Icm206XXInit+0x300>)
 80253d4:	701a      	strb	r2, [r3, #0]
C:/Users/leonardo/Desktop/Code/Github/DawnBGC/Dawn/DawnDevice/icm206xx.c:221
    systick_dly_ms(10);
 80253d6:	200a      	movs	r0, #10
 80253d8:	f7fe f95a 	bl	8023690 <systick_dly_ms>
C:/Users/leonardo/Desktop/Code/Github/DawnBGC/Dawn/DawnDevice/icm206xx.c:223
    
    Icm206XXWriteByte(ACCEL_CONFIG2, 0x00);   
 80253dc:	2100      	movs	r1, #0
 80253de:	201d      	movs	r0, #29
 80253e0:	f7ff fea0 	bl	8025124 <Icm206XXWriteByte>
C:/Users/leonardo/Desktop/Code/Github/DawnBGC/Dawn/DawnDevice/icm206xx.c:224
    systick_dly_ms(100);
 80253e4:	2064      	movs	r0, #100	; 0x64
 80253e6:	f7fe f953 	bl	8023690 <systick_dly_ms>
C:/Users/leonardo/Desktop/Code/Github/DawnBGC/Dawn/DawnDevice/icm206xx.c:225
    Icm206XXRegData = Icm206XXReadByte(ACCEL_CONFIG2);
 80253ea:	201d      	movs	r0, #29
 80253ec:	f7ff feb8 	bl	8025160 <Icm206XXReadByte>
 80253f0:	4603      	mov	r3, r0
 80253f2:	461a      	mov	r2, r3
 80253f4:	4b2b      	ldr	r3, [pc, #172]	; (80254a4 <Icm206XXInit+0x300>)
 80253f6:	701a      	strb	r2, [r3, #0]
C:/Users/leonardo/Desktop/Code/Github/DawnBGC/Dawn/DawnDevice/icm206xx.c:226
    systick_dly_ms(10);
 80253f8:	200a      	movs	r0, #10
 80253fa:	f7fe f949 	bl	8023690 <systick_dly_ms>
C:/Users/leonardo/Desktop/Code/Github/DawnBGC/Dawn/DawnDevice/icm206xx.c:229
    
    
    spi_init_struct.prescale = SPI_PSC_8;                     
 80253fe:	2310      	movs	r3, #16
 8025400:	63fb      	str	r3, [r7, #60]	; 0x3c
C:/Users/leonardo/Desktop/Code/Github/DawnBGC/Dawn/DawnDevice/icm206xx.c:230
    spi_init(SPI0, &spi_init_struct);
 8025402:	f107 0324 	add.w	r3, r7, #36	; 0x24
 8025406:	4619      	mov	r1, r3
 8025408:	4824      	ldr	r0, [pc, #144]	; (802549c <Icm206XXInit+0x2f8>)
 802540a:	f7fc ff89 	bl	8022320 <spi_init>
C:/Users/leonardo/Desktop/Code/Github/DawnBGC/Dawn/DawnDevice/icm206xx.c:233
    
    
    Icm206XXData.AccScale = 1.0f / 8192.0f;
 802540e:	4b24      	ldr	r3, [pc, #144]	; (80254a0 <Icm206XXInit+0x2fc>)
 8025410:	f04f 5264 	mov.w	r2, #956301312	; 0x39000000
 8025414:	62da      	str	r2, [r3, #44]	; 0x2c
C:/Users/leonardo/Desktop/Code/Github/DawnBGC/Dawn/DawnDevice/icm206xx.c:234
    Icm206XXData.GyroScale = 1.0f / 32.8f * (PI / 180.0f);
 8025416:	4b22      	ldr	r3, [pc, #136]	; (80254a0 <Icm206XXInit+0x2fc>)
 8025418:	4a23      	ldr	r2, [pc, #140]	; (80254a8 <Icm206XXInit+0x304>)
 802541a:	631a      	str	r2, [r3, #48]	; 0x30
C:/Users/leonardo/Desktop/Code/Github/DawnBGC/Dawn/DawnDevice/icm206xx.c:235
    Icm206XXData.TempScale = 1.0f / 333.87f;
 802541c:	4b20      	ldr	r3, [pc, #128]	; (80254a0 <Icm206XXInit+0x2fc>)
 802541e:	4a23      	ldr	r2, [pc, #140]	; (80254ac <Icm206XXInit+0x308>)
 8025420:	635a      	str	r2, [r3, #52]	; 0x34
C:/Users/leonardo/Desktop/Code/Github/DawnBGC/Dawn/DawnDevice/icm206xx.c:238
    
    
    timer_deinit(TIMER12);
 8025422:	4823      	ldr	r0, [pc, #140]	; (80254b0 <Icm206XXInit+0x30c>)
 8025424:	f7fc f9a8 	bl	8021778 <timer_deinit>
C:/Users/leonardo/Desktop/Code/Github/DawnBGC/Dawn/DawnDevice/icm206xx.c:239
    timer_initpara.prescaler = 0;
 8025428:	2300      	movs	r3, #0
 802542a:	f8a7 3040 	strh.w	r3, [r7, #64]	; 0x40
C:/Users/leonardo/Desktop/Code/Github/DawnBGC/Dawn/DawnDevice/icm206xx.c:240
    timer_initpara.alignedmode = TIMER_COUNTER_EDGE;
 802542e:	2300      	movs	r3, #0
 8025430:	f8a7 3042 	strh.w	r3, [r7, #66]	; 0x42
C:/Users/leonardo/Desktop/Code/Github/DawnBGC/Dawn/DawnDevice/icm206xx.c:241
    timer_initpara.counterdirection = TIMER_COUNTER_UP;
 8025434:	2300      	movs	r3, #0
 8025436:	f8a7 3044 	strh.w	r3, [r7, #68]	; 0x44
C:/Users/leonardo/Desktop/Code/Github/DawnBGC/Dawn/DawnDevice/icm206xx.c:242
    timer_initpara.period = SYSTERM_CLK / 16000 - 1;
 802543a:	f243 03d3 	movw	r3, #12499	; 0x30d3
 802543e:	64bb      	str	r3, [r7, #72]	; 0x48
C:/Users/leonardo/Desktop/Code/Github/DawnBGC/Dawn/DawnDevice/icm206xx.c:243
    timer_initpara.clockdivision = TIMER_CKDIV_DIV1;
 8025440:	2300      	movs	r3, #0
 8025442:	f8a7 304c 	strh.w	r3, [r7, #76]	; 0x4c
C:/Users/leonardo/Desktop/Code/Github/DawnBGC/Dawn/DawnDevice/icm206xx.c:244
    timer_initpara.repetitioncounter = 0;
 8025446:	2300      	movs	r3, #0
 8025448:	f887 304e 	strb.w	r3, [r7, #78]	; 0x4e
C:/Users/leonardo/Desktop/Code/Github/DawnBGC/Dawn/DawnDevice/icm206xx.c:245
    timer_init(TIMER12, &timer_initpara);
 802544c:	f107 0340 	add.w	r3, r7, #64	; 0x40
 8025450:	4619      	mov	r1, r3
 8025452:	4817      	ldr	r0, [pc, #92]	; (80254b0 <Icm206XXInit+0x30c>)
 8025454:	f7fc faae 	bl	80219b4 <timer_init>
C:/Users/leonardo/Desktop/Code/Github/DawnBGC/Dawn/DawnDevice/icm206xx.c:247
    
    nvic_irq_enable(TIMER7_UP_TIMER12_IRQn, ICM206XX_INT_PRE_PRIORITY, ICM206XX_INT_SUB_PRIORITY);
 8025458:	2200      	movs	r2, #0
 802545a:	2101      	movs	r1, #1
 802545c:	202c      	movs	r0, #44	; 0x2c
 802545e:	f7fd f973 	bl	8022748 <nvic_irq_enable>
C:/Users/leonardo/Desktop/Code/Github/DawnBGC/Dawn/DawnDevice/icm206xx.c:248
    timer_interrupt_enable(TIMER12, TIMER_INT_UP);
 8025462:	2101      	movs	r1, #1
 8025464:	4812      	ldr	r0, [pc, #72]	; (80254b0 <Icm206XXInit+0x30c>)
 8025466:	f7fc fb4e 	bl	8021b06 <timer_interrupt_enable>
C:/Users/leonardo/Desktop/Code/Github/DawnBGC/Dawn/DawnDevice/icm206xx.c:249
    timer_counter_value_config(TIMER12 , 0);
 802546a:	2100      	movs	r1, #0
 802546c:	4810      	ldr	r0, [pc, #64]	; (80254b0 <Icm206XXInit+0x30c>)
 802546e:	f7fc fb3b 	bl	8021ae8 <timer_counter_value_config>
C:/Users/leonardo/Desktop/Code/Github/DawnBGC/Dawn/DawnDevice/icm206xx.c:250
    timer_enable(TIMER12);
 8025472:	480f      	ldr	r0, [pc, #60]	; (80254b0 <Icm206XXInit+0x30c>)
 8025474:	f7fc fb1a 	bl	8021aac <timer_enable>
C:/Users/leonardo/Desktop/Code/Github/DawnBGC/Dawn/DawnDevice/icm206xx.c:251
}
 8025478:	bf00      	nop
 802547a:	3750      	adds	r7, #80	; 0x50
 802547c:	46bd      	mov	sp, r7
 802547e:	bdb0      	pop	{r4, r5, r7, pc}
 8025480:	40020400 	.word	0x40020400
 8025484:	40020c00 	.word	0x40020c00
 8025488:	40020800 	.word	0x40020800
 802548c:	40026400 	.word	0x40026400
 8025490:	4001300c 	.word	0x4001300c
 8025494:	2000040c 	.word	0x2000040c
 8025498:	200006b8 	.word	0x200006b8
 802549c:	40013000 	.word	0x40013000
 80254a0:	20000eec 	.word	0x20000eec
 80254a4:	200006b4 	.word	0x200006b4
 80254a8:	3a0b7d79 	.word	0x3a0b7d79
 80254ac:	3b444abf 	.word	0x3b444abf
 80254b0:	40001c00 	.word	0x40001c00

080254b4 <TIMER7_UP_TIMER12_IRQHandler>:
TIMER7_UP_TIMER12_IRQHandler():
C:/Users/leonardo/Desktop/Code/Github/DawnBGC/Dawn/DawnDevice/icm206xx.c:254

void TIMER7_UP_TIMER12_IRQHandler(void)
{
 80254b4:	b580      	push	{r7, lr}
 80254b6:	af00      	add	r7, sp, #0
C:/Users/leonardo/Desktop/Code/Github/DawnBGC/Dawn/DawnDevice/icm206xx.c:255
    timer_interrupt_flag_clear(TIMER12, TIMER_INT_UP);
 80254b8:	2101      	movs	r1, #1
 80254ba:	481e      	ldr	r0, [pc, #120]	; (8025534 <TIMER7_UP_TIMER12_IRQHandler+0x80>)
 80254bc:	f7fc fb53 	bl	8021b66 <timer_interrupt_flag_clear>
C:/Users/leonardo/Desktop/Code/Github/DawnBGC/Dawn/DawnDevice/icm206xx.c:257
    
    if(DMA_CHCNT(DMA1, DMA_CH2) != DMA_CHCNT(DMA1, DMA_CH3))
 80254c0:	4b1d      	ldr	r3, [pc, #116]	; (8025538 <TIMER7_UP_TIMER12_IRQHandler+0x84>)
 80254c2:	681a      	ldr	r2, [r3, #0]
 80254c4:	4b1d      	ldr	r3, [pc, #116]	; (802553c <TIMER7_UP_TIMER12_IRQHandler+0x88>)
 80254c6:	681b      	ldr	r3, [r3, #0]
 80254c8:	429a      	cmp	r2, r3
 80254ca:	d131      	bne.n	8025530 <TIMER7_UP_TIMER12_IRQHandler+0x7c>
C:/Users/leonardo/Desktop/Code/Github/DawnBGC/Dawn/DawnDevice/icm206xx.c:262
    {
        return;
    }
    
    ICM206XX_CS_LOW();
 80254cc:	2104      	movs	r1, #4
 80254ce:	481c      	ldr	r0, [pc, #112]	; (8025540 <TIMER7_UP_TIMER12_IRQHandler+0x8c>)
 80254d0:	f7fd fa93 	bl	80229fa <gpio_bit_reset>
C:/Users/leonardo/Desktop/Code/Github/DawnBGC/Dawn/DawnDevice/icm206xx.c:264

    dma_channel_disable(DMA1, DMA_CH3);
 80254d4:	2103      	movs	r1, #3
 80254d6:	481b      	ldr	r0, [pc, #108]	; (8025544 <TIMER7_UP_TIMER12_IRQHandler+0x90>)
 80254d8:	f7fe f866 	bl	80235a8 <dma_channel_disable>
C:/Users/leonardo/Desktop/Code/Github/DawnBGC/Dawn/DawnDevice/icm206xx.c:265
    dma_channel_disable(DMA1, DMA_CH2);
 80254dc:	2102      	movs	r1, #2
 80254de:	4819      	ldr	r0, [pc, #100]	; (8025544 <TIMER7_UP_TIMER12_IRQHandler+0x90>)
 80254e0:	f7fe f862 	bl	80235a8 <dma_channel_disable>
C:/Users/leonardo/Desktop/Code/Github/DawnBGC/Dawn/DawnDevice/icm206xx.c:267

   if(Icm206XXRxBufIndex == (ICM206XX_DATA_AVRG_CNTS - 1))
 80254e4:	4b18      	ldr	r3, [pc, #96]	; (8025548 <TIMER7_UP_TIMER12_IRQHandler+0x94>)
 80254e6:	781b      	ldrb	r3, [r3, #0]
 80254e8:	2b03      	cmp	r3, #3
 80254ea:	d10c      	bne.n	8025506 <TIMER7_UP_TIMER12_IRQHandler+0x52>
C:/Users/leonardo/Desktop/Code/Github/DawnBGC/Dawn/DawnDevice/icm206xx.c:269
    {
        DMA_CHM0ADDR(DMA1, DMA_CH2) = (uint32_t)Icm206XXRxBuf;
 80254ec:	4b17      	ldr	r3, [pc, #92]	; (802554c <TIMER7_UP_TIMER12_IRQHandler+0x98>)
 80254ee:	4a18      	ldr	r2, [pc, #96]	; (8025550 <TIMER7_UP_TIMER12_IRQHandler+0x9c>)
 80254f0:	601a      	str	r2, [r3, #0]
C:/Users/leonardo/Desktop/Code/Github/DawnBGC/Dawn/DawnDevice/icm206xx.c:270
        DMA_CHCNT(DMA1, DMA_CH2) = 15;
 80254f2:	4b11      	ldr	r3, [pc, #68]	; (8025538 <TIMER7_UP_TIMER12_IRQHandler+0x84>)
 80254f4:	220f      	movs	r2, #15
 80254f6:	601a      	str	r2, [r3, #0]
C:/Users/leonardo/Desktop/Code/Github/DawnBGC/Dawn/DawnDevice/icm206xx.c:272

        DMA_CHM0ADDR(DMA1, DMA_CH3) = (uint32_t)Icm206XXTxBufGyroTemp;
 80254f8:	4b16      	ldr	r3, [pc, #88]	; (8025554 <TIMER7_UP_TIMER12_IRQHandler+0xa0>)
 80254fa:	4a17      	ldr	r2, [pc, #92]	; (8025558 <TIMER7_UP_TIMER12_IRQHandler+0xa4>)
 80254fc:	601a      	str	r2, [r3, #0]
C:/Users/leonardo/Desktop/Code/Github/DawnBGC/Dawn/DawnDevice/icm206xx.c:273
        DMA_CHCNT(DMA1, DMA_CH3) = 15;
 80254fe:	4b0f      	ldr	r3, [pc, #60]	; (802553c <TIMER7_UP_TIMER12_IRQHandler+0x88>)
 8025500:	220f      	movs	r2, #15
 8025502:	601a      	str	r2, [r3, #0]
 8025504:	e00b      	b.n	802551e <TIMER7_UP_TIMER12_IRQHandler+0x6a>
C:/Users/leonardo/Desktop/Code/Github/DawnBGC/Dawn/DawnDevice/icm206xx.c:277
    }
    else
    {
        DMA_CHM0ADDR(DMA1, DMA_CH2) = (uint32_t)Icm206XXRxBuf;
 8025506:	4b11      	ldr	r3, [pc, #68]	; (802554c <TIMER7_UP_TIMER12_IRQHandler+0x98>)
 8025508:	4a11      	ldr	r2, [pc, #68]	; (8025550 <TIMER7_UP_TIMER12_IRQHandler+0x9c>)
 802550a:	601a      	str	r2, [r3, #0]
C:/Users/leonardo/Desktop/Code/Github/DawnBGC/Dawn/DawnDevice/icm206xx.c:278
        DMA_CHCNT(DMA1, DMA_CH2) = 7;
 802550c:	4b0a      	ldr	r3, [pc, #40]	; (8025538 <TIMER7_UP_TIMER12_IRQHandler+0x84>)
 802550e:	2207      	movs	r2, #7
 8025510:	601a      	str	r2, [r3, #0]
C:/Users/leonardo/Desktop/Code/Github/DawnBGC/Dawn/DawnDevice/icm206xx.c:280

        DMA_CHM0ADDR(DMA1, DMA_CH3) = (uint32_t)Icm206XXTxBufGyro;
 8025512:	4b10      	ldr	r3, [pc, #64]	; (8025554 <TIMER7_UP_TIMER12_IRQHandler+0xa0>)
 8025514:	4a11      	ldr	r2, [pc, #68]	; (802555c <TIMER7_UP_TIMER12_IRQHandler+0xa8>)
 8025516:	601a      	str	r2, [r3, #0]
C:/Users/leonardo/Desktop/Code/Github/DawnBGC/Dawn/DawnDevice/icm206xx.c:281
        DMA_CHCNT(DMA1, DMA_CH3) = 7;
 8025518:	4b08      	ldr	r3, [pc, #32]	; (802553c <TIMER7_UP_TIMER12_IRQHandler+0x88>)
 802551a:	2207      	movs	r2, #7
 802551c:	601a      	str	r2, [r3, #0]
C:/Users/leonardo/Desktop/Code/Github/DawnBGC/Dawn/DawnDevice/icm206xx.c:284
    }

    dma_channel_enable(DMA1, DMA_CH3);
 802551e:	2103      	movs	r1, #3
 8025520:	4808      	ldr	r0, [pc, #32]	; (8025544 <TIMER7_UP_TIMER12_IRQHandler+0x90>)
 8025522:	f7fe f81f 	bl	8023564 <dma_channel_enable>
C:/Users/leonardo/Desktop/Code/Github/DawnBGC/Dawn/DawnDevice/icm206xx.c:285
    dma_channel_enable(DMA1, DMA_CH2);
 8025526:	2102      	movs	r1, #2
 8025528:	4806      	ldr	r0, [pc, #24]	; (8025544 <TIMER7_UP_TIMER12_IRQHandler+0x90>)
 802552a:	f7fe f81b 	bl	8023564 <dma_channel_enable>
 802552e:	e000      	b.n	8025532 <TIMER7_UP_TIMER12_IRQHandler+0x7e>
C:/Users/leonardo/Desktop/Code/Github/DawnBGC/Dawn/DawnDevice/icm206xx.c:259
        return;
 8025530:	bf00      	nop
C:/Users/leonardo/Desktop/Code/Github/DawnBGC/Dawn/DawnDevice/icm206xx.c:286
}
 8025532:	bd80      	pop	{r7, pc}
 8025534:	40001c00 	.word	0x40001c00
 8025538:	40026444 	.word	0x40026444
 802553c:	4002645c 	.word	0x4002645c
 8025540:	40020c00 	.word	0x40020c00
 8025544:	40026400 	.word	0x40026400
 8025548:	200006b5 	.word	0x200006b5
 802554c:	4002644c 	.word	0x4002644c
 8025550:	200006b8 	.word	0x200006b8
 8025554:	40026464 	.word	0x40026464
 8025558:	20000414 	.word	0x20000414
 802555c:	2000040c 	.word	0x2000040c

08025560 <DMA1_Channel2_IRQHandler>:
DMA1_Channel2_IRQHandler():
C:/Users/leonardo/Desktop/Code/Github/DawnBGC/Dawn/DawnDevice/icm206xx.c:289

void DMA1_Channel2_IRQHandler(void)
{
 8025560:	b580      	push	{r7, lr}
 8025562:	b082      	sub	sp, #8
 8025564:	af00      	add	r7, sp, #0
C:/Users/leonardo/Desktop/Code/Github/DawnBGC/Dawn/DawnDevice/icm206xx.c:291
    static int32_t GyroXSum = 0, GyroYSum = 0, GyroZSum = 0;
    int16_t GyroX = 0, GyroY = 0, GyroZ = 0;
 8025566:	2300      	movs	r3, #0
 8025568:	80fb      	strh	r3, [r7, #6]
 802556a:	2300      	movs	r3, #0
 802556c:	80bb      	strh	r3, [r7, #4]
 802556e:	2300      	movs	r3, #0
 8025570:	807b      	strh	r3, [r7, #2]
C:/Users/leonardo/Desktop/Code/Github/DawnBGC/Dawn/DawnDevice/icm206xx.c:293
    
    if(dma_interrupt_flag_get(DMA1, DMA_CH2, DMA_INTF_FTFIF) == SET)
 8025572:	2220      	movs	r2, #32
 8025574:	2102      	movs	r1, #2
 8025576:	4829      	ldr	r0, [pc, #164]	; (802561c <DMA1_Channel2_IRQHandler+0xbc>)
 8025578:	f7fd fd0e 	bl	8022f98 <dma_interrupt_flag_get>
 802557c:	4603      	mov	r3, r0
 802557e:	2b01      	cmp	r3, #1
 8025580:	f040 816c 	bne.w	802585c <DMA1_Channel2_IRQHandler+0x2fc>
C:/Users/leonardo/Desktop/Code/Github/DawnBGC/Dawn/DawnDevice/icm206xx.c:295
    {
        dma_interrupt_flag_clear(DMA1, DMA_CH2, DMA_INTC_FTFIFC);
 8025584:	2220      	movs	r2, #32
 8025586:	2102      	movs	r1, #2
 8025588:	4824      	ldr	r0, [pc, #144]	; (802561c <DMA1_Channel2_IRQHandler+0xbc>)
 802558a:	f7fd ff15 	bl	80233b8 <dma_interrupt_flag_clear>
C:/Users/leonardo/Desktop/Code/Github/DawnBGC/Dawn/DawnDevice/icm206xx.c:296
        dma_interrupt_flag_clear(DMA1, DMA_CH3, DMA_INTC_FTFIFC);
 802558e:	2220      	movs	r2, #32
 8025590:	2103      	movs	r1, #3
 8025592:	4822      	ldr	r0, [pc, #136]	; (802561c <DMA1_Channel2_IRQHandler+0xbc>)
 8025594:	f7fd ff10 	bl	80233b8 <dma_interrupt_flag_clear>
C:/Users/leonardo/Desktop/Code/Github/DawnBGC/Dawn/DawnDevice/icm206xx.c:298

        Icm206XXRxBufIndex++;
 8025598:	4b21      	ldr	r3, [pc, #132]	; (8025620 <DMA1_Channel2_IRQHandler+0xc0>)
 802559a:	781b      	ldrb	r3, [r3, #0]
 802559c:	3301      	adds	r3, #1
 802559e:	b2da      	uxtb	r2, r3
 80255a0:	4b1f      	ldr	r3, [pc, #124]	; (8025620 <DMA1_Channel2_IRQHandler+0xc0>)
 80255a2:	701a      	strb	r2, [r3, #0]
C:/Users/leonardo/Desktop/Code/Github/DawnBGC/Dawn/DawnDevice/icm206xx.c:300
        
        if(Icm206XXRxBufIndex < ICM206XX_DATA_AVRG_CNTS)
 80255a4:	4b1e      	ldr	r3, [pc, #120]	; (8025620 <DMA1_Channel2_IRQHandler+0xc0>)
 80255a6:	781b      	ldrb	r3, [r3, #0]
 80255a8:	2b03      	cmp	r3, #3
 80255aa:	d843      	bhi.n	8025634 <DMA1_Channel2_IRQHandler+0xd4>
C:/Users/leonardo/Desktop/Code/Github/DawnBGC/Dawn/DawnDevice/icm206xx.c:302
        {
            GyroX = (Icm206XXRxBuf[10]<<8) + Icm206XXRxBuf[11];
 80255ac:	4b1d      	ldr	r3, [pc, #116]	; (8025624 <DMA1_Channel2_IRQHandler+0xc4>)
 80255ae:	7a9b      	ldrb	r3, [r3, #10]
 80255b0:	b29b      	uxth	r3, r3
 80255b2:	021b      	lsls	r3, r3, #8
 80255b4:	b29a      	uxth	r2, r3
 80255b6:	4b1b      	ldr	r3, [pc, #108]	; (8025624 <DMA1_Channel2_IRQHandler+0xc4>)
 80255b8:	7adb      	ldrb	r3, [r3, #11]
 80255ba:	b29b      	uxth	r3, r3
 80255bc:	4413      	add	r3, r2
 80255be:	b29b      	uxth	r3, r3
 80255c0:	80fb      	strh	r3, [r7, #6]
C:/Users/leonardo/Desktop/Code/Github/DawnBGC/Dawn/DawnDevice/icm206xx.c:303
            GyroY = (Icm206XXRxBuf[12]<<8) + Icm206XXRxBuf[13];
 80255c2:	4b18      	ldr	r3, [pc, #96]	; (8025624 <DMA1_Channel2_IRQHandler+0xc4>)
 80255c4:	7b1b      	ldrb	r3, [r3, #12]
 80255c6:	b29b      	uxth	r3, r3
 80255c8:	021b      	lsls	r3, r3, #8
 80255ca:	b29a      	uxth	r2, r3
 80255cc:	4b15      	ldr	r3, [pc, #84]	; (8025624 <DMA1_Channel2_IRQHandler+0xc4>)
 80255ce:	7b5b      	ldrb	r3, [r3, #13]
 80255d0:	b29b      	uxth	r3, r3
 80255d2:	4413      	add	r3, r2
 80255d4:	b29b      	uxth	r3, r3
 80255d6:	80bb      	strh	r3, [r7, #4]
C:/Users/leonardo/Desktop/Code/Github/DawnBGC/Dawn/DawnDevice/icm206xx.c:304
            GyroZ = (Icm206XXRxBuf[14]<<8) + Icm206XXRxBuf[0];
 80255d8:	4b12      	ldr	r3, [pc, #72]	; (8025624 <DMA1_Channel2_IRQHandler+0xc4>)
 80255da:	7b9b      	ldrb	r3, [r3, #14]
 80255dc:	b29b      	uxth	r3, r3
 80255de:	021b      	lsls	r3, r3, #8
 80255e0:	b29a      	uxth	r2, r3
 80255e2:	4b10      	ldr	r3, [pc, #64]	; (8025624 <DMA1_Channel2_IRQHandler+0xc4>)
 80255e4:	781b      	ldrb	r3, [r3, #0]
 80255e6:	b29b      	uxth	r3, r3
 80255e8:	4413      	add	r3, r2
 80255ea:	b29b      	uxth	r3, r3
 80255ec:	807b      	strh	r3, [r7, #2]
C:/Users/leonardo/Desktop/Code/Github/DawnBGC/Dawn/DawnDevice/icm206xx.c:306
            
            GyroXSum += GyroX;
 80255ee:	f9b7 2006 	ldrsh.w	r2, [r7, #6]
 80255f2:	4b0d      	ldr	r3, [pc, #52]	; (8025628 <DMA1_Channel2_IRQHandler+0xc8>)
 80255f4:	681b      	ldr	r3, [r3, #0]
 80255f6:	4413      	add	r3, r2
 80255f8:	4a0b      	ldr	r2, [pc, #44]	; (8025628 <DMA1_Channel2_IRQHandler+0xc8>)
 80255fa:	6013      	str	r3, [r2, #0]
C:/Users/leonardo/Desktop/Code/Github/DawnBGC/Dawn/DawnDevice/icm206xx.c:307
            GyroYSum += GyroY;
 80255fc:	f9b7 2004 	ldrsh.w	r2, [r7, #4]
 8025600:	4b0a      	ldr	r3, [pc, #40]	; (802562c <DMA1_Channel2_IRQHandler+0xcc>)
 8025602:	681b      	ldr	r3, [r3, #0]
 8025604:	4413      	add	r3, r2
 8025606:	4a09      	ldr	r2, [pc, #36]	; (802562c <DMA1_Channel2_IRQHandler+0xcc>)
 8025608:	6013      	str	r3, [r2, #0]
C:/Users/leonardo/Desktop/Code/Github/DawnBGC/Dawn/DawnDevice/icm206xx.c:308
            GyroZSum += GyroZ;
 802560a:	f9b7 2002 	ldrsh.w	r2, [r7, #2]
 802560e:	4b08      	ldr	r3, [pc, #32]	; (8025630 <DMA1_Channel2_IRQHandler+0xd0>)
 8025610:	681b      	ldr	r3, [r3, #0]
 8025612:	4413      	add	r3, r2
 8025614:	4a06      	ldr	r2, [pc, #24]	; (8025630 <DMA1_Channel2_IRQHandler+0xd0>)
 8025616:	6013      	str	r3, [r2, #0]
 8025618:	e11c      	b.n	8025854 <DMA1_Channel2_IRQHandler+0x2f4>
 802561a:	bf00      	nop
 802561c:	40026400 	.word	0x40026400
 8025620:	200006b5 	.word	0x200006b5
 8025624:	200006b8 	.word	0x200006b8
 8025628:	200006c8 	.word	0x200006c8
 802562c:	200006cc 	.word	0x200006cc
 8025630:	200006d0 	.word	0x200006d0
C:/Users/leonardo/Desktop/Code/Github/DawnBGC/Dawn/DawnDevice/icm206xx.c:312
        }
        else
        {
            Icm206XXRxBufIndex = 0;
 8025634:	4b8b      	ldr	r3, [pc, #556]	; (8025864 <DMA1_Channel2_IRQHandler+0x304>)
 8025636:	2200      	movs	r2, #0
 8025638:	701a      	strb	r2, [r3, #0]
C:/Users/leonardo/Desktop/Code/Github/DawnBGC/Dawn/DawnDevice/icm206xx.c:314
            
            GyroX = (Icm206XXRxBuf[10]<<8) + Icm206XXRxBuf[11];
 802563a:	4b8b      	ldr	r3, [pc, #556]	; (8025868 <DMA1_Channel2_IRQHandler+0x308>)
 802563c:	7a9b      	ldrb	r3, [r3, #10]
 802563e:	b29b      	uxth	r3, r3
 8025640:	021b      	lsls	r3, r3, #8
 8025642:	b29a      	uxth	r2, r3
 8025644:	4b88      	ldr	r3, [pc, #544]	; (8025868 <DMA1_Channel2_IRQHandler+0x308>)
 8025646:	7adb      	ldrb	r3, [r3, #11]
 8025648:	b29b      	uxth	r3, r3
 802564a:	4413      	add	r3, r2
 802564c:	b29b      	uxth	r3, r3
 802564e:	80fb      	strh	r3, [r7, #6]
C:/Users/leonardo/Desktop/Code/Github/DawnBGC/Dawn/DawnDevice/icm206xx.c:315
            GyroY = (Icm206XXRxBuf[12]<<8) + Icm206XXRxBuf[13];
 8025650:	4b85      	ldr	r3, [pc, #532]	; (8025868 <DMA1_Channel2_IRQHandler+0x308>)
 8025652:	7b1b      	ldrb	r3, [r3, #12]
 8025654:	b29b      	uxth	r3, r3
 8025656:	021b      	lsls	r3, r3, #8
 8025658:	b29a      	uxth	r2, r3
 802565a:	4b83      	ldr	r3, [pc, #524]	; (8025868 <DMA1_Channel2_IRQHandler+0x308>)
 802565c:	7b5b      	ldrb	r3, [r3, #13]
 802565e:	b29b      	uxth	r3, r3
 8025660:	4413      	add	r3, r2
 8025662:	b29b      	uxth	r3, r3
 8025664:	80bb      	strh	r3, [r7, #4]
C:/Users/leonardo/Desktop/Code/Github/DawnBGC/Dawn/DawnDevice/icm206xx.c:316
            GyroZ = (Icm206XXRxBuf[14]<<8) + Icm206XXRxBuf[0];
 8025666:	4b80      	ldr	r3, [pc, #512]	; (8025868 <DMA1_Channel2_IRQHandler+0x308>)
 8025668:	7b9b      	ldrb	r3, [r3, #14]
 802566a:	b29b      	uxth	r3, r3
 802566c:	021b      	lsls	r3, r3, #8
 802566e:	b29a      	uxth	r2, r3
 8025670:	4b7d      	ldr	r3, [pc, #500]	; (8025868 <DMA1_Channel2_IRQHandler+0x308>)
 8025672:	781b      	ldrb	r3, [r3, #0]
 8025674:	b29b      	uxth	r3, r3
 8025676:	4413      	add	r3, r2
 8025678:	b29b      	uxth	r3, r3
 802567a:	807b      	strh	r3, [r7, #2]
C:/Users/leonardo/Desktop/Code/Github/DawnBGC/Dawn/DawnDevice/icm206xx.c:318
            
            GyroXSum += GyroX;
 802567c:	f9b7 2006 	ldrsh.w	r2, [r7, #6]
 8025680:	4b7a      	ldr	r3, [pc, #488]	; (802586c <DMA1_Channel2_IRQHandler+0x30c>)
 8025682:	681b      	ldr	r3, [r3, #0]
 8025684:	4413      	add	r3, r2
 8025686:	4a79      	ldr	r2, [pc, #484]	; (802586c <DMA1_Channel2_IRQHandler+0x30c>)
 8025688:	6013      	str	r3, [r2, #0]
C:/Users/leonardo/Desktop/Code/Github/DawnBGC/Dawn/DawnDevice/icm206xx.c:319
            GyroYSum += GyroY;
 802568a:	f9b7 2004 	ldrsh.w	r2, [r7, #4]
 802568e:	4b78      	ldr	r3, [pc, #480]	; (8025870 <DMA1_Channel2_IRQHandler+0x310>)
 8025690:	681b      	ldr	r3, [r3, #0]
 8025692:	4413      	add	r3, r2
 8025694:	4a76      	ldr	r2, [pc, #472]	; (8025870 <DMA1_Channel2_IRQHandler+0x310>)
 8025696:	6013      	str	r3, [r2, #0]
C:/Users/leonardo/Desktop/Code/Github/DawnBGC/Dawn/DawnDevice/icm206xx.c:320
            GyroZSum += GyroZ;
 8025698:	f9b7 2002 	ldrsh.w	r2, [r7, #2]
 802569c:	4b75      	ldr	r3, [pc, #468]	; (8025874 <DMA1_Channel2_IRQHandler+0x314>)
 802569e:	681b      	ldr	r3, [r3, #0]
 80256a0:	4413      	add	r3, r2
 80256a2:	4a74      	ldr	r2, [pc, #464]	; (8025874 <DMA1_Channel2_IRQHandler+0x314>)
 80256a4:	6013      	str	r3, [r2, #0]
C:/Users/leonardo/Desktop/Code/Github/DawnBGC/Dawn/DawnDevice/icm206xx.c:322
            
            Icm206XXData.HGyroX = GyroXSum / ICM206XX_DATA_AVRG_CNTS;
 80256a6:	4b71      	ldr	r3, [pc, #452]	; (802586c <DMA1_Channel2_IRQHandler+0x30c>)
 80256a8:	681b      	ldr	r3, [r3, #0]
 80256aa:	2b00      	cmp	r3, #0
 80256ac:	da00      	bge.n	80256b0 <DMA1_Channel2_IRQHandler+0x150>
 80256ae:	3303      	adds	r3, #3
 80256b0:	109b      	asrs	r3, r3, #2
 80256b2:	b21a      	sxth	r2, r3
 80256b4:	4b70      	ldr	r3, [pc, #448]	; (8025878 <DMA1_Channel2_IRQHandler+0x318>)
 80256b6:	811a      	strh	r2, [r3, #8]
C:/Users/leonardo/Desktop/Code/Github/DawnBGC/Dawn/DawnDevice/icm206xx.c:323
            Icm206XXData.HGyroY = GyroYSum / ICM206XX_DATA_AVRG_CNTS;
 80256b8:	4b6d      	ldr	r3, [pc, #436]	; (8025870 <DMA1_Channel2_IRQHandler+0x310>)
 80256ba:	681b      	ldr	r3, [r3, #0]
 80256bc:	2b00      	cmp	r3, #0
 80256be:	da00      	bge.n	80256c2 <DMA1_Channel2_IRQHandler+0x162>
 80256c0:	3303      	adds	r3, #3
 80256c2:	109b      	asrs	r3, r3, #2
 80256c4:	b21a      	sxth	r2, r3
 80256c6:	4b6c      	ldr	r3, [pc, #432]	; (8025878 <DMA1_Channel2_IRQHandler+0x318>)
 80256c8:	815a      	strh	r2, [r3, #10]
C:/Users/leonardo/Desktop/Code/Github/DawnBGC/Dawn/DawnDevice/icm206xx.c:324
            Icm206XXData.HGyroZ = GyroZSum / ICM206XX_DATA_AVRG_CNTS;
 80256ca:	4b6a      	ldr	r3, [pc, #424]	; (8025874 <DMA1_Channel2_IRQHandler+0x314>)
 80256cc:	681b      	ldr	r3, [r3, #0]
 80256ce:	2b00      	cmp	r3, #0
 80256d0:	da00      	bge.n	80256d4 <DMA1_Channel2_IRQHandler+0x174>
 80256d2:	3303      	adds	r3, #3
 80256d4:	109b      	asrs	r3, r3, #2
 80256d6:	b21a      	sxth	r2, r3
 80256d8:	4b67      	ldr	r3, [pc, #412]	; (8025878 <DMA1_Channel2_IRQHandler+0x318>)
 80256da:	819a      	strh	r2, [r3, #12]
C:/Users/leonardo/Desktop/Code/Github/DawnBGC/Dawn/DawnDevice/icm206xx.c:326
            
            Icm206XXData.HTemp = (Icm206XXRxBuf[8]<<8) + Icm206XXRxBuf[9];
 80256dc:	4b62      	ldr	r3, [pc, #392]	; (8025868 <DMA1_Channel2_IRQHandler+0x308>)
 80256de:	7a1b      	ldrb	r3, [r3, #8]
 80256e0:	b29b      	uxth	r3, r3
 80256e2:	021b      	lsls	r3, r3, #8
 80256e4:	b29a      	uxth	r2, r3
 80256e6:	4b60      	ldr	r3, [pc, #384]	; (8025868 <DMA1_Channel2_IRQHandler+0x308>)
 80256e8:	7a5b      	ldrb	r3, [r3, #9]
 80256ea:	b29b      	uxth	r3, r3
 80256ec:	4413      	add	r3, r2
 80256ee:	b29b      	uxth	r3, r3
 80256f0:	b21a      	sxth	r2, r3
 80256f2:	4b61      	ldr	r3, [pc, #388]	; (8025878 <DMA1_Channel2_IRQHandler+0x318>)
 80256f4:	80da      	strh	r2, [r3, #6]
C:/Users/leonardo/Desktop/Code/Github/DawnBGC/Dawn/DawnDevice/icm206xx.c:328
            
            Icm206XXData.HAccX = (Icm206XXRxBuf[2]<<8) + Icm206XXRxBuf[3];
 80256f6:	4b5c      	ldr	r3, [pc, #368]	; (8025868 <DMA1_Channel2_IRQHandler+0x308>)
 80256f8:	789b      	ldrb	r3, [r3, #2]
 80256fa:	b29b      	uxth	r3, r3
 80256fc:	021b      	lsls	r3, r3, #8
 80256fe:	b29a      	uxth	r2, r3
 8025700:	4b59      	ldr	r3, [pc, #356]	; (8025868 <DMA1_Channel2_IRQHandler+0x308>)
 8025702:	78db      	ldrb	r3, [r3, #3]
 8025704:	b29b      	uxth	r3, r3
 8025706:	4413      	add	r3, r2
 8025708:	b29b      	uxth	r3, r3
 802570a:	b21a      	sxth	r2, r3
 802570c:	4b5a      	ldr	r3, [pc, #360]	; (8025878 <DMA1_Channel2_IRQHandler+0x318>)
 802570e:	801a      	strh	r2, [r3, #0]
C:/Users/leonardo/Desktop/Code/Github/DawnBGC/Dawn/DawnDevice/icm206xx.c:329
            Icm206XXData.HAccY = (Icm206XXRxBuf[4]<<8) + Icm206XXRxBuf[5];
 8025710:	4b55      	ldr	r3, [pc, #340]	; (8025868 <DMA1_Channel2_IRQHandler+0x308>)
 8025712:	791b      	ldrb	r3, [r3, #4]
 8025714:	b29b      	uxth	r3, r3
 8025716:	021b      	lsls	r3, r3, #8
 8025718:	b29a      	uxth	r2, r3
 802571a:	4b53      	ldr	r3, [pc, #332]	; (8025868 <DMA1_Channel2_IRQHandler+0x308>)
 802571c:	795b      	ldrb	r3, [r3, #5]
 802571e:	b29b      	uxth	r3, r3
 8025720:	4413      	add	r3, r2
 8025722:	b29b      	uxth	r3, r3
 8025724:	b21a      	sxth	r2, r3
 8025726:	4b54      	ldr	r3, [pc, #336]	; (8025878 <DMA1_Channel2_IRQHandler+0x318>)
 8025728:	805a      	strh	r2, [r3, #2]
C:/Users/leonardo/Desktop/Code/Github/DawnBGC/Dawn/DawnDevice/icm206xx.c:330
            Icm206XXData.HAccZ = (Icm206XXRxBuf[6]<<8) + Icm206XXRxBuf[7];
 802572a:	4b4f      	ldr	r3, [pc, #316]	; (8025868 <DMA1_Channel2_IRQHandler+0x308>)
 802572c:	799b      	ldrb	r3, [r3, #6]
 802572e:	b29b      	uxth	r3, r3
 8025730:	021b      	lsls	r3, r3, #8
 8025732:	b29a      	uxth	r2, r3
 8025734:	4b4c      	ldr	r3, [pc, #304]	; (8025868 <DMA1_Channel2_IRQHandler+0x308>)
 8025736:	79db      	ldrb	r3, [r3, #7]
 8025738:	b29b      	uxth	r3, r3
 802573a:	4413      	add	r3, r2
 802573c:	b29b      	uxth	r3, r3
 802573e:	b21a      	sxth	r2, r3
 8025740:	4b4d      	ldr	r3, [pc, #308]	; (8025878 <DMA1_Channel2_IRQHandler+0x318>)
 8025742:	809a      	strh	r2, [r3, #4]
C:/Users/leonardo/Desktop/Code/Github/DawnBGC/Dawn/DawnDevice/icm206xx.c:332
            
            GyroXSum = 0;
 8025744:	4b49      	ldr	r3, [pc, #292]	; (802586c <DMA1_Channel2_IRQHandler+0x30c>)
 8025746:	2200      	movs	r2, #0
 8025748:	601a      	str	r2, [r3, #0]
C:/Users/leonardo/Desktop/Code/Github/DawnBGC/Dawn/DawnDevice/icm206xx.c:333
            GyroYSum = 0;
 802574a:	4b49      	ldr	r3, [pc, #292]	; (8025870 <DMA1_Channel2_IRQHandler+0x310>)
 802574c:	2200      	movs	r2, #0
 802574e:	601a      	str	r2, [r3, #0]
C:/Users/leonardo/Desktop/Code/Github/DawnBGC/Dawn/DawnDevice/icm206xx.c:334
            GyroZSum = 0;
 8025750:	4b48      	ldr	r3, [pc, #288]	; (8025874 <DMA1_Channel2_IRQHandler+0x314>)
 8025752:	2200      	movs	r2, #0
 8025754:	601a      	str	r2, [r3, #0]
C:/Users/leonardo/Desktop/Code/Github/DawnBGC/Dawn/DawnDevice/icm206xx.c:337
            
            
            Icm206XXData.FAccX = (Icm206XXData.HAccX) * (Icm206XXData.AccScale);
 8025756:	4b48      	ldr	r3, [pc, #288]	; (8025878 <DMA1_Channel2_IRQHandler+0x318>)
 8025758:	f9b3 3000 	ldrsh.w	r3, [r3]
 802575c:	4618      	mov	r0, r3
 802575e:	f7fb f9eb 	bl	8020b38 <__aeabi_i2f>
 8025762:	4602      	mov	r2, r0
 8025764:	4b44      	ldr	r3, [pc, #272]	; (8025878 <DMA1_Channel2_IRQHandler+0x318>)
 8025766:	6adb      	ldr	r3, [r3, #44]	; 0x2c
 8025768:	4619      	mov	r1, r3
 802576a:	4610      	mov	r0, r2
 802576c:	f7fb fa38 	bl	8020be0 <__aeabi_fmul>
 8025770:	4603      	mov	r3, r0
 8025772:	461a      	mov	r2, r3
 8025774:	4b40      	ldr	r3, [pc, #256]	; (8025878 <DMA1_Channel2_IRQHandler+0x318>)
 8025776:	611a      	str	r2, [r3, #16]
C:/Users/leonardo/Desktop/Code/Github/DawnBGC/Dawn/DawnDevice/icm206xx.c:338
            Icm206XXData.FAccY = (Icm206XXData.HAccY) * (Icm206XXData.AccScale);
 8025778:	4b3f      	ldr	r3, [pc, #252]	; (8025878 <DMA1_Channel2_IRQHandler+0x318>)
 802577a:	f9b3 3002 	ldrsh.w	r3, [r3, #2]
 802577e:	4618      	mov	r0, r3
 8025780:	f7fb f9da 	bl	8020b38 <__aeabi_i2f>
 8025784:	4602      	mov	r2, r0
 8025786:	4b3c      	ldr	r3, [pc, #240]	; (8025878 <DMA1_Channel2_IRQHandler+0x318>)
 8025788:	6adb      	ldr	r3, [r3, #44]	; 0x2c
 802578a:	4619      	mov	r1, r3
 802578c:	4610      	mov	r0, r2
 802578e:	f7fb fa27 	bl	8020be0 <__aeabi_fmul>
 8025792:	4603      	mov	r3, r0
 8025794:	461a      	mov	r2, r3
 8025796:	4b38      	ldr	r3, [pc, #224]	; (8025878 <DMA1_Channel2_IRQHandler+0x318>)
 8025798:	615a      	str	r2, [r3, #20]
C:/Users/leonardo/Desktop/Code/Github/DawnBGC/Dawn/DawnDevice/icm206xx.c:339
            Icm206XXData.FAccZ = (Icm206XXData.HAccZ) * (Icm206XXData.AccScale);
 802579a:	4b37      	ldr	r3, [pc, #220]	; (8025878 <DMA1_Channel2_IRQHandler+0x318>)
 802579c:	f9b3 3004 	ldrsh.w	r3, [r3, #4]
 80257a0:	4618      	mov	r0, r3
 80257a2:	f7fb f9c9 	bl	8020b38 <__aeabi_i2f>
 80257a6:	4602      	mov	r2, r0
 80257a8:	4b33      	ldr	r3, [pc, #204]	; (8025878 <DMA1_Channel2_IRQHandler+0x318>)
 80257aa:	6adb      	ldr	r3, [r3, #44]	; 0x2c
 80257ac:	4619      	mov	r1, r3
 80257ae:	4610      	mov	r0, r2
 80257b0:	f7fb fa16 	bl	8020be0 <__aeabi_fmul>
 80257b4:	4603      	mov	r3, r0
 80257b6:	461a      	mov	r2, r3
 80257b8:	4b2f      	ldr	r3, [pc, #188]	; (8025878 <DMA1_Channel2_IRQHandler+0x318>)
 80257ba:	619a      	str	r2, [r3, #24]
C:/Users/leonardo/Desktop/Code/Github/DawnBGC/Dawn/DawnDevice/icm206xx.c:341
            
            Icm206XXData.FTemp = 21.0f + (Icm206XXData.HTemp) * (Icm206XXData.TempScale);
 80257bc:	4b2e      	ldr	r3, [pc, #184]	; (8025878 <DMA1_Channel2_IRQHandler+0x318>)
 80257be:	f9b3 3006 	ldrsh.w	r3, [r3, #6]
 80257c2:	4618      	mov	r0, r3
 80257c4:	f7fb f9b8 	bl	8020b38 <__aeabi_i2f>
 80257c8:	4602      	mov	r2, r0
 80257ca:	4b2b      	ldr	r3, [pc, #172]	; (8025878 <DMA1_Channel2_IRQHandler+0x318>)
 80257cc:	6b5b      	ldr	r3, [r3, #52]	; 0x34
 80257ce:	4619      	mov	r1, r3
 80257d0:	4610      	mov	r0, r2
 80257d2:	f7fb fa05 	bl	8020be0 <__aeabi_fmul>
 80257d6:	4603      	mov	r3, r0
 80257d8:	4928      	ldr	r1, [pc, #160]	; (802587c <DMA1_Channel2_IRQHandler+0x31c>)
 80257da:	4618      	mov	r0, r3
 80257dc:	f7fb f8f8 	bl	80209d0 <__addsf3>
 80257e0:	4603      	mov	r3, r0
 80257e2:	461a      	mov	r2, r3
 80257e4:	4b24      	ldr	r3, [pc, #144]	; (8025878 <DMA1_Channel2_IRQHandler+0x318>)
 80257e6:	61da      	str	r2, [r3, #28]
C:/Users/leonardo/Desktop/Code/Github/DawnBGC/Dawn/DawnDevice/icm206xx.c:343
            
            Icm206XXData.FGyroX = (Icm206XXData.HGyroX) * (Icm206XXData.GyroScale);
 80257e8:	4b23      	ldr	r3, [pc, #140]	; (8025878 <DMA1_Channel2_IRQHandler+0x318>)
 80257ea:	f9b3 3008 	ldrsh.w	r3, [r3, #8]
 80257ee:	4618      	mov	r0, r3
 80257f0:	f7fb f9a2 	bl	8020b38 <__aeabi_i2f>
 80257f4:	4602      	mov	r2, r0
 80257f6:	4b20      	ldr	r3, [pc, #128]	; (8025878 <DMA1_Channel2_IRQHandler+0x318>)
 80257f8:	6b1b      	ldr	r3, [r3, #48]	; 0x30
 80257fa:	4619      	mov	r1, r3
 80257fc:	4610      	mov	r0, r2
 80257fe:	f7fb f9ef 	bl	8020be0 <__aeabi_fmul>
 8025802:	4603      	mov	r3, r0
 8025804:	461a      	mov	r2, r3
 8025806:	4b1c      	ldr	r3, [pc, #112]	; (8025878 <DMA1_Channel2_IRQHandler+0x318>)
 8025808:	621a      	str	r2, [r3, #32]
C:/Users/leonardo/Desktop/Code/Github/DawnBGC/Dawn/DawnDevice/icm206xx.c:344
            Icm206XXData.FGyroY = (Icm206XXData.HGyroY) * (Icm206XXData.GyroScale);
 802580a:	4b1b      	ldr	r3, [pc, #108]	; (8025878 <DMA1_Channel2_IRQHandler+0x318>)
 802580c:	f9b3 300a 	ldrsh.w	r3, [r3, #10]
 8025810:	4618      	mov	r0, r3
 8025812:	f7fb f991 	bl	8020b38 <__aeabi_i2f>
 8025816:	4602      	mov	r2, r0
 8025818:	4b17      	ldr	r3, [pc, #92]	; (8025878 <DMA1_Channel2_IRQHandler+0x318>)
 802581a:	6b1b      	ldr	r3, [r3, #48]	; 0x30
 802581c:	4619      	mov	r1, r3
 802581e:	4610      	mov	r0, r2
 8025820:	f7fb f9de 	bl	8020be0 <__aeabi_fmul>
 8025824:	4603      	mov	r3, r0
 8025826:	461a      	mov	r2, r3
 8025828:	4b13      	ldr	r3, [pc, #76]	; (8025878 <DMA1_Channel2_IRQHandler+0x318>)
 802582a:	625a      	str	r2, [r3, #36]	; 0x24
C:/Users/leonardo/Desktop/Code/Github/DawnBGC/Dawn/DawnDevice/icm206xx.c:345
            Icm206XXData.FGyroZ = (Icm206XXData.HGyroZ) * (Icm206XXData.GyroScale);
 802582c:	4b12      	ldr	r3, [pc, #72]	; (8025878 <DMA1_Channel2_IRQHandler+0x318>)
 802582e:	f9b3 300c 	ldrsh.w	r3, [r3, #12]
 8025832:	4618      	mov	r0, r3
 8025834:	f7fb f980 	bl	8020b38 <__aeabi_i2f>
 8025838:	4602      	mov	r2, r0
 802583a:	4b0f      	ldr	r3, [pc, #60]	; (8025878 <DMA1_Channel2_IRQHandler+0x318>)
 802583c:	6b1b      	ldr	r3, [r3, #48]	; 0x30
 802583e:	4619      	mov	r1, r3
 8025840:	4610      	mov	r0, r2
 8025842:	f7fb f9cd 	bl	8020be0 <__aeabi_fmul>
 8025846:	4603      	mov	r3, r0
 8025848:	461a      	mov	r2, r3
 802584a:	4b0b      	ldr	r3, [pc, #44]	; (8025878 <DMA1_Channel2_IRQHandler+0x318>)
 802584c:	629a      	str	r2, [r3, #40]	; 0x28
C:/Users/leonardo/Desktop/Code/Github/DawnBGC/Dawn/DawnDevice/icm206xx.c:347
            
            exti_software_interrupt_enable(EXTI_0);
 802584e:	2001      	movs	r0, #1
 8025850:	f7fd f9cc 	bl	8022bec <exti_software_interrupt_enable>
C:/Users/leonardo/Desktop/Code/Github/DawnBGC/Dawn/DawnDevice/icm206xx.c:350
        }

        ICM206XX_CS_HIGH();
 8025854:	2104      	movs	r1, #4
 8025856:	480a      	ldr	r0, [pc, #40]	; (8025880 <DMA1_Channel2_IRQHandler+0x320>)
 8025858:	f7fd f8c0 	bl	80229dc <gpio_bit_set>
C:/Users/leonardo/Desktop/Code/Github/DawnBGC/Dawn/DawnDevice/icm206xx.c:352
    }
}
 802585c:	bf00      	nop
 802585e:	3708      	adds	r7, #8
 8025860:	46bd      	mov	sp, r7
 8025862:	bd80      	pop	{r7, pc}
 8025864:	200006b5 	.word	0x200006b5
 8025868:	200006b8 	.word	0x200006b8
 802586c:	200006c8 	.word	0x200006c8
 8025870:	200006cc 	.word	0x200006cc
 8025874:	200006d0 	.word	0x200006d0
 8025878:	20000eec 	.word	0x20000eec
 802587c:	41a80000 	.word	0x41a80000
 8025880:	40020c00 	.word	0x40020c00

08025884 <EXTI0_IRQHandler>:
EXTI0_IRQHandler():
C:/Users/leonardo/Desktop/Code/Github/DawnBGC/Dawn/DawnDevice/icm206xx.c:355

void EXTI0_IRQHandler(void)
{
 8025884:	b580      	push	{r7, lr}
 8025886:	af00      	add	r7, sp, #0
C:/Users/leonardo/Desktop/Code/Github/DawnBGC/Dawn/DawnDevice/icm206xx.c:356
    exti_interrupt_flag_clear(EXTI_0);
 8025888:	2001      	movs	r0, #1
 802588a:	f7fd f9a1 	bl	8022bd0 <exti_interrupt_flag_clear>
C:/Users/leonardo/Desktop/Code/Github/DawnBGC/Dawn/DawnDevice/icm206xx.c:358

    GimbalWork();
 802588e:	f7fe f83d 	bl	802390c <GimbalWork>
C:/Users/leonardo/Desktop/Code/Github/DawnBGC/Dawn/DawnDevice/icm206xx.c:362
    
    
    
}
 8025892:	bf00      	nop
 8025894:	bd80      	pop	{r7, pc}
	...

08025898 <NVIC_SystemReset>:
NVIC_SystemReset():
C:\Users\leonardo\Desktop\Code\Github\DawnBGC\GD32EBuilder_project\DawnBGC/../../CMSIS/DSP/Include/core_cm4.h:1722
/** \brief  System Reset

    The function initiates a system reset request to reset the MCU.
 */
__STATIC_INLINE void NVIC_SystemReset(void)
{
 8025898:	b480      	push	{r7}
 802589a:	af00      	add	r7, sp, #0
__DSB():
C:\Users\leonardo\Desktop\Code\Github\DawnBGC\GD32EBuilder_project\DawnBGC/../../CMSIS/DSP/Include/core_cmInstr.h:473
    This function acts as a special kind of Data Memory Barrier.
    It completes when all explicit memory accesses before this instruction complete.
 */
__attribute__((always_inline)) __STATIC_INLINE void __DSB(void)
{
  __ASM volatile ("dsb 0xF":::"memory");
 802589c:	f3bf 8f4f 	dsb	sy
C:\Users\leonardo\Desktop\Code\Github\DawnBGC\GD32EBuilder_project\DawnBGC/../../CMSIS/DSP/Include/core_cmInstr.h:474
}
 80258a0:	bf00      	nop
NVIC_SystemReset():
C:\Users\leonardo\Desktop\Code\Github\DawnBGC\GD32EBuilder_project\DawnBGC/../../CMSIS/DSP/Include/core_cm4.h:1726
  __DSB();                                                          /* Ensure all outstanding memory accesses included
                                                                       buffered write are completed before reset */
  SCB->AIRCR  = (uint32_t)((0x5FAUL << SCB_AIRCR_VECTKEY_Pos)    |
                           (SCB->AIRCR & SCB_AIRCR_PRIGROUP_Msk) |
 80258a2:	4b07      	ldr	r3, [pc, #28]	; (80258c0 <NVIC_SystemReset+0x28>)
 80258a4:	68db      	ldr	r3, [r3, #12]
 80258a6:	f403 62e0 	and.w	r2, r3, #1792	; 0x700
C:\Users\leonardo\Desktop\Code\Github\DawnBGC\GD32EBuilder_project\DawnBGC/../../CMSIS/DSP/Include/core_cm4.h:1725
  SCB->AIRCR  = (uint32_t)((0x5FAUL << SCB_AIRCR_VECTKEY_Pos)    |
 80258aa:	4905      	ldr	r1, [pc, #20]	; (80258c0 <NVIC_SystemReset+0x28>)
 80258ac:	4b05      	ldr	r3, [pc, #20]	; (80258c4 <NVIC_SystemReset+0x2c>)
 80258ae:	4313      	orrs	r3, r2
 80258b0:	60cb      	str	r3, [r1, #12]
__DSB():
C:\Users\leonardo\Desktop\Code\Github\DawnBGC\GD32EBuilder_project\DawnBGC/../../CMSIS/DSP/Include/core_cmInstr.h:473
  __ASM volatile ("dsb 0xF":::"memory");
 80258b2:	f3bf 8f4f 	dsb	sy
C:\Users\leonardo\Desktop\Code\Github\DawnBGC\GD32EBuilder_project\DawnBGC/../../CMSIS/DSP/Include/core_cmInstr.h:474
}
 80258b6:	bf00      	nop
__NOP():
C:\Users\leonardo\Desktop\Code\Github\DawnBGC\GD32EBuilder_project\DawnBGC/../../CMSIS/DSP/Include/core_cmInstr.h:418 (discriminator 1)
  __ASM volatile ("nop");
 80258b8:	bf00      	nop
C:\Users\leonardo\Desktop\Code\Github\DawnBGC\GD32EBuilder_project\DawnBGC/../../CMSIS/DSP/Include/core_cmInstr.h:419 (discriminator 1)
}
 80258ba:	bf00      	nop
NVIC_SystemReset():
C:\Users\leonardo\Desktop\Code\Github\DawnBGC\GD32EBuilder_project\DawnBGC/../../CMSIS/DSP/Include/core_cm4.h:1729 (discriminator 1)
                            SCB_AIRCR_SYSRESETREQ_Msk    );         /* Keep priority group unchanged */
  __DSB();                                                          /* Ensure completion of memory access */
  while(1) { __NOP(); }                                             /* wait until reset */
 80258bc:	e7fc      	b.n	80258b8 <NVIC_SystemReset+0x20>
 80258be:	bf00      	nop
 80258c0:	e000ed00 	.word	0xe000ed00
 80258c4:	05fa0004 	.word	0x05fa0004

080258c8 <FrameUnpack>:
FrameUnpack():
C:/Users/leonardo/Desktop/Code/Github/DawnBGC/Dawn/DawnCom/unpack.c:36
        .UnpackVer = 0,
        .UnpackStep = SOF_DETECTED,
};

void FrameUnpack(FrameStruct *f)
{
 80258c8:	b580      	push	{r7, lr}
 80258ca:	b086      	sub	sp, #24
 80258cc:	af00      	add	r7, sp, #0
 80258ce:	6078      	str	r0, [r7, #4]
C:/Users/leonardo/Desktop/Code/Github/DawnBGC/Dawn/DawnCom/unpack.c:37
    uint16_t i = 0, len = 0, len1 = 0, len2 = 0;
 80258d0:	2300      	movs	r3, #0
 80258d2:	82fb      	strh	r3, [r7, #22]
 80258d4:	2300      	movs	r3, #0
 80258d6:	82bb      	strh	r3, [r7, #20]
 80258d8:	2300      	movs	r3, #0
 80258da:	827b      	strh	r3, [r7, #18]
 80258dc:	2300      	movs	r3, #0
 80258de:	823b      	strh	r3, [r7, #16]
C:/Users/leonardo/Desktop/Code/Github/DawnBGC/Dawn/DawnCom/unpack.c:39
    ;
    uint8_t crc8 = 0;
 80258e0:	2300      	movs	r3, #0
 80258e2:	73fb      	strb	r3, [r7, #15]
C:/Users/leonardo/Desktop/Code/Github/DawnBGC/Dawn/DawnCom/unpack.c:40
    uint16_t crc16 = 0;
 80258e4:	2300      	movs	r3, #0
 80258e6:	81bb      	strh	r3, [r7, #12]
C:/Users/leonardo/Desktop/Code/Github/DawnBGC/Dawn/DawnCom/unpack.c:43
    static uint8_t pbuf[UnpackBufF_SIZE];

    switch (f->PeriphSrc)
 80258e8:	687b      	ldr	r3, [r7, #4]
 80258ea:	781b      	ldrb	r3, [r3, #0]
 80258ec:	2b00      	cmp	r3, #0
 80258ee:	d105      	bne.n	80258fc <FrameUnpack+0x34>
C:/Users/leonardo/Desktop/Code/Github/DawnBGC/Dawn/DawnCom/unpack.c:46
    {
    case DEBUG_USART_SRC:
        len = debug_usart_get_byte(pbuf);
 80258f0:	4839      	ldr	r0, [pc, #228]	; (80259d8 <FrameUnpack+0x110>)
 80258f2:	f000 f991 	bl	8025c18 <debug_usart_get_byte>
 80258f6:	4603      	mov	r3, r0
 80258f8:	82bb      	strh	r3, [r7, #20]
C:/Users/leonardo/Desktop/Code/Github/DawnBGC/Dawn/DawnCom/unpack.c:47
        break;
 80258fa:	e000      	b.n	80258fe <FrameUnpack+0x36>
C:/Users/leonardo/Desktop/Code/Github/DawnBGC/Dawn/DawnCom/unpack.c:50

    default:
        break;
 80258fc:	bf00      	nop
C:/Users/leonardo/Desktop/Code/Github/DawnBGC/Dawn/DawnCom/unpack.c:53
    }

    for (i = 0; i < len; i++)
 80258fe:	2300      	movs	r3, #0
 8025900:	82fb      	strh	r3, [r7, #22]
 8025902:	e060      	b.n	80259c6 <FrameUnpack+0xfe>
C:/Users/leonardo/Desktop/Code/Github/DawnBGC/Dawn/DawnCom/unpack.c:56
    {

        len1 = 4 - (f->UnpackIdex);
 8025904:	687b      	ldr	r3, [r7, #4]
 8025906:	885b      	ldrh	r3, [r3, #2]
 8025908:	f1c3 0304 	rsb	r3, r3, #4
 802590c:	827b      	strh	r3, [r7, #18]
C:/Users/leonardo/Desktop/Code/Github/DawnBGC/Dawn/DawnCom/unpack.c:57
        len2 = len - i;
 802590e:	8aba      	ldrh	r2, [r7, #20]
 8025910:	8afb      	ldrh	r3, [r7, #22]
 8025912:	1ad3      	subs	r3, r2, r3
 8025914:	823b      	strh	r3, [r7, #16]
C:/Users/leonardo/Desktop/Code/Github/DawnBGC/Dawn/DawnCom/unpack.c:58
        if (len2 >= len1)
 8025916:	8a3a      	ldrh	r2, [r7, #16]
 8025918:	8a7b      	ldrh	r3, [r7, #18]
 802591a:	429a      	cmp	r2, r3
 802591c:	d31a      	bcc.n	8025954 <FrameUnpack+0x8c>
C:/Users/leonardo/Desktop/Code/Github/DawnBGC/Dawn/DawnCom/unpack.c:61
        {

            memcpy(&f->UnpackBuf[f->UnpackIdex], &pbuf[i], len1);
 802591e:	687b      	ldr	r3, [r7, #4]
 8025920:	885b      	ldrh	r3, [r3, #2]
 8025922:	461a      	mov	r2, r3
 8025924:	687b      	ldr	r3, [r7, #4]
 8025926:	4413      	add	r3, r2
 8025928:	1d18      	adds	r0, r3, #4
 802592a:	8afb      	ldrh	r3, [r7, #22]
 802592c:	4a2a      	ldr	r2, [pc, #168]	; (80259d8 <FrameUnpack+0x110>)
 802592e:	4413      	add	r3, r2
 8025930:	8a7a      	ldrh	r2, [r7, #18]
 8025932:	4619      	mov	r1, r3
 8025934:	f001 f992 	bl	8026c5c <memcpy>
C:/Users/leonardo/Desktop/Code/Github/DawnBGC/Dawn/DawnCom/unpack.c:62
            f->UnpackIdex += len1;
 8025938:	687b      	ldr	r3, [r7, #4]
 802593a:	885a      	ldrh	r2, [r3, #2]
 802593c:	8a7b      	ldrh	r3, [r7, #18]
 802593e:	4413      	add	r3, r2
 8025940:	b29a      	uxth	r2, r3
 8025942:	687b      	ldr	r3, [r7, #4]
 8025944:	805a      	strh	r2, [r3, #2]
C:/Users/leonardo/Desktop/Code/Github/DawnBGC/Dawn/DawnCom/unpack.c:63
            i += len1 - 1;
 8025946:	8a7a      	ldrh	r2, [r7, #18]
 8025948:	8afb      	ldrh	r3, [r7, #22]
 802594a:	4413      	add	r3, r2
 802594c:	b29b      	uxth	r3, r3
 802594e:	3b01      	subs	r3, #1
 8025950:	82fb      	strh	r3, [r7, #22]
 8025952:	e019      	b.n	8025988 <FrameUnpack+0xc0>
C:/Users/leonardo/Desktop/Code/Github/DawnBGC/Dawn/DawnCom/unpack.c:68
        }
        else
        {

            memcpy(&f->UnpackBuf[f->UnpackIdex], &pbuf[i], len2);
 8025954:	687b      	ldr	r3, [r7, #4]
 8025956:	885b      	ldrh	r3, [r3, #2]
 8025958:	461a      	mov	r2, r3
 802595a:	687b      	ldr	r3, [r7, #4]
 802595c:	4413      	add	r3, r2
 802595e:	1d18      	adds	r0, r3, #4
 8025960:	8afb      	ldrh	r3, [r7, #22]
 8025962:	4a1d      	ldr	r2, [pc, #116]	; (80259d8 <FrameUnpack+0x110>)
 8025964:	4413      	add	r3, r2
 8025966:	8a3a      	ldrh	r2, [r7, #16]
 8025968:	4619      	mov	r1, r3
 802596a:	f001 f977 	bl	8026c5c <memcpy>
C:/Users/leonardo/Desktop/Code/Github/DawnBGC/Dawn/DawnCom/unpack.c:69
            f->UnpackIdex += len2;
 802596e:	687b      	ldr	r3, [r7, #4]
 8025970:	885a      	ldrh	r2, [r3, #2]
 8025972:	8a3b      	ldrh	r3, [r7, #16]
 8025974:	4413      	add	r3, r2
 8025976:	b29a      	uxth	r2, r3
 8025978:	687b      	ldr	r3, [r7, #4]
 802597a:	805a      	strh	r2, [r3, #2]
C:/Users/leonardo/Desktop/Code/Github/DawnBGC/Dawn/DawnCom/unpack.c:70
            i += len2 - 1;
 802597c:	8a3a      	ldrh	r2, [r7, #16]
 802597e:	8afb      	ldrh	r3, [r7, #22]
 8025980:	4413      	add	r3, r2
 8025982:	b29b      	uxth	r3, r3
 8025984:	3b01      	subs	r3, #1
 8025986:	82fb      	strh	r3, [r7, #22]
C:/Users/leonardo/Desktop/Code/Github/DawnBGC/Dawn/DawnCom/unpack.c:73
        }

        if ((f->UnpackIdex) == 4)
 8025988:	687b      	ldr	r3, [r7, #4]
 802598a:	885b      	ldrh	r3, [r3, #2]
 802598c:	2b04      	cmp	r3, #4
 802598e:	d117      	bne.n	80259c0 <FrameUnpack+0xf8>
C:/Users/leonardo/Desktop/Code/Github/DawnBGC/Dawn/DawnCom/unpack.c:75
        {
            if ((f->UnpackBuf[0] == 0xEB) && (f->UnpackBuf[1] == 0x90) && (f->UnpackBuf[2] == 0xA5))
 8025990:	687b      	ldr	r3, [r7, #4]
 8025992:	791b      	ldrb	r3, [r3, #4]
 8025994:	2beb      	cmp	r3, #235	; 0xeb
 8025996:	d113      	bne.n	80259c0 <FrameUnpack+0xf8>
C:/Users/leonardo/Desktop/Code/Github/DawnBGC/Dawn/DawnCom/unpack.c:75 (discriminator 1)
 8025998:	687b      	ldr	r3, [r7, #4]
 802599a:	795b      	ldrb	r3, [r3, #5]
 802599c:	2b90      	cmp	r3, #144	; 0x90
 802599e:	d10f      	bne.n	80259c0 <FrameUnpack+0xf8>
C:/Users/leonardo/Desktop/Code/Github/DawnBGC/Dawn/DawnCom/unpack.c:75 (discriminator 2)
 80259a0:	687b      	ldr	r3, [r7, #4]
 80259a2:	799b      	ldrb	r3, [r3, #6]
 80259a4:	2ba5      	cmp	r3, #165	; 0xa5
 80259a6:	d10b      	bne.n	80259c0 <FrameUnpack+0xf8>
C:/Users/leonardo/Desktop/Code/Github/DawnBGC/Dawn/DawnCom/unpack.c:77
            {
                f->UnpackStep = DATA_RECEIVED;
 80259a8:	687b      	ldr	r3, [r7, #4]
 80259aa:	2202      	movs	r2, #2
 80259ac:	f883 2107 	strb.w	r2, [r3, #263]	; 0x107
C:/Users/leonardo/Desktop/Code/Github/DawnBGC/Dawn/DawnCom/unpack.c:78
                usart_disable(USART2);
 80259b0:	480a      	ldr	r0, [pc, #40]	; (80259dc <FrameUnpack+0x114>)
 80259b2:	f7fb fd1d 	bl	80213f0 <usart_disable>
C:/Users/leonardo/Desktop/Code/Github/DawnBGC/Dawn/DawnCom/unpack.c:79
                usart_deinit(USART2);
 80259b6:	4809      	ldr	r0, [pc, #36]	; (80259dc <FrameUnpack+0x114>)
 80259b8:	f7fb fb5a 	bl	8021070 <usart_deinit>
C:/Users/leonardo/Desktop/Code/Github/DawnBGC/Dawn/DawnCom/unpack.c:80
                NVIC_SystemReset();
 80259bc:	f7ff ff6c 	bl	8025898 <NVIC_SystemReset>
C:/Users/leonardo/Desktop/Code/Github/DawnBGC/Dawn/DawnCom/unpack.c:53 (discriminator 2)
    for (i = 0; i < len; i++)
 80259c0:	8afb      	ldrh	r3, [r7, #22]
 80259c2:	3301      	adds	r3, #1
 80259c4:	82fb      	strh	r3, [r7, #22]
C:/Users/leonardo/Desktop/Code/Github/DawnBGC/Dawn/DawnCom/unpack.c:53 (discriminator 1)
 80259c6:	8afa      	ldrh	r2, [r7, #22]
 80259c8:	8abb      	ldrh	r3, [r7, #20]
 80259ca:	429a      	cmp	r2, r3
 80259cc:	d39a      	bcc.n	8025904 <FrameUnpack+0x3c>
C:/Users/leonardo/Desktop/Code/Github/DawnBGC/Dawn/DawnCom/unpack.c:84
            }
        }
    }
}
 80259ce:	bf00      	nop
 80259d0:	bf00      	nop
 80259d2:	3718      	adds	r7, #24
 80259d4:	46bd      	mov	sp, r7
 80259d6:	bd80      	pop	{r7, pc}
 80259d8:	200007dc 	.word	0x200007dc
 80259dc:	40004800 	.word	0x40004800

080259e0 <DebugUsartInit>:
DebugUsartInit():
C:/Users/leonardo/Desktop/Code/Github/DawnBGC/Dawn/DawnBsp/usart.c:41

static uint16_t debug_usart_tx_buff_head = 0;
static uint16_t debug_usart_tx_buff_tail = 0;

void DebugUsartInit(uint32_t baudrate)
{
 80259e0:	b5b0      	push	{r4, r5, r7, lr}
 80259e2:	b094      	sub	sp, #80	; 0x50
 80259e4:	af08      	add	r7, sp, #32
 80259e6:	6078      	str	r0, [r7, #4]
C:/Users/leonardo/Desktop/Code/Github/DawnBGC/Dawn/DawnBsp/usart.c:44
    dma_single_data_parameter_struct dma_init_struct;
    
    rcu_periph_clock_enable(RCU_GPIOA);
 80259e8:	f44f 6040 	mov.w	r0, #3072	; 0xc00
 80259ec:	f7fc fd4e 	bl	802248c <rcu_periph_clock_enable>
C:/Users/leonardo/Desktop/Code/Github/DawnBGC/Dawn/DawnBsp/usart.c:45
    rcu_periph_clock_enable(RCU_USART0);
 80259f0:	f241 1004 	movw	r0, #4356	; 0x1104
 80259f4:	f7fc fd4a 	bl	802248c <rcu_periph_clock_enable>
C:/Users/leonardo/Desktop/Code/Github/DawnBGC/Dawn/DawnBsp/usart.c:46
    rcu_periph_clock_enable(RCU_DMA1);
 80259f8:	f640 4016 	movw	r0, #3094	; 0xc16
 80259fc:	f7fc fd46 	bl	802248c <rcu_periph_clock_enable>
C:/Users/leonardo/Desktop/Code/Github/DawnBGC/Dawn/DawnBsp/usart.c:48
    
    gpio_af_set(GPIOA, GPIO_AF_7, GPIO_PIN_9);  
 8025a00:	f44f 7200 	mov.w	r2, #512	; 0x200
 8025a04:	2107      	movs	r1, #7
 8025a06:	4873      	ldr	r0, [pc, #460]	; (8025bd4 <DebugUsartInit+0x1f4>)
 8025a08:	f7fd f806 	bl	8022a18 <gpio_af_set>
C:/Users/leonardo/Desktop/Code/Github/DawnBGC/Dawn/DawnBsp/usart.c:49
    gpio_af_set(GPIOA, GPIO_AF_7, GPIO_PIN_10);  
 8025a0c:	f44f 6280 	mov.w	r2, #1024	; 0x400
 8025a10:	2107      	movs	r1, #7
 8025a12:	4870      	ldr	r0, [pc, #448]	; (8025bd4 <DebugUsartInit+0x1f4>)
 8025a14:	f7fd f800 	bl	8022a18 <gpio_af_set>
C:/Users/leonardo/Desktop/Code/Github/DawnBGC/Dawn/DawnBsp/usart.c:51
    
    gpio_mode_set(GPIOA, GPIO_MODE_AF, GPIO_PUPD_PULLUP, GPIO_PIN_9);
 8025a18:	f44f 7300 	mov.w	r3, #512	; 0x200
 8025a1c:	2201      	movs	r2, #1
 8025a1e:	2102      	movs	r1, #2
 8025a20:	486c      	ldr	r0, [pc, #432]	; (8025bd4 <DebugUsartInit+0x1f4>)
 8025a22:	f7fc ff41 	bl	80228a8 <gpio_mode_set>
C:/Users/leonardo/Desktop/Code/Github/DawnBGC/Dawn/DawnBsp/usart.c:52
    gpio_output_options_set(GPIOA, GPIO_OTYPE_PP, GPIO_OSPEED_50MHZ, GPIO_PIN_9);
 8025a26:	f44f 7300 	mov.w	r3, #512	; 0x200
 8025a2a:	2202      	movs	r2, #2
 8025a2c:	2100      	movs	r1, #0
 8025a2e:	4869      	ldr	r0, [pc, #420]	; (8025bd4 <DebugUsartInit+0x1f4>)
 8025a30:	f7fc ff87 	bl	8022942 <gpio_output_options_set>
C:/Users/leonardo/Desktop/Code/Github/DawnBGC/Dawn/DawnBsp/usart.c:54

    gpio_mode_set(GPIOA, GPIO_MODE_AF, GPIO_PUPD_PULLUP, GPIO_PIN_10);
 8025a34:	f44f 6380 	mov.w	r3, #1024	; 0x400
 8025a38:	2201      	movs	r2, #1
 8025a3a:	2102      	movs	r1, #2
 8025a3c:	4865      	ldr	r0, [pc, #404]	; (8025bd4 <DebugUsartInit+0x1f4>)
 8025a3e:	f7fc ff33 	bl	80228a8 <gpio_mode_set>
C:/Users/leonardo/Desktop/Code/Github/DawnBGC/Dawn/DawnBsp/usart.c:55
    gpio_output_options_set(GPIOA, GPIO_OTYPE_PP, GPIO_OSPEED_50MHZ, GPIO_PIN_10);
 8025a42:	f44f 6380 	mov.w	r3, #1024	; 0x400
 8025a46:	2202      	movs	r2, #2
 8025a48:	2100      	movs	r1, #0
 8025a4a:	4862      	ldr	r0, [pc, #392]	; (8025bd4 <DebugUsartInit+0x1f4>)
 8025a4c:	f7fc ff79 	bl	8022942 <gpio_output_options_set>
C:/Users/leonardo/Desktop/Code/Github/DawnBGC/Dawn/DawnBsp/usart.c:58
    
    
    usart_deinit(USART0);
 8025a50:	4861      	ldr	r0, [pc, #388]	; (8025bd8 <DebugUsartInit+0x1f8>)
 8025a52:	f7fb fb0d 	bl	8021070 <usart_deinit>
C:/Users/leonardo/Desktop/Code/Github/DawnBGC/Dawn/DawnBsp/usart.c:59
    usart_baudrate_set(USART0, baudrate);
 8025a56:	6879      	ldr	r1, [r7, #4]
 8025a58:	485f      	ldr	r0, [pc, #380]	; (8025bd8 <DebugUsartInit+0x1f8>)
 8025a5a:	f7fb fba3 	bl	80211a4 <usart_baudrate_set>
C:/Users/leonardo/Desktop/Code/Github/DawnBGC/Dawn/DawnBsp/usart.c:60
    usart_word_length_set(USART0, USART_WL_8BIT);
 8025a5e:	2100      	movs	r1, #0
 8025a60:	485d      	ldr	r0, [pc, #372]	; (8025bd8 <DebugUsartInit+0x1f8>)
 8025a62:	f7fb fc7e 	bl	8021362 <usart_word_length_set>
C:/Users/leonardo/Desktop/Code/Github/DawnBGC/Dawn/DawnBsp/usart.c:61
    usart_stop_bit_set(USART0, USART_STB_1BIT);
 8025a66:	2100      	movs	r1, #0
 8025a68:	485b      	ldr	r0, [pc, #364]	; (8025bd8 <DebugUsartInit+0x1f8>)
 8025a6a:	f7fb fc95 	bl	8021398 <usart_stop_bit_set>
C:/Users/leonardo/Desktop/Code/Github/DawnBGC/Dawn/DawnBsp/usart.c:62
    usart_parity_config(USART0, USART_PM_NONE);
 8025a6e:	2100      	movs	r1, #0
 8025a70:	4859      	ldr	r0, [pc, #356]	; (8025bd8 <DebugUsartInit+0x1f8>)
 8025a72:	f7fb fc5b 	bl	802132c <usart_parity_config>
C:/Users/leonardo/Desktop/Code/Github/DawnBGC/Dawn/DawnBsp/usart.c:63
    usart_hardware_flow_rts_config(USART0, USART_RTS_DISABLE);
 8025a76:	2100      	movs	r1, #0
 8025a78:	4857      	ldr	r0, [pc, #348]	; (8025bd8 <DebugUsartInit+0x1f8>)
 8025a7a:	f7fb fd14 	bl	80214a6 <usart_hardware_flow_rts_config>
C:/Users/leonardo/Desktop/Code/Github/DawnBGC/Dawn/DawnBsp/usart.c:64
    usart_hardware_flow_cts_config(USART0, USART_CTS_DISABLE);
 8025a7e:	2100      	movs	r1, #0
 8025a80:	4855      	ldr	r0, [pc, #340]	; (8025bd8 <DebugUsartInit+0x1f8>)
 8025a82:	f7fb fd2d 	bl	80214e0 <usart_hardware_flow_cts_config>
C:/Users/leonardo/Desktop/Code/Github/DawnBGC/Dawn/DawnBsp/usart.c:65
    usart_receive_config(USART0, USART_RECEIVE_ENABLE);
 8025a86:	2104      	movs	r1, #4
 8025a88:	4853      	ldr	r0, [pc, #332]	; (8025bd8 <DebugUsartInit+0x1f8>)
 8025a8a:	f7fb fcdf 	bl	802144c <usart_receive_config>
C:/Users/leonardo/Desktop/Code/Github/DawnBGC/Dawn/DawnBsp/usart.c:66
    usart_transmit_config(USART0, USART_TRANSMIT_ENABLE);
 8025a8e:	2108      	movs	r1, #8
 8025a90:	4851      	ldr	r0, [pc, #324]	; (8025bd8 <DebugUsartInit+0x1f8>)
 8025a92:	f7fb fcbe 	bl	8021412 <usart_transmit_config>
C:/Users/leonardo/Desktop/Code/Github/DawnBGC/Dawn/DawnBsp/usart.c:68
    
    nvic_irq_enable(USART0_IRQn, DEBUG_USART_PRE_PRIORITY, DEBUG_USART_SUB_PRIORITY);
 8025a96:	2201      	movs	r2, #1
 8025a98:	2102      	movs	r1, #2
 8025a9a:	2025      	movs	r0, #37	; 0x25
 8025a9c:	f7fc fe54 	bl	8022748 <nvic_irq_enable>
C:/Users/leonardo/Desktop/Code/Github/DawnBGC/Dawn/DawnBsp/usart.c:70
    
    usart_dma_receive_config(USART0, USART_DENR_ENABLE);
 8025aa0:	2140      	movs	r1, #64	; 0x40
 8025aa2:	484d      	ldr	r0, [pc, #308]	; (8025bd8 <DebugUsartInit+0x1f8>)
 8025aa4:	f7fb fd39 	bl	802151a <usart_dma_receive_config>
C:/Users/leonardo/Desktop/Code/Github/DawnBGC/Dawn/DawnBsp/usart.c:71
    usart_dma_transmit_config(USART0, USART_DENT_ENABLE);
 8025aa8:	2180      	movs	r1, #128	; 0x80
 8025aaa:	484b      	ldr	r0, [pc, #300]	; (8025bd8 <DebugUsartInit+0x1f8>)
 8025aac:	f7fb fd52 	bl	8021554 <usart_dma_transmit_config>
C:/Users/leonardo/Desktop/Code/Github/DawnBGC/Dawn/DawnBsp/usart.c:73
    
    usart_flag_clear(USART0, USART_FLAG_TC);
 8025ab0:	2106      	movs	r1, #6
 8025ab2:	4849      	ldr	r0, [pc, #292]	; (8025bd8 <DebugUsartInit+0x1f8>)
 8025ab4:	f7fb fd89 	bl	80215ca <usart_flag_clear>
C:/Users/leonardo/Desktop/Code/Github/DawnBGC/Dawn/DawnBsp/usart.c:74
    usart_interrupt_enable(USART0, USART_INTEN_IDLEIE);    
 8025ab8:	4948      	ldr	r1, [pc, #288]	; (8025bdc <DebugUsartInit+0x1fc>)
 8025aba:	4847      	ldr	r0, [pc, #284]	; (8025bd8 <DebugUsartInit+0x1f8>)
 8025abc:	f7fb fda6 	bl	802160c <usart_interrupt_enable>
C:/Users/leonardo/Desktop/Code/Github/DawnBGC/Dawn/DawnBsp/usart.c:76
    
    dma_deinit(DMA1, DMA_CH5);   
 8025ac0:	2105      	movs	r1, #5
 8025ac2:	4847      	ldr	r0, [pc, #284]	; (8025be0 <DebugUsartInit+0x200>)
 8025ac4:	f7fd f8a4 	bl	8022c10 <dma_deinit>
C:/Users/leonardo/Desktop/Code/Github/DawnBGC/Dawn/DawnBsp/usart.c:77
    dma_init_struct.periph_addr = (uint32_t)&USART_DATA(USART0);
 8025ac8:	4b46      	ldr	r3, [pc, #280]	; (8025be4 <DebugUsartInit+0x204>)
 8025aca:	60fb      	str	r3, [r7, #12]
C:/Users/leonardo/Desktop/Code/Github/DawnBGC/Dawn/DawnBsp/usart.c:78
    dma_init_struct.memory0_addr = (uint32_t)&debug_usart_rx_buf[0];
 8025acc:	4b46      	ldr	r3, [pc, #280]	; (8025be8 <DebugUsartInit+0x208>)
 8025ace:	617b      	str	r3, [r7, #20]
C:/Users/leonardo/Desktop/Code/Github/DawnBGC/Dawn/DawnBsp/usart.c:79
    dma_init_struct.direction = DMA_PERIPH_TO_MEMORY;
 8025ad0:	2300      	movs	r3, #0
 8025ad2:	627b      	str	r3, [r7, #36]	; 0x24
C:/Users/leonardo/Desktop/Code/Github/DawnBGC/Dawn/DawnBsp/usart.c:80
    dma_init_struct.number = DEBUG_USART_RX_DMA_BUFFER_SIZE;
 8025ad4:	2340      	movs	r3, #64	; 0x40
 8025ad6:	62bb      	str	r3, [r7, #40]	; 0x28
C:/Users/leonardo/Desktop/Code/Github/DawnBGC/Dawn/DawnBsp/usart.c:81
    dma_init_struct.periph_inc = DMA_PERIPH_INCREASE_DISABLE;
 8025ad8:	2301      	movs	r3, #1
 8025ada:	613b      	str	r3, [r7, #16]
C:/Users/leonardo/Desktop/Code/Github/DawnBGC/Dawn/DawnBsp/usart.c:82
    dma_init_struct.memory_inc = DMA_MEMORY_INCREASE_ENABLE;
 8025adc:	2300      	movs	r3, #0
 8025ade:	61bb      	str	r3, [r7, #24]
C:/Users/leonardo/Desktop/Code/Github/DawnBGC/Dawn/DawnBsp/usart.c:83
    dma_init_struct.periph_memory_width = DMA_PERIPH_WIDTH_8BIT;
 8025ae0:	2300      	movs	r3, #0
 8025ae2:	61fb      	str	r3, [r7, #28]
C:/Users/leonardo/Desktop/Code/Github/DawnBGC/Dawn/DawnBsp/usart.c:84
    dma_init_struct.circular_mode = DMA_CIRCULAR_MODE_DISABLE;
 8025ae4:	2301      	movs	r3, #1
 8025ae6:	623b      	str	r3, [r7, #32]
C:/Users/leonardo/Desktop/Code/Github/DawnBGC/Dawn/DawnBsp/usart.c:85
    dma_init_struct.priority = DMA_PRIORITY_ULTRA_HIGH;
 8025ae8:	f44f 3340 	mov.w	r3, #196608	; 0x30000
 8025aec:	62fb      	str	r3, [r7, #44]	; 0x2c
C:/Users/leonardo/Desktop/Code/Github/DawnBGC/Dawn/DawnBsp/usart.c:86
    dma_single_data_mode_init(DMA1, DMA_CH5, dma_init_struct);
 8025aee:	466d      	mov	r5, sp
 8025af0:	f107 0414 	add.w	r4, r7, #20
 8025af4:	cc0f      	ldmia	r4!, {r0, r1, r2, r3}
 8025af6:	c50f      	stmia	r5!, {r0, r1, r2, r3}
 8025af8:	e894 0007 	ldmia.w	r4, {r0, r1, r2}
 8025afc:	e885 0007 	stmia.w	r5, {r0, r1, r2}
 8025b00:	f107 030c 	add.w	r3, r7, #12
 8025b04:	cb0c      	ldmia	r3, {r2, r3}
 8025b06:	2105      	movs	r1, #5
 8025b08:	4835      	ldr	r0, [pc, #212]	; (8025be0 <DebugUsartInit+0x200>)
 8025b0a:	f7fd f920 	bl	8022d4e <dma_single_data_mode_init>
C:/Users/leonardo/Desktop/Code/Github/DawnBGC/Dawn/DawnBsp/usart.c:87
    dma_channel_subperipheral_select(DMA1, DMA_CH5, DMA_SUBPERI4);
 8025b0e:	2204      	movs	r2, #4
 8025b10:	2105      	movs	r1, #5
 8025b12:	4833      	ldr	r0, [pc, #204]	; (8025be0 <DebugUsartInit+0x200>)
 8025b14:	f7fd fd6a 	bl	80235ec <dma_channel_subperipheral_select>
C:/Users/leonardo/Desktop/Code/Github/DawnBGC/Dawn/DawnBsp/usart.c:89
    
    debug_usart_rx_dma_cnt = DEBUG_USART_RX_DMA_BUFFER_SIZE;
 8025b18:	4b34      	ldr	r3, [pc, #208]	; (8025bec <DebugUsartInit+0x20c>)
 8025b1a:	2240      	movs	r2, #64	; 0x40
 8025b1c:	801a      	strh	r2, [r3, #0]
C:/Users/leonardo/Desktop/Code/Github/DawnBGC/Dawn/DawnBsp/usart.c:91
    
    nvic_irq_enable(DMA1_Channel5_IRQn, DEBUG_USART_PRE_PRIORITY, DEBUG_USART_SUB_PRIORITY);
 8025b1e:	2201      	movs	r2, #1
 8025b20:	2102      	movs	r1, #2
 8025b22:	2044      	movs	r0, #68	; 0x44
 8025b24:	f7fc fe10 	bl	8022748 <nvic_irq_enable>
C:/Users/leonardo/Desktop/Code/Github/DawnBGC/Dawn/DawnBsp/usart.c:93
    
    dma_deinit(DMA1, DMA_CH7);   
 8025b28:	2107      	movs	r1, #7
 8025b2a:	482d      	ldr	r0, [pc, #180]	; (8025be0 <DebugUsartInit+0x200>)
 8025b2c:	f7fd f870 	bl	8022c10 <dma_deinit>
C:/Users/leonardo/Desktop/Code/Github/DawnBGC/Dawn/DawnBsp/usart.c:94
    dma_init_struct.periph_addr = (uint32_t)&USART_DATA(USART0);
 8025b30:	4b2c      	ldr	r3, [pc, #176]	; (8025be4 <DebugUsartInit+0x204>)
 8025b32:	60fb      	str	r3, [r7, #12]
C:/Users/leonardo/Desktop/Code/Github/DawnBGC/Dawn/DawnBsp/usart.c:95
    dma_init_struct.memory0_addr = (uint32_t)&debug_usart_tx_buf[0];
 8025b34:	4b2e      	ldr	r3, [pc, #184]	; (8025bf0 <DebugUsartInit+0x210>)
 8025b36:	617b      	str	r3, [r7, #20]
C:/Users/leonardo/Desktop/Code/Github/DawnBGC/Dawn/DawnBsp/usart.c:96
    dma_init_struct.direction = DMA_MEMORY_TO_PERIPH;
 8025b38:	2340      	movs	r3, #64	; 0x40
 8025b3a:	627b      	str	r3, [r7, #36]	; 0x24
C:/Users/leonardo/Desktop/Code/Github/DawnBGC/Dawn/DawnBsp/usart.c:97
    dma_init_struct.number = DEBUG_USART_TX_BUFF_SIZE;
 8025b3c:	f44f 6380 	mov.w	r3, #1024	; 0x400
 8025b40:	62bb      	str	r3, [r7, #40]	; 0x28
C:/Users/leonardo/Desktop/Code/Github/DawnBGC/Dawn/DawnBsp/usart.c:98
    dma_init_struct.periph_inc = DMA_PERIPH_INCREASE_DISABLE;
 8025b42:	2301      	movs	r3, #1
 8025b44:	613b      	str	r3, [r7, #16]
C:/Users/leonardo/Desktop/Code/Github/DawnBGC/Dawn/DawnBsp/usart.c:99
    dma_init_struct.memory_inc = DMA_MEMORY_INCREASE_ENABLE;
 8025b46:	2300      	movs	r3, #0
 8025b48:	61bb      	str	r3, [r7, #24]
C:/Users/leonardo/Desktop/Code/Github/DawnBGC/Dawn/DawnBsp/usart.c:100
    dma_init_struct.periph_memory_width = DMA_PERIPH_WIDTH_8BIT;
 8025b4a:	2300      	movs	r3, #0
 8025b4c:	61fb      	str	r3, [r7, #28]
C:/Users/leonardo/Desktop/Code/Github/DawnBGC/Dawn/DawnBsp/usart.c:101
    dma_init_struct.circular_mode = DMA_CIRCULAR_MODE_DISABLE;
 8025b4e:	2301      	movs	r3, #1
 8025b50:	623b      	str	r3, [r7, #32]
C:/Users/leonardo/Desktop/Code/Github/DawnBGC/Dawn/DawnBsp/usart.c:102
    dma_init_struct.priority = DMA_PRIORITY_ULTRA_HIGH;
 8025b52:	f44f 3340 	mov.w	r3, #196608	; 0x30000
 8025b56:	62fb      	str	r3, [r7, #44]	; 0x2c
C:/Users/leonardo/Desktop/Code/Github/DawnBGC/Dawn/DawnBsp/usart.c:103
    dma_single_data_mode_init(DMA1, DMA_CH7, dma_init_struct);
 8025b58:	466d      	mov	r5, sp
 8025b5a:	f107 0414 	add.w	r4, r7, #20
 8025b5e:	cc0f      	ldmia	r4!, {r0, r1, r2, r3}
 8025b60:	c50f      	stmia	r5!, {r0, r1, r2, r3}
 8025b62:	e894 0007 	ldmia.w	r4, {r0, r1, r2}
 8025b66:	e885 0007 	stmia.w	r5, {r0, r1, r2}
 8025b6a:	f107 030c 	add.w	r3, r7, #12
 8025b6e:	cb0c      	ldmia	r3, {r2, r3}
 8025b70:	2107      	movs	r1, #7
 8025b72:	481b      	ldr	r0, [pc, #108]	; (8025be0 <DebugUsartInit+0x200>)
 8025b74:	f7fd f8eb 	bl	8022d4e <dma_single_data_mode_init>
C:/Users/leonardo/Desktop/Code/Github/DawnBGC/Dawn/DawnBsp/usart.c:104
    dma_channel_subperipheral_select(DMA1, DMA_CH7, DMA_SUBPERI4);
 8025b78:	2204      	movs	r2, #4
 8025b7a:	2107      	movs	r1, #7
 8025b7c:	4818      	ldr	r0, [pc, #96]	; (8025be0 <DebugUsartInit+0x200>)
 8025b7e:	f7fd fd35 	bl	80235ec <dma_channel_subperipheral_select>
C:/Users/leonardo/Desktop/Code/Github/DawnBGC/Dawn/DawnBsp/usart.c:106

    nvic_irq_enable(DMA1_Channel7_IRQn, DEBUG_USART_PRE_PRIORITY, DEBUG_USART_SUB_PRIORITY);
 8025b82:	2201      	movs	r2, #1
 8025b84:	2102      	movs	r1, #2
 8025b86:	2046      	movs	r0, #70	; 0x46
 8025b88:	f7fc fdde 	bl	8022748 <nvic_irq_enable>
C:/Users/leonardo/Desktop/Code/Github/DawnBGC/Dawn/DawnBsp/usart.c:108

    dma_channel_enable(DMA1, DMA_CH5);
 8025b8c:	2105      	movs	r1, #5
 8025b8e:	4814      	ldr	r0, [pc, #80]	; (8025be0 <DebugUsartInit+0x200>)
 8025b90:	f7fd fce8 	bl	8023564 <dma_channel_enable>
C:/Users/leonardo/Desktop/Code/Github/DawnBGC/Dawn/DawnBsp/usart.c:109
    dma_channel_disable(DMA1, DMA_CH7);          
 8025b94:	2107      	movs	r1, #7
 8025b96:	4812      	ldr	r0, [pc, #72]	; (8025be0 <DebugUsartInit+0x200>)
 8025b98:	f7fd fd06 	bl	80235a8 <dma_channel_disable>
C:/Users/leonardo/Desktop/Code/Github/DawnBGC/Dawn/DawnBsp/usart.c:111
    
    dma_interrupt_flag_clear(DMA1, DMA_CH5, DMA_INTC_FTFIFC);
 8025b9c:	2220      	movs	r2, #32
 8025b9e:	2105      	movs	r1, #5
 8025ba0:	480f      	ldr	r0, [pc, #60]	; (8025be0 <DebugUsartInit+0x200>)
 8025ba2:	f7fd fc09 	bl	80233b8 <dma_interrupt_flag_clear>
C:/Users/leonardo/Desktop/Code/Github/DawnBGC/Dawn/DawnBsp/usart.c:112
    dma_interrupt_flag_clear(DMA1, DMA_CH7, DMA_INTC_FTFIFC);
 8025ba6:	2220      	movs	r2, #32
 8025ba8:	2107      	movs	r1, #7
 8025baa:	480d      	ldr	r0, [pc, #52]	; (8025be0 <DebugUsartInit+0x200>)
 8025bac:	f7fd fc04 	bl	80233b8 <dma_interrupt_flag_clear>
C:/Users/leonardo/Desktop/Code/Github/DawnBGC/Dawn/DawnBsp/usart.c:114
    
    dma_interrupt_enable(DMA1, DMA_CH5, DMA_CHXCTL_FTFIE);
 8025bb0:	2210      	movs	r2, #16
 8025bb2:	2105      	movs	r1, #5
 8025bb4:	480a      	ldr	r0, [pc, #40]	; (8025be0 <DebugUsartInit+0x200>)
 8025bb6:	f7fd fc40 	bl	802343a <dma_interrupt_enable>
C:/Users/leonardo/Desktop/Code/Github/DawnBGC/Dawn/DawnBsp/usart.c:115
    dma_interrupt_enable(DMA1, DMA_CH7, DMA_CHXCTL_FTFIE);
 8025bba:	2210      	movs	r2, #16
 8025bbc:	2107      	movs	r1, #7
 8025bbe:	4808      	ldr	r0, [pc, #32]	; (8025be0 <DebugUsartInit+0x200>)
 8025bc0:	f7fd fc3b 	bl	802343a <dma_interrupt_enable>
C:/Users/leonardo/Desktop/Code/Github/DawnBGC/Dawn/DawnBsp/usart.c:117
        
    usart_enable(USART0);
 8025bc4:	4804      	ldr	r0, [pc, #16]	; (8025bd8 <DebugUsartInit+0x1f8>)
 8025bc6:	f7fb fc02 	bl	80213ce <usart_enable>
C:/Users/leonardo/Desktop/Code/Github/DawnBGC/Dawn/DawnBsp/usart.c:118
}
 8025bca:	bf00      	nop
 8025bcc:	3730      	adds	r7, #48	; 0x30
 8025bce:	46bd      	mov	sp, r7
 8025bd0:	bdb0      	pop	{r4, r5, r7, pc}
 8025bd2:	bf00      	nop
 8025bd4:	40020000 	.word	0x40020000
 8025bd8:	40011000 	.word	0x40011000
 8025bdc:	10000010 	.word	0x10000010
 8025be0:	40026400 	.word	0x40026400
 8025be4:	40011004 	.word	0x40011004
 8025be8:	200008dc 	.word	0x200008dc
 8025bec:	20000ee2 	.word	0x20000ee2
 8025bf0:	20000adc 	.word	0x20000adc

08025bf4 <debug_usart_trans_enable>:
debug_usart_trans_enable():
C:/Users/leonardo/Desktop/Code/Github/DawnBGC/Dawn/DawnBsp/usart.c:121

void debug_usart_trans_enable(void)
{
 8025bf4:	b580      	push	{r7, lr}
 8025bf6:	af00      	add	r7, sp, #0
C:/Users/leonardo/Desktop/Code/Github/DawnBGC/Dawn/DawnBsp/usart.c:123
    
    if(is_debug_usart_dma_trans_completed == TRUE)
 8025bf8:	4b04      	ldr	r3, [pc, #16]	; (8025c0c <debug_usart_trans_enable+0x18>)
 8025bfa:	781b      	ldrb	r3, [r3, #0]
 8025bfc:	2b01      	cmp	r3, #1
 8025bfe:	d103      	bne.n	8025c08 <debug_usart_trans_enable+0x14>
C:/Users/leonardo/Desktop/Code/Github/DawnBGC/Dawn/DawnBsp/usart.c:125
    {
        usart_interrupt_enable(USART0, USART_INTEN_TBEIE);   
 8025c00:	4903      	ldr	r1, [pc, #12]	; (8025c10 <debug_usart_trans_enable+0x1c>)
 8025c02:	4804      	ldr	r0, [pc, #16]	; (8025c14 <debug_usart_trans_enable+0x20>)
 8025c04:	f7fb fd02 	bl	802160c <usart_interrupt_enable>
C:/Users/leonardo/Desktop/Code/Github/DawnBGC/Dawn/DawnBsp/usart.c:127
    }
}
 8025c08:	bf00      	nop
 8025c0a:	bd80      	pop	{r7, pc}
 8025c0c:	20000423 	.word	0x20000423
 8025c10:	10000080 	.word	0x10000080
 8025c14:	40011000 	.word	0x40011000

08025c18 <debug_usart_get_byte>:
debug_usart_get_byte():
C:/Users/leonardo/Desktop/Code/Github/DawnBGC/Dawn/DawnBsp/usart.c:150
    }
    debug_usart_tx_buff_head = next_head % DEBUG_USART_TX_BUFF_SIZE;
}

uint16_t debug_usart_get_byte(uint8_t *pbuf)
{
 8025c18:	b580      	push	{r7, lr}
 8025c1a:	b084      	sub	sp, #16
 8025c1c:	af00      	add	r7, sp, #0
 8025c1e:	6078      	str	r0, [r7, #4]
C:/Users/leonardo/Desktop/Code/Github/DawnBGC/Dawn/DawnBsp/usart.c:151
    uint16_t len = 0, local_rx_head = 0;
 8025c20:	2300      	movs	r3, #0
 8025c22:	81fb      	strh	r3, [r7, #14]
 8025c24:	2300      	movs	r3, #0
 8025c26:	81bb      	strh	r3, [r7, #12]
C:/Users/leonardo/Desktop/Code/Github/DawnBGC/Dawn/DawnBsp/usart.c:154
    
    
    local_rx_head = debug_usart_rx_buff_head;
 8025c28:	4b1b      	ldr	r3, [pc, #108]	; (8025c98 <debug_usart_get_byte+0x80>)
 8025c2a:	881b      	ldrh	r3, [r3, #0]
 8025c2c:	81bb      	strh	r3, [r7, #12]
C:/Users/leonardo/Desktop/Code/Github/DawnBGC/Dawn/DawnBsp/usart.c:155
    if(debug_usart_rx_buff_tail < local_rx_head)
 8025c2e:	4b1b      	ldr	r3, [pc, #108]	; (8025c9c <debug_usart_get_byte+0x84>)
 8025c30:	881b      	ldrh	r3, [r3, #0]
 8025c32:	89ba      	ldrh	r2, [r7, #12]
 8025c34:	429a      	cmp	r2, r3
 8025c36:	d912      	bls.n	8025c5e <debug_usart_get_byte+0x46>
C:/Users/leonardo/Desktop/Code/Github/DawnBGC/Dawn/DawnBsp/usart.c:157
    {
        len = local_rx_head - debug_usart_rx_buff_tail;
 8025c38:	4b18      	ldr	r3, [pc, #96]	; (8025c9c <debug_usart_get_byte+0x84>)
 8025c3a:	881b      	ldrh	r3, [r3, #0]
 8025c3c:	89ba      	ldrh	r2, [r7, #12]
 8025c3e:	1ad3      	subs	r3, r2, r3
 8025c40:	81fb      	strh	r3, [r7, #14]
C:/Users/leonardo/Desktop/Code/Github/DawnBGC/Dawn/DawnBsp/usart.c:158
        memcpy(pbuf, &debug_usart_rx_buf[debug_usart_rx_buff_tail], len);
 8025c42:	4b16      	ldr	r3, [pc, #88]	; (8025c9c <debug_usart_get_byte+0x84>)
 8025c44:	881b      	ldrh	r3, [r3, #0]
 8025c46:	461a      	mov	r2, r3
 8025c48:	4b15      	ldr	r3, [pc, #84]	; (8025ca0 <debug_usart_get_byte+0x88>)
 8025c4a:	4413      	add	r3, r2
 8025c4c:	89fa      	ldrh	r2, [r7, #14]
 8025c4e:	4619      	mov	r1, r3
 8025c50:	6878      	ldr	r0, [r7, #4]
 8025c52:	f001 f803 	bl	8026c5c <memcpy>
C:/Users/leonardo/Desktop/Code/Github/DawnBGC/Dawn/DawnBsp/usart.c:159
        debug_usart_rx_buff_tail = local_rx_head;
 8025c56:	4a11      	ldr	r2, [pc, #68]	; (8025c9c <debug_usart_get_byte+0x84>)
 8025c58:	89bb      	ldrh	r3, [r7, #12]
 8025c5a:	8013      	strh	r3, [r2, #0]
 8025c5c:	e016      	b.n	8025c8c <debug_usart_get_byte+0x74>
C:/Users/leonardo/Desktop/Code/Github/DawnBGC/Dawn/DawnBsp/usart.c:161
    }
    else if(debug_usart_rx_buff_tail > local_rx_head)
 8025c5e:	4b0f      	ldr	r3, [pc, #60]	; (8025c9c <debug_usart_get_byte+0x84>)
 8025c60:	881b      	ldrh	r3, [r3, #0]
 8025c62:	89ba      	ldrh	r2, [r7, #12]
 8025c64:	429a      	cmp	r2, r3
 8025c66:	d211      	bcs.n	8025c8c <debug_usart_get_byte+0x74>
C:/Users/leonardo/Desktop/Code/Github/DawnBGC/Dawn/DawnBsp/usart.c:163
    {
        len = DEBUG_USART_RX_BUFF_SIZE - debug_usart_rx_buff_tail;
 8025c68:	4b0c      	ldr	r3, [pc, #48]	; (8025c9c <debug_usart_get_byte+0x84>)
 8025c6a:	881b      	ldrh	r3, [r3, #0]
 8025c6c:	f5c3 7300 	rsb	r3, r3, #512	; 0x200
 8025c70:	81fb      	strh	r3, [r7, #14]
C:/Users/leonardo/Desktop/Code/Github/DawnBGC/Dawn/DawnBsp/usart.c:164
        memcpy(pbuf, &debug_usart_rx_buf[debug_usart_rx_buff_tail], len);
 8025c72:	4b0a      	ldr	r3, [pc, #40]	; (8025c9c <debug_usart_get_byte+0x84>)
 8025c74:	881b      	ldrh	r3, [r3, #0]
 8025c76:	461a      	mov	r2, r3
 8025c78:	4b09      	ldr	r3, [pc, #36]	; (8025ca0 <debug_usart_get_byte+0x88>)
 8025c7a:	4413      	add	r3, r2
 8025c7c:	89fa      	ldrh	r2, [r7, #14]
 8025c7e:	4619      	mov	r1, r3
 8025c80:	6878      	ldr	r0, [r7, #4]
 8025c82:	f000 ffeb 	bl	8026c5c <memcpy>
C:/Users/leonardo/Desktop/Code/Github/DawnBGC/Dawn/DawnBsp/usart.c:165
        debug_usart_rx_buff_tail = 0;
 8025c86:	4b05      	ldr	r3, [pc, #20]	; (8025c9c <debug_usart_get_byte+0x84>)
 8025c88:	2200      	movs	r2, #0
 8025c8a:	801a      	strh	r2, [r3, #0]
C:/Users/leonardo/Desktop/Code/Github/DawnBGC/Dawn/DawnBsp/usart.c:168
    }

    return len;
 8025c8c:	89fb      	ldrh	r3, [r7, #14]
C:/Users/leonardo/Desktop/Code/Github/DawnBGC/Dawn/DawnBsp/usart.c:169
}
 8025c8e:	4618      	mov	r0, r3
 8025c90:	3710      	adds	r7, #16
 8025c92:	46bd      	mov	sp, r7
 8025c94:	bd80      	pop	{r7, pc}
 8025c96:	bf00      	nop
 8025c98:	20000edc 	.word	0x20000edc
 8025c9c:	20000ede 	.word	0x20000ede
 8025ca0:	200008dc 	.word	0x200008dc

08025ca4 <DMA1_Channel5_IRQHandler>:
DMA1_Channel5_IRQHandler():
C:/Users/leonardo/Desktop/Code/Github/DawnBGC/Dawn/DawnBsp/usart.c:189
    dma_channel_enable(DMA1, DMA_CH5);
    dma_interrupt_enable(DMA1, DMA_CH5, DMA_CHXCTL_FTFIE);
}

void DMA1_Channel5_IRQHandler(void)
{
 8025ca4:	b580      	push	{r7, lr}
 8025ca6:	af00      	add	r7, sp, #0
C:/Users/leonardo/Desktop/Code/Github/DawnBGC/Dawn/DawnBsp/usart.c:191
    
    if(dma_interrupt_flag_get(DMA1, DMA_CH5, DMA_INTF_FTFIF) == SET)
 8025ca8:	2220      	movs	r2, #32
 8025caa:	2105      	movs	r1, #5
 8025cac:	483b      	ldr	r0, [pc, #236]	; (8025d9c <DMA1_Channel5_IRQHandler+0xf8>)
 8025cae:	f7fd f973 	bl	8022f98 <dma_interrupt_flag_get>
 8025cb2:	4603      	mov	r3, r0
 8025cb4:	2b01      	cmp	r3, #1
 8025cb6:	d16f      	bne.n	8025d98 <DMA1_Channel5_IRQHandler+0xf4>
C:/Users/leonardo/Desktop/Code/Github/DawnBGC/Dawn/DawnBsp/usart.c:193
    {
        dma_interrupt_flag_clear(DMA1, DMA_CH5, DMA_INTC_FTFIFC | DMA_INTC_HTFIFC);
 8025cb8:	2230      	movs	r2, #48	; 0x30
 8025cba:	2105      	movs	r1, #5
 8025cbc:	4837      	ldr	r0, [pc, #220]	; (8025d9c <DMA1_Channel5_IRQHandler+0xf8>)
 8025cbe:	f7fd fb7b 	bl	80233b8 <dma_interrupt_flag_clear>
C:/Users/leonardo/Desktop/Code/Github/DawnBGC/Dawn/DawnBsp/usart.c:195
        
        if(debug_usart_rx_buff_head >= debug_usart_rx_buff_tail_last)   
 8025cc2:	4b37      	ldr	r3, [pc, #220]	; (8025da0 <DMA1_Channel5_IRQHandler+0xfc>)
 8025cc4:	881a      	ldrh	r2, [r3, #0]
 8025cc6:	4b37      	ldr	r3, [pc, #220]	; (8025da4 <DMA1_Channel5_IRQHandler+0x100>)
 8025cc8:	881b      	ldrh	r3, [r3, #0]
 8025cca:	429a      	cmp	r2, r3
 8025ccc:	d329      	bcc.n	8025d22 <DMA1_Channel5_IRQHandler+0x7e>
C:/Users/leonardo/Desktop/Code/Github/DawnBGC/Dawn/DawnBsp/usart.c:197
        {
            debug_usart_rx_buff_head += debug_usart_rx_dma_cnt;
 8025cce:	4b34      	ldr	r3, [pc, #208]	; (8025da0 <DMA1_Channel5_IRQHandler+0xfc>)
 8025cd0:	881a      	ldrh	r2, [r3, #0]
 8025cd2:	4b35      	ldr	r3, [pc, #212]	; (8025da8 <DMA1_Channel5_IRQHandler+0x104>)
 8025cd4:	881b      	ldrh	r3, [r3, #0]
 8025cd6:	4413      	add	r3, r2
 8025cd8:	b29a      	uxth	r2, r3
 8025cda:	4b31      	ldr	r3, [pc, #196]	; (8025da0 <DMA1_Channel5_IRQHandler+0xfc>)
 8025cdc:	801a      	strh	r2, [r3, #0]
C:/Users/leonardo/Desktop/Code/Github/DawnBGC/Dawn/DawnBsp/usart.c:198
            debug_usart_rx_buff_head %= DEBUG_USART_RX_BUFF_SIZE;
 8025cde:	4b30      	ldr	r3, [pc, #192]	; (8025da0 <DMA1_Channel5_IRQHandler+0xfc>)
 8025ce0:	881b      	ldrh	r3, [r3, #0]
 8025ce2:	f3c3 0308 	ubfx	r3, r3, #0, #9
 8025ce6:	b29a      	uxth	r2, r3
 8025ce8:	4b2d      	ldr	r3, [pc, #180]	; (8025da0 <DMA1_Channel5_IRQHandler+0xfc>)
 8025cea:	801a      	strh	r2, [r3, #0]
C:/Users/leonardo/Desktop/Code/Github/DawnBGC/Dawn/DawnBsp/usart.c:200
                    
            if(debug_usart_rx_buff_head > debug_usart_rx_buff_tail_last)
 8025cec:	4b2c      	ldr	r3, [pc, #176]	; (8025da0 <DMA1_Channel5_IRQHandler+0xfc>)
 8025cee:	881a      	ldrh	r2, [r3, #0]
 8025cf0:	4b2c      	ldr	r3, [pc, #176]	; (8025da4 <DMA1_Channel5_IRQHandler+0x100>)
 8025cf2:	881b      	ldrh	r3, [r3, #0]
 8025cf4:	429a      	cmp	r2, r3
 8025cf6:	d90b      	bls.n	8025d10 <DMA1_Channel5_IRQHandler+0x6c>
C:/Users/leonardo/Desktop/Code/Github/DawnBGC/Dawn/DawnBsp/usart.c:202
            {
                debug_usart_rx_dma_cnt = DEBUG_USART_RX_BUFF_SIZE - debug_usart_rx_buff_head;
 8025cf8:	4b29      	ldr	r3, [pc, #164]	; (8025da0 <DMA1_Channel5_IRQHandler+0xfc>)
 8025cfa:	881b      	ldrh	r3, [r3, #0]
 8025cfc:	f5c3 7300 	rsb	r3, r3, #512	; 0x200
 8025d00:	b29a      	uxth	r2, r3
 8025d02:	4b29      	ldr	r3, [pc, #164]	; (8025da8 <DMA1_Channel5_IRQHandler+0x104>)
 8025d04:	801a      	strh	r2, [r3, #0]
C:/Users/leonardo/Desktop/Code/Github/DawnBGC/Dawn/DawnBsp/usart.c:203
                debug_usart_rx_buff_tail_last = debug_usart_rx_buff_tail;
 8025d06:	4b29      	ldr	r3, [pc, #164]	; (8025dac <DMA1_Channel5_IRQHandler+0x108>)
 8025d08:	881a      	ldrh	r2, [r3, #0]
 8025d0a:	4b26      	ldr	r3, [pc, #152]	; (8025da4 <DMA1_Channel5_IRQHandler+0x100>)
 8025d0c:	801a      	strh	r2, [r3, #0]
 8025d0e:	e029      	b.n	8025d64 <DMA1_Channel5_IRQHandler+0xc0>
C:/Users/leonardo/Desktop/Code/Github/DawnBGC/Dawn/DawnBsp/usart.c:207
            }
            else
            {
                debug_usart_rx_buff_tail_last = debug_usart_rx_buff_tail;
 8025d10:	4b26      	ldr	r3, [pc, #152]	; (8025dac <DMA1_Channel5_IRQHandler+0x108>)
 8025d12:	881a      	ldrh	r2, [r3, #0]
 8025d14:	4b23      	ldr	r3, [pc, #140]	; (8025da4 <DMA1_Channel5_IRQHandler+0x100>)
 8025d16:	801a      	strh	r2, [r3, #0]
C:/Users/leonardo/Desktop/Code/Github/DawnBGC/Dawn/DawnBsp/usart.c:208
                debug_usart_rx_dma_cnt = debug_usart_rx_buff_tail_last;
 8025d18:	4b22      	ldr	r3, [pc, #136]	; (8025da4 <DMA1_Channel5_IRQHandler+0x100>)
 8025d1a:	881a      	ldrh	r2, [r3, #0]
 8025d1c:	4b22      	ldr	r3, [pc, #136]	; (8025da8 <DMA1_Channel5_IRQHandler+0x104>)
 8025d1e:	801a      	strh	r2, [r3, #0]
 8025d20:	e020      	b.n	8025d64 <DMA1_Channel5_IRQHandler+0xc0>
C:/Users/leonardo/Desktop/Code/Github/DawnBGC/Dawn/DawnBsp/usart.c:211
            }
        }
        else if(debug_usart_rx_buff_head < debug_usart_rx_buff_tail_last)
 8025d22:	4b1f      	ldr	r3, [pc, #124]	; (8025da0 <DMA1_Channel5_IRQHandler+0xfc>)
 8025d24:	881a      	ldrh	r2, [r3, #0]
 8025d26:	4b1f      	ldr	r3, [pc, #124]	; (8025da4 <DMA1_Channel5_IRQHandler+0x100>)
 8025d28:	881b      	ldrh	r3, [r3, #0]
 8025d2a:	429a      	cmp	r2, r3
 8025d2c:	d21a      	bcs.n	8025d64 <DMA1_Channel5_IRQHandler+0xc0>
C:/Users/leonardo/Desktop/Code/Github/DawnBGC/Dawn/DawnBsp/usart.c:213
        {
            debug_usart_rx_buff_head += debug_usart_rx_dma_cnt;
 8025d2e:	4b1c      	ldr	r3, [pc, #112]	; (8025da0 <DMA1_Channel5_IRQHandler+0xfc>)
 8025d30:	881a      	ldrh	r2, [r3, #0]
 8025d32:	4b1d      	ldr	r3, [pc, #116]	; (8025da8 <DMA1_Channel5_IRQHandler+0x104>)
 8025d34:	881b      	ldrh	r3, [r3, #0]
 8025d36:	4413      	add	r3, r2
 8025d38:	b29a      	uxth	r2, r3
 8025d3a:	4b19      	ldr	r3, [pc, #100]	; (8025da0 <DMA1_Channel5_IRQHandler+0xfc>)
 8025d3c:	801a      	strh	r2, [r3, #0]
C:/Users/leonardo/Desktop/Code/Github/DawnBGC/Dawn/DawnBsp/usart.c:214
            debug_usart_rx_buff_head %= DEBUG_USART_RX_BUFF_SIZE;
 8025d3e:	4b18      	ldr	r3, [pc, #96]	; (8025da0 <DMA1_Channel5_IRQHandler+0xfc>)
 8025d40:	881b      	ldrh	r3, [r3, #0]
 8025d42:	f3c3 0308 	ubfx	r3, r3, #0, #9
 8025d46:	b29a      	uxth	r2, r3
 8025d48:	4b15      	ldr	r3, [pc, #84]	; (8025da0 <DMA1_Channel5_IRQHandler+0xfc>)
 8025d4a:	801a      	strh	r2, [r3, #0]
C:/Users/leonardo/Desktop/Code/Github/DawnBGC/Dawn/DawnBsp/usart.c:216
            
            debug_usart_rx_buff_tail_last = debug_usart_rx_buff_tail;
 8025d4c:	4b17      	ldr	r3, [pc, #92]	; (8025dac <DMA1_Channel5_IRQHandler+0x108>)
 8025d4e:	881a      	ldrh	r2, [r3, #0]
 8025d50:	4b14      	ldr	r3, [pc, #80]	; (8025da4 <DMA1_Channel5_IRQHandler+0x100>)
 8025d52:	801a      	strh	r2, [r3, #0]
C:/Users/leonardo/Desktop/Code/Github/DawnBGC/Dawn/DawnBsp/usart.c:218
            
            debug_usart_rx_dma_cnt = debug_usart_rx_buff_tail_last - debug_usart_rx_buff_head;
 8025d54:	4b13      	ldr	r3, [pc, #76]	; (8025da4 <DMA1_Channel5_IRQHandler+0x100>)
 8025d56:	881a      	ldrh	r2, [r3, #0]
 8025d58:	4b11      	ldr	r3, [pc, #68]	; (8025da0 <DMA1_Channel5_IRQHandler+0xfc>)
 8025d5a:	881b      	ldrh	r3, [r3, #0]
 8025d5c:	1ad3      	subs	r3, r2, r3
 8025d5e:	b29a      	uxth	r2, r3
 8025d60:	4b11      	ldr	r3, [pc, #68]	; (8025da8 <DMA1_Channel5_IRQHandler+0x104>)
 8025d62:	801a      	strh	r2, [r3, #0]
C:/Users/leonardo/Desktop/Code/Github/DawnBGC/Dawn/DawnBsp/usart.c:221
        }
        
        if(debug_usart_rx_dma_cnt > DEBUG_USART_RX_DMA_BUFFER_SIZE)
 8025d64:	4b10      	ldr	r3, [pc, #64]	; (8025da8 <DMA1_Channel5_IRQHandler+0x104>)
 8025d66:	881b      	ldrh	r3, [r3, #0]
 8025d68:	2b40      	cmp	r3, #64	; 0x40
 8025d6a:	d902      	bls.n	8025d72 <DMA1_Channel5_IRQHandler+0xce>
C:/Users/leonardo/Desktop/Code/Github/DawnBGC/Dawn/DawnBsp/usart.c:223
        {
            debug_usart_rx_dma_cnt = DEBUG_USART_RX_DMA_BUFFER_SIZE;
 8025d6c:	4b0e      	ldr	r3, [pc, #56]	; (8025da8 <DMA1_Channel5_IRQHandler+0x104>)
 8025d6e:	2240      	movs	r2, #64	; 0x40
 8025d70:	801a      	strh	r2, [r3, #0]
C:/Users/leonardo/Desktop/Code/Github/DawnBGC/Dawn/DawnBsp/usart.c:226
        }

        dma_channel_disable(DMA1, DMA_CH5);
 8025d72:	2105      	movs	r1, #5
 8025d74:	4809      	ldr	r0, [pc, #36]	; (8025d9c <DMA1_Channel5_IRQHandler+0xf8>)
 8025d76:	f7fd fc17 	bl	80235a8 <dma_channel_disable>
C:/Users/leonardo/Desktop/Code/Github/DawnBGC/Dawn/DawnBsp/usart.c:227
        DMA_CHM0ADDR(DMA1, DMA_CH5) = (uint32_t)&debug_usart_rx_buf[debug_usart_rx_buff_head];
 8025d7a:	4b09      	ldr	r3, [pc, #36]	; (8025da0 <DMA1_Channel5_IRQHandler+0xfc>)
 8025d7c:	881b      	ldrh	r3, [r3, #0]
 8025d7e:	461a      	mov	r2, r3
 8025d80:	4b0b      	ldr	r3, [pc, #44]	; (8025db0 <DMA1_Channel5_IRQHandler+0x10c>)
 8025d82:	441a      	add	r2, r3
 8025d84:	4b0b      	ldr	r3, [pc, #44]	; (8025db4 <DMA1_Channel5_IRQHandler+0x110>)
 8025d86:	601a      	str	r2, [r3, #0]
C:/Users/leonardo/Desktop/Code/Github/DawnBGC/Dawn/DawnBsp/usart.c:228
        DMA_CHCNT(DMA1, DMA_CH5) = debug_usart_rx_dma_cnt;
 8025d88:	4b07      	ldr	r3, [pc, #28]	; (8025da8 <DMA1_Channel5_IRQHandler+0x104>)
 8025d8a:	881a      	ldrh	r2, [r3, #0]
 8025d8c:	4b0a      	ldr	r3, [pc, #40]	; (8025db8 <DMA1_Channel5_IRQHandler+0x114>)
 8025d8e:	601a      	str	r2, [r3, #0]
C:/Users/leonardo/Desktop/Code/Github/DawnBGC/Dawn/DawnBsp/usart.c:229
        dma_channel_enable(DMA1, DMA_CH5);
 8025d90:	2105      	movs	r1, #5
 8025d92:	4802      	ldr	r0, [pc, #8]	; (8025d9c <DMA1_Channel5_IRQHandler+0xf8>)
 8025d94:	f7fd fbe6 	bl	8023564 <dma_channel_enable>
C:/Users/leonardo/Desktop/Code/Github/DawnBGC/Dawn/DawnBsp/usart.c:231
    }
}
 8025d98:	bf00      	nop
 8025d9a:	bd80      	pop	{r7, pc}
 8025d9c:	40026400 	.word	0x40026400
 8025da0:	20000edc 	.word	0x20000edc
 8025da4:	20000ee0 	.word	0x20000ee0
 8025da8:	20000ee2 	.word	0x20000ee2
 8025dac:	20000ede 	.word	0x20000ede
 8025db0:	200008dc 	.word	0x200008dc
 8025db4:	40026494 	.word	0x40026494
 8025db8:	4002648c 	.word	0x4002648c

08025dbc <DMA1_Channel7_IRQHandler>:
DMA1_Channel7_IRQHandler():
C:/Users/leonardo/Desktop/Code/Github/DawnBGC/Dawn/DawnBsp/usart.c:234

void DMA1_Channel7_IRQHandler(void)
{
 8025dbc:	b580      	push	{r7, lr}
 8025dbe:	af00      	add	r7, sp, #0
C:/Users/leonardo/Desktop/Code/Github/DawnBGC/Dawn/DawnBsp/usart.c:236
    
    if(dma_interrupt_flag_get(DMA1, DMA_CH7, DMA_INTF_FTFIF) == SET)
 8025dc0:	2220      	movs	r2, #32
 8025dc2:	2107      	movs	r1, #7
 8025dc4:	4808      	ldr	r0, [pc, #32]	; (8025de8 <DMA1_Channel7_IRQHandler+0x2c>)
 8025dc6:	f7fd f8e7 	bl	8022f98 <dma_interrupt_flag_get>
 8025dca:	4603      	mov	r3, r0
 8025dcc:	2b01      	cmp	r3, #1
 8025dce:	d109      	bne.n	8025de4 <DMA1_Channel7_IRQHandler+0x28>
C:/Users/leonardo/Desktop/Code/Github/DawnBGC/Dawn/DawnBsp/usart.c:238
    {
        dma_interrupt_flag_clear(DMA1, DMA_CH7, DMA_INTC_FTFIFC | DMA_INTC_HTFIFC);
 8025dd0:	2230      	movs	r2, #48	; 0x30
 8025dd2:	2107      	movs	r1, #7
 8025dd4:	4804      	ldr	r0, [pc, #16]	; (8025de8 <DMA1_Channel7_IRQHandler+0x2c>)
 8025dd6:	f7fd faef 	bl	80233b8 <dma_interrupt_flag_clear>
C:/Users/leonardo/Desktop/Code/Github/DawnBGC/Dawn/DawnBsp/usart.c:240

        is_debug_usart_dma_trans_completed = TRUE;
 8025dda:	4b04      	ldr	r3, [pc, #16]	; (8025dec <DMA1_Channel7_IRQHandler+0x30>)
 8025ddc:	2201      	movs	r2, #1
 8025dde:	701a      	strb	r2, [r3, #0]
C:/Users/leonardo/Desktop/Code/Github/DawnBGC/Dawn/DawnBsp/usart.c:242
        
        debug_usart_trans_enable();   
 8025de0:	f7ff ff08 	bl	8025bf4 <debug_usart_trans_enable>
C:/Users/leonardo/Desktop/Code/Github/DawnBGC/Dawn/DawnBsp/usart.c:244
    }
}
 8025de4:	bf00      	nop
 8025de6:	bd80      	pop	{r7, pc}
 8025de8:	40026400 	.word	0x40026400
 8025dec:	20000423 	.word	0x20000423

08025df0 <USART0_IRQHandler>:
USART0_IRQHandler():
C:/Users/leonardo/Desktop/Code/Github/DawnBGC/Dawn/DawnBsp/usart.c:247

void USART0_IRQHandler(void)
{
 8025df0:	b590      	push	{r4, r7, lr}
 8025df2:	b083      	sub	sp, #12
 8025df4:	af00      	add	r7, sp, #0
C:/Users/leonardo/Desktop/Code/Github/DawnBGC/Dawn/DawnBsp/usart.c:248
    uint16_t len = 0;
 8025df6:	2300      	movs	r3, #0
 8025df8:	80fb      	strh	r3, [r7, #6]
C:/Users/leonardo/Desktop/Code/Github/DawnBGC/Dawn/DawnBsp/usart.c:251
    
    
    if(usart_interrupt_flag_get(USART0, USART_INT_IDLEIE) == SET)   
 8025dfa:	f44f 7141 	mov.w	r1, #772	; 0x304
 8025dfe:	4874      	ldr	r0, [pc, #464]	; (8025fd0 <USART0_IRQHandler+0x1e0>)
 8025e00:	f7fb fc9e 	bl	8021740 <usart_interrupt_flag_get>
 8025e04:	4603      	mov	r3, r0
 8025e06:	2b01      	cmp	r3, #1
 8025e08:	d15c      	bne.n	8025ec4 <USART0_IRQHandler+0xd4>
C:/Users/leonardo/Desktop/Code/Github/DawnBGC/Dawn/DawnBsp/usart.c:254
    {
        
        usart_data_receive(USART0);
 8025e0a:	4871      	ldr	r0, [pc, #452]	; (8025fd0 <USART0_IRQHandler+0x1e0>)
 8025e0c:	f7fb fb3b 	bl	8021486 <usart_data_receive>
C:/Users/leonardo/Desktop/Code/Github/DawnBGC/Dawn/DawnBsp/usart.c:256
        
        len = debug_usart_rx_dma_cnt - dma_transfer_number_get(DMA1, DMA_CH5);  
 8025e10:	4b70      	ldr	r3, [pc, #448]	; (8025fd4 <USART0_IRQHandler+0x1e4>)
 8025e12:	881c      	ldrh	r4, [r3, #0]
 8025e14:	2105      	movs	r1, #5
 8025e16:	4870      	ldr	r0, [pc, #448]	; (8025fd8 <USART0_IRQHandler+0x1e8>)
 8025e18:	f7fd fb8f 	bl	802353a <dma_transfer_number_get>
 8025e1c:	4603      	mov	r3, r0
 8025e1e:	b29b      	uxth	r3, r3
 8025e20:	1ae3      	subs	r3, r4, r3
 8025e22:	80fb      	strh	r3, [r7, #6]
C:/Users/leonardo/Desktop/Code/Github/DawnBGC/Dawn/DawnBsp/usart.c:257
        debug_usart_rx_buff_head += len;
 8025e24:	4b6d      	ldr	r3, [pc, #436]	; (8025fdc <USART0_IRQHandler+0x1ec>)
 8025e26:	881a      	ldrh	r2, [r3, #0]
 8025e28:	88fb      	ldrh	r3, [r7, #6]
 8025e2a:	4413      	add	r3, r2
 8025e2c:	b29a      	uxth	r2, r3
 8025e2e:	4b6b      	ldr	r3, [pc, #428]	; (8025fdc <USART0_IRQHandler+0x1ec>)
 8025e30:	801a      	strh	r2, [r3, #0]
C:/Users/leonardo/Desktop/Code/Github/DawnBGC/Dawn/DawnBsp/usart.c:259
        
        debug_usart_rx_buff_tail_last = debug_usart_rx_buff_tail;
 8025e32:	4b6b      	ldr	r3, [pc, #428]	; (8025fe0 <USART0_IRQHandler+0x1f0>)
 8025e34:	881a      	ldrh	r2, [r3, #0]
 8025e36:	4b6b      	ldr	r3, [pc, #428]	; (8025fe4 <USART0_IRQHandler+0x1f4>)
 8025e38:	801a      	strh	r2, [r3, #0]
C:/Users/leonardo/Desktop/Code/Github/DawnBGC/Dawn/DawnBsp/usart.c:261
        
        if(debug_usart_rx_buff_head >= debug_usart_rx_buff_tail_last)   
 8025e3a:	4b68      	ldr	r3, [pc, #416]	; (8025fdc <USART0_IRQHandler+0x1ec>)
 8025e3c:	881a      	ldrh	r2, [r3, #0]
 8025e3e:	4b69      	ldr	r3, [pc, #420]	; (8025fe4 <USART0_IRQHandler+0x1f4>)
 8025e40:	881b      	ldrh	r3, [r3, #0]
 8025e42:	429a      	cmp	r2, r3
 8025e44:	d307      	bcc.n	8025e56 <USART0_IRQHandler+0x66>
C:/Users/leonardo/Desktop/Code/Github/DawnBGC/Dawn/DawnBsp/usart.c:263
        {
            debug_usart_rx_dma_cnt = DEBUG_USART_RX_BUFF_SIZE - debug_usart_rx_buff_head;
 8025e46:	4b65      	ldr	r3, [pc, #404]	; (8025fdc <USART0_IRQHandler+0x1ec>)
 8025e48:	881b      	ldrh	r3, [r3, #0]
 8025e4a:	f5c3 7300 	rsb	r3, r3, #512	; 0x200
 8025e4e:	b29a      	uxth	r2, r3
 8025e50:	4b60      	ldr	r3, [pc, #384]	; (8025fd4 <USART0_IRQHandler+0x1e4>)
 8025e52:	801a      	strh	r2, [r3, #0]
 8025e54:	e00d      	b.n	8025e72 <USART0_IRQHandler+0x82>
C:/Users/leonardo/Desktop/Code/Github/DawnBGC/Dawn/DawnBsp/usart.c:265
        }
        else if(debug_usart_rx_buff_head < debug_usart_rx_buff_tail_last)
 8025e56:	4b61      	ldr	r3, [pc, #388]	; (8025fdc <USART0_IRQHandler+0x1ec>)
 8025e58:	881a      	ldrh	r2, [r3, #0]
 8025e5a:	4b62      	ldr	r3, [pc, #392]	; (8025fe4 <USART0_IRQHandler+0x1f4>)
 8025e5c:	881b      	ldrh	r3, [r3, #0]
 8025e5e:	429a      	cmp	r2, r3
 8025e60:	d207      	bcs.n	8025e72 <USART0_IRQHandler+0x82>
C:/Users/leonardo/Desktop/Code/Github/DawnBGC/Dawn/DawnBsp/usart.c:267
        {
            debug_usart_rx_dma_cnt = debug_usart_rx_buff_tail_last - debug_usart_rx_buff_head;
 8025e62:	4b60      	ldr	r3, [pc, #384]	; (8025fe4 <USART0_IRQHandler+0x1f4>)
 8025e64:	881a      	ldrh	r2, [r3, #0]
 8025e66:	4b5d      	ldr	r3, [pc, #372]	; (8025fdc <USART0_IRQHandler+0x1ec>)
 8025e68:	881b      	ldrh	r3, [r3, #0]
 8025e6a:	1ad3      	subs	r3, r2, r3
 8025e6c:	b29a      	uxth	r2, r3
 8025e6e:	4b59      	ldr	r3, [pc, #356]	; (8025fd4 <USART0_IRQHandler+0x1e4>)
 8025e70:	801a      	strh	r2, [r3, #0]
C:/Users/leonardo/Desktop/Code/Github/DawnBGC/Dawn/DawnBsp/usart.c:270
        }
        
        if(debug_usart_rx_dma_cnt > DEBUG_USART_RX_DMA_BUFFER_SIZE)
 8025e72:	4b58      	ldr	r3, [pc, #352]	; (8025fd4 <USART0_IRQHandler+0x1e4>)
 8025e74:	881b      	ldrh	r3, [r3, #0]
 8025e76:	2b40      	cmp	r3, #64	; 0x40
 8025e78:	d902      	bls.n	8025e80 <USART0_IRQHandler+0x90>
C:/Users/leonardo/Desktop/Code/Github/DawnBGC/Dawn/DawnBsp/usart.c:272
        {
            debug_usart_rx_dma_cnt = DEBUG_USART_RX_DMA_BUFFER_SIZE;
 8025e7a:	4b56      	ldr	r3, [pc, #344]	; (8025fd4 <USART0_IRQHandler+0x1e4>)
 8025e7c:	2240      	movs	r2, #64	; 0x40
 8025e7e:	801a      	strh	r2, [r3, #0]
C:/Users/leonardo/Desktop/Code/Github/DawnBGC/Dawn/DawnBsp/usart.c:275
        }

        dma_interrupt_disable(DMA1, DMA_CH5, DMA_CHXCTL_FTFIE);
 8025e80:	2210      	movs	r2, #16
 8025e82:	2105      	movs	r1, #5
 8025e84:	4854      	ldr	r0, [pc, #336]	; (8025fd8 <USART0_IRQHandler+0x1e8>)
 8025e86:	f7fd fb16 	bl	80234b6 <dma_interrupt_disable>
C:/Users/leonardo/Desktop/Code/Github/DawnBGC/Dawn/DawnBsp/usart.c:276
        dma_channel_disable(DMA1, DMA_CH5);
 8025e8a:	2105      	movs	r1, #5
 8025e8c:	4852      	ldr	r0, [pc, #328]	; (8025fd8 <USART0_IRQHandler+0x1e8>)
 8025e8e:	f7fd fb8b 	bl	80235a8 <dma_channel_disable>
C:/Users/leonardo/Desktop/Code/Github/DawnBGC/Dawn/DawnBsp/usart.c:277
        DMA_CHM0ADDR(DMA1, DMA_CH5) = (uint32_t)&debug_usart_rx_buf[debug_usart_rx_buff_head];
 8025e92:	4b52      	ldr	r3, [pc, #328]	; (8025fdc <USART0_IRQHandler+0x1ec>)
 8025e94:	881b      	ldrh	r3, [r3, #0]
 8025e96:	461a      	mov	r2, r3
 8025e98:	4b53      	ldr	r3, [pc, #332]	; (8025fe8 <USART0_IRQHandler+0x1f8>)
 8025e9a:	441a      	add	r2, r3
 8025e9c:	4b53      	ldr	r3, [pc, #332]	; (8025fec <USART0_IRQHandler+0x1fc>)
 8025e9e:	601a      	str	r2, [r3, #0]
C:/Users/leonardo/Desktop/Code/Github/DawnBGC/Dawn/DawnBsp/usart.c:278
        DMA_CHCNT(DMA1, DMA_CH5) = debug_usart_rx_dma_cnt;
 8025ea0:	4b4c      	ldr	r3, [pc, #304]	; (8025fd4 <USART0_IRQHandler+0x1e4>)
 8025ea2:	881a      	ldrh	r2, [r3, #0]
 8025ea4:	4b52      	ldr	r3, [pc, #328]	; (8025ff0 <USART0_IRQHandler+0x200>)
 8025ea6:	601a      	str	r2, [r3, #0]
C:/Users/leonardo/Desktop/Code/Github/DawnBGC/Dawn/DawnBsp/usart.c:280
        
        dma_interrupt_flag_clear(DMA1, DMA_CH5, DMA_INTC_FTFIFC | DMA_INTC_HTFIFC);
 8025ea8:	2230      	movs	r2, #48	; 0x30
 8025eaa:	2105      	movs	r1, #5
 8025eac:	484a      	ldr	r0, [pc, #296]	; (8025fd8 <USART0_IRQHandler+0x1e8>)
 8025eae:	f7fd fa83 	bl	80233b8 <dma_interrupt_flag_clear>
C:/Users/leonardo/Desktop/Code/Github/DawnBGC/Dawn/DawnBsp/usart.c:281
        dma_channel_enable(DMA1, DMA_CH5);
 8025eb2:	2105      	movs	r1, #5
 8025eb4:	4848      	ldr	r0, [pc, #288]	; (8025fd8 <USART0_IRQHandler+0x1e8>)
 8025eb6:	f7fd fb55 	bl	8023564 <dma_channel_enable>
C:/Users/leonardo/Desktop/Code/Github/DawnBGC/Dawn/DawnBsp/usart.c:282
        dma_interrupt_enable(DMA1, DMA_CH5, DMA_CHXCTL_FTFIE);
 8025eba:	2210      	movs	r2, #16
 8025ebc:	2105      	movs	r1, #5
 8025ebe:	4846      	ldr	r0, [pc, #280]	; (8025fd8 <USART0_IRQHandler+0x1e8>)
 8025ec0:	f7fd fabb 	bl	802343a <dma_interrupt_enable>
C:/Users/leonardo/Desktop/Code/Github/DawnBGC/Dawn/DawnBsp/usart.c:286
    }
    
    
    if(usart_interrupt_flag_get(USART0, USART_INT_TBEIE) == SET)
 8025ec4:	f240 3107 	movw	r1, #775	; 0x307
 8025ec8:	4841      	ldr	r0, [pc, #260]	; (8025fd0 <USART0_IRQHandler+0x1e0>)
 8025eca:	f7fb fc39 	bl	8021740 <usart_interrupt_flag_get>
 8025ece:	4603      	mov	r3, r0
 8025ed0:	2b01      	cmp	r3, #1
 8025ed2:	d16a      	bne.n	8025faa <USART0_IRQHandler+0x1ba>
C:/Users/leonardo/Desktop/Code/Github/DawnBGC/Dawn/DawnBsp/usart.c:288
    {
        if(debug_usart_tx_buff_head > debug_usart_tx_buff_tail)       
 8025ed4:	4b47      	ldr	r3, [pc, #284]	; (8025ff4 <USART0_IRQHandler+0x204>)
 8025ed6:	881a      	ldrh	r2, [r3, #0]
 8025ed8:	4b47      	ldr	r3, [pc, #284]	; (8025ff8 <USART0_IRQHandler+0x208>)
 8025eda:	881b      	ldrh	r3, [r3, #0]
 8025edc:	429a      	cmp	r2, r3
 8025ede:	d931      	bls.n	8025f44 <USART0_IRQHandler+0x154>
C:/Users/leonardo/Desktop/Code/Github/DawnBGC/Dawn/DawnBsp/usart.c:291
        {
            
            if(is_debug_usart_dma_trans_completed == TRUE)
 8025ee0:	4b46      	ldr	r3, [pc, #280]	; (8025ffc <USART0_IRQHandler+0x20c>)
 8025ee2:	781b      	ldrb	r3, [r3, #0]
 8025ee4:	2b01      	cmp	r3, #1
 8025ee6:	d15c      	bne.n	8025fa2 <USART0_IRQHandler+0x1b2>
C:/Users/leonardo/Desktop/Code/Github/DawnBGC/Dawn/DawnBsp/usart.c:293
            {
                is_debug_usart_dma_trans_completed = FALSE;
 8025ee8:	4b44      	ldr	r3, [pc, #272]	; (8025ffc <USART0_IRQHandler+0x20c>)
 8025eea:	2200      	movs	r2, #0
 8025eec:	701a      	strb	r2, [r3, #0]
C:/Users/leonardo/Desktop/Code/Github/DawnBGC/Dawn/DawnBsp/usart.c:295
                
                dma_interrupt_disable(DMA1, DMA_CH7, DMA_CHXCTL_FTFIE);
 8025eee:	2210      	movs	r2, #16
 8025ef0:	2107      	movs	r1, #7
 8025ef2:	4839      	ldr	r0, [pc, #228]	; (8025fd8 <USART0_IRQHandler+0x1e8>)
 8025ef4:	f7fd fadf 	bl	80234b6 <dma_interrupt_disable>
C:/Users/leonardo/Desktop/Code/Github/DawnBGC/Dawn/DawnBsp/usart.c:296
                dma_channel_disable(DMA1, DMA_CH7);
 8025ef8:	2107      	movs	r1, #7
 8025efa:	4837      	ldr	r0, [pc, #220]	; (8025fd8 <USART0_IRQHandler+0x1e8>)
 8025efc:	f7fd fb54 	bl	80235a8 <dma_channel_disable>
C:/Users/leonardo/Desktop/Code/Github/DawnBGC/Dawn/DawnBsp/usart.c:297
                DMA_CHM0ADDR(DMA1, DMA_CH7) = (uint32_t)&debug_usart_tx_buf[debug_usart_tx_buff_tail];
 8025f00:	4b3d      	ldr	r3, [pc, #244]	; (8025ff8 <USART0_IRQHandler+0x208>)
 8025f02:	881b      	ldrh	r3, [r3, #0]
 8025f04:	461a      	mov	r2, r3
 8025f06:	4b3e      	ldr	r3, [pc, #248]	; (8026000 <USART0_IRQHandler+0x210>)
 8025f08:	441a      	add	r2, r3
 8025f0a:	4b3e      	ldr	r3, [pc, #248]	; (8026004 <USART0_IRQHandler+0x214>)
 8025f0c:	601a      	str	r2, [r3, #0]
C:/Users/leonardo/Desktop/Code/Github/DawnBGC/Dawn/DawnBsp/usart.c:298
                DMA_CHCNT(DMA1, DMA_CH7) = debug_usart_tx_buff_head - debug_usart_tx_buff_tail;
 8025f0e:	4b39      	ldr	r3, [pc, #228]	; (8025ff4 <USART0_IRQHandler+0x204>)
 8025f10:	881b      	ldrh	r3, [r3, #0]
 8025f12:	461a      	mov	r2, r3
 8025f14:	4b38      	ldr	r3, [pc, #224]	; (8025ff8 <USART0_IRQHandler+0x208>)
 8025f16:	881b      	ldrh	r3, [r3, #0]
 8025f18:	1ad2      	subs	r2, r2, r3
 8025f1a:	4b3b      	ldr	r3, [pc, #236]	; (8026008 <USART0_IRQHandler+0x218>)
 8025f1c:	601a      	str	r2, [r3, #0]
C:/Users/leonardo/Desktop/Code/Github/DawnBGC/Dawn/DawnBsp/usart.c:300
                
                dma_interrupt_flag_clear(DMA1, DMA_CH7, DMA_INTC_FTFIFC | DMA_INTC_HTFIFC);
 8025f1e:	2230      	movs	r2, #48	; 0x30
 8025f20:	2107      	movs	r1, #7
 8025f22:	482d      	ldr	r0, [pc, #180]	; (8025fd8 <USART0_IRQHandler+0x1e8>)
 8025f24:	f7fd fa48 	bl	80233b8 <dma_interrupt_flag_clear>
C:/Users/leonardo/Desktop/Code/Github/DawnBGC/Dawn/DawnBsp/usart.c:301
                dma_channel_enable(DMA1, DMA_CH7);
 8025f28:	2107      	movs	r1, #7
 8025f2a:	482b      	ldr	r0, [pc, #172]	; (8025fd8 <USART0_IRQHandler+0x1e8>)
 8025f2c:	f7fd fb1a 	bl	8023564 <dma_channel_enable>
C:/Users/leonardo/Desktop/Code/Github/DawnBGC/Dawn/DawnBsp/usart.c:302
                dma_interrupt_enable(DMA1, DMA_CH7, DMA_CHXCTL_FTFIE);
 8025f30:	2210      	movs	r2, #16
 8025f32:	2107      	movs	r1, #7
 8025f34:	4828      	ldr	r0, [pc, #160]	; (8025fd8 <USART0_IRQHandler+0x1e8>)
 8025f36:	f7fd fa80 	bl	802343a <dma_interrupt_enable>
C:/Users/leonardo/Desktop/Code/Github/DawnBGC/Dawn/DawnBsp/usart.c:304
                
                debug_usart_tx_buff_tail = debug_usart_tx_buff_head;
 8025f3a:	4b2e      	ldr	r3, [pc, #184]	; (8025ff4 <USART0_IRQHandler+0x204>)
 8025f3c:	881a      	ldrh	r2, [r3, #0]
 8025f3e:	4b2e      	ldr	r3, [pc, #184]	; (8025ff8 <USART0_IRQHandler+0x208>)
 8025f40:	801a      	strh	r2, [r3, #0]
 8025f42:	e02e      	b.n	8025fa2 <USART0_IRQHandler+0x1b2>
C:/Users/leonardo/Desktop/Code/Github/DawnBGC/Dawn/DawnBsp/usart.c:307
            }
        }
        else if(debug_usart_tx_buff_head < debug_usart_tx_buff_tail)
 8025f44:	4b2b      	ldr	r3, [pc, #172]	; (8025ff4 <USART0_IRQHandler+0x204>)
 8025f46:	881a      	ldrh	r2, [r3, #0]
 8025f48:	4b2b      	ldr	r3, [pc, #172]	; (8025ff8 <USART0_IRQHandler+0x208>)
 8025f4a:	881b      	ldrh	r3, [r3, #0]
 8025f4c:	429a      	cmp	r2, r3
 8025f4e:	d228      	bcs.n	8025fa2 <USART0_IRQHandler+0x1b2>
C:/Users/leonardo/Desktop/Code/Github/DawnBGC/Dawn/DawnBsp/usart.c:310
        {
            
            if(is_debug_usart_dma_trans_completed == TRUE)
 8025f50:	4b2a      	ldr	r3, [pc, #168]	; (8025ffc <USART0_IRQHandler+0x20c>)
 8025f52:	781b      	ldrb	r3, [r3, #0]
 8025f54:	2b01      	cmp	r3, #1
 8025f56:	d124      	bne.n	8025fa2 <USART0_IRQHandler+0x1b2>
C:/Users/leonardo/Desktop/Code/Github/DawnBGC/Dawn/DawnBsp/usart.c:312
            {
                is_debug_usart_dma_trans_completed = FALSE;
 8025f58:	4b28      	ldr	r3, [pc, #160]	; (8025ffc <USART0_IRQHandler+0x20c>)
 8025f5a:	2200      	movs	r2, #0
 8025f5c:	701a      	strb	r2, [r3, #0]
C:/Users/leonardo/Desktop/Code/Github/DawnBGC/Dawn/DawnBsp/usart.c:314
                
                dma_channel_disable(DMA1, DMA_CH7);
 8025f5e:	2107      	movs	r1, #7
 8025f60:	481d      	ldr	r0, [pc, #116]	; (8025fd8 <USART0_IRQHandler+0x1e8>)
 8025f62:	f7fd fb21 	bl	80235a8 <dma_channel_disable>
C:/Users/leonardo/Desktop/Code/Github/DawnBGC/Dawn/DawnBsp/usart.c:315
                DMA_CHM0ADDR(DMA1, DMA_CH7) = (uint32_t)&debug_usart_tx_buf[debug_usart_tx_buff_tail];
 8025f66:	4b24      	ldr	r3, [pc, #144]	; (8025ff8 <USART0_IRQHandler+0x208>)
 8025f68:	881b      	ldrh	r3, [r3, #0]
 8025f6a:	461a      	mov	r2, r3
 8025f6c:	4b24      	ldr	r3, [pc, #144]	; (8026000 <USART0_IRQHandler+0x210>)
 8025f6e:	441a      	add	r2, r3
 8025f70:	4b24      	ldr	r3, [pc, #144]	; (8026004 <USART0_IRQHandler+0x214>)
 8025f72:	601a      	str	r2, [r3, #0]
C:/Users/leonardo/Desktop/Code/Github/DawnBGC/Dawn/DawnBsp/usart.c:316
                DMA_CHCNT(DMA1, DMA_CH7) = DEBUG_USART_TX_BUFF_SIZE - debug_usart_tx_buff_tail;
 8025f74:	4b20      	ldr	r3, [pc, #128]	; (8025ff8 <USART0_IRQHandler+0x208>)
 8025f76:	881b      	ldrh	r3, [r3, #0]
 8025f78:	f5c3 6280 	rsb	r2, r3, #1024	; 0x400
 8025f7c:	4b22      	ldr	r3, [pc, #136]	; (8026008 <USART0_IRQHandler+0x218>)
 8025f7e:	601a      	str	r2, [r3, #0]
C:/Users/leonardo/Desktop/Code/Github/DawnBGC/Dawn/DawnBsp/usart.c:318
                
                dma_interrupt_flag_clear(DMA1, DMA_CH7, DMA_INTC_FTFIFC | DMA_INTC_HTFIFC);
 8025f80:	2230      	movs	r2, #48	; 0x30
 8025f82:	2107      	movs	r1, #7
 8025f84:	4814      	ldr	r0, [pc, #80]	; (8025fd8 <USART0_IRQHandler+0x1e8>)
 8025f86:	f7fd fa17 	bl	80233b8 <dma_interrupt_flag_clear>
C:/Users/leonardo/Desktop/Code/Github/DawnBGC/Dawn/DawnBsp/usart.c:319
                dma_channel_enable(DMA1, DMA_CH7);
 8025f8a:	2107      	movs	r1, #7
 8025f8c:	4812      	ldr	r0, [pc, #72]	; (8025fd8 <USART0_IRQHandler+0x1e8>)
 8025f8e:	f7fd fae9 	bl	8023564 <dma_channel_enable>
C:/Users/leonardo/Desktop/Code/Github/DawnBGC/Dawn/DawnBsp/usart.c:320
                dma_interrupt_enable(DMA1, DMA_CH7, DMA_CHXCTL_FTFIE);
 8025f92:	2210      	movs	r2, #16
 8025f94:	2107      	movs	r1, #7
 8025f96:	4810      	ldr	r0, [pc, #64]	; (8025fd8 <USART0_IRQHandler+0x1e8>)
 8025f98:	f7fd fa4f 	bl	802343a <dma_interrupt_enable>
C:/Users/leonardo/Desktop/Code/Github/DawnBGC/Dawn/DawnBsp/usart.c:322
                
                debug_usart_tx_buff_tail = 0;
 8025f9c:	4b16      	ldr	r3, [pc, #88]	; (8025ff8 <USART0_IRQHandler+0x208>)
 8025f9e:	2200      	movs	r2, #0
 8025fa0:	801a      	strh	r2, [r3, #0]
C:/Users/leonardo/Desktop/Code/Github/DawnBGC/Dawn/DawnBsp/usart.c:325
            }
        }
        usart_interrupt_disable(USART0, USART_INTEN_TBEIE);
 8025fa2:	491a      	ldr	r1, [pc, #104]	; (802600c <USART0_IRQHandler+0x21c>)
 8025fa4:	480a      	ldr	r0, [pc, #40]	; (8025fd0 <USART0_IRQHandler+0x1e0>)
 8025fa6:	f7fb fb7e 	bl	80216a6 <usart_interrupt_disable>
C:/Users/leonardo/Desktop/Code/Github/DawnBGC/Dawn/DawnBsp/usart.c:329
    }
    
    
    if(usart_flag_get(USART0, USART_FLAG_ORERR) == SET)
 8025faa:	2103      	movs	r1, #3
 8025fac:	4808      	ldr	r0, [pc, #32]	; (8025fd0 <USART0_IRQHandler+0x1e0>)
 8025fae:	f7fb faee 	bl	802158e <usart_flag_get>
 8025fb2:	4603      	mov	r3, r0
 8025fb4:	2b01      	cmp	r3, #1
 8025fb6:	d106      	bne.n	8025fc6 <USART0_IRQHandler+0x1d6>
C:/Users/leonardo/Desktop/Code/Github/DawnBGC/Dawn/DawnBsp/usart.c:331
    {
        usart_data_receive(USART0);
 8025fb8:	4805      	ldr	r0, [pc, #20]	; (8025fd0 <USART0_IRQHandler+0x1e0>)
 8025fba:	f7fb fa64 	bl	8021486 <usart_data_receive>
C:/Users/leonardo/Desktop/Code/Github/DawnBGC/Dawn/DawnBsp/usart.c:332
        usart_flag_clear(USART0, USART_FLAG_ORERR);
 8025fbe:	2103      	movs	r1, #3
 8025fc0:	4803      	ldr	r0, [pc, #12]	; (8025fd0 <USART0_IRQHandler+0x1e0>)
 8025fc2:	f7fb fb02 	bl	80215ca <usart_flag_clear>
C:/Users/leonardo/Desktop/Code/Github/DawnBGC/Dawn/DawnBsp/usart.c:334
    }
}
 8025fc6:	bf00      	nop
 8025fc8:	370c      	adds	r7, #12
 8025fca:	46bd      	mov	sp, r7
 8025fcc:	bd90      	pop	{r4, r7, pc}
 8025fce:	bf00      	nop
 8025fd0:	40011000 	.word	0x40011000
 8025fd4:	20000ee2 	.word	0x20000ee2
 8025fd8:	40026400 	.word	0x40026400
 8025fdc:	20000edc 	.word	0x20000edc
 8025fe0:	20000ede 	.word	0x20000ede
 8025fe4:	20000ee0 	.word	0x20000ee0
 8025fe8:	200008dc 	.word	0x200008dc
 8025fec:	40026494 	.word	0x40026494
 8025ff0:	4002648c 	.word	0x4002648c
 8025ff4:	20000ee4 	.word	0x20000ee4
 8025ff8:	20000ee6 	.word	0x20000ee6
 8025ffc:	20000423 	.word	0x20000423
 8026000:	20000adc 	.word	0x20000adc
 8026004:	400264c4 	.word	0x400264c4
 8026008:	400264bc 	.word	0x400264bc
 802600c:	10000080 	.word	0x10000080

08026010 <TimeBaseInit>:
TimeBaseInit():
C:/Users/leonardo/Desktop/Code/Github/DawnBGC/Dawn/DawnBsp/timebase.c:28

#include "includes.h"
TimeBaseTimeOut_struct TimeOutArray[TOTAL_TIMEOUT_MODULE];

void TimeBaseInit(void)
{
 8026010:	b580      	push	{r7, lr}
 8026012:	b084      	sub	sp, #16
 8026014:	af00      	add	r7, sp, #0
C:/Users/leonardo/Desktop/Code/Github/DawnBGC/Dawn/DawnBsp/timebase.c:31
    timer_parameter_struct timer_initpara;

    rcu_periph_clock_enable(RCU_TIMER13);
 8026016:	f241 0008 	movw	r0, #4104	; 0x1008
 802601a:	f7fc fa37 	bl	802248c <rcu_periph_clock_enable>
C:/Users/leonardo/Desktop/Code/Github/DawnBGC/Dawn/DawnBsp/timebase.c:32
    rcu_timer_clock_prescaler_config(RCU_TIMER_PSC_MUL4);
 802601e:	f04f 7080 	mov.w	r0, #16777216	; 0x1000000
 8026022:	f7fc fa9b 	bl	802255c <rcu_timer_clock_prescaler_config>
C:/Users/leonardo/Desktop/Code/Github/DawnBGC/Dawn/DawnBsp/timebase.c:34
    
    timer_deinit(TIMER13);
 8026026:	4816      	ldr	r0, [pc, #88]	; (8026080 <TimeBaseInit+0x70>)
 8026028:	f7fb fba6 	bl	8021778 <timer_deinit>
C:/Users/leonardo/Desktop/Code/Github/DawnBGC/Dawn/DawnBsp/timebase.c:35
    timer_initpara.prescaler = TIMEBASE_PRSC;
 802602c:	2304      	movs	r3, #4
 802602e:	803b      	strh	r3, [r7, #0]
C:/Users/leonardo/Desktop/Code/Github/DawnBGC/Dawn/DawnBsp/timebase.c:36
    timer_initpara.alignedmode = TIMER_COUNTER_EDGE;
 8026030:	2300      	movs	r3, #0
 8026032:	807b      	strh	r3, [r7, #2]
C:/Users/leonardo/Desktop/Code/Github/DawnBGC/Dawn/DawnBsp/timebase.c:37
    timer_initpara.counterdirection = TIMER_COUNTER_UP;
 8026034:	2300      	movs	r3, #0
 8026036:	80bb      	strh	r3, [r7, #4]
C:/Users/leonardo/Desktop/Code/Github/DawnBGC/Dawn/DawnBsp/timebase.c:38
    timer_initpara.period = TIMEBASE_PERIOD - 1;
 8026038:	f242 730f 	movw	r3, #9999	; 0x270f
 802603c:	60bb      	str	r3, [r7, #8]
C:/Users/leonardo/Desktop/Code/Github/DawnBGC/Dawn/DawnBsp/timebase.c:39
    timer_initpara.clockdivision = TIMER_CKDIV_DIV1;
 802603e:	2300      	movs	r3, #0
 8026040:	81bb      	strh	r3, [r7, #12]
C:/Users/leonardo/Desktop/Code/Github/DawnBGC/Dawn/DawnBsp/timebase.c:40
    timer_initpara.repetitioncounter = 0;
 8026042:	2300      	movs	r3, #0
 8026044:	73bb      	strb	r3, [r7, #14]
C:/Users/leonardo/Desktop/Code/Github/DawnBGC/Dawn/DawnBsp/timebase.c:41
    timer_init(TIMER13, &timer_initpara);
 8026046:	463b      	mov	r3, r7
 8026048:	4619      	mov	r1, r3
 802604a:	480d      	ldr	r0, [pc, #52]	; (8026080 <TimeBaseInit+0x70>)
 802604c:	f7fb fcb2 	bl	80219b4 <timer_init>
C:/Users/leonardo/Desktop/Code/Github/DawnBGC/Dawn/DawnBsp/timebase.c:43
    
    nvic_irq_enable(TIMER7_TRG_CMT_TIMER13_IRQn, TIMEBASE_PRE_PRIORITY, TIMEBASE_SUB_PRIORITY);
 8026050:	2203      	movs	r2, #3
 8026052:	2103      	movs	r1, #3
 8026054:	202d      	movs	r0, #45	; 0x2d
 8026056:	f7fc fb77 	bl	8022748 <nvic_irq_enable>
C:/Users/leonardo/Desktop/Code/Github/DawnBGC/Dawn/DawnBsp/timebase.c:44
    timer_interrupt_enable(TIMER13, TIMER_INT_UP);
 802605a:	2101      	movs	r1, #1
 802605c:	4808      	ldr	r0, [pc, #32]	; (8026080 <TimeBaseInit+0x70>)
 802605e:	f7fb fd52 	bl	8021b06 <timer_interrupt_enable>
C:/Users/leonardo/Desktop/Code/Github/DawnBGC/Dawn/DawnBsp/timebase.c:45
    timer_counter_value_config(TIMER13 , 0);
 8026062:	2100      	movs	r1, #0
 8026064:	4806      	ldr	r0, [pc, #24]	; (8026080 <TimeBaseInit+0x70>)
 8026066:	f7fb fd3f 	bl	8021ae8 <timer_counter_value_config>
C:/Users/leonardo/Desktop/Code/Github/DawnBGC/Dawn/DawnBsp/timebase.c:46
    timer_enable(TIMER13);
 802606a:	4805      	ldr	r0, [pc, #20]	; (8026080 <TimeBaseInit+0x70>)
 802606c:	f7fb fd1e 	bl	8021aac <timer_enable>
C:/Users/leonardo/Desktop/Code/Github/DawnBGC/Dawn/DawnBsp/timebase.c:48
    
    TimeOutArray[FREE_TIMEOUT_MODULE].en = TRUE;
 8026070:	4b04      	ldr	r3, [pc, #16]	; (8026084 <TimeBaseInit+0x74>)
 8026072:	2201      	movs	r2, #1
 8026074:	701a      	strb	r2, [r3, #0]
C:/Users/leonardo/Desktop/Code/Github/DawnBGC/Dawn/DawnBsp/timebase.c:49
}
 8026076:	bf00      	nop
 8026078:	3710      	adds	r7, #16
 802607a:	46bd      	mov	sp, r7
 802607c:	bd80      	pop	{r7, pc}
 802607e:	bf00      	nop
 8026080:	40002000 	.word	0x40002000
 8026084:	20000f28 	.word	0x20000f28

08026088 <TimeBaseStart>:
TimeBaseStart():
C:/Users/leonardo/Desktop/Code/Github/DawnBGC/Dawn/DawnBsp/timebase.c:52

void TimeBaseStart(uint16_t period, TimeBaseTimeOut_struct *time_out)
{
 8026088:	b480      	push	{r7}
 802608a:	b083      	sub	sp, #12
 802608c:	af00      	add	r7, sp, #0
 802608e:	4603      	mov	r3, r0
 8026090:	6039      	str	r1, [r7, #0]
 8026092:	80fb      	strh	r3, [r7, #6]
C:/Users/leonardo/Desktop/Code/Github/DawnBGC/Dawn/DawnBsp/timebase.c:53
    time_out->cnt = 0;
 8026094:	683b      	ldr	r3, [r7, #0]
 8026096:	2200      	movs	r2, #0
 8026098:	805a      	strh	r2, [r3, #2]
C:/Users/leonardo/Desktop/Code/Github/DawnBGC/Dawn/DawnBsp/timebase.c:54
    time_out->period = period;
 802609a:	683b      	ldr	r3, [r7, #0]
 802609c:	88fa      	ldrh	r2, [r7, #6]
 802609e:	809a      	strh	r2, [r3, #4]
C:/Users/leonardo/Desktop/Code/Github/DawnBGC/Dawn/DawnBsp/timebase.c:55
    time_out->en = TRUE;
 80260a0:	683b      	ldr	r3, [r7, #0]
 80260a2:	2201      	movs	r2, #1
 80260a4:	701a      	strb	r2, [r3, #0]
C:/Users/leonardo/Desktop/Code/Github/DawnBGC/Dawn/DawnBsp/timebase.c:56
}
 80260a6:	bf00      	nop
 80260a8:	370c      	adds	r7, #12
 80260aa:	46bd      	mov	sp, r7
 80260ac:	bc80      	pop	{r7}
 80260ae:	4770      	bx	lr

080260b0 <TimeBaseTimeOut>:
TimeBaseTimeOut():
C:/Users/leonardo/Desktop/Code/Github/DawnBGC/Dawn/DawnBsp/timebase.c:65
    time_out->en = FALSE;    
    time_out->cnt = 0;
}

uint8_t TimeBaseTimeOut(TimeBaseTimeOut_struct *time_out)
{
 80260b0:	b480      	push	{r7}
 80260b2:	b083      	sub	sp, #12
 80260b4:	af00      	add	r7, sp, #0
 80260b6:	6078      	str	r0, [r7, #4]
C:/Users/leonardo/Desktop/Code/Github/DawnBGC/Dawn/DawnBsp/timebase.c:66
    if((time_out->cnt) > (time_out->period))
 80260b8:	687b      	ldr	r3, [r7, #4]
 80260ba:	885a      	ldrh	r2, [r3, #2]
 80260bc:	687b      	ldr	r3, [r7, #4]
 80260be:	889b      	ldrh	r3, [r3, #4]
 80260c0:	429a      	cmp	r2, r3
 80260c2:	d901      	bls.n	80260c8 <TimeBaseTimeOut+0x18>
C:/Users/leonardo/Desktop/Code/Github/DawnBGC/Dawn/DawnBsp/timebase.c:68
    {
        return TRUE;
 80260c4:	2301      	movs	r3, #1
 80260c6:	e000      	b.n	80260ca <TimeBaseTimeOut+0x1a>
C:/Users/leonardo/Desktop/Code/Github/DawnBGC/Dawn/DawnBsp/timebase.c:72
    }
    else
    {
        return FALSE;
 80260c8:	2300      	movs	r3, #0
C:/Users/leonardo/Desktop/Code/Github/DawnBGC/Dawn/DawnBsp/timebase.c:74
    }
}
 80260ca:	4618      	mov	r0, r3
 80260cc:	370c      	adds	r7, #12
 80260ce:	46bd      	mov	sp, r7
 80260d0:	bc80      	pop	{r7}
 80260d2:	4770      	bx	lr

080260d4 <TIMER7_TRG_CMT_TIMER13_IRQHandler>:
TIMER7_TRG_CMT_TIMER13_IRQHandler():
C:/Users/leonardo/Desktop/Code/Github/DawnBGC/Dawn/DawnBsp/timebase.c:77

void TIMER7_TRG_CMT_TIMER13_IRQHandler(void)
{
 80260d4:	b580      	push	{r7, lr}
 80260d6:	b082      	sub	sp, #8
 80260d8:	af00      	add	r7, sp, #0
C:/Users/leonardo/Desktop/Code/Github/DawnBGC/Dawn/DawnBsp/timebase.c:79
    static uint8_t isr_cnt = 0;
    uint8_t i = 0;
 80260da:	2300      	movs	r3, #0
 80260dc:	71fb      	strb	r3, [r7, #7]
C:/Users/leonardo/Desktop/Code/Github/DawnBGC/Dawn/DawnBsp/timebase.c:81
    
    if(timer_interrupt_flag_get(TIMER13, TIMER_INT_UP))
 80260de:	2101      	movs	r1, #1
 80260e0:	4820      	ldr	r0, [pc, #128]	; (8026164 <TIMER7_TRG_CMT_TIMER13_IRQHandler+0x90>)
 80260e2:	f7fb fd23 	bl	8021b2c <timer_interrupt_flag_get>
 80260e6:	4603      	mov	r3, r0
 80260e8:	2b00      	cmp	r3, #0
 80260ea:	d037      	beq.n	802615c <TIMER7_TRG_CMT_TIMER13_IRQHandler+0x88>
C:/Users/leonardo/Desktop/Code/Github/DawnBGC/Dawn/DawnBsp/timebase.c:83
    {
        timer_interrupt_flag_clear(TIMER13, TIMER_INT_UP);
 80260ec:	2101      	movs	r1, #1
 80260ee:	481d      	ldr	r0, [pc, #116]	; (8026164 <TIMER7_TRG_CMT_TIMER13_IRQHandler+0x90>)
 80260f0:	f7fb fd39 	bl	8021b66 <timer_interrupt_flag_clear>
C:/Users/leonardo/Desktop/Code/Github/DawnBGC/Dawn/DawnBsp/timebase.c:85

        isr_cnt++;
 80260f4:	4b1c      	ldr	r3, [pc, #112]	; (8026168 <TIMER7_TRG_CMT_TIMER13_IRQHandler+0x94>)
 80260f6:	781b      	ldrb	r3, [r3, #0]
 80260f8:	3301      	adds	r3, #1
 80260fa:	b2da      	uxtb	r2, r3
 80260fc:	4b1a      	ldr	r3, [pc, #104]	; (8026168 <TIMER7_TRG_CMT_TIMER13_IRQHandler+0x94>)
 80260fe:	701a      	strb	r2, [r3, #0]
C:/Users/leonardo/Desktop/Code/Github/DawnBGC/Dawn/DawnBsp/timebase.c:86
        if(isr_cnt > ((TIMEBASE_FREQ / 1000) - 1))
 8026100:	4b19      	ldr	r3, [pc, #100]	; (8026168 <TIMER7_TRG_CMT_TIMER13_IRQHandler+0x94>)
 8026102:	781b      	ldrb	r3, [r3, #0]
 8026104:	2b03      	cmp	r3, #3
 8026106:	d929      	bls.n	802615c <TIMER7_TRG_CMT_TIMER13_IRQHandler+0x88>
C:/Users/leonardo/Desktop/Code/Github/DawnBGC/Dawn/DawnBsp/timebase.c:88
        {
            isr_cnt = 0;
 8026108:	4b17      	ldr	r3, [pc, #92]	; (8026168 <TIMER7_TRG_CMT_TIMER13_IRQHandler+0x94>)
 802610a:	2200      	movs	r2, #0
 802610c:	701a      	strb	r2, [r3, #0]
C:/Users/leonardo/Desktop/Code/Github/DawnBGC/Dawn/DawnBsp/timebase.c:89
            for(i = 0; i < TOTAL_TIMEOUT_MODULE; i++)
 802610e:	2300      	movs	r3, #0
 8026110:	71fb      	strb	r3, [r7, #7]
 8026112:	e020      	b.n	8026156 <TIMER7_TRG_CMT_TIMER13_IRQHandler+0x82>
C:/Users/leonardo/Desktop/Code/Github/DawnBGC/Dawn/DawnBsp/timebase.c:91
            {
                if(TimeOutArray[i].en)
 8026114:	79fa      	ldrb	r2, [r7, #7]
 8026116:	4915      	ldr	r1, [pc, #84]	; (802616c <TIMER7_TRG_CMT_TIMER13_IRQHandler+0x98>)
 8026118:	4613      	mov	r3, r2
 802611a:	005b      	lsls	r3, r3, #1
 802611c:	4413      	add	r3, r2
 802611e:	005b      	lsls	r3, r3, #1
 8026120:	440b      	add	r3, r1
 8026122:	781b      	ldrb	r3, [r3, #0]
 8026124:	2b00      	cmp	r3, #0
 8026126:	d013      	beq.n	8026150 <TIMER7_TRG_CMT_TIMER13_IRQHandler+0x7c>
C:/Users/leonardo/Desktop/Code/Github/DawnBGC/Dawn/DawnBsp/timebase.c:93
                {
                    TimeOutArray[i].cnt++;
 8026128:	79fa      	ldrb	r2, [r7, #7]
 802612a:	4910      	ldr	r1, [pc, #64]	; (802616c <TIMER7_TRG_CMT_TIMER13_IRQHandler+0x98>)
 802612c:	4613      	mov	r3, r2
 802612e:	005b      	lsls	r3, r3, #1
 8026130:	4413      	add	r3, r2
 8026132:	005b      	lsls	r3, r3, #1
 8026134:	440b      	add	r3, r1
 8026136:	3302      	adds	r3, #2
 8026138:	881b      	ldrh	r3, [r3, #0]
 802613a:	3301      	adds	r3, #1
 802613c:	b298      	uxth	r0, r3
 802613e:	490b      	ldr	r1, [pc, #44]	; (802616c <TIMER7_TRG_CMT_TIMER13_IRQHandler+0x98>)
 8026140:	4613      	mov	r3, r2
 8026142:	005b      	lsls	r3, r3, #1
 8026144:	4413      	add	r3, r2
 8026146:	005b      	lsls	r3, r3, #1
 8026148:	440b      	add	r3, r1
 802614a:	3302      	adds	r3, #2
 802614c:	4602      	mov	r2, r0
 802614e:	801a      	strh	r2, [r3, #0]
C:/Users/leonardo/Desktop/Code/Github/DawnBGC/Dawn/DawnBsp/timebase.c:89 (discriminator 2)
            for(i = 0; i < TOTAL_TIMEOUT_MODULE; i++)
 8026150:	79fb      	ldrb	r3, [r7, #7]
 8026152:	3301      	adds	r3, #1
 8026154:	71fb      	strb	r3, [r7, #7]
C:/Users/leonardo/Desktop/Code/Github/DawnBGC/Dawn/DawnBsp/timebase.c:89 (discriminator 1)
 8026156:	79fb      	ldrb	r3, [r7, #7]
 8026158:	2b02      	cmp	r3, #2
 802615a:	d9db      	bls.n	8026114 <TIMER7_TRG_CMT_TIMER13_IRQHandler+0x40>
C:/Users/leonardo/Desktop/Code/Github/DawnBGC/Dawn/DawnBsp/timebase.c:98
                }
            }
        }
    }
}
 802615c:	bf00      	nop
 802615e:	3708      	adds	r7, #8
 8026160:	46bd      	mov	sp, r7
 8026162:	bd80      	pop	{r7, pc}
 8026164:	40002000 	.word	0x40002000
 8026168:	20000ee8 	.word	0x20000ee8
 802616c:	20000f28 	.word	0x20000f28

08026170 <BDCGpioInit>:
BDCGpioInit():
C:/Users/leonardo/Desktop/Code/Github/DawnBGC/Dawn/DawnBsp/gpio.c:239
    timer_enable(TIMER1);
    timer_enable(TIMER7);
}

void BDCGpioInit(void)
{
 8026170:	b580      	push	{r7, lr}
 8026172:	b088      	sub	sp, #32
 8026174:	af00      	add	r7, sp, #0
C:/Users/leonardo/Desktop/Code/Github/DawnBGC/Dawn/DawnBsp/gpio.c:243
    timer_parameter_struct tim;
    timer_oc_parameter_struct oc;

    rcu_periph_clock_enable(RCU_GPIOA);
 8026176:	f44f 6040 	mov.w	r0, #3072	; 0xc00
 802617a:	f7fc f987 	bl	802248c <rcu_periph_clock_enable>
C:/Users/leonardo/Desktop/Code/Github/DawnBGC/Dawn/DawnBsp/gpio.c:244
    rcu_periph_clock_enable(RCU_GPIOB);
 802617e:	f640 4001 	movw	r0, #3073	; 0xc01
 8026182:	f7fc f983 	bl	802248c <rcu_periph_clock_enable>
C:/Users/leonardo/Desktop/Code/Github/DawnBGC/Dawn/DawnBsp/gpio.c:245
    rcu_periph_clock_enable(RCU_TIMER0);
 8026186:	f44f 5088 	mov.w	r0, #4352	; 0x1100
 802618a:	f7fc f97f 	bl	802248c <rcu_periph_clock_enable>
C:/Users/leonardo/Desktop/Code/Github/DawnBGC/Dawn/DawnBsp/gpio.c:246
    rcu_periph_clock_enable(RCU_TIMER1);
 802618e:	f44f 5080 	mov.w	r0, #4096	; 0x1000
 8026192:	f7fc f97b 	bl	802248c <rcu_periph_clock_enable>
C:/Users/leonardo/Desktop/Code/Github/DawnBGC/Dawn/DawnBsp/gpio.c:248

    gpio_af_set(GPIOB, GPIO_AF_1,
 8026196:	f44f 6270 	mov.w	r2, #3840	; 0xf00
 802619a:	2101      	movs	r1, #1
 802619c:	4891      	ldr	r0, [pc, #580]	; (80263e4 <BDCGpioInit+0x274>)
 802619e:	f7fc fc3b 	bl	8022a18 <gpio_af_set>
C:/Users/leonardo/Desktop/Code/Github/DawnBGC/Dawn/DawnBsp/gpio.c:250
                GPIO_PIN_8 | GPIO_PIN_9 | GPIO_PIN_10 | GPIO_PIN_11);
    gpio_mode_set(GPIOB, GPIO_MODE_AF, GPIO_PUPD_NONE,
 80261a2:	f44f 6370 	mov.w	r3, #3840	; 0xf00
 80261a6:	2200      	movs	r2, #0
 80261a8:	2102      	movs	r1, #2
 80261aa:	488e      	ldr	r0, [pc, #568]	; (80263e4 <BDCGpioInit+0x274>)
 80261ac:	f7fc fb7c 	bl	80228a8 <gpio_mode_set>
C:/Users/leonardo/Desktop/Code/Github/DawnBGC/Dawn/DawnBsp/gpio.c:252
                  GPIO_PIN_8 | GPIO_PIN_9 | GPIO_PIN_10 | GPIO_PIN_11);
    gpio_output_options_set(GPIOB, GPIO_OTYPE_PP, GPIO_OSPEED_200MHZ,
 80261b0:	f44f 6370 	mov.w	r3, #3840	; 0xf00
 80261b4:	2203      	movs	r2, #3
 80261b6:	2100      	movs	r1, #0
 80261b8:	488a      	ldr	r0, [pc, #552]	; (80263e4 <BDCGpioInit+0x274>)
 80261ba:	f7fc fbc2 	bl	8022942 <gpio_output_options_set>
C:/Users/leonardo/Desktop/Code/Github/DawnBGC/Dawn/DawnBsp/gpio.c:255
                            GPIO_PIN_8 | GPIO_PIN_9 | GPIO_PIN_10 | GPIO_PIN_11);

    gpio_af_set(GPIOA, GPIO_AF_1, GPIO_PIN_8 | GPIO_PIN_11);
 80261be:	f44f 6210 	mov.w	r2, #2304	; 0x900
 80261c2:	2101      	movs	r1, #1
 80261c4:	4888      	ldr	r0, [pc, #544]	; (80263e8 <BDCGpioInit+0x278>)
 80261c6:	f7fc fc27 	bl	8022a18 <gpio_af_set>
C:/Users/leonardo/Desktop/Code/Github/DawnBGC/Dawn/DawnBsp/gpio.c:256
    gpio_mode_set(GPIOA, GPIO_MODE_AF, GPIO_PUPD_NONE, GPIO_PIN_8 | GPIO_PIN_11);
 80261ca:	f44f 6310 	mov.w	r3, #2304	; 0x900
 80261ce:	2200      	movs	r2, #0
 80261d0:	2102      	movs	r1, #2
 80261d2:	4885      	ldr	r0, [pc, #532]	; (80263e8 <BDCGpioInit+0x278>)
 80261d4:	f7fc fb68 	bl	80228a8 <gpio_mode_set>
C:/Users/leonardo/Desktop/Code/Github/DawnBGC/Dawn/DawnBsp/gpio.c:257
    gpio_output_options_set(GPIOA, GPIO_OTYPE_PP, GPIO_OSPEED_200MHZ,
 80261d8:	f44f 6310 	mov.w	r3, #2304	; 0x900
 80261dc:	2203      	movs	r2, #3
 80261de:	2100      	movs	r1, #0
 80261e0:	4881      	ldr	r0, [pc, #516]	; (80263e8 <BDCGpioInit+0x278>)
 80261e2:	f7fc fbae 	bl	8022942 <gpio_output_options_set>
C:/Users/leonardo/Desktop/Code/Github/DawnBGC/Dawn/DawnBsp/gpio.c:260
                            GPIO_PIN_8 | GPIO_PIN_11);

    timer_deinit(TIMER0);
 80261e6:	4881      	ldr	r0, [pc, #516]	; (80263ec <BDCGpioInit+0x27c>)
 80261e8:	f7fb fac6 	bl	8021778 <timer_deinit>
C:/Users/leonardo/Desktop/Code/Github/DawnBGC/Dawn/DawnBsp/gpio.c:261
    tim.prescaler = 0;
 80261ec:	2300      	movs	r3, #0
 80261ee:	823b      	strh	r3, [r7, #16]
C:/Users/leonardo/Desktop/Code/Github/DawnBGC/Dawn/DawnBsp/gpio.c:262
    tim.alignedmode = TIMER_COUNTER_EDGE;
 80261f0:	2300      	movs	r3, #0
 80261f2:	827b      	strh	r3, [r7, #18]
C:/Users/leonardo/Desktop/Code/Github/DawnBGC/Dawn/DawnBsp/gpio.c:263
    tim.counterdirection = TIMER_COUNTER_UP;
 80261f4:	2300      	movs	r3, #0
 80261f6:	82bb      	strh	r3, [r7, #20]
C:/Users/leonardo/Desktop/Code/Github/DawnBGC/Dawn/DawnBsp/gpio.c:264
    tim.period = (uint16_t)TIM0_ARR;
 80261f8:	f241 3387 	movw	r3, #4999	; 0x1387
 80261fc:	61bb      	str	r3, [r7, #24]
C:/Users/leonardo/Desktop/Code/Github/DawnBGC/Dawn/DawnBsp/gpio.c:265
    tim.clockdivision = TIMER_CKDIV_DIV1;
 80261fe:	2300      	movs	r3, #0
 8026200:	83bb      	strh	r3, [r7, #28]
C:/Users/leonardo/Desktop/Code/Github/DawnBGC/Dawn/DawnBsp/gpio.c:266
    tim.repetitioncounter = 0;
 8026202:	2300      	movs	r3, #0
 8026204:	77bb      	strb	r3, [r7, #30]
C:/Users/leonardo/Desktop/Code/Github/DawnBGC/Dawn/DawnBsp/gpio.c:267
    timer_init(TIMER0, &tim);
 8026206:	f107 0310 	add.w	r3, r7, #16
 802620a:	4619      	mov	r1, r3
 802620c:	4877      	ldr	r0, [pc, #476]	; (80263ec <BDCGpioInit+0x27c>)
 802620e:	f7fb fbd1 	bl	80219b4 <timer_init>
C:/Users/leonardo/Desktop/Code/Github/DawnBGC/Dawn/DawnBsp/gpio.c:268
    timer_auto_reload_shadow_enable(TIMER0);
 8026212:	4876      	ldr	r0, [pc, #472]	; (80263ec <BDCGpioInit+0x27c>)
 8026214:	f7fb fc59 	bl	8021aca <timer_auto_reload_shadow_enable>
C:/Users/leonardo/Desktop/Code/Github/DawnBGC/Dawn/DawnBsp/gpio.c:270

    oc.outputstate = TIMER_CCX_ENABLE;
 8026218:	2301      	movs	r3, #1
 802621a:	603b      	str	r3, [r7, #0]
C:/Users/leonardo/Desktop/Code/Github/DawnBGC/Dawn/DawnBsp/gpio.c:271
    oc.ocpolarity  = TIMER_OC_POLARITY_LOW;
 802621c:	2302      	movs	r3, #2
 802621e:	80fb      	strh	r3, [r7, #6]
C:/Users/leonardo/Desktop/Code/Github/DawnBGC/Dawn/DawnBsp/gpio.c:272
    oc.ocidlestate = TIMER_OC_IDLE_STATE_LOW;
 8026220:	2300      	movs	r3, #0
 8026222:	817b      	strh	r3, [r7, #10]
C:/Users/leonardo/Desktop/Code/Github/DawnBGC/Dawn/DawnBsp/gpio.c:274

    timer_channel_output_config(TIMER0, TIMER_CH_0, &oc);
 8026224:	463b      	mov	r3, r7
 8026226:	461a      	mov	r2, r3
 8026228:	2100      	movs	r1, #0
 802622a:	4870      	ldr	r0, [pc, #448]	; (80263ec <BDCGpioInit+0x27c>)
 802622c:	f7fb fcce 	bl	8021bcc <timer_channel_output_config>
C:/Users/leonardo/Desktop/Code/Github/DawnBGC/Dawn/DawnBsp/gpio.c:275
    timer_channel_output_mode_config(TIMER0, TIMER_CH_0, TIMER_OC_MODE_PWM1);
 8026230:	2270      	movs	r2, #112	; 0x70
 8026232:	2100      	movs	r1, #0
 8026234:	486d      	ldr	r0, [pc, #436]	; (80263ec <BDCGpioInit+0x27c>)
 8026236:	f7fb feab 	bl	8021f90 <timer_channel_output_mode_config>
C:/Users/leonardo/Desktop/Code/Github/DawnBGC/Dawn/DawnBsp/gpio.c:276
    timer_channel_output_shadow_config(TIMER0, TIMER_CH_0, TIMER_OC_SHADOW_ENABLE);
 802623a:	2208      	movs	r2, #8
 802623c:	2100      	movs	r1, #0
 802623e:	486b      	ldr	r0, [pc, #428]	; (80263ec <BDCGpioInit+0x27c>)
 8026240:	f7fb ff3c 	bl	80220bc <timer_channel_output_shadow_config>
C:/Users/leonardo/Desktop/Code/Github/DawnBGC/Dawn/DawnBsp/gpio.c:277
    timer_channel_output_pulse_value_config(TIMER0, TIMER_CH_0, 0);
 8026244:	2200      	movs	r2, #0
 8026246:	2100      	movs	r1, #0
 8026248:	4868      	ldr	r0, [pc, #416]	; (80263ec <BDCGpioInit+0x27c>)
 802624a:	f7fb ff03 	bl	8022054 <timer_channel_output_pulse_value_config>
C:/Users/leonardo/Desktop/Code/Github/DawnBGC/Dawn/DawnBsp/gpio.c:279

    timer_channel_output_config(TIMER0, TIMER_CH_3, &oc);
 802624e:	463b      	mov	r3, r7
 8026250:	461a      	mov	r2, r3
 8026252:	2103      	movs	r1, #3
 8026254:	4865      	ldr	r0, [pc, #404]	; (80263ec <BDCGpioInit+0x27c>)
 8026256:	f7fb fcb9 	bl	8021bcc <timer_channel_output_config>
C:/Users/leonardo/Desktop/Code/Github/DawnBGC/Dawn/DawnBsp/gpio.c:280
    timer_channel_output_mode_config(TIMER0, TIMER_CH_3, TIMER_OC_MODE_PWM1);
 802625a:	2270      	movs	r2, #112	; 0x70
 802625c:	2103      	movs	r1, #3
 802625e:	4863      	ldr	r0, [pc, #396]	; (80263ec <BDCGpioInit+0x27c>)
 8026260:	f7fb fe96 	bl	8021f90 <timer_channel_output_mode_config>
C:/Users/leonardo/Desktop/Code/Github/DawnBGC/Dawn/DawnBsp/gpio.c:281
    timer_channel_output_shadow_config(TIMER0, TIMER_CH_3, TIMER_OC_SHADOW_ENABLE);
 8026264:	2208      	movs	r2, #8
 8026266:	2103      	movs	r1, #3
 8026268:	4860      	ldr	r0, [pc, #384]	; (80263ec <BDCGpioInit+0x27c>)
 802626a:	f7fb ff27 	bl	80220bc <timer_channel_output_shadow_config>
C:/Users/leonardo/Desktop/Code/Github/DawnBGC/Dawn/DawnBsp/gpio.c:282
    timer_channel_output_pulse_value_config(TIMER0, TIMER_CH_3, 0);
 802626e:	2200      	movs	r2, #0
 8026270:	2103      	movs	r1, #3
 8026272:	485e      	ldr	r0, [pc, #376]	; (80263ec <BDCGpioInit+0x27c>)
 8026274:	f7fb feee 	bl	8022054 <timer_channel_output_pulse_value_config>
C:/Users/leonardo/Desktop/Code/Github/DawnBGC/Dawn/DawnBsp/gpio.c:284

    timer_channel_output_state_config(TIMER0, TIMER_CH_0, TIMER_CCX_DISABLE);
 8026278:	2200      	movs	r2, #0
 802627a:	2100      	movs	r1, #0
 802627c:	485b      	ldr	r0, [pc, #364]	; (80263ec <BDCGpioInit+0x27c>)
 802627e:	f7fb ff7f 	bl	8022180 <timer_channel_output_state_config>
C:/Users/leonardo/Desktop/Code/Github/DawnBGC/Dawn/DawnBsp/gpio.c:285
    timer_channel_output_state_config(TIMER0, TIMER_CH_3, TIMER_CCX_DISABLE);
 8026282:	2200      	movs	r2, #0
 8026284:	2103      	movs	r1, #3
 8026286:	4859      	ldr	r0, [pc, #356]	; (80263ec <BDCGpioInit+0x27c>)
 8026288:	f7fb ff7a 	bl	8022180 <timer_channel_output_state_config>
C:/Users/leonardo/Desktop/Code/Github/DawnBGC/Dawn/DawnBsp/gpio.c:287

    timer_primary_output_config(TIMER0, ENABLE);
 802628c:	2101      	movs	r1, #1
 802628e:	4857      	ldr	r0, [pc, #348]	; (80263ec <BDCGpioInit+0x27c>)
 8026290:	f7fb fc7c 	bl	8021b8c <timer_primary_output_config>
C:/Users/leonardo/Desktop/Code/Github/DawnBGC/Dawn/DawnBsp/gpio.c:289

    timer_counter_value_config(TIMER0, 0);
 8026294:	2100      	movs	r1, #0
 8026296:	4855      	ldr	r0, [pc, #340]	; (80263ec <BDCGpioInit+0x27c>)
 8026298:	f7fb fc26 	bl	8021ae8 <timer_counter_value_config>
C:/Users/leonardo/Desktop/Code/Github/DawnBGC/Dawn/DawnBsp/gpio.c:290
    timer_enable(TIMER0);
 802629c:	4853      	ldr	r0, [pc, #332]	; (80263ec <BDCGpioInit+0x27c>)
 802629e:	f7fb fc05 	bl	8021aac <timer_enable>
C:/Users/leonardo/Desktop/Code/Github/DawnBGC/Dawn/DawnBsp/gpio.c:292

    timer_deinit(TIMER1);
 80262a2:	f04f 4080 	mov.w	r0, #1073741824	; 0x40000000
 80262a6:	f7fb fa67 	bl	8021778 <timer_deinit>
C:/Users/leonardo/Desktop/Code/Github/DawnBGC/Dawn/DawnBsp/gpio.c:293
    tim.period = (uint16_t)TIM1_ARR;
 80262aa:	f640 13c3 	movw	r3, #2499	; 0x9c3
 80262ae:	61bb      	str	r3, [r7, #24]
C:/Users/leonardo/Desktop/Code/Github/DawnBGC/Dawn/DawnBsp/gpio.c:294
    timer_init(TIMER1, &tim);
 80262b0:	f107 0310 	add.w	r3, r7, #16
 80262b4:	4619      	mov	r1, r3
 80262b6:	f04f 4080 	mov.w	r0, #1073741824	; 0x40000000
 80262ba:	f7fb fb7b 	bl	80219b4 <timer_init>
C:/Users/leonardo/Desktop/Code/Github/DawnBGC/Dawn/DawnBsp/gpio.c:295
    timer_auto_reload_shadow_enable(TIMER1);
 80262be:	f04f 4080 	mov.w	r0, #1073741824	; 0x40000000
 80262c2:	f7fb fc02 	bl	8021aca <timer_auto_reload_shadow_enable>
C:/Users/leonardo/Desktop/Code/Github/DawnBGC/Dawn/DawnBsp/gpio.c:297

    timer_channel_output_config(TIMER1, TIMER_CH_0, &oc);
 80262c6:	463b      	mov	r3, r7
 80262c8:	461a      	mov	r2, r3
 80262ca:	2100      	movs	r1, #0
 80262cc:	f04f 4080 	mov.w	r0, #1073741824	; 0x40000000
 80262d0:	f7fb fc7c 	bl	8021bcc <timer_channel_output_config>
C:/Users/leonardo/Desktop/Code/Github/DawnBGC/Dawn/DawnBsp/gpio.c:298
    timer_channel_output_mode_config(TIMER1, TIMER_CH_0, TIMER_OC_MODE_PWM1);
 80262d4:	2270      	movs	r2, #112	; 0x70
 80262d6:	2100      	movs	r1, #0
 80262d8:	f04f 4080 	mov.w	r0, #1073741824	; 0x40000000
 80262dc:	f7fb fe58 	bl	8021f90 <timer_channel_output_mode_config>
C:/Users/leonardo/Desktop/Code/Github/DawnBGC/Dawn/DawnBsp/gpio.c:299
    timer_channel_output_shadow_config(TIMER1, TIMER_CH_0, TIMER_OC_SHADOW_ENABLE);
 80262e0:	2208      	movs	r2, #8
 80262e2:	2100      	movs	r1, #0
 80262e4:	f04f 4080 	mov.w	r0, #1073741824	; 0x40000000
 80262e8:	f7fb fee8 	bl	80220bc <timer_channel_output_shadow_config>
C:/Users/leonardo/Desktop/Code/Github/DawnBGC/Dawn/DawnBsp/gpio.c:300
    timer_channel_output_pulse_value_config(TIMER1, TIMER_CH_0, 0);
 80262ec:	2200      	movs	r2, #0
 80262ee:	2100      	movs	r1, #0
 80262f0:	f04f 4080 	mov.w	r0, #1073741824	; 0x40000000
 80262f4:	f7fb feae 	bl	8022054 <timer_channel_output_pulse_value_config>
C:/Users/leonardo/Desktop/Code/Github/DawnBGC/Dawn/DawnBsp/gpio.c:302

    timer_channel_output_config(TIMER1, TIMER_CH_1, &oc);
 80262f8:	463b      	mov	r3, r7
 80262fa:	461a      	mov	r2, r3
 80262fc:	2101      	movs	r1, #1
 80262fe:	f04f 4080 	mov.w	r0, #1073741824	; 0x40000000
 8026302:	f7fb fc63 	bl	8021bcc <timer_channel_output_config>
C:/Users/leonardo/Desktop/Code/Github/DawnBGC/Dawn/DawnBsp/gpio.c:303
    timer_channel_output_mode_config(TIMER1, TIMER_CH_1, TIMER_OC_MODE_PWM1);
 8026306:	2270      	movs	r2, #112	; 0x70
 8026308:	2101      	movs	r1, #1
 802630a:	f04f 4080 	mov.w	r0, #1073741824	; 0x40000000
 802630e:	f7fb fe3f 	bl	8021f90 <timer_channel_output_mode_config>
C:/Users/leonardo/Desktop/Code/Github/DawnBGC/Dawn/DawnBsp/gpio.c:304
    timer_channel_output_shadow_config(TIMER1, TIMER_CH_1, TIMER_OC_SHADOW_ENABLE);
 8026312:	2208      	movs	r2, #8
 8026314:	2101      	movs	r1, #1
 8026316:	f04f 4080 	mov.w	r0, #1073741824	; 0x40000000
 802631a:	f7fb fecf 	bl	80220bc <timer_channel_output_shadow_config>
C:/Users/leonardo/Desktop/Code/Github/DawnBGC/Dawn/DawnBsp/gpio.c:305
    timer_channel_output_pulse_value_config(TIMER1, TIMER_CH_1, 0);
 802631e:	2200      	movs	r2, #0
 8026320:	2101      	movs	r1, #1
 8026322:	f04f 4080 	mov.w	r0, #1073741824	; 0x40000000
 8026326:	f7fb fe95 	bl	8022054 <timer_channel_output_pulse_value_config>
C:/Users/leonardo/Desktop/Code/Github/DawnBGC/Dawn/DawnBsp/gpio.c:307

    timer_channel_output_config(TIMER1, TIMER_CH_2, &oc);
 802632a:	463b      	mov	r3, r7
 802632c:	461a      	mov	r2, r3
 802632e:	2102      	movs	r1, #2
 8026330:	f04f 4080 	mov.w	r0, #1073741824	; 0x40000000
 8026334:	f7fb fc4a 	bl	8021bcc <timer_channel_output_config>
C:/Users/leonardo/Desktop/Code/Github/DawnBGC/Dawn/DawnBsp/gpio.c:308
    timer_channel_output_mode_config(TIMER1, TIMER_CH_2, TIMER_OC_MODE_PWM1);
 8026338:	2270      	movs	r2, #112	; 0x70
 802633a:	2102      	movs	r1, #2
 802633c:	f04f 4080 	mov.w	r0, #1073741824	; 0x40000000
 8026340:	f7fb fe26 	bl	8021f90 <timer_channel_output_mode_config>
C:/Users/leonardo/Desktop/Code/Github/DawnBGC/Dawn/DawnBsp/gpio.c:309
    timer_channel_output_shadow_config(TIMER1, TIMER_CH_2, TIMER_OC_SHADOW_ENABLE);
 8026344:	2208      	movs	r2, #8
 8026346:	2102      	movs	r1, #2
 8026348:	f04f 4080 	mov.w	r0, #1073741824	; 0x40000000
 802634c:	f7fb feb6 	bl	80220bc <timer_channel_output_shadow_config>
C:/Users/leonardo/Desktop/Code/Github/DawnBGC/Dawn/DawnBsp/gpio.c:310
    timer_channel_output_pulse_value_config(TIMER1, TIMER_CH_2, 0);
 8026350:	2200      	movs	r2, #0
 8026352:	2102      	movs	r1, #2
 8026354:	f04f 4080 	mov.w	r0, #1073741824	; 0x40000000
 8026358:	f7fb fe7c 	bl	8022054 <timer_channel_output_pulse_value_config>
C:/Users/leonardo/Desktop/Code/Github/DawnBGC/Dawn/DawnBsp/gpio.c:312

    timer_channel_output_config(TIMER1, TIMER_CH_3, &oc);
 802635c:	463b      	mov	r3, r7
 802635e:	461a      	mov	r2, r3
 8026360:	2103      	movs	r1, #3
 8026362:	f04f 4080 	mov.w	r0, #1073741824	; 0x40000000
 8026366:	f7fb fc31 	bl	8021bcc <timer_channel_output_config>
C:/Users/leonardo/Desktop/Code/Github/DawnBGC/Dawn/DawnBsp/gpio.c:313
    timer_channel_output_mode_config(TIMER1, TIMER_CH_3, TIMER_OC_MODE_PWM1);
 802636a:	2270      	movs	r2, #112	; 0x70
 802636c:	2103      	movs	r1, #3
 802636e:	f04f 4080 	mov.w	r0, #1073741824	; 0x40000000
 8026372:	f7fb fe0d 	bl	8021f90 <timer_channel_output_mode_config>
C:/Users/leonardo/Desktop/Code/Github/DawnBGC/Dawn/DawnBsp/gpio.c:314
    timer_channel_output_shadow_config(TIMER1, TIMER_CH_3, TIMER_OC_SHADOW_ENABLE);
 8026376:	2208      	movs	r2, #8
 8026378:	2103      	movs	r1, #3
 802637a:	f04f 4080 	mov.w	r0, #1073741824	; 0x40000000
 802637e:	f7fb fe9d 	bl	80220bc <timer_channel_output_shadow_config>
C:/Users/leonardo/Desktop/Code/Github/DawnBGC/Dawn/DawnBsp/gpio.c:315
    timer_channel_output_pulse_value_config(TIMER1, TIMER_CH_3, 0);
 8026382:	2200      	movs	r2, #0
 8026384:	2103      	movs	r1, #3
 8026386:	f04f 4080 	mov.w	r0, #1073741824	; 0x40000000
 802638a:	f7fb fe63 	bl	8022054 <timer_channel_output_pulse_value_config>
C:/Users/leonardo/Desktop/Code/Github/DawnBGC/Dawn/DawnBsp/gpio.c:317

    timer_channel_output_state_config(TIMER1, TIMER_CH_0, TIMER_CCX_DISABLE);
 802638e:	2200      	movs	r2, #0
 8026390:	2100      	movs	r1, #0
 8026392:	f04f 4080 	mov.w	r0, #1073741824	; 0x40000000
 8026396:	f7fb fef3 	bl	8022180 <timer_channel_output_state_config>
C:/Users/leonardo/Desktop/Code/Github/DawnBGC/Dawn/DawnBsp/gpio.c:318
    timer_channel_output_state_config(TIMER1, TIMER_CH_1, TIMER_CCX_DISABLE);
 802639a:	2200      	movs	r2, #0
 802639c:	2101      	movs	r1, #1
 802639e:	f04f 4080 	mov.w	r0, #1073741824	; 0x40000000
 80263a2:	f7fb feed 	bl	8022180 <timer_channel_output_state_config>
C:/Users/leonardo/Desktop/Code/Github/DawnBGC/Dawn/DawnBsp/gpio.c:319
    timer_channel_output_state_config(TIMER1, TIMER_CH_2, TIMER_CCX_DISABLE);
 80263a6:	2200      	movs	r2, #0
 80263a8:	2102      	movs	r1, #2
 80263aa:	f04f 4080 	mov.w	r0, #1073741824	; 0x40000000
 80263ae:	f7fb fee7 	bl	8022180 <timer_channel_output_state_config>
C:/Users/leonardo/Desktop/Code/Github/DawnBGC/Dawn/DawnBsp/gpio.c:320
    timer_channel_output_state_config(TIMER1, TIMER_CH_3, TIMER_CCX_DISABLE);
 80263b2:	2200      	movs	r2, #0
 80263b4:	2103      	movs	r1, #3
 80263b6:	f04f 4080 	mov.w	r0, #1073741824	; 0x40000000
 80263ba:	f7fb fee1 	bl	8022180 <timer_channel_output_state_config>
C:/Users/leonardo/Desktop/Code/Github/DawnBGC/Dawn/DawnBsp/gpio.c:322

    timer_primary_output_config(TIMER1, ENABLE);
 80263be:	2101      	movs	r1, #1
 80263c0:	f04f 4080 	mov.w	r0, #1073741824	; 0x40000000
 80263c4:	f7fb fbe2 	bl	8021b8c <timer_primary_output_config>
C:/Users/leonardo/Desktop/Code/Github/DawnBGC/Dawn/DawnBsp/gpio.c:324

    timer_counter_value_config(TIMER1, 0);
 80263c8:	2100      	movs	r1, #0
 80263ca:	f04f 4080 	mov.w	r0, #1073741824	; 0x40000000
 80263ce:	f7fb fb8b 	bl	8021ae8 <timer_counter_value_config>
C:/Users/leonardo/Desktop/Code/Github/DawnBGC/Dawn/DawnBsp/gpio.c:325
    timer_enable(TIMER1);
 80263d2:	f04f 4080 	mov.w	r0, #1073741824	; 0x40000000
 80263d6:	f7fb fb69 	bl	8021aac <timer_enable>
C:/Users/leonardo/Desktop/Code/Github/DawnBGC/Dawn/DawnBsp/gpio.c:326
 80263da:	bf00      	nop
 80263dc:	3720      	adds	r7, #32
 80263de:	46bd      	mov	sp, r7
 80263e0:	bd80      	pop	{r7, pc}
 80263e2:	bf00      	nop
 80263e4:	40020400 	.word	0x40020400
 80263e8:	40020000 	.word	0x40020000
 80263ec:	40010000 	.word	0x40010000

080263f0 <BDCInit>:
BDCInit():
C:\Users\leonardo\Desktop\Code\Github\DawnBGC\GD32EBuilder_project\DawnBGC/../DawnBDC/dawn_bdc.c:25
 * THE SOFTWARE IS PROVIDED "AS IS", WITHOUT WARRANTY OF ANY KIND.
 */
#include "includes.h"

void BDCInit(void)
{
 80263f0:	b580      	push	{r7, lr}
 80263f2:	af00      	add	r7, sp, #0
C:\Users\leonardo\Desktop\Code\Github\DawnBGC\GD32EBuilder_project\DawnBGC/../DawnBDC/dawn_bdc.c:26
    BDCGpioInit();
 80263f4:	f7ff febc 	bl	8026170 <BDCGpioInit>
C:\Users\leonardo\Desktop\Code\Github\DawnBGC\GD32EBuilder_project\DawnBGC/../DawnBDC/dawn_bdc.c:28

    BDC_TurnOnPWM(&BLDCYaw);
 80263f8:	4805      	ldr	r0, [pc, #20]	; (8026410 <BDCInit+0x20>)
 80263fa:	f000 f8b9 	bl	8026570 <BDC_TurnOnPWM>
C:\Users\leonardo\Desktop\Code\Github\DawnBGC\GD32EBuilder_project\DawnBGC/../DawnBDC/dawn_bdc.c:29
    BDC_TurnOnPWM(&BLDCRoll);
 80263fe:	4805      	ldr	r0, [pc, #20]	; (8026414 <BDCInit+0x24>)
 8026400:	f000 f8b6 	bl	8026570 <BDC_TurnOnPWM>
C:\Users\leonardo\Desktop\Code\Github\DawnBGC\GD32EBuilder_project\DawnBGC/../DawnBDC/dawn_bdc.c:30
    BDC_TurnOnPWM(&BLDCPitch);
 8026404:	4804      	ldr	r0, [pc, #16]	; (8026418 <BDCInit+0x28>)
 8026406:	f000 f8b3 	bl	8026570 <BDC_TurnOnPWM>
C:\Users\leonardo\Desktop\Code\Github\DawnBGC\GD32EBuilder_project\DawnBGC/../DawnBDC/dawn_bdc.c:31
}
 802640a:	bf00      	nop
 802640c:	bd80      	pop	{r7, pc}
 802640e:	bf00      	nop
 8026410:	20000424 	.word	0x20000424
 8026414:	200004d0 	.word	0x200004d0
 8026418:	2000057c 	.word	0x2000057c

0802641c <BDC_MapMagToCcr>:
BDC_MapMagToCcr():
C:\Users\leonardo\Desktop\Code\Github\DawnBGC\GD32EBuilder_project\DawnBGC/../DawnBDC/dawn_bdc.c:34

static inline uint16_t BDC_MapMagToCcr(int16_t mag, uint16_t arr)
{
 802641c:	b480      	push	{r7}
 802641e:	b083      	sub	sp, #12
 8026420:	af00      	add	r7, sp, #0
 8026422:	4603      	mov	r3, r0
 8026424:	460a      	mov	r2, r1
 8026426:	80fb      	strh	r3, [r7, #6]
 8026428:	4613      	mov	r3, r2
 802642a:	80bb      	strh	r3, [r7, #4]
C:\Users\leonardo\Desktop\Code\Github\DawnBGC\GD32EBuilder_project\DawnBGC/../DawnBDC/dawn_bdc.c:35
    if (mag < 0)
 802642c:	f9b7 3006 	ldrsh.w	r3, [r7, #6]
 8026430:	2b00      	cmp	r3, #0
 8026432:	da03      	bge.n	802643c <BDC_MapMagToCcr+0x20>
C:\Users\leonardo\Desktop\Code\Github\DawnBGC\GD32EBuilder_project\DawnBGC/../DawnBDC/dawn_bdc.c:36
        mag = (int16_t)(-mag);
 8026434:	88fb      	ldrh	r3, [r7, #6]
 8026436:	425b      	negs	r3, r3
 8026438:	b29b      	uxth	r3, r3
 802643a:	80fb      	strh	r3, [r7, #6]
C:\Users\leonardo\Desktop\Code\Github\DawnBGC\GD32EBuilder_project\DawnBGC/../DawnBDC/dawn_bdc.c:41

    if (mag > PWM_MAX_LIMIT)
        mag = PWM_MAX_LIMIT;

    return (uint16_t)(((int32_t)mag * (int32_t)arr) / (int32_t)PWM_MAX_LIMIT);
 802643c:	f9b7 3006 	ldrsh.w	r3, [r7, #6]
 8026440:	88ba      	ldrh	r2, [r7, #4]
 8026442:	fb02 f303 	mul.w	r3, r2, r3
 8026446:	4a06      	ldr	r2, [pc, #24]	; (8026460 <BDC_MapMagToCcr+0x44>)
 8026448:	fb82 1203 	smull	r1, r2, r2, r3
 802644c:	441a      	add	r2, r3
 802644e:	1392      	asrs	r2, r2, #14
 8026450:	17db      	asrs	r3, r3, #31
 8026452:	1ad3      	subs	r3, r2, r3
 8026454:	b29b      	uxth	r3, r3
C:\Users\leonardo\Desktop\Code\Github\DawnBGC\GD32EBuilder_project\DawnBGC/../DawnBDC/dawn_bdc.c:42
}
 8026456:	4618      	mov	r0, r3
 8026458:	370c      	adds	r7, #12
 802645a:	46bd      	mov	sp, r7
 802645c:	bc80      	pop	{r7}
 802645e:	4770      	bx	lr
 8026460:	80010003 	.word	0x80010003

08026464 <BDC_ApplySlowDecayDualPwm>:
BDC_ApplySlowDecayDualPwm():
C:\Users\leonardo\Desktop\Code\Github\DawnBGC\GD32EBuilder_project\DawnBGC/../DawnBDC/dawn_bdc.c:47

static inline void BDC_ApplySlowDecayDualPwm(int16_t u, uint16_t arr,
                                             volatile uint32_t *in1_ccr,
                                             volatile uint32_t *in2_ccr)
{
 8026464:	b580      	push	{r7, lr}
 8026466:	b086      	sub	sp, #24
 8026468:	af00      	add	r7, sp, #0
 802646a:	60ba      	str	r2, [r7, #8]
 802646c:	607b      	str	r3, [r7, #4]
 802646e:	4603      	mov	r3, r0
 8026470:	81fb      	strh	r3, [r7, #14]
 8026472:	460b      	mov	r3, r1
 8026474:	81bb      	strh	r3, [r7, #12]
C:\Users\leonardo\Desktop\Code\Github\DawnBGC\GD32EBuilder_project\DawnBGC/../DawnBDC/dawn_bdc.c:48
    uint16_t duty = BDC_MapMagToCcr(u -= PWM_MAX_LIMIT, arr);
 8026476:	89fb      	ldrh	r3, [r7, #14]
 8026478:	f5a3 43ff 	sub.w	r3, r3, #32640	; 0x7f80
 802647c:	3b7f      	subs	r3, #127	; 0x7f
 802647e:	b29b      	uxth	r3, r3
 8026480:	81fb      	strh	r3, [r7, #14]
 8026482:	89ba      	ldrh	r2, [r7, #12]
 8026484:	f9b7 300e 	ldrsh.w	r3, [r7, #14]
 8026488:	4611      	mov	r1, r2
 802648a:	4618      	mov	r0, r3
 802648c:	f7ff ffc6 	bl	802641c <BDC_MapMagToCcr>
 8026490:	4603      	mov	r3, r0
 8026492:	82fb      	strh	r3, [r7, #22]
C:\Users\leonardo\Desktop\Code\Github\DawnBGC\GD32EBuilder_project\DawnBGC/../DawnBDC/dawn_bdc.c:50

    uint16_t full = arr;
 8026494:	89bb      	ldrh	r3, [r7, #12]
 8026496:	82bb      	strh	r3, [r7, #20]
C:\Users\leonardo\Desktop\Code\Github\DawnBGC\GD32EBuilder_project\DawnBGC/../DawnBDC/dawn_bdc.c:52

    if (u >= 0)
 8026498:	f9b7 300e 	ldrsh.w	r3, [r7, #14]
 802649c:	2b00      	cmp	r3, #0
 802649e:	db06      	blt.n	80264ae <BDC_ApplySlowDecayDualPwm+0x4a>
C:\Users\leonardo\Desktop\Code\Github\DawnBGC\GD32EBuilder_project\DawnBGC/../DawnBDC/dawn_bdc.c:54
    {
        *in1_ccr = full;
 80264a0:	8aba      	ldrh	r2, [r7, #20]
 80264a2:	68bb      	ldr	r3, [r7, #8]
 80264a4:	601a      	str	r2, [r3, #0]
C:\Users\leonardo\Desktop\Code\Github\DawnBGC\GD32EBuilder_project\DawnBGC/../DawnBDC/dawn_bdc.c:55
        *in2_ccr = duty;
 80264a6:	8afa      	ldrh	r2, [r7, #22]
 80264a8:	687b      	ldr	r3, [r7, #4]
 80264aa:	601a      	str	r2, [r3, #0]
C:\Users\leonardo\Desktop\Code\Github\DawnBGC\GD32EBuilder_project\DawnBGC/../DawnBDC/dawn_bdc.c:62
    else
    {
        *in1_ccr = duty;
        *in2_ccr = full;
    }
}
 80264ac:	e005      	b.n	80264ba <BDC_ApplySlowDecayDualPwm+0x56>
C:\Users\leonardo\Desktop\Code\Github\DawnBGC\GD32EBuilder_project\DawnBGC/../DawnBDC/dawn_bdc.c:59
        *in1_ccr = duty;
 80264ae:	8afa      	ldrh	r2, [r7, #22]
 80264b0:	68bb      	ldr	r3, [r7, #8]
 80264b2:	601a      	str	r2, [r3, #0]
C:\Users\leonardo\Desktop\Code\Github\DawnBGC\GD32EBuilder_project\DawnBGC/../DawnBDC/dawn_bdc.c:60
        *in2_ccr = full;
 80264b4:	8aba      	ldrh	r2, [r7, #20]
 80264b6:	687b      	ldr	r3, [r7, #4]
 80264b8:	601a      	str	r2, [r3, #0]
C:\Users\leonardo\Desktop\Code\Github\DawnBGC\GD32EBuilder_project\DawnBGC/../DawnBDC/dawn_bdc.c:62
}
 80264ba:	bf00      	nop
 80264bc:	3718      	adds	r7, #24
 80264be:	46bd      	mov	sp, r7
 80264c0:	bd80      	pop	{r7, pc}
	...

080264c4 <BDCpwm>:
BDCpwm():
C:\Users\leonardo\Desktop\Code\Github\DawnBGC\GD32EBuilder_project\DawnBGC/../DawnBDC/dawn_bdc.c:65

void BDCpwm(BLDCStruct *BLDCStruct)
{
 80264c4:	b580      	push	{r7, lr}
 80264c6:	b088      	sub	sp, #32
 80264c8:	af00      	add	r7, sp, #0
 80264ca:	6078      	str	r0, [r7, #4]
C:\Users\leonardo\Desktop\Code\Github\DawnBGC\GD32EBuilder_project\DawnBGC/../DawnBDC/dawn_bdc.c:67
    static int16_t u;
    u = (int16_t)(BLDCStruct->QuadOut);
 80264cc:	687b      	ldr	r3, [r7, #4]
 80264ce:	6fdb      	ldr	r3, [r3, #124]	; 0x7c
 80264d0:	4618      	mov	r0, r3
 80264d2:	f7fa fd4b 	bl	8020f6c <__aeabi_f2iz>
 80264d6:	4603      	mov	r3, r0
 80264d8:	b21a      	sxth	r2, r3
 80264da:	4b1e      	ldr	r3, [pc, #120]	; (8026554 <BDCpwm+0x90>)
 80264dc:	801a      	strh	r2, [r3, #0]
C:\Users\leonardo\Desktop\Code\Github\DawnBGC\GD32EBuilder_project\DawnBGC/../DawnBDC/dawn_bdc.c:69

    switch (BLDCStruct->BLDCId)
 80264de:	687b      	ldr	r3, [r7, #4]
 80264e0:	781b      	ldrb	r3, [r3, #0]
 80264e2:	2b02      	cmp	r3, #2
 80264e4:	d006      	beq.n	80264f4 <BDCpwm+0x30>
 80264e6:	2b02      	cmp	r3, #2
 80264e8:	dc2e      	bgt.n	8026548 <BDCpwm+0x84>
 80264ea:	2b00      	cmp	r3, #0
 80264ec:	d01e      	beq.n	802652c <BDCpwm+0x68>
 80264ee:	2b01      	cmp	r3, #1
 80264f0:	d00e      	beq.n	8026510 <BDCpwm+0x4c>
C:\Users\leonardo\Desktop\Code\Github\DawnBGC\GD32EBuilder_project\DawnBGC/../DawnBDC/dawn_bdc.c:96
        BDC_ApplySlowDecayDualPwm(u, (uint16_t)TIM1_ARR, in1, in2);
    }
    break;

    default:
        break;
 80264f2:	e029      	b.n	8026548 <BDCpwm+0x84>
C:\Users\leonardo\Desktop\Code\Github\DawnBGC\GD32EBuilder_project\DawnBGC/../DawnBDC/dawn_bdc.c:73
        volatile uint32_t *in1 = (volatile uint32_t *)&TIMER_CH2CV(TIMER1);
 80264f4:	4b18      	ldr	r3, [pc, #96]	; (8026558 <BDCpwm+0x94>)
 80264f6:	61fb      	str	r3, [r7, #28]
C:\Users\leonardo\Desktop\Code\Github\DawnBGC\GD32EBuilder_project\DawnBGC/../DawnBDC/dawn_bdc.c:74
        volatile uint32_t *in2 = (volatile uint32_t *)&TIMER_CH3CV(TIMER1);
 80264f8:	4b18      	ldr	r3, [pc, #96]	; (802655c <BDCpwm+0x98>)
 80264fa:	61bb      	str	r3, [r7, #24]
C:\Users\leonardo\Desktop\Code\Github\DawnBGC\GD32EBuilder_project\DawnBGC/../DawnBDC/dawn_bdc.c:75
        BDC_ApplySlowDecayDualPwm(u, (uint16_t)TIM1_ARR, in1, in2);
 80264fc:	4b15      	ldr	r3, [pc, #84]	; (8026554 <BDCpwm+0x90>)
 80264fe:	f9b3 0000 	ldrsh.w	r0, [r3]
 8026502:	69bb      	ldr	r3, [r7, #24]
 8026504:	69fa      	ldr	r2, [r7, #28]
 8026506:	f640 11c3 	movw	r1, #2499	; 0x9c3
 802650a:	f7ff ffab 	bl	8026464 <BDC_ApplySlowDecayDualPwm>
C:\Users\leonardo\Desktop\Code\Github\DawnBGC\GD32EBuilder_project\DawnBGC/../DawnBDC/dawn_bdc.c:77
    break;
 802650e:	e01c      	b.n	802654a <BDCpwm+0x86>
C:\Users\leonardo\Desktop\Code\Github\DawnBGC\GD32EBuilder_project\DawnBGC/../DawnBDC/dawn_bdc.c:81
        volatile uint32_t *in1 = (volatile uint32_t *)&TIMER_CH0CV(TIMER0);
 8026510:	4b13      	ldr	r3, [pc, #76]	; (8026560 <BDCpwm+0x9c>)
 8026512:	617b      	str	r3, [r7, #20]
C:\Users\leonardo\Desktop\Code\Github\DawnBGC\GD32EBuilder_project\DawnBGC/../DawnBDC/dawn_bdc.c:82
        volatile uint32_t *in2 = (volatile uint32_t *)&TIMER_CH3CV(TIMER0);
 8026514:	4b13      	ldr	r3, [pc, #76]	; (8026564 <BDCpwm+0xa0>)
 8026516:	613b      	str	r3, [r7, #16]
C:\Users\leonardo\Desktop\Code\Github\DawnBGC\GD32EBuilder_project\DawnBGC/../DawnBDC/dawn_bdc.c:83
        BDC_ApplySlowDecayDualPwm(u, (uint16_t)TIM0_ARR, in1, in2);
 8026518:	4b0e      	ldr	r3, [pc, #56]	; (8026554 <BDCpwm+0x90>)
 802651a:	f9b3 0000 	ldrsh.w	r0, [r3]
 802651e:	693b      	ldr	r3, [r7, #16]
 8026520:	697a      	ldr	r2, [r7, #20]
 8026522:	f241 3187 	movw	r1, #4999	; 0x1387
 8026526:	f7ff ff9d 	bl	8026464 <BDC_ApplySlowDecayDualPwm>
C:\Users\leonardo\Desktop\Code\Github\DawnBGC\GD32EBuilder_project\DawnBGC/../DawnBDC/dawn_bdc.c:85
    break;
 802652a:	e00e      	b.n	802654a <BDCpwm+0x86>
C:\Users\leonardo\Desktop\Code\Github\DawnBGC\GD32EBuilder_project\DawnBGC/../DawnBDC/dawn_bdc.c:89
        volatile uint32_t *in1 = (volatile uint32_t *)&TIMER_CH0CV(TIMER1);
 802652c:	4b0e      	ldr	r3, [pc, #56]	; (8026568 <BDCpwm+0xa4>)
 802652e:	60fb      	str	r3, [r7, #12]
C:\Users\leonardo\Desktop\Code\Github\DawnBGC\GD32EBuilder_project\DawnBGC/../DawnBDC/dawn_bdc.c:90
        volatile uint32_t *in2 = (volatile uint32_t *)&TIMER_CH1CV(TIMER1);
 8026530:	4b0e      	ldr	r3, [pc, #56]	; (802656c <BDCpwm+0xa8>)
 8026532:	60bb      	str	r3, [r7, #8]
C:\Users\leonardo\Desktop\Code\Github\DawnBGC\GD32EBuilder_project\DawnBGC/../DawnBDC/dawn_bdc.c:91
        BDC_ApplySlowDecayDualPwm(u, (uint16_t)TIM1_ARR, in1, in2);
 8026534:	4b07      	ldr	r3, [pc, #28]	; (8026554 <BDCpwm+0x90>)
 8026536:	f9b3 0000 	ldrsh.w	r0, [r3]
 802653a:	68bb      	ldr	r3, [r7, #8]
 802653c:	68fa      	ldr	r2, [r7, #12]
 802653e:	f640 11c3 	movw	r1, #2499	; 0x9c3
 8026542:	f7ff ff8f 	bl	8026464 <BDC_ApplySlowDecayDualPwm>
C:\Users\leonardo\Desktop\Code\Github\DawnBGC\GD32EBuilder_project\DawnBGC/../DawnBDC/dawn_bdc.c:93
    break;
 8026546:	e000      	b.n	802654a <BDCpwm+0x86>
C:\Users\leonardo\Desktop\Code\Github\DawnBGC\GD32EBuilder_project\DawnBGC/../DawnBDC/dawn_bdc.c:96
        break;
 8026548:	bf00      	nop
C:\Users\leonardo\Desktop\Code\Github\DawnBGC\GD32EBuilder_project\DawnBGC/../DawnBDC/dawn_bdc.c:98
    }
}
 802654a:	bf00      	nop
 802654c:	3720      	adds	r7, #32
 802654e:	46bd      	mov	sp, r7
 8026550:	bd80      	pop	{r7, pc}
 8026552:	bf00      	nop
 8026554:	20000eea 	.word	0x20000eea
 8026558:	4000003c 	.word	0x4000003c
 802655c:	40000040 	.word	0x40000040
 8026560:	40010034 	.word	0x40010034
 8026564:	40010040 	.word	0x40010040
 8026568:	40000034 	.word	0x40000034
 802656c:	40000038 	.word	0x40000038

08026570 <BDC_TurnOnPWM>:
BDC_TurnOnPWM():
C:\Users\leonardo\Desktop\Code\Github\DawnBGC\GD32EBuilder_project\DawnBGC/../DawnBDC/dawn_bdc.c:101

void BDC_TurnOnPWM(BLDCStruct *BLDCStruct)
{
 8026570:	b580      	push	{r7, lr}
 8026572:	b082      	sub	sp, #8
 8026574:	af00      	add	r7, sp, #0
 8026576:	6078      	str	r0, [r7, #4]
C:\Users\leonardo\Desktop\Code\Github\DawnBGC\GD32EBuilder_project\DawnBGC/../DawnBDC/dawn_bdc.c:102
    switch (BLDCStruct->BLDCId)
 8026578:	687b      	ldr	r3, [r7, #4]
 802657a:	781b      	ldrb	r3, [r3, #0]
 802657c:	2b02      	cmp	r3, #2
 802657e:	d006      	beq.n	802658e <BDC_TurnOnPWM+0x1e>
 8026580:	2b02      	cmp	r3, #2
 8026582:	dc39      	bgt.n	80265f8 <BDC_TurnOnPWM+0x88>
 8026584:	2b00      	cmp	r3, #0
 8026586:	d024      	beq.n	80265d2 <BDC_TurnOnPWM+0x62>
 8026588:	2b01      	cmp	r3, #1
 802658a:	d011      	beq.n	80265b0 <BDC_TurnOnPWM+0x40>
C:\Users\leonardo\Desktop\Code\Github\DawnBGC\GD32EBuilder_project\DawnBGC/../DawnBDC/dawn_bdc.c:129
        timer_channel_output_state_config(TIMER1, TIMER_CH_0, TIMER_CCX_ENABLE);
        timer_channel_output_state_config(TIMER1, TIMER_CH_1, TIMER_CCX_ENABLE);
        break;

    default:
        break;
 802658c:	e034      	b.n	80265f8 <BDC_TurnOnPWM+0x88>
C:\Users\leonardo\Desktop\Code\Github\DawnBGC\GD32EBuilder_project\DawnBGC/../DawnBDC/dawn_bdc.c:105
        TIMER_CH0CV(TIMER0) = 0;
 802658e:	4b1d      	ldr	r3, [pc, #116]	; (8026604 <BDC_TurnOnPWM+0x94>)
 8026590:	2200      	movs	r2, #0
 8026592:	601a      	str	r2, [r3, #0]
C:\Users\leonardo\Desktop\Code\Github\DawnBGC\GD32EBuilder_project\DawnBGC/../DawnBDC/dawn_bdc.c:106
        TIMER_CH1CV(TIMER0) = 0;
 8026594:	4b1c      	ldr	r3, [pc, #112]	; (8026608 <BDC_TurnOnPWM+0x98>)
 8026596:	2200      	movs	r2, #0
 8026598:	601a      	str	r2, [r3, #0]
C:\Users\leonardo\Desktop\Code\Github\DawnBGC\GD32EBuilder_project\DawnBGC/../DawnBDC/dawn_bdc.c:108
        timer_channel_output_state_config(TIMER0, TIMER_CH_0, TIMER_CCX_ENABLE);
 802659a:	2201      	movs	r2, #1
 802659c:	2100      	movs	r1, #0
 802659e:	481b      	ldr	r0, [pc, #108]	; (802660c <BDC_TurnOnPWM+0x9c>)
 80265a0:	f7fb fdee 	bl	8022180 <timer_channel_output_state_config>
C:\Users\leonardo\Desktop\Code\Github\DawnBGC\GD32EBuilder_project\DawnBGC/../DawnBDC/dawn_bdc.c:109
        timer_channel_output_state_config(TIMER0, TIMER_CH_1, TIMER_CCX_ENABLE);
 80265a4:	2201      	movs	r2, #1
 80265a6:	2101      	movs	r1, #1
 80265a8:	4818      	ldr	r0, [pc, #96]	; (802660c <BDC_TurnOnPWM+0x9c>)
 80265aa:	f7fb fde9 	bl	8022180 <timer_channel_output_state_config>
C:\Users\leonardo\Desktop\Code\Github\DawnBGC\GD32EBuilder_project\DawnBGC/../DawnBDC/dawn_bdc.c:110
        break;
 80265ae:	e024      	b.n	80265fa <BDC_TurnOnPWM+0x8a>
C:\Users\leonardo\Desktop\Code\Github\DawnBGC\GD32EBuilder_project\DawnBGC/../DawnBDC/dawn_bdc.c:113
        TIMER_CH2CV(TIMER0) = 0;
 80265b0:	4b17      	ldr	r3, [pc, #92]	; (8026610 <BDC_TurnOnPWM+0xa0>)
 80265b2:	2200      	movs	r2, #0
 80265b4:	601a      	str	r2, [r3, #0]
C:\Users\leonardo\Desktop\Code\Github\DawnBGC\GD32EBuilder_project\DawnBGC/../DawnBDC/dawn_bdc.c:114
        TIMER_CH3CV(TIMER0) = 0;
 80265b6:	4b17      	ldr	r3, [pc, #92]	; (8026614 <BDC_TurnOnPWM+0xa4>)
 80265b8:	2200      	movs	r2, #0
 80265ba:	601a      	str	r2, [r3, #0]
C:\Users\leonardo\Desktop\Code\Github\DawnBGC\GD32EBuilder_project\DawnBGC/../DawnBDC/dawn_bdc.c:116
        timer_channel_output_state_config(TIMER0, TIMER_CH_2, TIMER_CCX_ENABLE);
 80265bc:	2201      	movs	r2, #1
 80265be:	2102      	movs	r1, #2
 80265c0:	4812      	ldr	r0, [pc, #72]	; (802660c <BDC_TurnOnPWM+0x9c>)
 80265c2:	f7fb fddd 	bl	8022180 <timer_channel_output_state_config>
C:\Users\leonardo\Desktop\Code\Github\DawnBGC\GD32EBuilder_project\DawnBGC/../DawnBDC/dawn_bdc.c:117
        timer_channel_output_state_config(TIMER0, TIMER_CH_3, TIMER_CCX_ENABLE);
 80265c6:	2201      	movs	r2, #1
 80265c8:	2103      	movs	r1, #3
 80265ca:	4810      	ldr	r0, [pc, #64]	; (802660c <BDC_TurnOnPWM+0x9c>)
 80265cc:	f7fb fdd8 	bl	8022180 <timer_channel_output_state_config>
C:\Users\leonardo\Desktop\Code\Github\DawnBGC\GD32EBuilder_project\DawnBGC/../DawnBDC/dawn_bdc.c:118
        break;
 80265d0:	e013      	b.n	80265fa <BDC_TurnOnPWM+0x8a>
C:\Users\leonardo\Desktop\Code\Github\DawnBGC\GD32EBuilder_project\DawnBGC/../DawnBDC/dawn_bdc.c:121
        TIMER_CH0CV(TIMER1) = 0;
 80265d2:	4b11      	ldr	r3, [pc, #68]	; (8026618 <BDC_TurnOnPWM+0xa8>)
 80265d4:	2200      	movs	r2, #0
 80265d6:	601a      	str	r2, [r3, #0]
C:\Users\leonardo\Desktop\Code\Github\DawnBGC\GD32EBuilder_project\DawnBGC/../DawnBDC/dawn_bdc.c:122
        TIMER_CH1CV(TIMER1) = 0;
 80265d8:	4b10      	ldr	r3, [pc, #64]	; (802661c <BDC_TurnOnPWM+0xac>)
 80265da:	2200      	movs	r2, #0
 80265dc:	601a      	str	r2, [r3, #0]
C:\Users\leonardo\Desktop\Code\Github\DawnBGC\GD32EBuilder_project\DawnBGC/../DawnBDC/dawn_bdc.c:124
        timer_channel_output_state_config(TIMER1, TIMER_CH_0, TIMER_CCX_ENABLE);
 80265de:	2201      	movs	r2, #1
 80265e0:	2100      	movs	r1, #0
 80265e2:	f04f 4080 	mov.w	r0, #1073741824	; 0x40000000
 80265e6:	f7fb fdcb 	bl	8022180 <timer_channel_output_state_config>
C:\Users\leonardo\Desktop\Code\Github\DawnBGC\GD32EBuilder_project\DawnBGC/../DawnBDC/dawn_bdc.c:125
        timer_channel_output_state_config(TIMER1, TIMER_CH_1, TIMER_CCX_ENABLE);
 80265ea:	2201      	movs	r2, #1
 80265ec:	2101      	movs	r1, #1
 80265ee:	f04f 4080 	mov.w	r0, #1073741824	; 0x40000000
 80265f2:	f7fb fdc5 	bl	8022180 <timer_channel_output_state_config>
C:\Users\leonardo\Desktop\Code\Github\DawnBGC\GD32EBuilder_project\DawnBGC/../DawnBDC/dawn_bdc.c:126
        break;
 80265f6:	e000      	b.n	80265fa <BDC_TurnOnPWM+0x8a>
C:\Users\leonardo\Desktop\Code\Github\DawnBGC\GD32EBuilder_project\DawnBGC/../DawnBDC/dawn_bdc.c:129
        break;
 80265f8:	bf00      	nop
C:\Users\leonardo\Desktop\Code\Github\DawnBGC\GD32EBuilder_project\DawnBGC/../DawnBDC/dawn_bdc.c:131
    }
}
 80265fa:	bf00      	nop
 80265fc:	3708      	adds	r7, #8
 80265fe:	46bd      	mov	sp, r7
 8026600:	bd80      	pop	{r7, pc}
 8026602:	bf00      	nop
 8026604:	40010034 	.word	0x40010034
 8026608:	40010038 	.word	0x40010038
 802660c:	40010000 	.word	0x40010000
 8026610:	4001003c 	.word	0x4001003c
 8026614:	40010040 	.word	0x40010040
 8026618:	40000034 	.word	0x40000034
 802661c:	40000038 	.word	0x40000038

08026620 <SystemInit>:
SystemInit():
C:/Users/leonardo/Desktop/Code/Github/DawnBGC/CMSIS/system_gd32f4xx.c:110
    \param[in]  none
    \param[out] none
    \retval     none
*/
void SystemInit (void)
{
 8026620:	b580      	push	{r7, lr}
 8026622:	b082      	sub	sp, #8
 8026624:	af00      	add	r7, sp, #0
C:/Users/leonardo/Desktop/Code/Github/DawnBGC/CMSIS/system_gd32f4xx.c:117
  #if (__FPU_PRESENT == 1) && (__FPU_USED == 1)
    SCB->CPACR |= ((3UL << 10*2)|(3UL << 11*2));  /* set CP10 and CP11 Full Access */
  #endif
  /* Reset the RCU clock configuration to the default reset state ------------*/
  /* Set IRC16MEN bit */
  RCU_CTL |= RCU_CTL_IRC16MEN;
 8026626:	4b19      	ldr	r3, [pc, #100]	; (802668c <SystemInit+0x6c>)
 8026628:	681b      	ldr	r3, [r3, #0]
 802662a:	4a18      	ldr	r2, [pc, #96]	; (802668c <SystemInit+0x6c>)
 802662c:	f043 0301 	orr.w	r3, r3, #1
 8026630:	6013      	str	r3, [r2, #0]
C:/Users/leonardo/Desktop/Code/Github/DawnBGC/CMSIS/system_gd32f4xx.c:119

  RCU_MODIFY
 8026632:	4b17      	ldr	r3, [pc, #92]	; (8026690 <SystemInit+0x70>)
 8026634:	681b      	ldr	r3, [r3, #0]
 8026636:	4a16      	ldr	r2, [pc, #88]	; (8026690 <SystemInit+0x70>)
 8026638:	f043 0380 	orr.w	r3, r3, #128	; 0x80
 802663c:	6013      	str	r3, [r2, #0]
 802663e:	2300      	movs	r3, #0
 8026640:	607b      	str	r3, [r7, #4]
 8026642:	e002      	b.n	802664a <SystemInit+0x2a>
C:/Users/leonardo/Desktop/Code/Github/DawnBGC/CMSIS/system_gd32f4xx.c:119 (discriminator 3)
 8026644:	687b      	ldr	r3, [r7, #4]
 8026646:	3301      	adds	r3, #1
 8026648:	607b      	str	r3, [r7, #4]
C:/Users/leonardo/Desktop/Code/Github/DawnBGC/CMSIS/system_gd32f4xx.c:119 (discriminator 1)
 802664a:	687b      	ldr	r3, [r7, #4]
 802664c:	2b13      	cmp	r3, #19
 802664e:	d9f9      	bls.n	8026644 <SystemInit+0x24>
C:/Users/leonardo/Desktop/Code/Github/DawnBGC/CMSIS/system_gd32f4xx.c:122
    
  /* Reset CFG0 register */
  RCU_CFG0 = 0x00000000U;
 8026650:	4b0f      	ldr	r3, [pc, #60]	; (8026690 <SystemInit+0x70>)
 8026652:	2200      	movs	r2, #0
 8026654:	601a      	str	r2, [r3, #0]
C:/Users/leonardo/Desktop/Code/Github/DawnBGC/CMSIS/system_gd32f4xx.c:125

  /* Reset HXTALEN, CKMEN and PLLEN bits */
  RCU_CTL &= ~(RCU_CTL_PLLEN | RCU_CTL_CKMEN | RCU_CTL_HXTALEN);
 8026656:	4b0d      	ldr	r3, [pc, #52]	; (802668c <SystemInit+0x6c>)
 8026658:	681b      	ldr	r3, [r3, #0]
 802665a:	4a0c      	ldr	r2, [pc, #48]	; (802668c <SystemInit+0x6c>)
 802665c:	f023 7384 	bic.w	r3, r3, #17301504	; 0x1080000
 8026660:	f423 3380 	bic.w	r3, r3, #65536	; 0x10000
 8026664:	6013      	str	r3, [r2, #0]
C:/Users/leonardo/Desktop/Code/Github/DawnBGC/CMSIS/system_gd32f4xx.c:128

  /* Reset PLLCFGR register */
  RCU_PLL = 0x24003010U;
 8026666:	4b0b      	ldr	r3, [pc, #44]	; (8026694 <SystemInit+0x74>)
 8026668:	4a0b      	ldr	r2, [pc, #44]	; (8026698 <SystemInit+0x78>)
 802666a:	601a      	str	r2, [r3, #0]
C:/Users/leonardo/Desktop/Code/Github/DawnBGC/CMSIS/system_gd32f4xx.c:131

  /* Reset HSEBYP bit */
  RCU_CTL &= ~(RCU_CTL_HXTALBPS);
 802666c:	4b07      	ldr	r3, [pc, #28]	; (802668c <SystemInit+0x6c>)
 802666e:	681b      	ldr	r3, [r3, #0]
 8026670:	4a06      	ldr	r2, [pc, #24]	; (802668c <SystemInit+0x6c>)
 8026672:	f423 2380 	bic.w	r3, r3, #262144	; 0x40000
 8026676:	6013      	str	r3, [r2, #0]
C:/Users/leonardo/Desktop/Code/Github/DawnBGC/CMSIS/system_gd32f4xx.c:134

  /* Disable all interrupts */
  RCU_INT = 0x00000000U;
 8026678:	4b08      	ldr	r3, [pc, #32]	; (802669c <SystemInit+0x7c>)
 802667a:	2200      	movs	r2, #0
 802667c:	601a      	str	r2, [r3, #0]
C:/Users/leonardo/Desktop/Code/Github/DawnBGC/CMSIS/system_gd32f4xx.c:138
         
  /* Configure the System clock source, PLL Multiplier and Divider factors, 
     AHB/APBx prescalers and Flash settings ----------------------------------*/
  system_clock_config();
 802667e:	f000 f80f 	bl	80266a0 <system_clock_config>
C:/Users/leonardo/Desktop/Code/Github/DawnBGC/CMSIS/system_gd32f4xx.c:139
}
 8026682:	bf00      	nop
 8026684:	3708      	adds	r7, #8
 8026686:	46bd      	mov	sp, r7
 8026688:	bd80      	pop	{r7, pc}
 802668a:	bf00      	nop
 802668c:	40023800 	.word	0x40023800
 8026690:	40023808 	.word	0x40023808
 8026694:	40023804 	.word	0x40023804
 8026698:	24003010 	.word	0x24003010
 802669c:	4002380c 	.word	0x4002380c

080266a0 <system_clock_config>:
system_clock_config():
C:/Users/leonardo/Desktop/Code/Github/DawnBGC/CMSIS/system_gd32f4xx.c:147
    \param[in]  none
    \param[out] none
    \retval     none
*/
static void system_clock_config(void)
{
 80266a0:	b580      	push	{r7, lr}
 80266a2:	af00      	add	r7, sp, #0
C:/Users/leonardo/Desktop/Code/Github/DawnBGC/CMSIS/system_gd32f4xx.c:167
#elif defined (__SYSTEM_CLOCK_168M_PLL_25M_HXTAL)
    system_clock_168m_25m_hxtal();
#elif defined (__SYSTEM_CLOCK_200M_PLL_IRC16M)
    system_clock_200m_irc16m();
#elif defined (__SYSTEM_CLOCK_200M_PLL_8M_HXTAL)
    system_clock_200m_8m_hxtal();
 80266a4:	f000 f802 	bl	80266ac <system_clock_200m_8m_hxtal>
C:/Users/leonardo/Desktop/Code/Github/DawnBGC/CMSIS/system_gd32f4xx.c:171
#elif defined (__SYSTEM_CLOCK_200M_PLL_25M_HXTAL)
    system_clock_200m_25m_hxtal();
#endif /* __SYSTEM_CLOCK_IRC16M */   
}
 80266a8:	bf00      	nop
 80266aa:	bd80      	pop	{r7, pc}

080266ac <system_clock_200m_8m_hxtal>:
system_clock_200m_8m_hxtal():
C:/Users/leonardo/Desktop/Code/Github/DawnBGC/CMSIS/system_gd32f4xx.c:739
    \param[in]  none
    \param[out] none
    \retval     none
*/
static void system_clock_200m_8m_hxtal(void)
{
 80266ac:	b480      	push	{r7}
 80266ae:	b083      	sub	sp, #12
 80266b0:	af00      	add	r7, sp, #0
C:/Users/leonardo/Desktop/Code/Github/DawnBGC/CMSIS/system_gd32f4xx.c:740
    uint32_t timeout = 0U;
 80266b2:	2300      	movs	r3, #0
 80266b4:	607b      	str	r3, [r7, #4]
C:/Users/leonardo/Desktop/Code/Github/DawnBGC/CMSIS/system_gd32f4xx.c:741
    uint32_t stab_flag = 0U;
 80266b6:	2300      	movs	r3, #0
 80266b8:	603b      	str	r3, [r7, #0]
C:/Users/leonardo/Desktop/Code/Github/DawnBGC/CMSIS/system_gd32f4xx.c:744
    
    /* enable HXTAL */
    RCU_CTL |= RCU_CTL_HXTALEN;
 80266ba:	4b3d      	ldr	r3, [pc, #244]	; (80267b0 <system_clock_200m_8m_hxtal+0x104>)
 80266bc:	681b      	ldr	r3, [r3, #0]
 80266be:	4a3c      	ldr	r2, [pc, #240]	; (80267b0 <system_clock_200m_8m_hxtal+0x104>)
 80266c0:	f443 3380 	orr.w	r3, r3, #65536	; 0x10000
 80266c4:	6013      	str	r3, [r2, #0]
C:/Users/leonardo/Desktop/Code/Github/DawnBGC/CMSIS/system_gd32f4xx.c:748 (discriminator 2)

    /* wait until HXTAL is stable or the startup time is longer than HXTAL_STARTUP_TIMEOUT */
    do{
        timeout++;
 80266c6:	687b      	ldr	r3, [r7, #4]
 80266c8:	3301      	adds	r3, #1
 80266ca:	607b      	str	r3, [r7, #4]
C:/Users/leonardo/Desktop/Code/Github/DawnBGC/CMSIS/system_gd32f4xx.c:749 (discriminator 2)
        stab_flag = (RCU_CTL & RCU_CTL_HXTALSTB);
 80266cc:	4b38      	ldr	r3, [pc, #224]	; (80267b0 <system_clock_200m_8m_hxtal+0x104>)
 80266ce:	681b      	ldr	r3, [r3, #0]
 80266d0:	f403 3300 	and.w	r3, r3, #131072	; 0x20000
 80266d4:	603b      	str	r3, [r7, #0]
C:/Users/leonardo/Desktop/Code/Github/DawnBGC/CMSIS/system_gd32f4xx.c:750 (discriminator 2)
    }while((0U == stab_flag) && (HXTAL_STARTUP_TIMEOUT != timeout));
 80266d6:	683b      	ldr	r3, [r7, #0]
 80266d8:	2b00      	cmp	r3, #0
 80266da:	d103      	bne.n	80266e4 <system_clock_200m_8m_hxtal+0x38>
C:/Users/leonardo/Desktop/Code/Github/DawnBGC/CMSIS/system_gd32f4xx.c:750 (discriminator 1)
 80266dc:	687b      	ldr	r3, [r7, #4]
 80266de:	f5b3 4f00 	cmp.w	r3, #32768	; 0x8000
 80266e2:	d1f0      	bne.n	80266c6 <system_clock_200m_8m_hxtal+0x1a>
C:/Users/leonardo/Desktop/Code/Github/DawnBGC/CMSIS/system_gd32f4xx.c:753

    /* if fail */
    if(0U == (RCU_CTL & RCU_CTL_HXTALSTB)){
 80266e4:	4b32      	ldr	r3, [pc, #200]	; (80267b0 <system_clock_200m_8m_hxtal+0x104>)
 80266e6:	681b      	ldr	r3, [r3, #0]
 80266e8:	f403 3300 	and.w	r3, r3, #131072	; 0x20000
 80266ec:	2b00      	cmp	r3, #0
 80266ee:	d100      	bne.n	80266f2 <system_clock_200m_8m_hxtal+0x46>
C:/Users/leonardo/Desktop/Code/Github/DawnBGC/CMSIS/system_gd32f4xx.c:754 (discriminator 1)
        while(1){
 80266f0:	e7fe      	b.n	80266f0 <system_clock_200m_8m_hxtal+0x44>
C:/Users/leonardo/Desktop/Code/Github/DawnBGC/CMSIS/system_gd32f4xx.c:758
        }
    }
         
    RCU_APB1EN |= RCU_APB1EN_PMUEN;
 80266f2:	4b30      	ldr	r3, [pc, #192]	; (80267b4 <system_clock_200m_8m_hxtal+0x108>)
 80266f4:	681b      	ldr	r3, [r3, #0]
 80266f6:	4a2f      	ldr	r2, [pc, #188]	; (80267b4 <system_clock_200m_8m_hxtal+0x108>)
 80266f8:	f043 5380 	orr.w	r3, r3, #268435456	; 0x10000000
 80266fc:	6013      	str	r3, [r2, #0]
C:/Users/leonardo/Desktop/Code/Github/DawnBGC/CMSIS/system_gd32f4xx.c:759
    PMU_CTL |= PMU_CTL_LDOVS;
 80266fe:	4b2e      	ldr	r3, [pc, #184]	; (80267b8 <system_clock_200m_8m_hxtal+0x10c>)
 8026700:	681b      	ldr	r3, [r3, #0]
 8026702:	4a2d      	ldr	r2, [pc, #180]	; (80267b8 <system_clock_200m_8m_hxtal+0x10c>)
 8026704:	f443 4340 	orr.w	r3, r3, #49152	; 0xc000
 8026708:	6013      	str	r3, [r2, #0]
C:/Users/leonardo/Desktop/Code/Github/DawnBGC/CMSIS/system_gd32f4xx.c:763

    /* HXTAL is stable */
    /* AHB = SYSCLK */
    RCU_CFG0 |= RCU_AHB_CKSYS_DIV1;
 802670a:	4b2c      	ldr	r3, [pc, #176]	; (80267bc <system_clock_200m_8m_hxtal+0x110>)
 802670c:	4a2b      	ldr	r2, [pc, #172]	; (80267bc <system_clock_200m_8m_hxtal+0x110>)
 802670e:	681b      	ldr	r3, [r3, #0]
 8026710:	6013      	str	r3, [r2, #0]
C:/Users/leonardo/Desktop/Code/Github/DawnBGC/CMSIS/system_gd32f4xx.c:765
    /* APB2 = AHB/2 */
    RCU_CFG0 |= RCU_APB2_CKAHB_DIV2;
 8026712:	4b2a      	ldr	r3, [pc, #168]	; (80267bc <system_clock_200m_8m_hxtal+0x110>)
 8026714:	681b      	ldr	r3, [r3, #0]
 8026716:	4a29      	ldr	r2, [pc, #164]	; (80267bc <system_clock_200m_8m_hxtal+0x110>)
 8026718:	f443 4300 	orr.w	r3, r3, #32768	; 0x8000
 802671c:	6013      	str	r3, [r2, #0]
C:/Users/leonardo/Desktop/Code/Github/DawnBGC/CMSIS/system_gd32f4xx.c:767
    /* APB1 = AHB/4 */
    RCU_CFG0 |= RCU_APB1_CKAHB_DIV4;
 802671e:	4b27      	ldr	r3, [pc, #156]	; (80267bc <system_clock_200m_8m_hxtal+0x110>)
 8026720:	681b      	ldr	r3, [r3, #0]
 8026722:	4a26      	ldr	r2, [pc, #152]	; (80267bc <system_clock_200m_8m_hxtal+0x110>)
 8026724:	f443 53a0 	orr.w	r3, r3, #5120	; 0x1400
 8026728:	6013      	str	r3, [r2, #0]
C:/Users/leonardo/Desktop/Code/Github/DawnBGC/CMSIS/system_gd32f4xx.c:770

    /* Configure the main PLL, PLL_M = 8, PLL_N = 400, PLL_P = 2, PLL_Q = 9 */ 
    RCU_PLL = (8U | (400U << 6U) | (((2U >> 1U) - 1U) << 16U) |
 802672a:	4b25      	ldr	r3, [pc, #148]	; (80267c0 <system_clock_200m_8m_hxtal+0x114>)
 802672c:	4a25      	ldr	r2, [pc, #148]	; (80267c4 <system_clock_200m_8m_hxtal+0x118>)
 802672e:	601a      	str	r2, [r3, #0]
C:/Users/leonardo/Desktop/Code/Github/DawnBGC/CMSIS/system_gd32f4xx.c:774
                   (RCU_PLLSRC_HXTAL) | (9U << 24U));

    /* enable PLL */
    RCU_CTL |= RCU_CTL_PLLEN;
 8026730:	4b1f      	ldr	r3, [pc, #124]	; (80267b0 <system_clock_200m_8m_hxtal+0x104>)
 8026732:	681b      	ldr	r3, [r3, #0]
 8026734:	4a1e      	ldr	r2, [pc, #120]	; (80267b0 <system_clock_200m_8m_hxtal+0x104>)
 8026736:	f043 7380 	orr.w	r3, r3, #16777216	; 0x1000000
 802673a:	6013      	str	r3, [r2, #0]
C:/Users/leonardo/Desktop/Code/Github/DawnBGC/CMSIS/system_gd32f4xx.c:777

    /* wait until PLL is stable */
    while(0U == (RCU_CTL & RCU_CTL_PLLSTB)){
 802673c:	bf00      	nop
C:/Users/leonardo/Desktop/Code/Github/DawnBGC/CMSIS/system_gd32f4xx.c:777 (discriminator 1)
 802673e:	4b1c      	ldr	r3, [pc, #112]	; (80267b0 <system_clock_200m_8m_hxtal+0x104>)
 8026740:	681b      	ldr	r3, [r3, #0]
 8026742:	f003 7300 	and.w	r3, r3, #33554432	; 0x2000000
 8026746:	2b00      	cmp	r3, #0
 8026748:	d0f9      	beq.n	802673e <system_clock_200m_8m_hxtal+0x92>
C:/Users/leonardo/Desktop/Code/Github/DawnBGC/CMSIS/system_gd32f4xx.c:781
    }
    
    /* Enable the high-drive to extend the clock frequency to 200 Mhz */
    PMU_CTL |= PMU_CTL_HDEN;
 802674a:	4b1b      	ldr	r3, [pc, #108]	; (80267b8 <system_clock_200m_8m_hxtal+0x10c>)
 802674c:	681b      	ldr	r3, [r3, #0]
 802674e:	4a1a      	ldr	r2, [pc, #104]	; (80267b8 <system_clock_200m_8m_hxtal+0x10c>)
 8026750:	f443 3380 	orr.w	r3, r3, #65536	; 0x10000
 8026754:	6013      	str	r3, [r2, #0]
C:/Users/leonardo/Desktop/Code/Github/DawnBGC/CMSIS/system_gd32f4xx.c:782
    while(0U == (PMU_CS & PMU_CS_HDRF)){
 8026756:	bf00      	nop
C:/Users/leonardo/Desktop/Code/Github/DawnBGC/CMSIS/system_gd32f4xx.c:782 (discriminator 1)
 8026758:	4b1b      	ldr	r3, [pc, #108]	; (80267c8 <system_clock_200m_8m_hxtal+0x11c>)
 802675a:	681b      	ldr	r3, [r3, #0]
 802675c:	f403 3380 	and.w	r3, r3, #65536	; 0x10000
 8026760:	2b00      	cmp	r3, #0
 8026762:	d0f9      	beq.n	8026758 <system_clock_200m_8m_hxtal+0xac>
C:/Users/leonardo/Desktop/Code/Github/DawnBGC/CMSIS/system_gd32f4xx.c:786
    }
    
    /* select the high-drive mode */
    PMU_CTL |= PMU_CTL_HDS;
 8026764:	4b14      	ldr	r3, [pc, #80]	; (80267b8 <system_clock_200m_8m_hxtal+0x10c>)
 8026766:	681b      	ldr	r3, [r3, #0]
 8026768:	4a13      	ldr	r2, [pc, #76]	; (80267b8 <system_clock_200m_8m_hxtal+0x10c>)
 802676a:	f443 3300 	orr.w	r3, r3, #131072	; 0x20000
 802676e:	6013      	str	r3, [r2, #0]
C:/Users/leonardo/Desktop/Code/Github/DawnBGC/CMSIS/system_gd32f4xx.c:787
    while(0U == (PMU_CS & PMU_CS_HDSRF)){
 8026770:	bf00      	nop
C:/Users/leonardo/Desktop/Code/Github/DawnBGC/CMSIS/system_gd32f4xx.c:787 (discriminator 1)
 8026772:	4b15      	ldr	r3, [pc, #84]	; (80267c8 <system_clock_200m_8m_hxtal+0x11c>)
 8026774:	681b      	ldr	r3, [r3, #0]
 8026776:	f403 3300 	and.w	r3, r3, #131072	; 0x20000
 802677a:	2b00      	cmp	r3, #0
 802677c:	d0f9      	beq.n	8026772 <system_clock_200m_8m_hxtal+0xc6>
C:/Users/leonardo/Desktop/Code/Github/DawnBGC/CMSIS/system_gd32f4xx.c:791
    } 
    
    /* select PLL as system clock */
    RCU_CFG0 &= ~RCU_CFG0_SCS;
 802677e:	4b0f      	ldr	r3, [pc, #60]	; (80267bc <system_clock_200m_8m_hxtal+0x110>)
 8026780:	681b      	ldr	r3, [r3, #0]
 8026782:	4a0e      	ldr	r2, [pc, #56]	; (80267bc <system_clock_200m_8m_hxtal+0x110>)
 8026784:	f023 0303 	bic.w	r3, r3, #3
 8026788:	6013      	str	r3, [r2, #0]
C:/Users/leonardo/Desktop/Code/Github/DawnBGC/CMSIS/system_gd32f4xx.c:792
    RCU_CFG0 |= RCU_CKSYSSRC_PLLP;
 802678a:	4b0c      	ldr	r3, [pc, #48]	; (80267bc <system_clock_200m_8m_hxtal+0x110>)
 802678c:	681b      	ldr	r3, [r3, #0]
 802678e:	4a0b      	ldr	r2, [pc, #44]	; (80267bc <system_clock_200m_8m_hxtal+0x110>)
 8026790:	f043 0302 	orr.w	r3, r3, #2
 8026794:	6013      	str	r3, [r2, #0]
C:/Users/leonardo/Desktop/Code/Github/DawnBGC/CMSIS/system_gd32f4xx.c:795

    /* wait until PLL is selected as system clock */
    while(0U == (RCU_CFG0 & RCU_SCSS_PLLP)){
 8026796:	bf00      	nop
C:/Users/leonardo/Desktop/Code/Github/DawnBGC/CMSIS/system_gd32f4xx.c:795 (discriminator 1)
 8026798:	4b08      	ldr	r3, [pc, #32]	; (80267bc <system_clock_200m_8m_hxtal+0x110>)
 802679a:	681b      	ldr	r3, [r3, #0]
 802679c:	f003 0308 	and.w	r3, r3, #8
 80267a0:	2b00      	cmp	r3, #0
 80267a2:	d0f9      	beq.n	8026798 <system_clock_200m_8m_hxtal+0xec>
C:/Users/leonardo/Desktop/Code/Github/DawnBGC/CMSIS/system_gd32f4xx.c:797
    }
}
 80267a4:	bf00      	nop
 80267a6:	bf00      	nop
 80267a8:	370c      	adds	r7, #12
 80267aa:	46bd      	mov	sp, r7
 80267ac:	bc80      	pop	{r7}
 80267ae:	4770      	bx	lr
 80267b0:	40023800 	.word	0x40023800
 80267b4:	40023840 	.word	0x40023840
 80267b8:	40007000 	.word	0x40007000
 80267bc:	40023808 	.word	0x40023808
 80267c0:	40023804 	.word	0x40023804
 80267c4:	09406408 	.word	0x09406408
 80267c8:	40007004 	.word	0x40007004

080267cc <AttitudeCali>:
AttitudeCali():
C:/Users/leonardo/Desktop/Code/Github/DawnGBC/Dawn/DawnLib/dawn_lib.c:140
 80267cc:	b590      	push	{r4, r7, lr}
 80267ce:	b08b      	sub	sp, #44	; 0x2c
 80267d0:	af00      	add	r7, sp, #0
C:/Users/leonardo/Desktop/Code/Github/DawnGBC/Dawn/DawnLib/dawn_lib.c:141
 80267d2:	f04f 0300 	mov.w	r3, #0
 80267d6:	627b      	str	r3, [r7, #36]	; 0x24
C:/Users/leonardo/Desktop/Code/Github/DawnGBC/Dawn/DawnLib/dawn_lib.c:142
 80267d8:	f04f 0300 	mov.w	r3, #0
 80267dc:	623b      	str	r3, [r7, #32]
 80267de:	f04f 0300 	mov.w	r3, #0
 80267e2:	61fb      	str	r3, [r7, #28]
 80267e4:	f04f 0300 	mov.w	r3, #0
 80267e8:	61bb      	str	r3, [r7, #24]
C:/Users/leonardo/Desktop/Code/Github/DawnGBC/Dawn/DawnLib/dawn_lib.c:143
 80267ea:	f04f 0300 	mov.w	r3, #0
 80267ee:	617b      	str	r3, [r7, #20]
 80267f0:	f04f 0300 	mov.w	r3, #0
 80267f4:	613b      	str	r3, [r7, #16]
 80267f6:	f04f 0300 	mov.w	r3, #0
 80267fa:	60fb      	str	r3, [r7, #12]
C:/Users/leonardo/Desktop/Code/Github/DawnGBC/Dawn/DawnLib/dawn_lib.c:144
 80267fc:	4b95      	ldr	r3, [pc, #596]	; (8026a54 <AttitudeCali+0x288>)
 80267fe:	60bb      	str	r3, [r7, #8]
C:/Users/leonardo/Desktop/Code/Github/DawnGBC/Dawn/DawnLib/dawn_lib.c:145
 8026800:	f04f 0300 	mov.w	r3, #0
 8026804:	607b      	str	r3, [r7, #4]
C:/Users/leonardo/Desktop/Code/Github/DawnGBC/Dawn/DawnLib/dawn_lib.c:148
 8026806:	4b94      	ldr	r3, [pc, #592]	; (8026a58 <AttitudeCali+0x28c>)
 8026808:	f8d3 30f4 	ldr.w	r3, [r3, #244]	; 0xf4
 802680c:	4a92      	ldr	r2, [pc, #584]	; (8026a58 <AttitudeCali+0x28c>)
 802680e:	f8d2 20f4 	ldr.w	r2, [r2, #244]	; 0xf4
 8026812:	4611      	mov	r1, r2
 8026814:	4618      	mov	r0, r3
 8026816:	f7fa f9e3 	bl	8020be0 <__aeabi_fmul>
 802681a:	4603      	mov	r3, r0
 802681c:	461c      	mov	r4, r3
 802681e:	4b8e      	ldr	r3, [pc, #568]	; (8026a58 <AttitudeCali+0x28c>)
 8026820:	f8d3 30f8 	ldr.w	r3, [r3, #248]	; 0xf8
 8026824:	4a8c      	ldr	r2, [pc, #560]	; (8026a58 <AttitudeCali+0x28c>)
 8026826:	f8d2 20f8 	ldr.w	r2, [r2, #248]	; 0xf8
 802682a:	4611      	mov	r1, r2
 802682c:	4618      	mov	r0, r3
 802682e:	f7fa f9d7 	bl	8020be0 <__aeabi_fmul>
 8026832:	4603      	mov	r3, r0
 8026834:	4619      	mov	r1, r3
 8026836:	4620      	mov	r0, r4
 8026838:	f7fa f8ca 	bl	80209d0 <__addsf3>
 802683c:	4603      	mov	r3, r0
 802683e:	461c      	mov	r4, r3
 8026840:	4b85      	ldr	r3, [pc, #532]	; (8026a58 <AttitudeCali+0x28c>)
 8026842:	f8d3 30fc 	ldr.w	r3, [r3, #252]	; 0xfc
 8026846:	4a84      	ldr	r2, [pc, #528]	; (8026a58 <AttitudeCali+0x28c>)
 8026848:	f8d2 20fc 	ldr.w	r2, [r2, #252]	; 0xfc
 802684c:	4611      	mov	r1, r2
 802684e:	4618      	mov	r0, r3
 8026850:	f7fa f9c6 	bl	8020be0 <__aeabi_fmul>
 8026854:	4603      	mov	r3, r0
 8026856:	4619      	mov	r1, r3
 8026858:	4620      	mov	r0, r4
 802685a:	f7fa f8b9 	bl	80209d0 <__addsf3>
 802685e:	4603      	mov	r3, r0
 8026860:	4618      	mov	r0, r3
 8026862:	f000 fadf 	bl	8026e24 <sqrtf>
 8026866:	4603      	mov	r3, r0
 8026868:	4a7b      	ldr	r2, [pc, #492]	; (8026a58 <AttitudeCali+0x28c>)
 802686a:	6193      	str	r3, [r2, #24]
C:/Users/leonardo/Desktop/Code/Github/DawnGBC/Dawn/DawnLib/dawn_lib.c:149
 802686c:	4b7a      	ldr	r3, [pc, #488]	; (8026a58 <AttitudeCali+0x28c>)
 802686e:	699b      	ldr	r3, [r3, #24]
 8026870:	f04f 0100 	mov.w	r1, #0
 8026874:	4618      	mov	r0, r3
 8026876:	f7fa fb47 	bl	8020f08 <__aeabi_fcmpeq>
 802687a:	4603      	mov	r3, r0
 802687c:	2b00      	cmp	r3, #0
 802687e:	d003      	beq.n	8026888 <AttitudeCali+0xbc>
C:/Users/leonardo/Desktop/Code/Github/DawnGBC/Dawn/DawnLib/dawn_lib.c:151
 8026880:	4b75      	ldr	r3, [pc, #468]	; (8026a58 <AttitudeCali+0x28c>)
 8026882:	f04f 527e 	mov.w	r2, #1065353216	; 0x3f800000
 8026886:	619a      	str	r2, [r3, #24]
C:/Users/leonardo/Desktop/Code/Github/DawnGBC/Dawn/DawnLib/dawn_lib.c:153
 8026888:	4b73      	ldr	r3, [pc, #460]	; (8026a58 <AttitudeCali+0x28c>)
 802688a:	699b      	ldr	r3, [r3, #24]
 802688c:	4619      	mov	r1, r3
 802688e:	f04f 507e 	mov.w	r0, #1065353216	; 0x3f800000
 8026892:	f7fa fa59 	bl	8020d48 <__aeabi_fdiv>
 8026896:	4603      	mov	r3, r0
 8026898:	627b      	str	r3, [r7, #36]	; 0x24
C:/Users/leonardo/Desktop/Code/Github/DawnGBC/Dawn/DawnLib/dawn_lib.c:154
 802689a:	4b6f      	ldr	r3, [pc, #444]	; (8026a58 <AttitudeCali+0x28c>)
 802689c:	f8d3 30f4 	ldr.w	r3, [r3, #244]	; 0xf4
 80268a0:	4619      	mov	r1, r3
 80268a2:	6a78      	ldr	r0, [r7, #36]	; 0x24
 80268a4:	f7fa f99c 	bl	8020be0 <__aeabi_fmul>
 80268a8:	4603      	mov	r3, r0
 80268aa:	623b      	str	r3, [r7, #32]
C:/Users/leonardo/Desktop/Code/Github/DawnGBC/Dawn/DawnLib/dawn_lib.c:155
 80268ac:	4b6a      	ldr	r3, [pc, #424]	; (8026a58 <AttitudeCali+0x28c>)
 80268ae:	f8d3 30f8 	ldr.w	r3, [r3, #248]	; 0xf8
 80268b2:	4619      	mov	r1, r3
 80268b4:	6a78      	ldr	r0, [r7, #36]	; 0x24
 80268b6:	f7fa f993 	bl	8020be0 <__aeabi_fmul>
 80268ba:	4603      	mov	r3, r0
 80268bc:	61fb      	str	r3, [r7, #28]
C:/Users/leonardo/Desktop/Code/Github/DawnGBC/Dawn/DawnLib/dawn_lib.c:156
 80268be:	4b66      	ldr	r3, [pc, #408]	; (8026a58 <AttitudeCali+0x28c>)
 80268c0:	f8d3 30fc 	ldr.w	r3, [r3, #252]	; 0xfc
 80268c4:	4619      	mov	r1, r3
 80268c6:	6a78      	ldr	r0, [r7, #36]	; 0x24
 80268c8:	f7fa f98a 	bl	8020be0 <__aeabi_fmul>
 80268cc:	4603      	mov	r3, r0
 80268ce:	61bb      	str	r3, [r7, #24]
C:/Users/leonardo/Desktop/Code/Github/DawnGBC/Dawn/DawnLib/dawn_lib.c:159
 80268d0:	4b61      	ldr	r3, [pc, #388]	; (8026a58 <AttitudeCali+0x28c>)
 80268d2:	f8d3 30c4 	ldr.w	r3, [r3, #196]	; 0xc4
 80268d6:	4a60      	ldr	r2, [pc, #384]	; (8026a58 <AttitudeCali+0x28c>)
 80268d8:	f8d2 20cc 	ldr.w	r2, [r2, #204]	; 0xcc
 80268dc:	4611      	mov	r1, r2
 80268de:	4618      	mov	r0, r3
 80268e0:	f7fa f97e 	bl	8020be0 <__aeabi_fmul>
 80268e4:	4603      	mov	r3, r0
 80268e6:	461c      	mov	r4, r3
 80268e8:	4b5b      	ldr	r3, [pc, #364]	; (8026a58 <AttitudeCali+0x28c>)
 80268ea:	f8d3 30c0 	ldr.w	r3, [r3, #192]	; 0xc0
 80268ee:	4a5a      	ldr	r2, [pc, #360]	; (8026a58 <AttitudeCali+0x28c>)
 80268f0:	f8d2 20c8 	ldr.w	r2, [r2, #200]	; 0xc8
 80268f4:	4611      	mov	r1, r2
 80268f6:	4618      	mov	r0, r3
 80268f8:	f7fa f972 	bl	8020be0 <__aeabi_fmul>
 80268fc:	4603      	mov	r3, r0
 80268fe:	4619      	mov	r1, r3
 8026900:	4620      	mov	r0, r4
 8026902:	f7fa f863 	bl	80209cc <__aeabi_fsub>
 8026906:	4603      	mov	r3, r0
 8026908:	4619      	mov	r1, r3
 802690a:	4618      	mov	r0, r3
 802690c:	f7fa f860 	bl	80209d0 <__addsf3>
 8026910:	4603      	mov	r3, r0
 8026912:	617b      	str	r3, [r7, #20]
C:/Users/leonardo/Desktop/Code/Github/DawnGBC/Dawn/DawnLib/dawn_lib.c:160
 8026914:	4b50      	ldr	r3, [pc, #320]	; (8026a58 <AttitudeCali+0x28c>)
 8026916:	f8d3 30c8 	ldr.w	r3, [r3, #200]	; 0xc8
 802691a:	4a4f      	ldr	r2, [pc, #316]	; (8026a58 <AttitudeCali+0x28c>)
 802691c:	f8d2 20cc 	ldr.w	r2, [r2, #204]	; 0xcc
 8026920:	4611      	mov	r1, r2
 8026922:	4618      	mov	r0, r3
 8026924:	f7fa f95c 	bl	8020be0 <__aeabi_fmul>
 8026928:	4603      	mov	r3, r0
 802692a:	461c      	mov	r4, r3
 802692c:	4b4a      	ldr	r3, [pc, #296]	; (8026a58 <AttitudeCali+0x28c>)
 802692e:	f8d3 30c0 	ldr.w	r3, [r3, #192]	; 0xc0
 8026932:	4a49      	ldr	r2, [pc, #292]	; (8026a58 <AttitudeCali+0x28c>)
 8026934:	f8d2 20c4 	ldr.w	r2, [r2, #196]	; 0xc4
 8026938:	4611      	mov	r1, r2
 802693a:	4618      	mov	r0, r3
 802693c:	f7fa f950 	bl	8020be0 <__aeabi_fmul>
 8026940:	4603      	mov	r3, r0
 8026942:	4619      	mov	r1, r3
 8026944:	4620      	mov	r0, r4
 8026946:	f7fa f843 	bl	80209d0 <__addsf3>
 802694a:	4603      	mov	r3, r0
 802694c:	4619      	mov	r1, r3
 802694e:	4618      	mov	r0, r3
 8026950:	f7fa f83e 	bl	80209d0 <__addsf3>
 8026954:	4603      	mov	r3, r0
 8026956:	613b      	str	r3, [r7, #16]
C:/Users/leonardo/Desktop/Code/Github/DawnGBC/Dawn/DawnLib/dawn_lib.c:161
 8026958:	4b3f      	ldr	r3, [pc, #252]	; (8026a58 <AttitudeCali+0x28c>)
 802695a:	f8d3 30c4 	ldr.w	r3, [r3, #196]	; 0xc4
 802695e:	4a3e      	ldr	r2, [pc, #248]	; (8026a58 <AttitudeCali+0x28c>)
 8026960:	f8d2 20c4 	ldr.w	r2, [r2, #196]	; 0xc4
 8026964:	4611      	mov	r1, r2
 8026966:	4618      	mov	r0, r3
 8026968:	f7fa f93a 	bl	8020be0 <__aeabi_fmul>
 802696c:	4603      	mov	r3, r0
 802696e:	461c      	mov	r4, r3
 8026970:	4b39      	ldr	r3, [pc, #228]	; (8026a58 <AttitudeCali+0x28c>)
 8026972:	f8d3 30c8 	ldr.w	r3, [r3, #200]	; 0xc8
 8026976:	4a38      	ldr	r2, [pc, #224]	; (8026a58 <AttitudeCali+0x28c>)
 8026978:	f8d2 20c8 	ldr.w	r2, [r2, #200]	; 0xc8
 802697c:	4611      	mov	r1, r2
 802697e:	4618      	mov	r0, r3
 8026980:	f7fa f92e 	bl	8020be0 <__aeabi_fmul>
 8026984:	4603      	mov	r3, r0
 8026986:	4619      	mov	r1, r3
 8026988:	4620      	mov	r0, r4
 802698a:	f7fa f821 	bl	80209d0 <__addsf3>
 802698e:	4603      	mov	r3, r0
 8026990:	4619      	mov	r1, r3
 8026992:	4618      	mov	r0, r3
 8026994:	f7fa f81c 	bl	80209d0 <__addsf3>
 8026998:	4603      	mov	r3, r0
 802699a:	4619      	mov	r1, r3
 802699c:	f04f 507e 	mov.w	r0, #1065353216	; 0x3f800000
 80269a0:	f7fa f814 	bl	80209cc <__aeabi_fsub>
 80269a4:	4603      	mov	r3, r0
 80269a6:	60fb      	str	r3, [r7, #12]
C:/Users/leonardo/Desktop/Code/Github/DawnGBC/Dawn/DawnLib/dawn_lib.c:164
 80269a8:	68f9      	ldr	r1, [r7, #12]
 80269aa:	69f8      	ldr	r0, [r7, #28]
 80269ac:	f7fa f918 	bl	8020be0 <__aeabi_fmul>
 80269b0:	4603      	mov	r3, r0
 80269b2:	461c      	mov	r4, r3
 80269b4:	6939      	ldr	r1, [r7, #16]
 80269b6:	69b8      	ldr	r0, [r7, #24]
 80269b8:	f7fa f912 	bl	8020be0 <__aeabi_fmul>
 80269bc:	4603      	mov	r3, r0
 80269be:	4619      	mov	r1, r3
 80269c0:	4620      	mov	r0, r4
 80269c2:	f7fa f803 	bl	80209cc <__aeabi_fsub>
 80269c6:	4603      	mov	r3, r0
 80269c8:	461a      	mov	r2, r3
 80269ca:	4b23      	ldr	r3, [pc, #140]	; (8026a58 <AttitudeCali+0x28c>)
 80269cc:	639a      	str	r2, [r3, #56]	; 0x38
C:/Users/leonardo/Desktop/Code/Github/DawnGBC/Dawn/DawnLib/dawn_lib.c:165
 80269ce:	6979      	ldr	r1, [r7, #20]
 80269d0:	69b8      	ldr	r0, [r7, #24]
 80269d2:	f7fa f905 	bl	8020be0 <__aeabi_fmul>
 80269d6:	4603      	mov	r3, r0
 80269d8:	461c      	mov	r4, r3
 80269da:	68f9      	ldr	r1, [r7, #12]
 80269dc:	6a38      	ldr	r0, [r7, #32]
 80269de:	f7fa f8ff 	bl	8020be0 <__aeabi_fmul>
 80269e2:	4603      	mov	r3, r0
 80269e4:	4619      	mov	r1, r3
 80269e6:	4620      	mov	r0, r4
 80269e8:	f7f9 fff0 	bl	80209cc <__aeabi_fsub>
 80269ec:	4603      	mov	r3, r0
 80269ee:	461a      	mov	r2, r3
 80269f0:	4b19      	ldr	r3, [pc, #100]	; (8026a58 <AttitudeCali+0x28c>)
 80269f2:	63da      	str	r2, [r3, #60]	; 0x3c
C:/Users/leonardo/Desktop/Code/Github/DawnGBC/Dawn/DawnLib/dawn_lib.c:166
 80269f4:	6939      	ldr	r1, [r7, #16]
 80269f6:	6a38      	ldr	r0, [r7, #32]
 80269f8:	f7fa f8f2 	bl	8020be0 <__aeabi_fmul>
 80269fc:	4603      	mov	r3, r0
 80269fe:	461c      	mov	r4, r3
 8026a00:	6979      	ldr	r1, [r7, #20]
 8026a02:	69f8      	ldr	r0, [r7, #28]
 8026a04:	f7fa f8ec 	bl	8020be0 <__aeabi_fmul>
 8026a08:	4603      	mov	r3, r0
 8026a0a:	4619      	mov	r1, r3
 8026a0c:	4620      	mov	r0, r4
 8026a0e:	f7f9 ffdd 	bl	80209cc <__aeabi_fsub>
 8026a12:	4603      	mov	r3, r0
 8026a14:	461a      	mov	r2, r3
 8026a16:	4b10      	ldr	r3, [pc, #64]	; (8026a58 <AttitudeCali+0x28c>)
 8026a18:	641a      	str	r2, [r3, #64]	; 0x40
C:/Users/leonardo/Desktop/Code/Github/DawnGBC/Dawn/DawnLib/dawn_lib.c:168
 8026a1a:	4b0f      	ldr	r3, [pc, #60]	; (8026a58 <AttitudeCali+0x28c>)
 8026a1c:	699b      	ldr	r3, [r3, #24]
 8026a1e:	f04f 517e 	mov.w	r1, #1065353216	; 0x3f800000
 8026a22:	4618      	mov	r0, r3
 8026a24:	f7f9 ffd2 	bl	80209cc <__aeabi_fsub>
 8026a28:	4603      	mov	r3, r0
 8026a2a:	f023 4300 	bic.w	r3, r3, #2147483648	; 0x80000000
 8026a2e:	607b      	str	r3, [r7, #4]
C:/Users/leonardo/Desktop/Code/Github/DawnGBC/Dawn/DawnLib/dawn_lib.c:169
 8026a30:	4b09      	ldr	r3, [pc, #36]	; (8026a58 <AttitudeCali+0x28c>)
 8026a32:	6a9b      	ldr	r3, [r3, #40]	; 0x28
 8026a34:	4619      	mov	r1, r3
 8026a36:	6878      	ldr	r0, [r7, #4]
 8026a38:	f7fa fa70 	bl	8020f1c <__aeabi_fcmplt>
 8026a3c:	4603      	mov	r3, r0
 8026a3e:	2b00      	cmp	r3, #0
 8026a40:	d00c      	beq.n	8026a5c <AttitudeCali+0x290>
C:/Users/leonardo/Desktop/Code/Github/DawnGBC/Dawn/DawnLib/dawn_lib.c:171
 8026a42:	4b05      	ldr	r3, [pc, #20]	; (8026a58 <AttitudeCali+0x28c>)
 8026a44:	6a1b      	ldr	r3, [r3, #32]
 8026a46:	4a04      	ldr	r2, [pc, #16]	; (8026a58 <AttitudeCali+0x28c>)
 8026a48:	6313      	str	r3, [r2, #48]	; 0x30
C:/Users/leonardo/Desktop/Code/Github/DawnGBC/Dawn/DawnLib/dawn_lib.c:172
 8026a4a:	4b03      	ldr	r3, [pc, #12]	; (8026a58 <AttitudeCali+0x28c>)
 8026a4c:	6a5b      	ldr	r3, [r3, #36]	; 0x24
 8026a4e:	4a02      	ldr	r2, [pc, #8]	; (8026a58 <AttitudeCali+0x28c>)
 8026a50:	6353      	str	r3, [r2, #52]	; 0x34
 8026a52:	e043      	b.n	8026adc <AttitudeCali+0x310>
 8026a54:	3983126f 	.word	0x3983126f
 8026a58:	20000000 	.word	0x20000000
C:/Users/leonardo/Desktop/Code/Github/DawnGBC/Dawn/DawnLib/dawn_lib.c:174
 8026a5c:	4b6b      	ldr	r3, [pc, #428]	; (8026c0c <AttitudeCali+0x440>)
 8026a5e:	6adb      	ldr	r3, [r3, #44]	; 0x2c
 8026a60:	4619      	mov	r1, r3
 8026a62:	6878      	ldr	r0, [r7, #4]
 8026a64:	f7fa fa5a 	bl	8020f1c <__aeabi_fcmplt>
 8026a68:	4603      	mov	r3, r0
 8026a6a:	2b00      	cmp	r3, #0
 8026a6c:	d02e      	beq.n	8026acc <AttitudeCali+0x300>
C:/Users/leonardo/Desktop/Code/Github/DawnGBC/Dawn/DawnLib/dawn_lib.c:176
 8026a6e:	4b67      	ldr	r3, [pc, #412]	; (8026c0c <AttitudeCali+0x440>)
 8026a70:	6a1c      	ldr	r4, [r3, #32]
 8026a72:	4b66      	ldr	r3, [pc, #408]	; (8026c0c <AttitudeCali+0x440>)
 8026a74:	6adb      	ldr	r3, [r3, #44]	; 0x2c
 8026a76:	4619      	mov	r1, r3
 8026a78:	6878      	ldr	r0, [r7, #4]
 8026a7a:	f7fa f965 	bl	8020d48 <__aeabi_fdiv>
 8026a7e:	4603      	mov	r3, r0
 8026a80:	4619      	mov	r1, r3
 8026a82:	f04f 507e 	mov.w	r0, #1065353216	; 0x3f800000
 8026a86:	f7f9 ffa1 	bl	80209cc <__aeabi_fsub>
 8026a8a:	4603      	mov	r3, r0
 8026a8c:	4619      	mov	r1, r3
 8026a8e:	4620      	mov	r0, r4
 8026a90:	f7fa f8a6 	bl	8020be0 <__aeabi_fmul>
 8026a94:	4603      	mov	r3, r0
 8026a96:	461a      	mov	r2, r3
 8026a98:	4b5c      	ldr	r3, [pc, #368]	; (8026c0c <AttitudeCali+0x440>)
 8026a9a:	631a      	str	r2, [r3, #48]	; 0x30
C:/Users/leonardo/Desktop/Code/Github/DawnGBC/Dawn/DawnLib/dawn_lib.c:177
 8026a9c:	4b5b      	ldr	r3, [pc, #364]	; (8026c0c <AttitudeCali+0x440>)
 8026a9e:	6b1b      	ldr	r3, [r3, #48]	; 0x30
 8026aa0:	4a5a      	ldr	r2, [pc, #360]	; (8026c0c <AttitudeCali+0x440>)
 8026aa2:	6b12      	ldr	r2, [r2, #48]	; 0x30
 8026aa4:	4611      	mov	r1, r2
 8026aa6:	4618      	mov	r0, r3
 8026aa8:	f7fa f89a 	bl	8020be0 <__aeabi_fmul>
 8026aac:	4603      	mov	r3, r0
 8026aae:	f04f 517c 	mov.w	r1, #1056964608	; 0x3f000000
 8026ab2:	4618      	mov	r0, r3
 8026ab4:	f7fa f894 	bl	8020be0 <__aeabi_fmul>
 8026ab8:	4603      	mov	r3, r0
 8026aba:	4955      	ldr	r1, [pc, #340]	; (8026c10 <AttitudeCali+0x444>)
 8026abc:	4618      	mov	r0, r3
 8026abe:	f7fa f943 	bl	8020d48 <__aeabi_fdiv>
 8026ac2:	4603      	mov	r3, r0
 8026ac4:	461a      	mov	r2, r3
 8026ac6:	4b51      	ldr	r3, [pc, #324]	; (8026c0c <AttitudeCali+0x440>)
 8026ac8:	635a      	str	r2, [r3, #52]	; 0x34
 8026aca:	e007      	b.n	8026adc <AttitudeCali+0x310>
C:/Users/leonardo/Desktop/Code/Github/DawnGBC/Dawn/DawnLib/dawn_lib.c:181
 8026acc:	4b4f      	ldr	r3, [pc, #316]	; (8026c0c <AttitudeCali+0x440>)
 8026ace:	f04f 0200 	mov.w	r2, #0
 8026ad2:	631a      	str	r2, [r3, #48]	; 0x30
C:/Users/leonardo/Desktop/Code/Github/DawnGBC/Dawn/DawnLib/dawn_lib.c:182
 8026ad4:	4b4d      	ldr	r3, [pc, #308]	; (8026c0c <AttitudeCali+0x440>)
 8026ad6:	f04f 0200 	mov.w	r2, #0
 8026ada:	635a      	str	r2, [r3, #52]	; 0x34
C:/Users/leonardo/Desktop/Code/Github/DawnGBC/Dawn/DawnLib/dawn_lib.c:186
 8026adc:	4b4b      	ldr	r3, [pc, #300]	; (8026c0c <AttitudeCali+0x440>)
 8026ade:	6c5c      	ldr	r4, [r3, #68]	; 0x44
 8026ae0:	4b4a      	ldr	r3, [pc, #296]	; (8026c0c <AttitudeCali+0x440>)
 8026ae2:	6b5b      	ldr	r3, [r3, #52]	; 0x34
 8026ae4:	4a49      	ldr	r2, [pc, #292]	; (8026c0c <AttitudeCali+0x440>)
 8026ae6:	6b92      	ldr	r2, [r2, #56]	; 0x38
 8026ae8:	4611      	mov	r1, r2
 8026aea:	4618      	mov	r0, r3
 8026aec:	f7fa f878 	bl	8020be0 <__aeabi_fmul>
 8026af0:	4603      	mov	r3, r0
 8026af2:	4619      	mov	r1, r3
 8026af4:	4620      	mov	r0, r4
 8026af6:	f7f9 ff6b 	bl	80209d0 <__addsf3>
 8026afa:	4603      	mov	r3, r0
 8026afc:	461a      	mov	r2, r3
 8026afe:	4b43      	ldr	r3, [pc, #268]	; (8026c0c <AttitudeCali+0x440>)
 8026b00:	645a      	str	r2, [r3, #68]	; 0x44
C:/Users/leonardo/Desktop/Code/Github/DawnGBC/Dawn/DawnLib/dawn_lib.c:187
 8026b02:	4b42      	ldr	r3, [pc, #264]	; (8026c0c <AttitudeCali+0x440>)
 8026b04:	6c9c      	ldr	r4, [r3, #72]	; 0x48
 8026b06:	4b41      	ldr	r3, [pc, #260]	; (8026c0c <AttitudeCali+0x440>)
 8026b08:	6b5b      	ldr	r3, [r3, #52]	; 0x34
 8026b0a:	4a40      	ldr	r2, [pc, #256]	; (8026c0c <AttitudeCali+0x440>)
 8026b0c:	6bd2      	ldr	r2, [r2, #60]	; 0x3c
 8026b0e:	4611      	mov	r1, r2
 8026b10:	4618      	mov	r0, r3
 8026b12:	f7fa f865 	bl	8020be0 <__aeabi_fmul>
 8026b16:	4603      	mov	r3, r0
 8026b18:	4619      	mov	r1, r3
 8026b1a:	4620      	mov	r0, r4
 8026b1c:	f7f9 ff58 	bl	80209d0 <__addsf3>
 8026b20:	4603      	mov	r3, r0
 8026b22:	461a      	mov	r2, r3
 8026b24:	4b39      	ldr	r3, [pc, #228]	; (8026c0c <AttitudeCali+0x440>)
 8026b26:	649a      	str	r2, [r3, #72]	; 0x48
C:/Users/leonardo/Desktop/Code/Github/DawnGBC/Dawn/DawnLib/dawn_lib.c:188
 8026b28:	4b38      	ldr	r3, [pc, #224]	; (8026c0c <AttitudeCali+0x440>)
 8026b2a:	6cdc      	ldr	r4, [r3, #76]	; 0x4c
 8026b2c:	4b37      	ldr	r3, [pc, #220]	; (8026c0c <AttitudeCali+0x440>)
 8026b2e:	6b5b      	ldr	r3, [r3, #52]	; 0x34
 8026b30:	4a36      	ldr	r2, [pc, #216]	; (8026c0c <AttitudeCali+0x440>)
 8026b32:	6c12      	ldr	r2, [r2, #64]	; 0x40
 8026b34:	4611      	mov	r1, r2
 8026b36:	4618      	mov	r0, r3
 8026b38:	f7fa f852 	bl	8020be0 <__aeabi_fmul>
 8026b3c:	4603      	mov	r3, r0
 8026b3e:	4619      	mov	r1, r3
 8026b40:	4620      	mov	r0, r4
 8026b42:	f7f9 ff45 	bl	80209d0 <__addsf3>
 8026b46:	4603      	mov	r3, r0
 8026b48:	461a      	mov	r2, r3
 8026b4a:	4b30      	ldr	r3, [pc, #192]	; (8026c0c <AttitudeCali+0x440>)
 8026b4c:	64da      	str	r2, [r3, #76]	; 0x4c
C:/Users/leonardo/Desktop/Code/Github/DawnGBC/Dawn/DawnLib/dawn_lib.c:189
 8026b4e:	4b2f      	ldr	r3, [pc, #188]	; (8026c0c <AttitudeCali+0x440>)
 8026b50:	6c5c      	ldr	r4, [r3, #68]	; 0x44
 8026b52:	4b2e      	ldr	r3, [pc, #184]	; (8026c0c <AttitudeCali+0x440>)
 8026b54:	6b1b      	ldr	r3, [r3, #48]	; 0x30
 8026b56:	4a2d      	ldr	r2, [pc, #180]	; (8026c0c <AttitudeCali+0x440>)
 8026b58:	6b92      	ldr	r2, [r2, #56]	; 0x38
 8026b5a:	4611      	mov	r1, r2
 8026b5c:	4618      	mov	r0, r3
 8026b5e:	f7fa f83f 	bl	8020be0 <__aeabi_fmul>
 8026b62:	4603      	mov	r3, r0
 8026b64:	4619      	mov	r1, r3
 8026b66:	4620      	mov	r0, r4
 8026b68:	f7f9 ff32 	bl	80209d0 <__addsf3>
 8026b6c:	4603      	mov	r3, r0
 8026b6e:	461a      	mov	r2, r3
 8026b70:	4b26      	ldr	r3, [pc, #152]	; (8026c0c <AttitudeCali+0x440>)
 8026b72:	651a      	str	r2, [r3, #80]	; 0x50
C:/Users/leonardo/Desktop/Code/Github/DawnGBC/Dawn/DawnLib/dawn_lib.c:190
 8026b74:	4b25      	ldr	r3, [pc, #148]	; (8026c0c <AttitudeCali+0x440>)
 8026b76:	6c9c      	ldr	r4, [r3, #72]	; 0x48
 8026b78:	4b24      	ldr	r3, [pc, #144]	; (8026c0c <AttitudeCali+0x440>)
 8026b7a:	6b1b      	ldr	r3, [r3, #48]	; 0x30
 8026b7c:	4a23      	ldr	r2, [pc, #140]	; (8026c0c <AttitudeCali+0x440>)
 8026b7e:	6bd2      	ldr	r2, [r2, #60]	; 0x3c
 8026b80:	4611      	mov	r1, r2
 8026b82:	4618      	mov	r0, r3
 8026b84:	f7fa f82c 	bl	8020be0 <__aeabi_fmul>
 8026b88:	4603      	mov	r3, r0
 8026b8a:	4619      	mov	r1, r3
 8026b8c:	4620      	mov	r0, r4
 8026b8e:	f7f9 ff1f 	bl	80209d0 <__addsf3>
 8026b92:	4603      	mov	r3, r0
 8026b94:	461a      	mov	r2, r3
 8026b96:	4b1d      	ldr	r3, [pc, #116]	; (8026c0c <AttitudeCali+0x440>)
 8026b98:	655a      	str	r2, [r3, #84]	; 0x54
C:/Users/leonardo/Desktop/Code/Github/DawnGBC/Dawn/DawnLib/dawn_lib.c:191
 8026b9a:	4b1c      	ldr	r3, [pc, #112]	; (8026c0c <AttitudeCali+0x440>)
 8026b9c:	6cdc      	ldr	r4, [r3, #76]	; 0x4c
 8026b9e:	4b1b      	ldr	r3, [pc, #108]	; (8026c0c <AttitudeCali+0x440>)
 8026ba0:	6b1b      	ldr	r3, [r3, #48]	; 0x30
 8026ba2:	4a1a      	ldr	r2, [pc, #104]	; (8026c0c <AttitudeCali+0x440>)
 8026ba4:	6c12      	ldr	r2, [r2, #64]	; 0x40
 8026ba6:	4611      	mov	r1, r2
 8026ba8:	4618      	mov	r0, r3
 8026baa:	f7fa f819 	bl	8020be0 <__aeabi_fmul>
 8026bae:	4603      	mov	r3, r0
 8026bb0:	4619      	mov	r1, r3
 8026bb2:	4620      	mov	r0, r4
 8026bb4:	f7f9 ff0c 	bl	80209d0 <__addsf3>
 8026bb8:	4603      	mov	r3, r0
 8026bba:	461a      	mov	r2, r3
 8026bbc:	4b13      	ldr	r3, [pc, #76]	; (8026c0c <AttitudeCali+0x440>)
 8026bbe:	659a      	str	r2, [r3, #88]	; 0x58
C:/Users/leonardo/Desktop/Code/Github/DawnGBC/Dawn/DawnLib/dawn_lib.c:194
 8026bc0:	4b12      	ldr	r3, [pc, #72]	; (8026c0c <AttitudeCali+0x440>)
 8026bc2:	f8d3 3124 	ldr.w	r3, [r3, #292]	; 0x124
 8026bc6:	4a11      	ldr	r2, [pc, #68]	; (8026c0c <AttitudeCali+0x440>)
 8026bc8:	6d12      	ldr	r2, [r2, #80]	; 0x50
 8026bca:	4611      	mov	r1, r2
 8026bcc:	4618      	mov	r0, r3
 8026bce:	f7f9 feff 	bl	80209d0 <__addsf3>
 8026bd2:	4603      	mov	r3, r0
 8026bd4:	461a      	mov	r2, r3
 8026bd6:	4b0d      	ldr	r3, [pc, #52]	; (8026c0c <AttitudeCali+0x440>)
 8026bd8:	f8c3 2130 	str.w	r2, [r3, #304]	; 0x130
C:/Users/leonardo/Desktop/Code/Github/DawnGBC/Dawn/DawnLib/dawn_lib.c:195
 8026bdc:	4b0b      	ldr	r3, [pc, #44]	; (8026c0c <AttitudeCali+0x440>)
 8026bde:	f8d3 3128 	ldr.w	r3, [r3, #296]	; 0x128
 8026be2:	4a0a      	ldr	r2, [pc, #40]	; (8026c0c <AttitudeCali+0x440>)
 8026be4:	6d52      	ldr	r2, [r2, #84]	; 0x54
 8026be6:	4611      	mov	r1, r2
 8026be8:	4618      	mov	r0, r3
 8026bea:	f7f9 fef1 	bl	80209d0 <__addsf3>
 8026bee:	4603      	mov	r3, r0
 8026bf0:	461a      	mov	r2, r3
 8026bf2:	4b06      	ldr	r3, [pc, #24]	; (8026c0c <AttitudeCali+0x440>)
 8026bf4:	f8c3 2134 	str.w	r2, [r3, #308]	; 0x134
C:/Users/leonardo/Desktop/Code/Github/DawnGBC/Dawn/DawnLib/dawn_lib.c:196
 8026bf8:	4b04      	ldr	r3, [pc, #16]	; (8026c0c <AttitudeCali+0x440>)
 8026bfa:	f8d3 312c 	ldr.w	r3, [r3, #300]	; 0x12c
 8026bfe:	4a03      	ldr	r2, [pc, #12]	; (8026c0c <AttitudeCali+0x440>)
 8026c00:	f8c2 3138 	str.w	r3, [r2, #312]	; 0x138
C:/Users/leonardo/Desktop/Code/Github/DawnGBC/Dawn/DawnLib/dawn_lib.c:198
 8026c04:	bf00      	nop
 8026c06:	372c      	adds	r7, #44	; 0x2c
 8026c08:	46bd      	mov	sp, r7
 8026c0a:	bd90      	pop	{r4, r7, pc}
 8026c0c:	20000000 	.word	0x20000000
 8026c10:	457a0000 	.word	0x457a0000

08026c14 <__libc_init_array>:
__libc_init_array():
 8026c14:	b570      	push	{r4, r5, r6, lr}
 8026c16:	4d0d      	ldr	r5, [pc, #52]	; (8026c4c <__libc_init_array+0x38>)
 8026c18:	4c0d      	ldr	r4, [pc, #52]	; (8026c50 <__libc_init_array+0x3c>)
 8026c1a:	1b64      	subs	r4, r4, r5
 8026c1c:	10a4      	asrs	r4, r4, #2
 8026c1e:	2600      	movs	r6, #0
 8026c20:	42a6      	cmp	r6, r4
 8026c22:	d109      	bne.n	8026c38 <__libc_init_array+0x24>
 8026c24:	4d0b      	ldr	r5, [pc, #44]	; (8026c54 <__libc_init_array+0x40>)
 8026c26:	4c0c      	ldr	r4, [pc, #48]	; (8026c58 <__libc_init_array+0x44>)
 8026c28:	f001 fb54 	bl	80282d4 <_init>
 8026c2c:	1b64      	subs	r4, r4, r5
 8026c2e:	10a4      	asrs	r4, r4, #2
 8026c30:	2600      	movs	r6, #0
 8026c32:	42a6      	cmp	r6, r4
 8026c34:	d105      	bne.n	8026c42 <__libc_init_array+0x2e>
 8026c36:	bd70      	pop	{r4, r5, r6, pc}
 8026c38:	f855 3b04 	ldr.w	r3, [r5], #4
 8026c3c:	4798      	blx	r3
 8026c3e:	3601      	adds	r6, #1
 8026c40:	e7ee      	b.n	8026c20 <__libc_init_array+0xc>
 8026c42:	f855 3b04 	ldr.w	r3, [r5], #4
 8026c46:	4798      	blx	r3
 8026c48:	3601      	adds	r6, #1
 8026c4a:	e7f2      	b.n	8026c32 <__libc_init_array+0x1e>
 8026c4c:	08028720 	.word	0x08028720
 8026c50:	08028720 	.word	0x08028720
 8026c54:	08028720 	.word	0x08028720
 8026c58:	08028724 	.word	0x08028724

08026c5c <memcpy>:
memcpy():
 8026c5c:	440a      	add	r2, r1
 8026c5e:	4291      	cmp	r1, r2
 8026c60:	f100 33ff 	add.w	r3, r0, #4294967295
 8026c64:	d100      	bne.n	8026c68 <memcpy+0xc>
 8026c66:	4770      	bx	lr
 8026c68:	b510      	push	{r4, lr}
 8026c6a:	f811 4b01 	ldrb.w	r4, [r1], #1
 8026c6e:	f803 4f01 	strb.w	r4, [r3, #1]!
 8026c72:	4291      	cmp	r1, r2
 8026c74:	d1f9      	bne.n	8026c6a <memcpy+0xe>
 8026c76:	bd10      	pop	{r4, pc}

08026c78 <memset>:
memset():
 8026c78:	4402      	add	r2, r0
 8026c7a:	4603      	mov	r3, r0
 8026c7c:	4293      	cmp	r3, r2
 8026c7e:	d100      	bne.n	8026c82 <memset+0xa>
 8026c80:	4770      	bx	lr
 8026c82:	f803 1b01 	strb.w	r1, [r3], #1
 8026c86:	e7f9      	b.n	8026c7c <memset+0x4>

08026c88 <cosf>:
cosf():
 8026c88:	b500      	push	{lr}
 8026c8a:	4a1c      	ldr	r2, [pc, #112]	; (8026cfc <cosf+0x74>)
 8026c8c:	f020 4300 	bic.w	r3, r0, #2147483648	; 0x80000000
 8026c90:	4293      	cmp	r3, r2
 8026c92:	b083      	sub	sp, #12
 8026c94:	dd18      	ble.n	8026cc8 <cosf+0x40>
 8026c96:	f1b3 4fff 	cmp.w	r3, #2139095040	; 0x7f800000
 8026c9a:	db05      	blt.n	8026ca8 <cosf+0x20>
 8026c9c:	4601      	mov	r1, r0
 8026c9e:	f7f9 fe95 	bl	80209cc <__aeabi_fsub>
 8026ca2:	b003      	add	sp, #12
 8026ca4:	f85d fb04 	ldr.w	pc, [sp], #4
 8026ca8:	4669      	mov	r1, sp
 8026caa:	f000 fae1 	bl	8027270 <__ieee754_rem_pio2f>
 8026cae:	f000 0203 	and.w	r2, r0, #3
 8026cb2:	2a01      	cmp	r2, #1
 8026cb4:	d00e      	beq.n	8026cd4 <cosf+0x4c>
 8026cb6:	2a02      	cmp	r2, #2
 8026cb8:	d018      	beq.n	8026cec <cosf+0x64>
 8026cba:	b192      	cbz	r2, 8026ce2 <cosf+0x5a>
 8026cbc:	9901      	ldr	r1, [sp, #4]
 8026cbe:	9800      	ldr	r0, [sp, #0]
 8026cc0:	2201      	movs	r2, #1
 8026cc2:	f001 f8d1 	bl	8027e68 <__kernel_sinf>
 8026cc6:	e7ec      	b.n	8026ca2 <cosf+0x1a>
 8026cc8:	2100      	movs	r1, #0
 8026cca:	f000 fc97 	bl	80275fc <__kernel_cosf>
 8026cce:	b003      	add	sp, #12
 8026cd0:	f85d fb04 	ldr.w	pc, [sp], #4
 8026cd4:	9901      	ldr	r1, [sp, #4]
 8026cd6:	9800      	ldr	r0, [sp, #0]
 8026cd8:	f001 f8c6 	bl	8027e68 <__kernel_sinf>
 8026cdc:	f100 4000 	add.w	r0, r0, #2147483648	; 0x80000000
 8026ce0:	e7df      	b.n	8026ca2 <cosf+0x1a>
 8026ce2:	9901      	ldr	r1, [sp, #4]
 8026ce4:	9800      	ldr	r0, [sp, #0]
 8026ce6:	f000 fc89 	bl	80275fc <__kernel_cosf>
 8026cea:	e7da      	b.n	8026ca2 <cosf+0x1a>
 8026cec:	9901      	ldr	r1, [sp, #4]
 8026cee:	9800      	ldr	r0, [sp, #0]
 8026cf0:	f000 fc84 	bl	80275fc <__kernel_cosf>
 8026cf4:	f100 4000 	add.w	r0, r0, #2147483648	; 0x80000000
 8026cf8:	e7d3      	b.n	8026ca2 <cosf+0x1a>
 8026cfa:	bf00      	nop
 8026cfc:	3f490fd8 	.word	0x3f490fd8

08026d00 <sinf>:
sinf():
 8026d00:	b500      	push	{lr}
 8026d02:	4a1d      	ldr	r2, [pc, #116]	; (8026d78 <sinf+0x78>)
 8026d04:	f020 4300 	bic.w	r3, r0, #2147483648	; 0x80000000
 8026d08:	4293      	cmp	r3, r2
 8026d0a:	b083      	sub	sp, #12
 8026d0c:	dd19      	ble.n	8026d42 <sinf+0x42>
 8026d0e:	f1b3 4fff 	cmp.w	r3, #2139095040	; 0x7f800000
 8026d12:	db05      	blt.n	8026d20 <sinf+0x20>
 8026d14:	4601      	mov	r1, r0
 8026d16:	f7f9 fe59 	bl	80209cc <__aeabi_fsub>
 8026d1a:	b003      	add	sp, #12
 8026d1c:	f85d fb04 	ldr.w	pc, [sp], #4
 8026d20:	4669      	mov	r1, sp
 8026d22:	f000 faa5 	bl	8027270 <__ieee754_rem_pio2f>
 8026d26:	f000 0003 	and.w	r0, r0, #3
 8026d2a:	2801      	cmp	r0, #1
 8026d2c:	d010      	beq.n	8026d50 <sinf+0x50>
 8026d2e:	2802      	cmp	r0, #2
 8026d30:	d019      	beq.n	8026d66 <sinf+0x66>
 8026d32:	b190      	cbz	r0, 8026d5a <sinf+0x5a>
 8026d34:	9901      	ldr	r1, [sp, #4]
 8026d36:	9800      	ldr	r0, [sp, #0]
 8026d38:	f000 fc60 	bl	80275fc <__kernel_cosf>
 8026d3c:	f100 4000 	add.w	r0, r0, #2147483648	; 0x80000000
 8026d40:	e7eb      	b.n	8026d1a <sinf+0x1a>
 8026d42:	2200      	movs	r2, #0
 8026d44:	2100      	movs	r1, #0
 8026d46:	f001 f88f 	bl	8027e68 <__kernel_sinf>
 8026d4a:	b003      	add	sp, #12
 8026d4c:	f85d fb04 	ldr.w	pc, [sp], #4
 8026d50:	9901      	ldr	r1, [sp, #4]
 8026d52:	9800      	ldr	r0, [sp, #0]
 8026d54:	f000 fc52 	bl	80275fc <__kernel_cosf>
 8026d58:	e7df      	b.n	8026d1a <sinf+0x1a>
 8026d5a:	9901      	ldr	r1, [sp, #4]
 8026d5c:	9800      	ldr	r0, [sp, #0]
 8026d5e:	2201      	movs	r2, #1
 8026d60:	f001 f882 	bl	8027e68 <__kernel_sinf>
 8026d64:	e7d9      	b.n	8026d1a <sinf+0x1a>
 8026d66:	9901      	ldr	r1, [sp, #4]
 8026d68:	9800      	ldr	r0, [sp, #0]
 8026d6a:	2201      	movs	r2, #1
 8026d6c:	f001 f87c 	bl	8027e68 <__kernel_sinf>
 8026d70:	f100 4000 	add.w	r0, r0, #2147483648	; 0x80000000
 8026d74:	e7d1      	b.n	8026d1a <sinf+0x1a>
 8026d76:	bf00      	nop
 8026d78:	3f490fd8 	.word	0x3f490fd8

08026d7c <asinf>:
asinf():
 8026d7c:	b5f0      	push	{r4, r5, r6, r7, lr}
 8026d7e:	4f25      	ldr	r7, [pc, #148]	; (8026e14 <asinf+0x98>)
 8026d80:	b08b      	sub	sp, #44	; 0x2c
 8026d82:	4604      	mov	r4, r0
 8026d84:	f000 f8a0 	bl	8026ec8 <__ieee754_asinf>
 8026d88:	f997 3000 	ldrsb.w	r3, [r7]
 8026d8c:	3301      	adds	r3, #1
 8026d8e:	4605      	mov	r5, r0
 8026d90:	d00d      	beq.n	8026dae <asinf+0x32>
 8026d92:	4621      	mov	r1, r4
 8026d94:	4620      	mov	r0, r4
 8026d96:	f7fa f90f 	bl	8020fb8 <__aeabi_fcmpun>
 8026d9a:	4606      	mov	r6, r0
 8026d9c:	b938      	cbnz	r0, 8026dae <asinf+0x32>
 8026d9e:	4620      	mov	r0, r4
 8026da0:	f001 f9f8 	bl	8028194 <fabsf>
 8026da4:	f04f 517e 	mov.w	r1, #1065353216	; 0x3f800000
 8026da8:	f7fa f8d6 	bl	8020f58 <__aeabi_fcmpgt>
 8026dac:	b910      	cbnz	r0, 8026db4 <asinf+0x38>
 8026dae:	4628      	mov	r0, r5
 8026db0:	b00b      	add	sp, #44	; 0x2c
 8026db2:	bdf0      	pop	{r4, r5, r6, r7, pc}
 8026db4:	4b18      	ldr	r3, [pc, #96]	; (8026e18 <asinf+0x9c>)
 8026db6:	9608      	str	r6, [sp, #32]
 8026db8:	2201      	movs	r2, #1
 8026dba:	4620      	mov	r0, r4
 8026dbc:	e9cd 2300 	strd	r2, r3, [sp]
 8026dc0:	f7f9 fb46 	bl	8020450 <__aeabi_f2d>
 8026dc4:	4602      	mov	r2, r0
 8026dc6:	460b      	mov	r3, r1
 8026dc8:	4814      	ldr	r0, [pc, #80]	; (8026e1c <asinf+0xa0>)
 8026dca:	e9cd 2304 	strd	r2, r3, [sp, #16]
 8026dce:	e9cd 2302 	strd	r2, r3, [sp, #8]
 8026dd2:	f001 f8c1 	bl	8027f58 <nan>
 8026dd6:	f997 3000 	ldrsb.w	r3, [r7]
 8026dda:	2b02      	cmp	r3, #2
 8026ddc:	e9cd 0106 	strd	r0, r1, [sp, #24]
 8026de0:	d00d      	beq.n	8026dfe <asinf+0x82>
 8026de2:	4668      	mov	r0, sp
 8026de4:	f001 f8b6 	bl	8027f54 <matherr>
 8026de8:	b148      	cbz	r0, 8026dfe <asinf+0x82>
 8026dea:	9b08      	ldr	r3, [sp, #32]
 8026dec:	b963      	cbnz	r3, 8026e08 <asinf+0x8c>
 8026dee:	e9dd 0106 	ldrd	r0, r1, [sp, #24]
 8026df2:	f7f9 fd97 	bl	8020924 <__aeabi_d2f>
 8026df6:	4605      	mov	r5, r0
 8026df8:	4628      	mov	r0, r5
 8026dfa:	b00b      	add	sp, #44	; 0x2c
 8026dfc:	bdf0      	pop	{r4, r5, r6, r7, pc}
 8026dfe:	f001 fa63 	bl	80282c8 <__errno>
 8026e02:	2321      	movs	r3, #33	; 0x21
 8026e04:	6003      	str	r3, [r0, #0]
 8026e06:	e7f0      	b.n	8026dea <asinf+0x6e>
 8026e08:	f001 fa5e 	bl	80282c8 <__errno>
 8026e0c:	9b08      	ldr	r3, [sp, #32]
 8026e0e:	6003      	str	r3, [r0, #0]
 8026e10:	e7ed      	b.n	8026dee <asinf+0x72>
 8026e12:	bf00      	nop
 8026e14:	2000068c 	.word	0x2000068c
 8026e18:	08028304 	.word	0x08028304
 8026e1c:	0802830c 	.word	0x0802830c

08026e20 <atan2f>:
atan2f():
 8026e20:	f000 b99e 	b.w	8027160 <__ieee754_atan2f>

08026e24 <sqrtf>:
sqrtf():
 8026e24:	b5f0      	push	{r4, r5, r6, r7, lr}
 8026e26:	b08b      	sub	sp, #44	; 0x2c
 8026e28:	4604      	mov	r4, r0
 8026e2a:	f000 fb95 	bl	8027558 <__ieee754_sqrtf>
 8026e2e:	4b24      	ldr	r3, [pc, #144]	; (8026ec0 <sqrtf+0x9c>)
 8026e30:	f993 7000 	ldrsb.w	r7, [r3]
 8026e34:	1c7b      	adds	r3, r7, #1
 8026e36:	4605      	mov	r5, r0
 8026e38:	d00a      	beq.n	8026e50 <sqrtf+0x2c>
 8026e3a:	4621      	mov	r1, r4
 8026e3c:	4620      	mov	r0, r4
 8026e3e:	f7fa f8bb 	bl	8020fb8 <__aeabi_fcmpun>
 8026e42:	4606      	mov	r6, r0
 8026e44:	b920      	cbnz	r0, 8026e50 <sqrtf+0x2c>
 8026e46:	2100      	movs	r1, #0
 8026e48:	4620      	mov	r0, r4
 8026e4a:	f7fa f867 	bl	8020f1c <__aeabi_fcmplt>
 8026e4e:	b910      	cbnz	r0, 8026e56 <sqrtf+0x32>
 8026e50:	4628      	mov	r0, r5
 8026e52:	b00b      	add	sp, #44	; 0x2c
 8026e54:	bdf0      	pop	{r4, r5, r6, r7, pc}
 8026e56:	4b1b      	ldr	r3, [pc, #108]	; (8026ec4 <sqrtf+0xa0>)
 8026e58:	9608      	str	r6, [sp, #32]
 8026e5a:	2201      	movs	r2, #1
 8026e5c:	4620      	mov	r0, r4
 8026e5e:	e9cd 2300 	strd	r2, r3, [sp]
 8026e62:	f7f9 faf5 	bl	8020450 <__aeabi_f2d>
 8026e66:	2200      	movs	r2, #0
 8026e68:	e9cd 0104 	strd	r0, r1, [sp, #16]
 8026e6c:	e9cd 0102 	strd	r0, r1, [sp, #8]
 8026e70:	2300      	movs	r3, #0
 8026e72:	b1af      	cbz	r7, 8026ea0 <sqrtf+0x7c>
 8026e74:	4610      	mov	r0, r2
 8026e76:	4619      	mov	r1, r3
 8026e78:	f7f9 fc6c 	bl	8020754 <__aeabi_ddiv>
 8026e7c:	2f02      	cmp	r7, #2
 8026e7e:	e9cd 0106 	strd	r0, r1, [sp, #24]
 8026e82:	d10f      	bne.n	8026ea4 <sqrtf+0x80>
 8026e84:	f001 fa20 	bl	80282c8 <__errno>
 8026e88:	2321      	movs	r3, #33	; 0x21
 8026e8a:	6003      	str	r3, [r0, #0]
 8026e8c:	9b08      	ldr	r3, [sp, #32]
 8026e8e:	b98b      	cbnz	r3, 8026eb4 <sqrtf+0x90>
 8026e90:	e9dd 0106 	ldrd	r0, r1, [sp, #24]
 8026e94:	f7f9 fd46 	bl	8020924 <__aeabi_d2f>
 8026e98:	4605      	mov	r5, r0
 8026e9a:	4628      	mov	r0, r5
 8026e9c:	b00b      	add	sp, #44	; 0x2c
 8026e9e:	bdf0      	pop	{r4, r5, r6, r7, pc}
 8026ea0:	e9cd 2306 	strd	r2, r3, [sp, #24]
 8026ea4:	4668      	mov	r0, sp
 8026ea6:	f001 f855 	bl	8027f54 <matherr>
 8026eaa:	2800      	cmp	r0, #0
 8026eac:	d0ea      	beq.n	8026e84 <sqrtf+0x60>
 8026eae:	9b08      	ldr	r3, [sp, #32]
 8026eb0:	2b00      	cmp	r3, #0
 8026eb2:	d0ed      	beq.n	8026e90 <sqrtf+0x6c>
 8026eb4:	f001 fa08 	bl	80282c8 <__errno>
 8026eb8:	9b08      	ldr	r3, [sp, #32]
 8026eba:	6003      	str	r3, [r0, #0]
 8026ebc:	e7e8      	b.n	8026e90 <sqrtf+0x6c>
 8026ebe:	bf00      	nop
 8026ec0:	2000068c 	.word	0x2000068c
 8026ec4:	08028310 	.word	0x08028310

08026ec8 <__ieee754_asinf>:
__ieee754_asinf():
 8026ec8:	e92d 47f0 	stmdb	sp!, {r4, r5, r6, r7, r8, r9, sl, lr}
 8026ecc:	f020 4500 	bic.w	r5, r0, #2147483648	; 0x80000000
 8026ed0:	f1b5 5f7e 	cmp.w	r5, #1065353216	; 0x3f800000
 8026ed4:	4604      	mov	r4, r0
 8026ed6:	f000 80b1 	beq.w	802703c <__ieee754_asinf+0x174>
 8026eda:	f300 80a7 	bgt.w	802702c <__ieee754_asinf+0x164>
 8026ede:	f1b5 5f7c 	cmp.w	r5, #1056964608	; 0x3f000000
 8026ee2:	4606      	mov	r6, r0
 8026ee4:	da0d      	bge.n	8026f02 <__ieee754_asinf+0x3a>
 8026ee6:	f1b5 5f48 	cmp.w	r5, #838860800	; 0x32000000
 8026eea:	f280 80cc 	bge.w	8027086 <__ieee754_asinf+0x1be>
 8026eee:	498c      	ldr	r1, [pc, #560]	; (8027120 <__ieee754_asinf+0x258>)
 8026ef0:	f7f9 fd6e 	bl	80209d0 <__addsf3>
 8026ef4:	f04f 517e 	mov.w	r1, #1065353216	; 0x3f800000
 8026ef8:	f7fa f82e 	bl	8020f58 <__aeabi_fcmpgt>
 8026efc:	2800      	cmp	r0, #0
 8026efe:	f040 80c0 	bne.w	8027082 <__ieee754_asinf+0x1ba>
 8026f02:	4620      	mov	r0, r4
 8026f04:	f001 f946 	bl	8028194 <fabsf>
 8026f08:	4601      	mov	r1, r0
 8026f0a:	f04f 507e 	mov.w	r0, #1065353216	; 0x3f800000
 8026f0e:	f7f9 fd5d 	bl	80209cc <__aeabi_fsub>
 8026f12:	f04f 517c 	mov.w	r1, #1056964608	; 0x3f000000
 8026f16:	f7f9 fe63 	bl	8020be0 <__aeabi_fmul>
 8026f1a:	4982      	ldr	r1, [pc, #520]	; (8027124 <__ieee754_asinf+0x25c>)
 8026f1c:	4604      	mov	r4, r0
 8026f1e:	f7f9 fe5f 	bl	8020be0 <__aeabi_fmul>
 8026f22:	4981      	ldr	r1, [pc, #516]	; (8027128 <__ieee754_asinf+0x260>)
 8026f24:	f7f9 fd54 	bl	80209d0 <__addsf3>
 8026f28:	4621      	mov	r1, r4
 8026f2a:	f7f9 fe59 	bl	8020be0 <__aeabi_fmul>
 8026f2e:	497f      	ldr	r1, [pc, #508]	; (802712c <__ieee754_asinf+0x264>)
 8026f30:	f7f9 fd4c 	bl	80209cc <__aeabi_fsub>
 8026f34:	4621      	mov	r1, r4
 8026f36:	f7f9 fe53 	bl	8020be0 <__aeabi_fmul>
 8026f3a:	497d      	ldr	r1, [pc, #500]	; (8027130 <__ieee754_asinf+0x268>)
 8026f3c:	f7f9 fd48 	bl	80209d0 <__addsf3>
 8026f40:	4621      	mov	r1, r4
 8026f42:	f7f9 fe4d 	bl	8020be0 <__aeabi_fmul>
 8026f46:	497b      	ldr	r1, [pc, #492]	; (8027134 <__ieee754_asinf+0x26c>)
 8026f48:	f7f9 fd40 	bl	80209cc <__aeabi_fsub>
 8026f4c:	4621      	mov	r1, r4
 8026f4e:	f7f9 fe47 	bl	8020be0 <__aeabi_fmul>
 8026f52:	4979      	ldr	r1, [pc, #484]	; (8027138 <__ieee754_asinf+0x270>)
 8026f54:	f7f9 fd3c 	bl	80209d0 <__addsf3>
 8026f58:	4621      	mov	r1, r4
 8026f5a:	f7f9 fe41 	bl	8020be0 <__aeabi_fmul>
 8026f5e:	4977      	ldr	r1, [pc, #476]	; (802713c <__ieee754_asinf+0x274>)
 8026f60:	4680      	mov	r8, r0
 8026f62:	4620      	mov	r0, r4
 8026f64:	f7f9 fe3c 	bl	8020be0 <__aeabi_fmul>
 8026f68:	4975      	ldr	r1, [pc, #468]	; (8027140 <__ieee754_asinf+0x278>)
 8026f6a:	f7f9 fd2f 	bl	80209cc <__aeabi_fsub>
 8026f6e:	4621      	mov	r1, r4
 8026f70:	f7f9 fe36 	bl	8020be0 <__aeabi_fmul>
 8026f74:	4973      	ldr	r1, [pc, #460]	; (8027144 <__ieee754_asinf+0x27c>)
 8026f76:	f7f9 fd2b 	bl	80209d0 <__addsf3>
 8026f7a:	4621      	mov	r1, r4
 8026f7c:	f7f9 fe30 	bl	8020be0 <__aeabi_fmul>
 8026f80:	4971      	ldr	r1, [pc, #452]	; (8027148 <__ieee754_asinf+0x280>)
 8026f82:	f7f9 fd23 	bl	80209cc <__aeabi_fsub>
 8026f86:	4621      	mov	r1, r4
 8026f88:	f7f9 fe2a 	bl	8020be0 <__aeabi_fmul>
 8026f8c:	f04f 517e 	mov.w	r1, #1065353216	; 0x3f800000
 8026f90:	f7f9 fd1e 	bl	80209d0 <__addsf3>
 8026f94:	4681      	mov	r9, r0
 8026f96:	4620      	mov	r0, r4
 8026f98:	f000 fade 	bl	8027558 <__ieee754_sqrtf>
 8026f9c:	4b6b      	ldr	r3, [pc, #428]	; (802714c <__ieee754_asinf+0x284>)
 8026f9e:	429d      	cmp	r5, r3
 8026fa0:	4607      	mov	r7, r0
 8026fa2:	dc59      	bgt.n	8027058 <__ieee754_asinf+0x190>
 8026fa4:	4601      	mov	r1, r0
 8026fa6:	f7f9 fd13 	bl	80209d0 <__addsf3>
 8026faa:	4649      	mov	r1, r9
 8026fac:	4682      	mov	sl, r0
 8026fae:	4640      	mov	r0, r8
 8026fb0:	f7f9 feca 	bl	8020d48 <__aeabi_fdiv>
 8026fb4:	4601      	mov	r1, r0
 8026fb6:	4650      	mov	r0, sl
 8026fb8:	f7f9 fe12 	bl	8020be0 <__aeabi_fmul>
 8026fbc:	f427 657f 	bic.w	r5, r7, #4080	; 0xff0
 8026fc0:	f025 050f 	bic.w	r5, r5, #15
 8026fc4:	4680      	mov	r8, r0
 8026fc6:	4629      	mov	r1, r5
 8026fc8:	4628      	mov	r0, r5
 8026fca:	f7f9 fe09 	bl	8020be0 <__aeabi_fmul>
 8026fce:	4601      	mov	r1, r0
 8026fd0:	4620      	mov	r0, r4
 8026fd2:	f7f9 fcfb 	bl	80209cc <__aeabi_fsub>
 8026fd6:	4629      	mov	r1, r5
 8026fd8:	4604      	mov	r4, r0
 8026fda:	4638      	mov	r0, r7
 8026fdc:	f7f9 fcf8 	bl	80209d0 <__addsf3>
 8026fe0:	4601      	mov	r1, r0
 8026fe2:	4620      	mov	r0, r4
 8026fe4:	f7f9 feb0 	bl	8020d48 <__aeabi_fdiv>
 8026fe8:	4601      	mov	r1, r0
 8026fea:	f7f9 fcf1 	bl	80209d0 <__addsf3>
 8026fee:	4601      	mov	r1, r0
 8026ff0:	4857      	ldr	r0, [pc, #348]	; (8027150 <__ieee754_asinf+0x288>)
 8026ff2:	f7f9 fceb 	bl	80209cc <__aeabi_fsub>
 8026ff6:	4601      	mov	r1, r0
 8026ff8:	4640      	mov	r0, r8
 8026ffa:	f7f9 fce7 	bl	80209cc <__aeabi_fsub>
 8026ffe:	4629      	mov	r1, r5
 8027000:	4604      	mov	r4, r0
 8027002:	4628      	mov	r0, r5
 8027004:	f7f9 fce4 	bl	80209d0 <__addsf3>
 8027008:	4601      	mov	r1, r0
 802700a:	4852      	ldr	r0, [pc, #328]	; (8027154 <__ieee754_asinf+0x28c>)
 802700c:	f7f9 fcde 	bl	80209cc <__aeabi_fsub>
 8027010:	4601      	mov	r1, r0
 8027012:	4620      	mov	r0, r4
 8027014:	f7f9 fcda 	bl	80209cc <__aeabi_fsub>
 8027018:	4601      	mov	r1, r0
 802701a:	484e      	ldr	r0, [pc, #312]	; (8027154 <__ieee754_asinf+0x28c>)
 802701c:	f7f9 fcd6 	bl	80209cc <__aeabi_fsub>
 8027020:	2e00      	cmp	r6, #0
 8027022:	dc09      	bgt.n	8027038 <__ieee754_asinf+0x170>
 8027024:	f100 4000 	add.w	r0, r0, #2147483648	; 0x80000000
 8027028:	e8bd 87f0 	ldmia.w	sp!, {r4, r5, r6, r7, r8, r9, sl, pc}
 802702c:	4601      	mov	r1, r0
 802702e:	f7f9 fccd 	bl	80209cc <__aeabi_fsub>
 8027032:	4601      	mov	r1, r0
 8027034:	f7f9 fe88 	bl	8020d48 <__aeabi_fdiv>
 8027038:	e8bd 87f0 	ldmia.w	sp!, {r4, r5, r6, r7, r8, r9, sl, pc}
 802703c:	4946      	ldr	r1, [pc, #280]	; (8027158 <__ieee754_asinf+0x290>)
 802703e:	f7f9 fdcf 	bl	8020be0 <__aeabi_fmul>
 8027042:	4943      	ldr	r1, [pc, #268]	; (8027150 <__ieee754_asinf+0x288>)
 8027044:	4605      	mov	r5, r0
 8027046:	4620      	mov	r0, r4
 8027048:	f7f9 fdca 	bl	8020be0 <__aeabi_fmul>
 802704c:	4601      	mov	r1, r0
 802704e:	4628      	mov	r0, r5
 8027050:	f7f9 fcbe 	bl	80209d0 <__addsf3>
 8027054:	e8bd 87f0 	ldmia.w	sp!, {r4, r5, r6, r7, r8, r9, sl, pc}
 8027058:	4649      	mov	r1, r9
 802705a:	4640      	mov	r0, r8
 802705c:	f7f9 fe74 	bl	8020d48 <__aeabi_fdiv>
 8027060:	4639      	mov	r1, r7
 8027062:	f7f9 fdbd 	bl	8020be0 <__aeabi_fmul>
 8027066:	4639      	mov	r1, r7
 8027068:	f7f9 fcb2 	bl	80209d0 <__addsf3>
 802706c:	4601      	mov	r1, r0
 802706e:	f7f9 fcaf 	bl	80209d0 <__addsf3>
 8027072:	493a      	ldr	r1, [pc, #232]	; (802715c <__ieee754_asinf+0x294>)
 8027074:	f7f9 fcac 	bl	80209d0 <__addsf3>
 8027078:	4601      	mov	r1, r0
 802707a:	4837      	ldr	r0, [pc, #220]	; (8027158 <__ieee754_asinf+0x290>)
 802707c:	f7f9 fca6 	bl	80209cc <__aeabi_fsub>
 8027080:	e7ce      	b.n	8027020 <__ieee754_asinf+0x158>
 8027082:	4620      	mov	r0, r4
 8027084:	e7d8      	b.n	8027038 <__ieee754_asinf+0x170>
 8027086:	4601      	mov	r1, r0
 8027088:	f7f9 fdaa 	bl	8020be0 <__aeabi_fmul>
 802708c:	4925      	ldr	r1, [pc, #148]	; (8027124 <__ieee754_asinf+0x25c>)
 802708e:	4605      	mov	r5, r0
 8027090:	f7f9 fda6 	bl	8020be0 <__aeabi_fmul>
 8027094:	4924      	ldr	r1, [pc, #144]	; (8027128 <__ieee754_asinf+0x260>)
 8027096:	f7f9 fc9b 	bl	80209d0 <__addsf3>
 802709a:	4629      	mov	r1, r5
 802709c:	f7f9 fda0 	bl	8020be0 <__aeabi_fmul>
 80270a0:	4922      	ldr	r1, [pc, #136]	; (802712c <__ieee754_asinf+0x264>)
 80270a2:	f7f9 fc93 	bl	80209cc <__aeabi_fsub>
 80270a6:	4629      	mov	r1, r5
 80270a8:	f7f9 fd9a 	bl	8020be0 <__aeabi_fmul>
 80270ac:	4920      	ldr	r1, [pc, #128]	; (8027130 <__ieee754_asinf+0x268>)
 80270ae:	f7f9 fc8f 	bl	80209d0 <__addsf3>
 80270b2:	4629      	mov	r1, r5
 80270b4:	f7f9 fd94 	bl	8020be0 <__aeabi_fmul>
 80270b8:	491e      	ldr	r1, [pc, #120]	; (8027134 <__ieee754_asinf+0x26c>)
 80270ba:	f7f9 fc87 	bl	80209cc <__aeabi_fsub>
 80270be:	4629      	mov	r1, r5
 80270c0:	f7f9 fd8e 	bl	8020be0 <__aeabi_fmul>
 80270c4:	491c      	ldr	r1, [pc, #112]	; (8027138 <__ieee754_asinf+0x270>)
 80270c6:	f7f9 fc83 	bl	80209d0 <__addsf3>
 80270ca:	4629      	mov	r1, r5
 80270cc:	f7f9 fd88 	bl	8020be0 <__aeabi_fmul>
 80270d0:	491a      	ldr	r1, [pc, #104]	; (802713c <__ieee754_asinf+0x274>)
 80270d2:	4606      	mov	r6, r0
 80270d4:	4628      	mov	r0, r5
 80270d6:	f7f9 fd83 	bl	8020be0 <__aeabi_fmul>
 80270da:	4919      	ldr	r1, [pc, #100]	; (8027140 <__ieee754_asinf+0x278>)
 80270dc:	f7f9 fc76 	bl	80209cc <__aeabi_fsub>
 80270e0:	4629      	mov	r1, r5
 80270e2:	f7f9 fd7d 	bl	8020be0 <__aeabi_fmul>
 80270e6:	4917      	ldr	r1, [pc, #92]	; (8027144 <__ieee754_asinf+0x27c>)
 80270e8:	f7f9 fc72 	bl	80209d0 <__addsf3>
 80270ec:	4629      	mov	r1, r5
 80270ee:	f7f9 fd77 	bl	8020be0 <__aeabi_fmul>
 80270f2:	4915      	ldr	r1, [pc, #84]	; (8027148 <__ieee754_asinf+0x280>)
 80270f4:	f7f9 fc6a 	bl	80209cc <__aeabi_fsub>
 80270f8:	4629      	mov	r1, r5
 80270fa:	f7f9 fd71 	bl	8020be0 <__aeabi_fmul>
 80270fe:	f04f 517e 	mov.w	r1, #1065353216	; 0x3f800000
 8027102:	f7f9 fc65 	bl	80209d0 <__addsf3>
 8027106:	4601      	mov	r1, r0
 8027108:	4630      	mov	r0, r6
 802710a:	f7f9 fe1d 	bl	8020d48 <__aeabi_fdiv>
 802710e:	4621      	mov	r1, r4
 8027110:	f7f9 fd66 	bl	8020be0 <__aeabi_fmul>
 8027114:	4621      	mov	r1, r4
 8027116:	f7f9 fc5b 	bl	80209d0 <__addsf3>
 802711a:	e8bd 87f0 	ldmia.w	sp!, {r4, r5, r6, r7, r8, r9, sl, pc}
 802711e:	bf00      	nop
 8027120:	7149f2ca 	.word	0x7149f2ca
 8027124:	3811ef08 	.word	0x3811ef08
 8027128:	3a4f7f04 	.word	0x3a4f7f04
 802712c:	3d241146 	.word	0x3d241146
 8027130:	3e4e0aa8 	.word	0x3e4e0aa8
 8027134:	3ea6b090 	.word	0x3ea6b090
 8027138:	3e2aaaab 	.word	0x3e2aaaab
 802713c:	3d9dc62e 	.word	0x3d9dc62e
 8027140:	3f303361 	.word	0x3f303361
 8027144:	4001572d 	.word	0x4001572d
 8027148:	4019d139 	.word	0x4019d139
 802714c:	3f799999 	.word	0x3f799999
 8027150:	b33bbd2e 	.word	0xb33bbd2e
 8027154:	3f490fdb 	.word	0x3f490fdb
 8027158:	3fc90fdb 	.word	0x3fc90fdb
 802715c:	333bbd2e 	.word	0x333bbd2e

08027160 <__ieee754_atan2f>:
__ieee754_atan2f():
 8027160:	b5f8      	push	{r3, r4, r5, r6, r7, lr}
 8027162:	f021 4500 	bic.w	r5, r1, #2147483648	; 0x80000000
 8027166:	f1b5 4fff 	cmp.w	r5, #2139095040	; 0x7f800000
 802716a:	460a      	mov	r2, r1
 802716c:	4603      	mov	r3, r0
 802716e:	dc2c      	bgt.n	80271ca <__ieee754_atan2f+0x6a>
 8027170:	f020 4600 	bic.w	r6, r0, #2147483648	; 0x80000000
 8027174:	f1b6 4fff 	cmp.w	r6, #2139095040	; 0x7f800000
 8027178:	4607      	mov	r7, r0
 802717a:	dc26      	bgt.n	80271ca <__ieee754_atan2f+0x6a>
 802717c:	f1b1 5f7e 	cmp.w	r1, #1065353216	; 0x3f800000
 8027180:	d034      	beq.n	80271ec <__ieee754_atan2f+0x8c>
 8027182:	178c      	asrs	r4, r1, #30
 8027184:	f004 0402 	and.w	r4, r4, #2
 8027188:	ea44 74d0 	orr.w	r4, r4, r0, lsr #31
 802718c:	b316      	cbz	r6, 80271d4 <__ieee754_atan2f+0x74>
 802718e:	b33d      	cbz	r5, 80271e0 <__ieee754_atan2f+0x80>
 8027190:	f1b5 4fff 	cmp.w	r5, #2139095040	; 0x7f800000
 8027194:	d032      	beq.n	80271fc <__ieee754_atan2f+0x9c>
 8027196:	f1b6 4fff 	cmp.w	r6, #2139095040	; 0x7f800000
 802719a:	d021      	beq.n	80271e0 <__ieee754_atan2f+0x80>
 802719c:	1b75      	subs	r5, r6, r5
 802719e:	f1b5 5ff4 	cmp.w	r5, #511705088	; 0x1e800000
 80271a2:	ea4f 50e5 	mov.w	r0, r5, asr #23
 80271a6:	da27      	bge.n	80271f8 <__ieee754_atan2f+0x98>
 80271a8:	2900      	cmp	r1, #0
 80271aa:	da32      	bge.n	8027212 <__ieee754_atan2f+0xb2>
 80271ac:	303c      	adds	r0, #60	; 0x3c
 80271ae:	da30      	bge.n	8027212 <__ieee754_atan2f+0xb2>
 80271b0:	2000      	movs	r0, #0
 80271b2:	2c01      	cmp	r4, #1
 80271b4:	d03e      	beq.n	8027234 <__ieee754_atan2f+0xd4>
 80271b6:	2c02      	cmp	r4, #2
 80271b8:	d034      	beq.n	8027224 <__ieee754_atan2f+0xc4>
 80271ba:	b12c      	cbz	r4, 80271c8 <__ieee754_atan2f+0x68>
 80271bc:	4924      	ldr	r1, [pc, #144]	; (8027250 <__ieee754_atan2f+0xf0>)
 80271be:	f7f9 fc07 	bl	80209d0 <__addsf3>
 80271c2:	4924      	ldr	r1, [pc, #144]	; (8027254 <__ieee754_atan2f+0xf4>)
 80271c4:	f7f9 fc02 	bl	80209cc <__aeabi_fsub>
 80271c8:	bdf8      	pop	{r3, r4, r5, r6, r7, pc}
 80271ca:	4619      	mov	r1, r3
 80271cc:	4610      	mov	r0, r2
 80271ce:	f7f9 fbff 	bl	80209d0 <__addsf3>
 80271d2:	bdf8      	pop	{r3, r4, r5, r6, r7, pc}
 80271d4:	2c02      	cmp	r4, #2
 80271d6:	d007      	beq.n	80271e8 <__ieee754_atan2f+0x88>
 80271d8:	2c03      	cmp	r4, #3
 80271da:	d1f5      	bne.n	80271c8 <__ieee754_atan2f+0x68>
 80271dc:	481e      	ldr	r0, [pc, #120]	; (8027258 <__ieee754_atan2f+0xf8>)
 80271de:	bdf8      	pop	{r3, r4, r5, r6, r7, pc}
 80271e0:	2f00      	cmp	r7, #0
 80271e2:	db07      	blt.n	80271f4 <__ieee754_atan2f+0x94>
 80271e4:	481d      	ldr	r0, [pc, #116]	; (802725c <__ieee754_atan2f+0xfc>)
 80271e6:	bdf8      	pop	{r3, r4, r5, r6, r7, pc}
 80271e8:	481a      	ldr	r0, [pc, #104]	; (8027254 <__ieee754_atan2f+0xf4>)
 80271ea:	bdf8      	pop	{r3, r4, r5, r6, r7, pc}
 80271ec:	e8bd 40f8 	ldmia.w	sp!, {r3, r4, r5, r6, r7, lr}
 80271f0:	f000 beb8 	b.w	8027f64 <atanf>
 80271f4:	481a      	ldr	r0, [pc, #104]	; (8027260 <__ieee754_atan2f+0x100>)
 80271f6:	bdf8      	pop	{r3, r4, r5, r6, r7, pc}
 80271f8:	4818      	ldr	r0, [pc, #96]	; (802725c <__ieee754_atan2f+0xfc>)
 80271fa:	e7da      	b.n	80271b2 <__ieee754_atan2f+0x52>
 80271fc:	f1b6 4fff 	cmp.w	r6, #2139095040	; 0x7f800000
 8027200:	f104 34ff 	add.w	r4, r4, #4294967295
 8027204:	d019      	beq.n	802723a <__ieee754_atan2f+0xda>
 8027206:	2c02      	cmp	r4, #2
 8027208:	d81d      	bhi.n	8027246 <__ieee754_atan2f+0xe6>
 802720a:	4b16      	ldr	r3, [pc, #88]	; (8027264 <__ieee754_atan2f+0x104>)
 802720c:	f853 0024 	ldr.w	r0, [r3, r4, lsl #2]
 8027210:	bdf8      	pop	{r3, r4, r5, r6, r7, pc}
 8027212:	4611      	mov	r1, r2
 8027214:	4618      	mov	r0, r3
 8027216:	f7f9 fd97 	bl	8020d48 <__aeabi_fdiv>
 802721a:	f000 ffbb 	bl	8028194 <fabsf>
 802721e:	f000 fea1 	bl	8027f64 <atanf>
 8027222:	e7c6      	b.n	80271b2 <__ieee754_atan2f+0x52>
 8027224:	490a      	ldr	r1, [pc, #40]	; (8027250 <__ieee754_atan2f+0xf0>)
 8027226:	f7f9 fbd3 	bl	80209d0 <__addsf3>
 802722a:	4601      	mov	r1, r0
 802722c:	4809      	ldr	r0, [pc, #36]	; (8027254 <__ieee754_atan2f+0xf4>)
 802722e:	f7f9 fbcd 	bl	80209cc <__aeabi_fsub>
 8027232:	bdf8      	pop	{r3, r4, r5, r6, r7, pc}
 8027234:	f100 4000 	add.w	r0, r0, #2147483648	; 0x80000000
 8027238:	bdf8      	pop	{r3, r4, r5, r6, r7, pc}
 802723a:	2c02      	cmp	r4, #2
 802723c:	d805      	bhi.n	802724a <__ieee754_atan2f+0xea>
 802723e:	4b0a      	ldr	r3, [pc, #40]	; (8027268 <__ieee754_atan2f+0x108>)
 8027240:	f853 0024 	ldr.w	r0, [r3, r4, lsl #2]
 8027244:	bdf8      	pop	{r3, r4, r5, r6, r7, pc}
 8027246:	2000      	movs	r0, #0
 8027248:	bdf8      	pop	{r3, r4, r5, r6, r7, pc}
 802724a:	4808      	ldr	r0, [pc, #32]	; (802726c <__ieee754_atan2f+0x10c>)
 802724c:	bdf8      	pop	{r3, r4, r5, r6, r7, pc}
 802724e:	bf00      	nop
 8027250:	33bbbd2e 	.word	0x33bbbd2e
 8027254:	40490fdb 	.word	0x40490fdb
 8027258:	c0490fdb 	.word	0xc0490fdb
 802725c:	3fc90fdb 	.word	0x3fc90fdb
 8027260:	bfc90fdb 	.word	0xbfc90fdb
 8027264:	08028324 	.word	0x08028324
 8027268:	08028318 	.word	0x08028318
 802726c:	3f490fdb 	.word	0x3f490fdb

08027270 <__ieee754_rem_pio2f>:
__ieee754_rem_pio2f():
 8027270:	e92d 4ff0 	stmdb	sp!, {r4, r5, r6, r7, r8, r9, sl, fp, lr}
 8027274:	4aab      	ldr	r2, [pc, #684]	; (8027524 <__ieee754_rem_pio2f+0x2b4>)
 8027276:	f020 4400 	bic.w	r4, r0, #2147483648	; 0x80000000
 802727a:	4294      	cmp	r4, r2
 802727c:	b089      	sub	sp, #36	; 0x24
 802727e:	460d      	mov	r5, r1
 8027280:	dd6c      	ble.n	802735c <__ieee754_rem_pio2f+0xec>
 8027282:	4aa9      	ldr	r2, [pc, #676]	; (8027528 <__ieee754_rem_pio2f+0x2b8>)
 8027284:	4294      	cmp	r4, r2
 8027286:	4607      	mov	r7, r0
 8027288:	dc1c      	bgt.n	80272c4 <__ieee754_rem_pio2f+0x54>
 802728a:	2800      	cmp	r0, #0
 802728c:	49a7      	ldr	r1, [pc, #668]	; (802752c <__ieee754_rem_pio2f+0x2bc>)
 802728e:	f340 811e 	ble.w	80274ce <__ieee754_rem_pio2f+0x25e>
 8027292:	f7f9 fb9b 	bl	80209cc <__aeabi_fsub>
 8027296:	4ba6      	ldr	r3, [pc, #664]	; (8027530 <__ieee754_rem_pio2f+0x2c0>)
 8027298:	f024 040f 	bic.w	r4, r4, #15
 802729c:	429c      	cmp	r4, r3
 802729e:	4606      	mov	r6, r0
 80272a0:	d06b      	beq.n	802737a <__ieee754_rem_pio2f+0x10a>
 80272a2:	49a4      	ldr	r1, [pc, #656]	; (8027534 <__ieee754_rem_pio2f+0x2c4>)
 80272a4:	f7f9 fb92 	bl	80209cc <__aeabi_fsub>
 80272a8:	4601      	mov	r1, r0
 80272aa:	6028      	str	r0, [r5, #0]
 80272ac:	4630      	mov	r0, r6
 80272ae:	f7f9 fb8d 	bl	80209cc <__aeabi_fsub>
 80272b2:	49a0      	ldr	r1, [pc, #640]	; (8027534 <__ieee754_rem_pio2f+0x2c4>)
 80272b4:	f7f9 fb8a 	bl	80209cc <__aeabi_fsub>
 80272b8:	2601      	movs	r6, #1
 80272ba:	6068      	str	r0, [r5, #4]
 80272bc:	4630      	mov	r0, r6
 80272be:	b009      	add	sp, #36	; 0x24
 80272c0:	e8bd 8ff0 	ldmia.w	sp!, {r4, r5, r6, r7, r8, r9, sl, fp, pc}
 80272c4:	4a9c      	ldr	r2, [pc, #624]	; (8027538 <__ieee754_rem_pio2f+0x2c8>)
 80272c6:	4294      	cmp	r4, r2
 80272c8:	dd6c      	ble.n	80273a4 <__ieee754_rem_pio2f+0x134>
 80272ca:	f1b4 4fff 	cmp.w	r4, #2139095040	; 0x7f800000
 80272ce:	da4d      	bge.n	802736c <__ieee754_rem_pio2f+0xfc>
 80272d0:	15e6      	asrs	r6, r4, #23
 80272d2:	3e86      	subs	r6, #134	; 0x86
 80272d4:	eba4 54c6 	sub.w	r4, r4, r6, lsl #23
 80272d8:	4620      	mov	r0, r4
 80272da:	f7f9 fe47 	bl	8020f6c <__aeabi_f2iz>
 80272de:	f7f9 fc2b 	bl	8020b38 <__aeabi_i2f>
 80272e2:	4601      	mov	r1, r0
 80272e4:	4620      	mov	r0, r4
 80272e6:	9105      	str	r1, [sp, #20]
 80272e8:	f7f9 fb70 	bl	80209cc <__aeabi_fsub>
 80272ec:	f04f 4187 	mov.w	r1, #1132462080	; 0x43800000
 80272f0:	f7f9 fc76 	bl	8020be0 <__aeabi_fmul>
 80272f4:	4680      	mov	r8, r0
 80272f6:	f7f9 fe39 	bl	8020f6c <__aeabi_f2iz>
 80272fa:	f7f9 fc1d 	bl	8020b38 <__aeabi_i2f>
 80272fe:	4604      	mov	r4, r0
 8027300:	4621      	mov	r1, r4
 8027302:	4640      	mov	r0, r8
 8027304:	9406      	str	r4, [sp, #24]
 8027306:	f7f9 fb61 	bl	80209cc <__aeabi_fsub>
 802730a:	f04f 4187 	mov.w	r1, #1132462080	; 0x43800000
 802730e:	f7f9 fc67 	bl	8020be0 <__aeabi_fmul>
 8027312:	2100      	movs	r1, #0
 8027314:	9007      	str	r0, [sp, #28]
 8027316:	f7f9 fdf7 	bl	8020f08 <__aeabi_fcmpeq>
 802731a:	2800      	cmp	r0, #0
 802731c:	f000 80ba 	beq.w	8027494 <__ieee754_rem_pio2f+0x224>
 8027320:	4620      	mov	r0, r4
 8027322:	2100      	movs	r1, #0
 8027324:	f7f9 fdf0 	bl	8020f08 <__aeabi_fcmpeq>
 8027328:	2800      	cmp	r0, #0
 802732a:	bf14      	ite	ne
 802732c:	2301      	movne	r3, #1
 802732e:	2302      	moveq	r3, #2
 8027330:	4a82      	ldr	r2, [pc, #520]	; (802753c <__ieee754_rem_pio2f+0x2cc>)
 8027332:	9201      	str	r2, [sp, #4]
 8027334:	2102      	movs	r1, #2
 8027336:	4632      	mov	r2, r6
 8027338:	9100      	str	r1, [sp, #0]
 802733a:	a805      	add	r0, sp, #20
 802733c:	4629      	mov	r1, r5
 802733e:	f000 fa23 	bl	8027788 <__kernel_rem_pio2f>
 8027342:	2f00      	cmp	r7, #0
 8027344:	4606      	mov	r6, r0
 8027346:	dab9      	bge.n	80272bc <__ieee754_rem_pio2f+0x4c>
 8027348:	e9d5 2300 	ldrd	r2, r3, [r5]
 802734c:	f102 4200 	add.w	r2, r2, #2147483648	; 0x80000000
 8027350:	f103 4300 	add.w	r3, r3, #2147483648	; 0x80000000
 8027354:	4246      	negs	r6, r0
 8027356:	602a      	str	r2, [r5, #0]
 8027358:	606b      	str	r3, [r5, #4]
 802735a:	e7af      	b.n	80272bc <__ieee754_rem_pio2f+0x4c>
 802735c:	2600      	movs	r6, #0
 802735e:	6028      	str	r0, [r5, #0]
 8027360:	2200      	movs	r2, #0
 8027362:	4630      	mov	r0, r6
 8027364:	604a      	str	r2, [r1, #4]
 8027366:	b009      	add	sp, #36	; 0x24
 8027368:	e8bd 8ff0 	ldmia.w	sp!, {r4, r5, r6, r7, r8, r9, sl, fp, pc}
 802736c:	4601      	mov	r1, r0
 802736e:	f7f9 fb2d 	bl	80209cc <__aeabi_fsub>
 8027372:	2600      	movs	r6, #0
 8027374:	6068      	str	r0, [r5, #4]
 8027376:	6028      	str	r0, [r5, #0]
 8027378:	e7a0      	b.n	80272bc <__ieee754_rem_pio2f+0x4c>
 802737a:	4971      	ldr	r1, [pc, #452]	; (8027540 <__ieee754_rem_pio2f+0x2d0>)
 802737c:	f7f9 fb26 	bl	80209cc <__aeabi_fsub>
 8027380:	4970      	ldr	r1, [pc, #448]	; (8027544 <__ieee754_rem_pio2f+0x2d4>)
 8027382:	4604      	mov	r4, r0
 8027384:	f7f9 fb22 	bl	80209cc <__aeabi_fsub>
 8027388:	4601      	mov	r1, r0
 802738a:	6029      	str	r1, [r5, #0]
 802738c:	4620      	mov	r0, r4
 802738e:	f7f9 fb1d 	bl	80209cc <__aeabi_fsub>
 8027392:	496c      	ldr	r1, [pc, #432]	; (8027544 <__ieee754_rem_pio2f+0x2d4>)
 8027394:	f7f9 fb1a 	bl	80209cc <__aeabi_fsub>
 8027398:	2601      	movs	r6, #1
 802739a:	6068      	str	r0, [r5, #4]
 802739c:	4630      	mov	r0, r6
 802739e:	b009      	add	sp, #36	; 0x24
 80273a0:	e8bd 8ff0 	ldmia.w	sp!, {r4, r5, r6, r7, r8, r9, sl, fp, pc}
 80273a4:	f000 fef6 	bl	8028194 <fabsf>
 80273a8:	4967      	ldr	r1, [pc, #412]	; (8027548 <__ieee754_rem_pio2f+0x2d8>)
 80273aa:	4680      	mov	r8, r0
 80273ac:	f7f9 fc18 	bl	8020be0 <__aeabi_fmul>
 80273b0:	f04f 517c 	mov.w	r1, #1056964608	; 0x3f000000
 80273b4:	f7f9 fb0c 	bl	80209d0 <__addsf3>
 80273b8:	f7f9 fdd8 	bl	8020f6c <__aeabi_f2iz>
 80273bc:	4606      	mov	r6, r0
 80273be:	f7f9 fbbb 	bl	8020b38 <__aeabi_i2f>
 80273c2:	495a      	ldr	r1, [pc, #360]	; (802752c <__ieee754_rem_pio2f+0x2bc>)
 80273c4:	4683      	mov	fp, r0
 80273c6:	f7f9 fc0b 	bl	8020be0 <__aeabi_fmul>
 80273ca:	4601      	mov	r1, r0
 80273cc:	4640      	mov	r0, r8
 80273ce:	f7f9 fafd 	bl	80209cc <__aeabi_fsub>
 80273d2:	4958      	ldr	r1, [pc, #352]	; (8027534 <__ieee754_rem_pio2f+0x2c4>)
 80273d4:	4682      	mov	sl, r0
 80273d6:	4658      	mov	r0, fp
 80273d8:	f7f9 fc02 	bl	8020be0 <__aeabi_fmul>
 80273dc:	2e1f      	cmp	r6, #31
 80273de:	4681      	mov	r9, r0
 80273e0:	dc22      	bgt.n	8027428 <__ieee754_rem_pio2f+0x1b8>
 80273e2:	4a5a      	ldr	r2, [pc, #360]	; (802754c <__ieee754_rem_pio2f+0x2dc>)
 80273e4:	1e71      	subs	r1, r6, #1
 80273e6:	f024 03ff 	bic.w	r3, r4, #255	; 0xff
 80273ea:	f852 2021 	ldr.w	r2, [r2, r1, lsl #2]
 80273ee:	4293      	cmp	r3, r2
 80273f0:	d01a      	beq.n	8027428 <__ieee754_rem_pio2f+0x1b8>
 80273f2:	4649      	mov	r1, r9
 80273f4:	4650      	mov	r0, sl
 80273f6:	f7f9 fae9 	bl	80209cc <__aeabi_fsub>
 80273fa:	4680      	mov	r8, r0
 80273fc:	f8c5 8000 	str.w	r8, [r5]
 8027400:	4641      	mov	r1, r8
 8027402:	4650      	mov	r0, sl
 8027404:	f7f9 fae2 	bl	80209cc <__aeabi_fsub>
 8027408:	4649      	mov	r1, r9
 802740a:	f7f9 fadf 	bl	80209cc <__aeabi_fsub>
 802740e:	2f00      	cmp	r7, #0
 8027410:	6068      	str	r0, [r5, #4]
 8027412:	f6bf af53 	bge.w	80272bc <__ieee754_rem_pio2f+0x4c>
 8027416:	f108 4800 	add.w	r8, r8, #2147483648	; 0x80000000
 802741a:	f100 4000 	add.w	r0, r0, #2147483648	; 0x80000000
 802741e:	f8c5 8000 	str.w	r8, [r5]
 8027422:	6068      	str	r0, [r5, #4]
 8027424:	4276      	negs	r6, r6
 8027426:	e749      	b.n	80272bc <__ieee754_rem_pio2f+0x4c>
 8027428:	4649      	mov	r1, r9
 802742a:	4650      	mov	r0, sl
 802742c:	f7f9 face 	bl	80209cc <__aeabi_fsub>
 8027430:	f3c0 53c7 	ubfx	r3, r0, #23, #8
 8027434:	ebc3 53d4 	rsb	r3, r3, r4, lsr #23
 8027438:	2b08      	cmp	r3, #8
 802743a:	4680      	mov	r8, r0
 802743c:	ea4f 52e4 	mov.w	r2, r4, asr #23
 8027440:	dddc      	ble.n	80273fc <__ieee754_rem_pio2f+0x18c>
 8027442:	493f      	ldr	r1, [pc, #252]	; (8027540 <__ieee754_rem_pio2f+0x2d0>)
 8027444:	9203      	str	r2, [sp, #12]
 8027446:	4658      	mov	r0, fp
 8027448:	f7f9 fbca 	bl	8020be0 <__aeabi_fmul>
 802744c:	4680      	mov	r8, r0
 802744e:	4601      	mov	r1, r0
 8027450:	4650      	mov	r0, sl
 8027452:	f7f9 fabb 	bl	80209cc <__aeabi_fsub>
 8027456:	4604      	mov	r4, r0
 8027458:	4621      	mov	r1, r4
 802745a:	4650      	mov	r0, sl
 802745c:	f7f9 fab6 	bl	80209cc <__aeabi_fsub>
 8027460:	4641      	mov	r1, r8
 8027462:	f7f9 fab3 	bl	80209cc <__aeabi_fsub>
 8027466:	4937      	ldr	r1, [pc, #220]	; (8027544 <__ieee754_rem_pio2f+0x2d4>)
 8027468:	4680      	mov	r8, r0
 802746a:	4658      	mov	r0, fp
 802746c:	f7f9 fbb8 	bl	8020be0 <__aeabi_fmul>
 8027470:	4641      	mov	r1, r8
 8027472:	f7f9 faab 	bl	80209cc <__aeabi_fsub>
 8027476:	4601      	mov	r1, r0
 8027478:	4681      	mov	r9, r0
 802747a:	4620      	mov	r0, r4
 802747c:	f7f9 faa6 	bl	80209cc <__aeabi_fsub>
 8027480:	9a03      	ldr	r2, [sp, #12]
 8027482:	f3c0 53c7 	ubfx	r3, r0, #23, #8
 8027486:	1ad2      	subs	r2, r2, r3
 8027488:	2a19      	cmp	r2, #25
 802748a:	4680      	mov	r8, r0
 802748c:	dc04      	bgt.n	8027498 <__ieee754_rem_pio2f+0x228>
 802748e:	6028      	str	r0, [r5, #0]
 8027490:	46a2      	mov	sl, r4
 8027492:	e7b5      	b.n	8027400 <__ieee754_rem_pio2f+0x190>
 8027494:	2303      	movs	r3, #3
 8027496:	e74b      	b.n	8027330 <__ieee754_rem_pio2f+0xc0>
 8027498:	492d      	ldr	r1, [pc, #180]	; (8027550 <__ieee754_rem_pio2f+0x2e0>)
 802749a:	4658      	mov	r0, fp
 802749c:	f7f9 fba0 	bl	8020be0 <__aeabi_fmul>
 80274a0:	4601      	mov	r1, r0
 80274a2:	4680      	mov	r8, r0
 80274a4:	4620      	mov	r0, r4
 80274a6:	f7f9 fa91 	bl	80209cc <__aeabi_fsub>
 80274aa:	4682      	mov	sl, r0
 80274ac:	4651      	mov	r1, sl
 80274ae:	4620      	mov	r0, r4
 80274b0:	f7f9 fa8c 	bl	80209cc <__aeabi_fsub>
 80274b4:	4641      	mov	r1, r8
 80274b6:	f7f9 fa89 	bl	80209cc <__aeabi_fsub>
 80274ba:	4926      	ldr	r1, [pc, #152]	; (8027554 <__ieee754_rem_pio2f+0x2e4>)
 80274bc:	4604      	mov	r4, r0
 80274be:	4658      	mov	r0, fp
 80274c0:	f7f9 fb8e 	bl	8020be0 <__aeabi_fmul>
 80274c4:	4621      	mov	r1, r4
 80274c6:	f7f9 fa81 	bl	80209cc <__aeabi_fsub>
 80274ca:	4681      	mov	r9, r0
 80274cc:	e791      	b.n	80273f2 <__ieee754_rem_pio2f+0x182>
 80274ce:	f7f9 fa7f 	bl	80209d0 <__addsf3>
 80274d2:	4b17      	ldr	r3, [pc, #92]	; (8027530 <__ieee754_rem_pio2f+0x2c0>)
 80274d4:	f024 040f 	bic.w	r4, r4, #15
 80274d8:	429c      	cmp	r4, r3
 80274da:	4606      	mov	r6, r0
 80274dc:	d00e      	beq.n	80274fc <__ieee754_rem_pio2f+0x28c>
 80274de:	4915      	ldr	r1, [pc, #84]	; (8027534 <__ieee754_rem_pio2f+0x2c4>)
 80274e0:	f7f9 fa76 	bl	80209d0 <__addsf3>
 80274e4:	4601      	mov	r1, r0
 80274e6:	6028      	str	r0, [r5, #0]
 80274e8:	4630      	mov	r0, r6
 80274ea:	f7f9 fa6f 	bl	80209cc <__aeabi_fsub>
 80274ee:	4911      	ldr	r1, [pc, #68]	; (8027534 <__ieee754_rem_pio2f+0x2c4>)
 80274f0:	f7f9 fa6e 	bl	80209d0 <__addsf3>
 80274f4:	f04f 36ff 	mov.w	r6, #4294967295
 80274f8:	6068      	str	r0, [r5, #4]
 80274fa:	e6df      	b.n	80272bc <__ieee754_rem_pio2f+0x4c>
 80274fc:	4910      	ldr	r1, [pc, #64]	; (8027540 <__ieee754_rem_pio2f+0x2d0>)
 80274fe:	f7f9 fa67 	bl	80209d0 <__addsf3>
 8027502:	4910      	ldr	r1, [pc, #64]	; (8027544 <__ieee754_rem_pio2f+0x2d4>)
 8027504:	4604      	mov	r4, r0
 8027506:	f7f9 fa63 	bl	80209d0 <__addsf3>
 802750a:	4601      	mov	r1, r0
 802750c:	6029      	str	r1, [r5, #0]
 802750e:	4620      	mov	r0, r4
 8027510:	f7f9 fa5c 	bl	80209cc <__aeabi_fsub>
 8027514:	490b      	ldr	r1, [pc, #44]	; (8027544 <__ieee754_rem_pio2f+0x2d4>)
 8027516:	f7f9 fa5b 	bl	80209d0 <__addsf3>
 802751a:	f04f 36ff 	mov.w	r6, #4294967295
 802751e:	6068      	str	r0, [r5, #4]
 8027520:	e6cc      	b.n	80272bc <__ieee754_rem_pio2f+0x4c>
 8027522:	bf00      	nop
 8027524:	3f490fd8 	.word	0x3f490fd8
 8027528:	4016cbe3 	.word	0x4016cbe3
 802752c:	3fc90f80 	.word	0x3fc90f80
 8027530:	3fc90fd0 	.word	0x3fc90fd0
 8027534:	37354443 	.word	0x37354443
 8027538:	43490f80 	.word	0x43490f80
 802753c:	080283b0 	.word	0x080283b0
 8027540:	37354400 	.word	0x37354400
 8027544:	2e85a308 	.word	0x2e85a308
 8027548:	3f22f984 	.word	0x3f22f984
 802754c:	08028330 	.word	0x08028330
 8027550:	2e85a300 	.word	0x2e85a300
 8027554:	248d3132 	.word	0x248d3132

08027558 <__ieee754_sqrtf>:
__ieee754_sqrtf():
 8027558:	f020 4200 	bic.w	r2, r0, #2147483648	; 0x80000000
 802755c:	f1b2 4fff 	cmp.w	r2, #2139095040	; 0x7f800000
 8027560:	b5f8      	push	{r3, r4, r5, r6, r7, lr}
 8027562:	4604      	mov	r4, r0
 8027564:	d22e      	bcs.n	80275c4 <__ieee754_sqrtf+0x6c>
 8027566:	b362      	cbz	r2, 80275c2 <__ieee754_sqrtf+0x6a>
 8027568:	2800      	cmp	r0, #0
 802756a:	4603      	mov	r3, r0
 802756c:	db3c      	blt.n	80275e8 <__ieee754_sqrtf+0x90>
 802756e:	f010 4fff 	tst.w	r0, #2139095040	; 0x7f800000
 8027572:	ea4f 54e0 	mov.w	r4, r0, asr #23
 8027576:	d02c      	beq.n	80275d2 <__ieee754_sqrtf+0x7a>
 8027578:	f3c3 0316 	ubfx	r3, r3, #0, #23
 802757c:	07e2      	lsls	r2, r4, #31
 802757e:	f443 0300 	orr.w	r3, r3, #8388608	; 0x800000
 8027582:	f1a4 007f 	sub.w	r0, r4, #127	; 0x7f
 8027586:	bf58      	it	pl
 8027588:	005b      	lslpl	r3, r3, #1
 802758a:	2600      	movs	r6, #0
 802758c:	1047      	asrs	r7, r0, #1
 802758e:	005b      	lsls	r3, r3, #1
 8027590:	4631      	mov	r1, r6
 8027592:	2419      	movs	r4, #25
 8027594:	f04f 7280 	mov.w	r2, #16777216	; 0x1000000
 8027598:	188d      	adds	r5, r1, r2
 802759a:	429d      	cmp	r5, r3
 802759c:	dc02      	bgt.n	80275a4 <__ieee754_sqrtf+0x4c>
 802759e:	1b5b      	subs	r3, r3, r5
 80275a0:	18a9      	adds	r1, r5, r2
 80275a2:	4416      	add	r6, r2
 80275a4:	3c01      	subs	r4, #1
 80275a6:	ea4f 0343 	mov.w	r3, r3, lsl #1
 80275aa:	ea4f 0252 	mov.w	r2, r2, lsr #1
 80275ae:	d1f3      	bne.n	8027598 <__ieee754_sqrtf+0x40>
 80275b0:	b113      	cbz	r3, 80275b8 <__ieee754_sqrtf+0x60>
 80275b2:	3601      	adds	r6, #1
 80275b4:	f026 0601 	bic.w	r6, r6, #1
 80275b8:	1070      	asrs	r0, r6, #1
 80275ba:	f100 507c 	add.w	r0, r0, #1056964608	; 0x3f000000
 80275be:	eb00 50c7 	add.w	r0, r0, r7, lsl #23
 80275c2:	bdf8      	pop	{r3, r4, r5, r6, r7, pc}
 80275c4:	4601      	mov	r1, r0
 80275c6:	f7f9 fb0b 	bl	8020be0 <__aeabi_fmul>
 80275ca:	4621      	mov	r1, r4
 80275cc:	f7f9 fa00 	bl	80209d0 <__addsf3>
 80275d0:	bdf8      	pop	{r3, r4, r5, r6, r7, pc}
 80275d2:	f410 0200 	ands.w	r2, r0, #8388608	; 0x800000
 80275d6:	d10e      	bne.n	80275f6 <__ieee754_sqrtf+0x9e>
 80275d8:	005b      	lsls	r3, r3, #1
 80275da:	0218      	lsls	r0, r3, #8
 80275dc:	4611      	mov	r1, r2
 80275de:	f102 0201 	add.w	r2, r2, #1
 80275e2:	d5f9      	bpl.n	80275d8 <__ieee754_sqrtf+0x80>
 80275e4:	1a64      	subs	r4, r4, r1
 80275e6:	e7c7      	b.n	8027578 <__ieee754_sqrtf+0x20>
 80275e8:	4601      	mov	r1, r0
 80275ea:	f7f9 f9ef 	bl	80209cc <__aeabi_fsub>
 80275ee:	4601      	mov	r1, r0
 80275f0:	f7f9 fbaa 	bl	8020d48 <__aeabi_fdiv>
 80275f4:	bdf8      	pop	{r3, r4, r5, r6, r7, pc}
 80275f6:	f04f 31ff 	mov.w	r1, #4294967295
 80275fa:	e7f3      	b.n	80275e4 <__ieee754_sqrtf+0x8c>

080275fc <__kernel_cosf>:
__kernel_cosf():
 80275fc:	e92d 43f8 	stmdb	sp!, {r3, r4, r5, r6, r7, r8, r9, lr}
 8027600:	f020 4500 	bic.w	r5, r0, #2147483648	; 0x80000000
 8027604:	f1b5 5f48 	cmp.w	r5, #838860800	; 0x32000000
 8027608:	4606      	mov	r6, r0
 802760a:	4688      	mov	r8, r1
 802760c:	da4a      	bge.n	80276a4 <__kernel_cosf+0xa8>
 802760e:	f7f9 fcad 	bl	8020f6c <__aeabi_f2iz>
 8027612:	2800      	cmp	r0, #0
 8027614:	f000 809f 	beq.w	8027756 <__kernel_cosf+0x15a>
 8027618:	4631      	mov	r1, r6
 802761a:	4630      	mov	r0, r6
 802761c:	f7f9 fae0 	bl	8020be0 <__aeabi_fmul>
 8027620:	494f      	ldr	r1, [pc, #316]	; (8027760 <__kernel_cosf+0x164>)
 8027622:	4604      	mov	r4, r0
 8027624:	f7f9 fadc 	bl	8020be0 <__aeabi_fmul>
 8027628:	494e      	ldr	r1, [pc, #312]	; (8027764 <__kernel_cosf+0x168>)
 802762a:	f7f9 f9d1 	bl	80209d0 <__addsf3>
 802762e:	4621      	mov	r1, r4
 8027630:	f7f9 fad6 	bl	8020be0 <__aeabi_fmul>
 8027634:	494c      	ldr	r1, [pc, #304]	; (8027768 <__kernel_cosf+0x16c>)
 8027636:	f7f9 f9c9 	bl	80209cc <__aeabi_fsub>
 802763a:	4621      	mov	r1, r4
 802763c:	f7f9 fad0 	bl	8020be0 <__aeabi_fmul>
 8027640:	494a      	ldr	r1, [pc, #296]	; (802776c <__kernel_cosf+0x170>)
 8027642:	f7f9 f9c5 	bl	80209d0 <__addsf3>
 8027646:	4621      	mov	r1, r4
 8027648:	f7f9 faca 	bl	8020be0 <__aeabi_fmul>
 802764c:	4948      	ldr	r1, [pc, #288]	; (8027770 <__kernel_cosf+0x174>)
 802764e:	f7f9 f9bd 	bl	80209cc <__aeabi_fsub>
 8027652:	4621      	mov	r1, r4
 8027654:	f7f9 fac4 	bl	8020be0 <__aeabi_fmul>
 8027658:	4946      	ldr	r1, [pc, #280]	; (8027774 <__kernel_cosf+0x178>)
 802765a:	f7f9 f9b9 	bl	80209d0 <__addsf3>
 802765e:	4621      	mov	r1, r4
 8027660:	f7f9 fabe 	bl	8020be0 <__aeabi_fmul>
 8027664:	4607      	mov	r7, r0
 8027666:	f04f 517c 	mov.w	r1, #1056964608	; 0x3f000000
 802766a:	4620      	mov	r0, r4
 802766c:	f7f9 fab8 	bl	8020be0 <__aeabi_fmul>
 8027670:	4639      	mov	r1, r7
 8027672:	4603      	mov	r3, r0
 8027674:	4620      	mov	r0, r4
 8027676:	461c      	mov	r4, r3
 8027678:	f7f9 fab2 	bl	8020be0 <__aeabi_fmul>
 802767c:	4641      	mov	r1, r8
 802767e:	4605      	mov	r5, r0
 8027680:	4630      	mov	r0, r6
 8027682:	f7f9 faad 	bl	8020be0 <__aeabi_fmul>
 8027686:	4601      	mov	r1, r0
 8027688:	4628      	mov	r0, r5
 802768a:	f7f9 f99f 	bl	80209cc <__aeabi_fsub>
 802768e:	4601      	mov	r1, r0
 8027690:	4620      	mov	r0, r4
 8027692:	f7f9 f99b 	bl	80209cc <__aeabi_fsub>
 8027696:	4601      	mov	r1, r0
 8027698:	f04f 507e 	mov.w	r0, #1065353216	; 0x3f800000
 802769c:	f7f9 f996 	bl	80209cc <__aeabi_fsub>
 80276a0:	e8bd 83f8 	ldmia.w	sp!, {r3, r4, r5, r6, r7, r8, r9, pc}
 80276a4:	4601      	mov	r1, r0
 80276a6:	f7f9 fa9b 	bl	8020be0 <__aeabi_fmul>
 80276aa:	492d      	ldr	r1, [pc, #180]	; (8027760 <__kernel_cosf+0x164>)
 80276ac:	4604      	mov	r4, r0
 80276ae:	f7f9 fa97 	bl	8020be0 <__aeabi_fmul>
 80276b2:	492c      	ldr	r1, [pc, #176]	; (8027764 <__kernel_cosf+0x168>)
 80276b4:	f7f9 f98c 	bl	80209d0 <__addsf3>
 80276b8:	4621      	mov	r1, r4
 80276ba:	f7f9 fa91 	bl	8020be0 <__aeabi_fmul>
 80276be:	492a      	ldr	r1, [pc, #168]	; (8027768 <__kernel_cosf+0x16c>)
 80276c0:	f7f9 f984 	bl	80209cc <__aeabi_fsub>
 80276c4:	4621      	mov	r1, r4
 80276c6:	f7f9 fa8b 	bl	8020be0 <__aeabi_fmul>
 80276ca:	4928      	ldr	r1, [pc, #160]	; (802776c <__kernel_cosf+0x170>)
 80276cc:	f7f9 f980 	bl	80209d0 <__addsf3>
 80276d0:	4621      	mov	r1, r4
 80276d2:	f7f9 fa85 	bl	8020be0 <__aeabi_fmul>
 80276d6:	4926      	ldr	r1, [pc, #152]	; (8027770 <__kernel_cosf+0x174>)
 80276d8:	f7f9 f978 	bl	80209cc <__aeabi_fsub>
 80276dc:	4621      	mov	r1, r4
 80276de:	f7f9 fa7f 	bl	8020be0 <__aeabi_fmul>
 80276e2:	4924      	ldr	r1, [pc, #144]	; (8027774 <__kernel_cosf+0x178>)
 80276e4:	f7f9 f974 	bl	80209d0 <__addsf3>
 80276e8:	4621      	mov	r1, r4
 80276ea:	f7f9 fa79 	bl	8020be0 <__aeabi_fmul>
 80276ee:	4b22      	ldr	r3, [pc, #136]	; (8027778 <__kernel_cosf+0x17c>)
 80276f0:	429d      	cmp	r5, r3
 80276f2:	4607      	mov	r7, r0
 80276f4:	ddb7      	ble.n	8027666 <__kernel_cosf+0x6a>
 80276f6:	4b21      	ldr	r3, [pc, #132]	; (802777c <__kernel_cosf+0x180>)
 80276f8:	429d      	cmp	r5, r3
 80276fa:	dc28      	bgt.n	802774e <__kernel_cosf+0x152>
 80276fc:	f105 457f 	add.w	r5, r5, #4278190080	; 0xff000000
 8027700:	4629      	mov	r1, r5
 8027702:	f04f 507e 	mov.w	r0, #1065353216	; 0x3f800000
 8027706:	f7f9 f961 	bl	80209cc <__aeabi_fsub>
 802770a:	4681      	mov	r9, r0
 802770c:	f04f 517c 	mov.w	r1, #1056964608	; 0x3f000000
 8027710:	4620      	mov	r0, r4
 8027712:	f7f9 fa65 	bl	8020be0 <__aeabi_fmul>
 8027716:	4629      	mov	r1, r5
 8027718:	f7f9 f958 	bl	80209cc <__aeabi_fsub>
 802771c:	4639      	mov	r1, r7
 802771e:	4603      	mov	r3, r0
 8027720:	4620      	mov	r0, r4
 8027722:	461c      	mov	r4, r3
 8027724:	f7f9 fa5c 	bl	8020be0 <__aeabi_fmul>
 8027728:	4641      	mov	r1, r8
 802772a:	4605      	mov	r5, r0
 802772c:	4630      	mov	r0, r6
 802772e:	f7f9 fa57 	bl	8020be0 <__aeabi_fmul>
 8027732:	4601      	mov	r1, r0
 8027734:	4628      	mov	r0, r5
 8027736:	f7f9 f949 	bl	80209cc <__aeabi_fsub>
 802773a:	4601      	mov	r1, r0
 802773c:	4620      	mov	r0, r4
 802773e:	f7f9 f945 	bl	80209cc <__aeabi_fsub>
 8027742:	4601      	mov	r1, r0
 8027744:	4648      	mov	r0, r9
 8027746:	f7f9 f941 	bl	80209cc <__aeabi_fsub>
 802774a:	e8bd 83f8 	ldmia.w	sp!, {r3, r4, r5, r6, r7, r8, r9, pc}
 802774e:	f8df 9034 	ldr.w	r9, [pc, #52]	; 8027784 <__kernel_cosf+0x188>
 8027752:	4d0b      	ldr	r5, [pc, #44]	; (8027780 <__kernel_cosf+0x184>)
 8027754:	e7da      	b.n	802770c <__kernel_cosf+0x110>
 8027756:	f04f 507e 	mov.w	r0, #1065353216	; 0x3f800000
 802775a:	e8bd 83f8 	ldmia.w	sp!, {r3, r4, r5, r6, r7, r8, r9, pc}
 802775e:	bf00      	nop
 8027760:	ad47d74e 	.word	0xad47d74e
 8027764:	310f74f6 	.word	0x310f74f6
 8027768:	3493f27c 	.word	0x3493f27c
 802776c:	37d00d01 	.word	0x37d00d01
 8027770:	3ab60b61 	.word	0x3ab60b61
 8027774:	3d2aaaab 	.word	0x3d2aaaab
 8027778:	3e999999 	.word	0x3e999999
 802777c:	3f480000 	.word	0x3f480000
 8027780:	3e900000 	.word	0x3e900000
 8027784:	3f380000 	.word	0x3f380000

08027788 <__kernel_rem_pio2f>:
__kernel_rem_pio2f():
 8027788:	e92d 4ff0 	stmdb	sp!, {r4, r5, r6, r7, r8, r9, sl, fp, lr}
 802778c:	b0dd      	sub	sp, #372	; 0x174
 802778e:	4cc0      	ldr	r4, [pc, #768]	; (8027a90 <__kernel_rem_pio2f+0x308>)
 8027790:	9d66      	ldr	r5, [sp, #408]	; 0x198
 8027792:	9109      	str	r1, [sp, #36]	; 0x24
 8027794:	1e59      	subs	r1, r3, #1
 8027796:	f854 4025 	ldr.w	r4, [r4, r5, lsl #2]
 802779a:	9101      	str	r1, [sp, #4]
 802779c:	1d11      	adds	r1, r2, #4
 802779e:	9403      	str	r4, [sp, #12]
 80277a0:	9306      	str	r3, [sp, #24]
 80277a2:	920b      	str	r2, [sp, #44]	; 0x2c
 80277a4:	4605      	mov	r5, r0
 80277a6:	f2c0 8300 	blt.w	8027daa <__kernel_rem_pio2f+0x622>
 80277aa:	1ed3      	subs	r3, r2, #3
 80277ac:	bf44      	itt	mi
 80277ae:	4613      	movmi	r3, r2
 80277b0:	3304      	addmi	r3, #4
 80277b2:	10db      	asrs	r3, r3, #3
 80277b4:	9305      	str	r3, [sp, #20]
 80277b6:	3301      	adds	r3, #1
 80277b8:	00db      	lsls	r3, r3, #3
 80277ba:	930a      	str	r3, [sp, #40]	; 0x28
 80277bc:	e9dd 230a 	ldrd	r2, r3, [sp, #40]	; 0x28
 80277c0:	1a9b      	subs	r3, r3, r2
 80277c2:	9304      	str	r3, [sp, #16]
 80277c4:	9a05      	ldr	r2, [sp, #20]
 80277c6:	9b01      	ldr	r3, [sp, #4]
 80277c8:	1ad6      	subs	r6, r2, r3
 80277ca:	9a03      	ldr	r2, [sp, #12]
 80277cc:	eb12 0803 	adds.w	r8, r2, r3
 80277d0:	d418      	bmi.n	8027804 <__kernel_rem_pio2f+0x7c>
 80277d2:	f108 0801 	add.w	r8, r8, #1
 80277d6:	f8dd 919c 	ldr.w	r9, [sp, #412]	; 0x19c
 80277da:	2400      	movs	r4, #0
 80277dc:	44b0      	add	r8, r6
 80277de:	af20      	add	r7, sp, #128	; 0x80
 80277e0:	e008      	b.n	80277f4 <__kernel_rem_pio2f+0x6c>
 80277e2:	f859 0026 	ldr.w	r0, [r9, r6, lsl #2]
 80277e6:	f7f9 f9a7 	bl	8020b38 <__aeabi_i2f>
 80277ea:	3601      	adds	r6, #1
 80277ec:	4546      	cmp	r6, r8
 80277ee:	f847 0b04 	str.w	r0, [r7], #4
 80277f2:	d007      	beq.n	8027804 <__kernel_rem_pio2f+0x7c>
 80277f4:	2e00      	cmp	r6, #0
 80277f6:	daf4      	bge.n	80277e2 <__kernel_rem_pio2f+0x5a>
 80277f8:	3601      	adds	r6, #1
 80277fa:	4620      	mov	r0, r4
 80277fc:	4546      	cmp	r6, r8
 80277fe:	f847 0b04 	str.w	r0, [r7], #4
 8027802:	d1f7      	bne.n	80277f4 <__kernel_rem_pio2f+0x6c>
 8027804:	9b03      	ldr	r3, [sp, #12]
 8027806:	2b00      	cmp	r3, #0
 8027808:	f1a5 0304 	sub.w	r3, r5, #4
 802780c:	9302      	str	r3, [sp, #8]
 802780e:	f2c0 8312 	blt.w	8027e36 <__kernel_rem_pio2f+0x6ae>
 8027812:	4619      	mov	r1, r3
 8027814:	9b06      	ldr	r3, [sp, #24]
 8027816:	9e01      	ldr	r6, [sp, #4]
 8027818:	009a      	lsls	r2, r3, #2
 802781a:	9200      	str	r2, [sp, #0]
 802781c:	9a03      	ldr	r2, [sp, #12]
 802781e:	eb01 0583 	add.w	r5, r1, r3, lsl #2
 8027822:	a920      	add	r1, sp, #128	; 0x80
 8027824:	eb01 0783 	add.w	r7, r1, r3, lsl #2
 8027828:	f50d 7890 	add.w	r8, sp, #288	; 0x120
 802782c:	eb02 0903 	add.w	r9, r2, r3
 8027830:	9b01      	ldr	r3, [sp, #4]
 8027832:	2b00      	cmp	r3, #0
 8027834:	bfb8      	it	lt
 8027836:	2400      	movlt	r4, #0
 8027838:	db10      	blt.n	802785c <__kernel_rem_pio2f+0xd4>
 802783a:	f8dd a008 	ldr.w	sl, [sp, #8]
 802783e:	46bb      	mov	fp, r7
 8027840:	2400      	movs	r4, #0
 8027842:	f85b 1d04 	ldr.w	r1, [fp, #-4]!
 8027846:	f85a 0f04 	ldr.w	r0, [sl, #4]!
 802784a:	f7f9 f9c9 	bl	8020be0 <__aeabi_fmul>
 802784e:	4601      	mov	r1, r0
 8027850:	4620      	mov	r0, r4
 8027852:	f7f9 f8bd 	bl	80209d0 <__addsf3>
 8027856:	45aa      	cmp	sl, r5
 8027858:	4604      	mov	r4, r0
 802785a:	d1f2      	bne.n	8027842 <__kernel_rem_pio2f+0xba>
 802785c:	3601      	adds	r6, #1
 802785e:	454e      	cmp	r6, r9
 8027860:	f848 4b04 	str.w	r4, [r8], #4
 8027864:	f107 0704 	add.w	r7, r7, #4
 8027868:	d1e2      	bne.n	8027830 <__kernel_rem_pio2f+0xa8>
 802786a:	9a03      	ldr	r2, [sp, #12]
 802786c:	9802      	ldr	r0, [sp, #8]
 802786e:	a90c      	add	r1, sp, #48	; 0x30
 8027870:	eb01 0382 	add.w	r3, r1, r2, lsl #2
 8027874:	9900      	ldr	r1, [sp, #0]
 8027876:	4401      	add	r1, r0
 8027878:	3b08      	subs	r3, #8
 802787a:	460d      	mov	r5, r1
 802787c:	a90b      	add	r1, sp, #44	; 0x2c
 802787e:	9307      	str	r3, [sp, #28]
 8027880:	4613      	mov	r3, r2
 8027882:	eb01 0282 	add.w	r2, r1, r2, lsl #2
 8027886:	9208      	str	r2, [sp, #32]
 8027888:	469a      	mov	sl, r3
 802788a:	ea4f 0883 	mov.w	r8, r3, lsl #2
 802788e:	ab5c      	add	r3, sp, #368	; 0x170
 8027890:	eb03 038a 	add.w	r3, r3, sl, lsl #2
 8027894:	f1ba 0f00 	cmp.w	sl, #0
 8027898:	f853 9c50 	ldr.w	r9, [r3, #-80]
 802789c:	dd21      	ble.n	80278e2 <__kernel_rem_pio2f+0x15a>
 802789e:	af48      	add	r7, sp, #288	; 0x120
 80278a0:	eb07 048a 	add.w	r4, r7, sl, lsl #2
 80278a4:	ae0c      	add	r6, sp, #48	; 0x30
 80278a6:	f04f 516e 	mov.w	r1, #998244352	; 0x3b800000
 80278aa:	4648      	mov	r0, r9
 80278ac:	f7f9 f998 	bl	8020be0 <__aeabi_fmul>
 80278b0:	f7f9 fb5c 	bl	8020f6c <__aeabi_f2iz>
 80278b4:	f7f9 f940 	bl	8020b38 <__aeabi_i2f>
 80278b8:	f04f 4187 	mov.w	r1, #1132462080	; 0x43800000
 80278bc:	4683      	mov	fp, r0
 80278be:	f7f9 f98f 	bl	8020be0 <__aeabi_fmul>
 80278c2:	4601      	mov	r1, r0
 80278c4:	4648      	mov	r0, r9
 80278c6:	f7f9 f881 	bl	80209cc <__aeabi_fsub>
 80278ca:	f7f9 fb4f 	bl	8020f6c <__aeabi_f2iz>
 80278ce:	f854 1d04 	ldr.w	r1, [r4, #-4]!
 80278d2:	f846 0b04 	str.w	r0, [r6], #4
 80278d6:	4658      	mov	r0, fp
 80278d8:	f7f9 f87a 	bl	80209d0 <__addsf3>
 80278dc:	42bc      	cmp	r4, r7
 80278de:	4681      	mov	r9, r0
 80278e0:	d1e1      	bne.n	80278a6 <__kernel_rem_pio2f+0x11e>
 80278e2:	9e04      	ldr	r6, [sp, #16]
 80278e4:	4648      	mov	r0, r9
 80278e6:	4631      	mov	r1, r6
 80278e8:	f000 fc98 	bl	802821c <scalbnf>
 80278ec:	f04f 5178 	mov.w	r1, #1040187392	; 0x3e000000
 80278f0:	4604      	mov	r4, r0
 80278f2:	f7f9 f975 	bl	8020be0 <__aeabi_fmul>
 80278f6:	f000 fc51 	bl	802819c <floorf>
 80278fa:	f04f 4182 	mov.w	r1, #1090519040	; 0x41000000
 80278fe:	f7f9 f96f 	bl	8020be0 <__aeabi_fmul>
 8027902:	4601      	mov	r1, r0
 8027904:	4620      	mov	r0, r4
 8027906:	f7f9 f861 	bl	80209cc <__aeabi_fsub>
 802790a:	4604      	mov	r4, r0
 802790c:	f7f9 fb2e 	bl	8020f6c <__aeabi_f2iz>
 8027910:	4607      	mov	r7, r0
 8027912:	f7f9 f911 	bl	8020b38 <__aeabi_i2f>
 8027916:	4601      	mov	r1, r0
 8027918:	4620      	mov	r0, r4
 802791a:	f7f9 f857 	bl	80209cc <__aeabi_fsub>
 802791e:	2e00      	cmp	r6, #0
 8027920:	4604      	mov	r4, r0
 8027922:	f340 8089 	ble.w	8027a38 <__kernel_rem_pio2f+0x2b0>
 8027926:	f10a 31ff 	add.w	r1, sl, #4294967295
 802792a:	aa0c      	add	r2, sp, #48	; 0x30
 802792c:	f1c6 0308 	rsb	r3, r6, #8
 8027930:	f852 2021 	ldr.w	r2, [r2, r1, lsl #2]
 8027934:	fa42 f003 	asr.w	r0, r2, r3
 8027938:	fa00 f303 	lsl.w	r3, r0, r3
 802793c:	1ad3      	subs	r3, r2, r3
 802793e:	f1c6 0607 	rsb	r6, r6, #7
 8027942:	aa0c      	add	r2, sp, #48	; 0x30
 8027944:	fa43 f606 	asr.w	r6, r3, r6
 8027948:	2e00      	cmp	r6, #0
 802794a:	f842 3021 	str.w	r3, [r2, r1, lsl #2]
 802794e:	4407      	add	r7, r0
 8027950:	dc7c      	bgt.n	8027a4c <__kernel_rem_pio2f+0x2c4>
 8027952:	2100      	movs	r1, #0
 8027954:	4620      	mov	r0, r4
 8027956:	f7f9 fad7 	bl	8020f08 <__aeabi_fcmpeq>
 802795a:	2800      	cmp	r0, #0
 802795c:	f000 80d3 	beq.w	8027b06 <__kernel_rem_pio2f+0x37e>
 8027960:	9b03      	ldr	r3, [sp, #12]
 8027962:	f10a 34ff 	add.w	r4, sl, #4294967295
 8027966:	42a3      	cmp	r3, r4
 8027968:	dc10      	bgt.n	802798c <__kernel_rem_pio2f+0x204>
 802796a:	f10a 4380 	add.w	r3, sl, #1073741824	; 0x40000000
 802796e:	aa0c      	add	r2, sp, #48	; 0x30
 8027970:	3b01      	subs	r3, #1
 8027972:	9808      	ldr	r0, [sp, #32]
 8027974:	eb02 0383 	add.w	r3, r2, r3, lsl #2
 8027978:	2200      	movs	r2, #0
 802797a:	f853 1904 	ldr.w	r1, [r3], #-4
 802797e:	4283      	cmp	r3, r0
 8027980:	ea42 0201 	orr.w	r2, r2, r1
 8027984:	d1f9      	bne.n	802797a <__kernel_rem_pio2f+0x1f2>
 8027986:	2a00      	cmp	r2, #0
 8027988:	f040 8116 	bne.w	8027bb8 <__kernel_rem_pio2f+0x430>
 802798c:	9b03      	ldr	r3, [sp, #12]
 802798e:	aa0c      	add	r2, sp, #48	; 0x30
 8027990:	3b01      	subs	r3, #1
 8027992:	f852 3023 	ldr.w	r3, [r2, r3, lsl #2]
 8027996:	2b00      	cmp	r3, #0
 8027998:	f040 8109 	bne.w	8027bae <__kernel_rem_pio2f+0x426>
 802799c:	9b07      	ldr	r3, [sp, #28]
 802799e:	2701      	movs	r7, #1
 80279a0:	f853 2904 	ldr.w	r2, [r3], #-4
 80279a4:	3701      	adds	r7, #1
 80279a6:	2a00      	cmp	r2, #0
 80279a8:	d0fa      	beq.n	80279a0 <__kernel_rem_pio2f+0x218>
 80279aa:	f10a 0301 	add.w	r3, sl, #1
 80279ae:	eb0a 0207 	add.w	r2, sl, r7
 80279b2:	9200      	str	r2, [sp, #0]
 80279b4:	4698      	mov	r8, r3
 80279b6:	9a05      	ldr	r2, [sp, #20]
 80279b8:	eb03 0902 	add.w	r9, r3, r2
 80279bc:	9a06      	ldr	r2, [sp, #24]
 80279be:	eb02 060a 	add.w	r6, r2, sl
 80279c2:	aa20      	add	r2, sp, #128	; 0x80
 80279c4:	f109 4980 	add.w	r9, r9, #1073741824	; 0x40000000
 80279c8:	eb02 0686 	add.w	r6, r2, r6, lsl #2
 80279cc:	9a67      	ldr	r2, [sp, #412]	; 0x19c
 80279ce:	f109 39ff 	add.w	r9, r9, #4294967295
 80279d2:	eb02 0989 	add.w	r9, r2, r9, lsl #2
 80279d6:	aa48      	add	r2, sp, #288	; 0x120
 80279d8:	eb02 0a83 	add.w	sl, r2, r3, lsl #2
 80279dc:	f859 0f04 	ldr.w	r0, [r9, #4]!
 80279e0:	f7f9 f8aa 	bl	8020b38 <__aeabi_i2f>
 80279e4:	9b01      	ldr	r3, [sp, #4]
 80279e6:	6030      	str	r0, [r6, #0]
 80279e8:	2b00      	cmp	r3, #0
 80279ea:	4634      	mov	r4, r6
 80279ec:	f106 0604 	add.w	r6, r6, #4
 80279f0:	db19      	blt.n	8027a26 <__kernel_rem_pio2f+0x29e>
 80279f2:	f8dd b008 	ldr.w	fp, [sp, #8]
 80279f6:	3c04      	subs	r4, #4
 80279f8:	2700      	movs	r7, #0
 80279fa:	e001      	b.n	8027a00 <__kernel_rem_pio2f+0x278>
 80279fc:	f854 0904 	ldr.w	r0, [r4], #-4
 8027a00:	f85b 1f04 	ldr.w	r1, [fp, #4]!
 8027a04:	f7f9 f8ec 	bl	8020be0 <__aeabi_fmul>
 8027a08:	4601      	mov	r1, r0
 8027a0a:	4638      	mov	r0, r7
 8027a0c:	f7f8 ffe0 	bl	80209d0 <__addsf3>
 8027a10:	45ab      	cmp	fp, r5
 8027a12:	4607      	mov	r7, r0
 8027a14:	d1f2      	bne.n	80279fc <__kernel_rem_pio2f+0x274>
 8027a16:	9b00      	ldr	r3, [sp, #0]
 8027a18:	f84a 7b04 	str.w	r7, [sl], #4
 8027a1c:	f108 0801 	add.w	r8, r8, #1
 8027a20:	4598      	cmp	r8, r3
 8027a22:	dddb      	ble.n	80279dc <__kernel_rem_pio2f+0x254>
 8027a24:	e730      	b.n	8027888 <__kernel_rem_pio2f+0x100>
 8027a26:	9b00      	ldr	r3, [sp, #0]
 8027a28:	f108 0801 	add.w	r8, r8, #1
 8027a2c:	2700      	movs	r7, #0
 8027a2e:	4598      	cmp	r8, r3
 8027a30:	f84a 7b04 	str.w	r7, [sl], #4
 8027a34:	ddd2      	ble.n	80279dc <__kernel_rem_pio2f+0x254>
 8027a36:	e727      	b.n	8027888 <__kernel_rem_pio2f+0x100>
 8027a38:	f040 80a1 	bne.w	8027b7e <__kernel_rem_pio2f+0x3f6>
 8027a3c:	f10a 33ff 	add.w	r3, sl, #4294967295
 8027a40:	aa0c      	add	r2, sp, #48	; 0x30
 8027a42:	f852 6023 	ldr.w	r6, [r2, r3, lsl #2]
 8027a46:	1236      	asrs	r6, r6, #8
 8027a48:	2e00      	cmp	r6, #0
 8027a4a:	dd82      	ble.n	8027952 <__kernel_rem_pio2f+0x1ca>
 8027a4c:	f1ba 0f00 	cmp.w	sl, #0
 8027a50:	f107 0701 	add.w	r7, r7, #1
 8027a54:	f340 81ae 	ble.w	8027db4 <__kernel_rem_pio2f+0x62c>
 8027a58:	9a0c      	ldr	r2, [sp, #48]	; 0x30
 8027a5a:	2a00      	cmp	r2, #0
 8027a5c:	f040 8087 	bne.w	8027b6e <__kernel_rem_pio2f+0x3e6>
 8027a60:	f1ba 0f01 	cmp.w	sl, #1
 8027a64:	d01e      	beq.n	8027aa4 <__kernel_rem_pio2f+0x31c>
 8027a66:	ab0c      	add	r3, sp, #48	; 0x30
 8027a68:	2101      	movs	r1, #1
 8027a6a:	f853 2f04 	ldr.w	r2, [r3, #4]!
 8027a6e:	2a00      	cmp	r2, #0
 8027a70:	f000 8080 	beq.w	8027b74 <__kernel_rem_pio2f+0x3ec>
 8027a74:	1c4b      	adds	r3, r1, #1
 8027a76:	a80c      	add	r0, sp, #48	; 0x30
 8027a78:	f5c2 7280 	rsb	r2, r2, #256	; 0x100
 8027a7c:	459a      	cmp	sl, r3
 8027a7e:	f840 2021 	str.w	r2, [r0, r1, lsl #2]
 8027a82:	dd0e      	ble.n	8027aa2 <__kernel_rem_pio2f+0x31a>
 8027a84:	f850 2023 	ldr.w	r2, [r0, r3, lsl #2]
 8027a88:	4480      	add	r8, r0
 8027a8a:	eb00 0383 	add.w	r3, r0, r3, lsl #2
 8027a8e:	e002      	b.n	8027a96 <__kernel_rem_pio2f+0x30e>
 8027a90:	080286f4 	.word	0x080286f4
 8027a94:	681a      	ldr	r2, [r3, #0]
 8027a96:	f1c2 02ff 	rsb	r2, r2, #255	; 0xff
 8027a9a:	f843 2b04 	str.w	r2, [r3], #4
 8027a9e:	4543      	cmp	r3, r8
 8027aa0:	d1f8      	bne.n	8027a94 <__kernel_rem_pio2f+0x30c>
 8027aa2:	2201      	movs	r2, #1
 8027aa4:	9b04      	ldr	r3, [sp, #16]
 8027aa6:	2b00      	cmp	r3, #0
 8027aa8:	dd0e      	ble.n	8027ac8 <__kernel_rem_pio2f+0x340>
 8027aaa:	2b01      	cmp	r3, #1
 8027aac:	f000 8172 	beq.w	8027d94 <__kernel_rem_pio2f+0x60c>
 8027ab0:	2b02      	cmp	r3, #2
 8027ab2:	d109      	bne.n	8027ac8 <__kernel_rem_pio2f+0x340>
 8027ab4:	f10a 31ff 	add.w	r1, sl, #4294967295
 8027ab8:	ab0c      	add	r3, sp, #48	; 0x30
 8027aba:	a80c      	add	r0, sp, #48	; 0x30
 8027abc:	f853 3021 	ldr.w	r3, [r3, r1, lsl #2]
 8027ac0:	f003 033f 	and.w	r3, r3, #63	; 0x3f
 8027ac4:	f840 3021 	str.w	r3, [r0, r1, lsl #2]
 8027ac8:	2e02      	cmp	r6, #2
 8027aca:	f47f af42 	bne.w	8027952 <__kernel_rem_pio2f+0x1ca>
 8027ace:	4621      	mov	r1, r4
 8027ad0:	f04f 507e 	mov.w	r0, #1065353216	; 0x3f800000
 8027ad4:	9200      	str	r2, [sp, #0]
 8027ad6:	f7f8 ff79 	bl	80209cc <__aeabi_fsub>
 8027ada:	9a00      	ldr	r2, [sp, #0]
 8027adc:	4604      	mov	r4, r0
 8027ade:	2a00      	cmp	r2, #0
 8027ae0:	f43f af37 	beq.w	8027952 <__kernel_rem_pio2f+0x1ca>
 8027ae4:	9904      	ldr	r1, [sp, #16]
 8027ae6:	f04f 507e 	mov.w	r0, #1065353216	; 0x3f800000
 8027aea:	f000 fb97 	bl	802821c <scalbnf>
 8027aee:	4601      	mov	r1, r0
 8027af0:	4620      	mov	r0, r4
 8027af2:	f7f8 ff6b 	bl	80209cc <__aeabi_fsub>
 8027af6:	4604      	mov	r4, r0
 8027af8:	2100      	movs	r1, #0
 8027afa:	4620      	mov	r0, r4
 8027afc:	f7f9 fa04 	bl	8020f08 <__aeabi_fcmpeq>
 8027b00:	2800      	cmp	r0, #0
 8027b02:	f47f af2d 	bne.w	8027960 <__kernel_rem_pio2f+0x1d8>
 8027b06:	e9dd 320a 	ldrd	r3, r2, [sp, #40]	; 0x28
 8027b0a:	4620      	mov	r0, r4
 8027b0c:	1a99      	subs	r1, r3, r2
 8027b0e:	e9cd 6701 	strd	r6, r7, [sp, #4]
 8027b12:	f000 fb83 	bl	802821c <scalbnf>
 8027b16:	f04f 4187 	mov.w	r1, #1132462080	; 0x43800000
 8027b1a:	4604      	mov	r4, r0
 8027b1c:	f7f9 fa12 	bl	8020f44 <__aeabi_fcmpge>
 8027b20:	2800      	cmp	r0, #0
 8027b22:	f000 8172 	beq.w	8027e0a <__kernel_rem_pio2f+0x682>
 8027b26:	f04f 516e 	mov.w	r1, #998244352	; 0x3b800000
 8027b2a:	4620      	mov	r0, r4
 8027b2c:	f7f9 f858 	bl	8020be0 <__aeabi_fmul>
 8027b30:	f7f9 fa1c 	bl	8020f6c <__aeabi_f2iz>
 8027b34:	f7f9 f800 	bl	8020b38 <__aeabi_i2f>
 8027b38:	f04f 4187 	mov.w	r1, #1132462080	; 0x43800000
 8027b3c:	4605      	mov	r5, r0
 8027b3e:	f7f9 f84f 	bl	8020be0 <__aeabi_fmul>
 8027b42:	4601      	mov	r1, r0
 8027b44:	4620      	mov	r0, r4
 8027b46:	f7f8 ff41 	bl	80209cc <__aeabi_fsub>
 8027b4a:	f7f9 fa0f 	bl	8020f6c <__aeabi_f2iz>
 8027b4e:	aa0c      	add	r2, sp, #48	; 0x30
 8027b50:	4603      	mov	r3, r0
 8027b52:	f842 302a 	str.w	r3, [r2, sl, lsl #2]
 8027b56:	4628      	mov	r0, r5
 8027b58:	f7f9 fa08 	bl	8020f6c <__aeabi_f2iz>
 8027b5c:	9b04      	ldr	r3, [sp, #16]
 8027b5e:	3308      	adds	r3, #8
 8027b60:	f10a 0401 	add.w	r4, sl, #1
 8027b64:	9304      	str	r3, [sp, #16]
 8027b66:	ab0c      	add	r3, sp, #48	; 0x30
 8027b68:	f843 0024 	str.w	r0, [r3, r4, lsl #2]
 8027b6c:	e03a      	b.n	8027be4 <__kernel_rem_pio2f+0x45c>
 8027b6e:	2301      	movs	r3, #1
 8027b70:	2100      	movs	r1, #0
 8027b72:	e780      	b.n	8027a76 <__kernel_rem_pio2f+0x2ee>
 8027b74:	3101      	adds	r1, #1
 8027b76:	4551      	cmp	r1, sl
 8027b78:	f47f af77 	bne.w	8027a6a <__kernel_rem_pio2f+0x2e2>
 8027b7c:	e792      	b.n	8027aa4 <__kernel_rem_pio2f+0x31c>
 8027b7e:	f04f 517c 	mov.w	r1, #1056964608	; 0x3f000000
 8027b82:	f7f9 f9df 	bl	8020f44 <__aeabi_fcmpge>
 8027b86:	4606      	mov	r6, r0
 8027b88:	2800      	cmp	r0, #0
 8027b8a:	f43f aee2 	beq.w	8027952 <__kernel_rem_pio2f+0x1ca>
 8027b8e:	f1ba 0f00 	cmp.w	sl, #0
 8027b92:	f107 0701 	add.w	r7, r7, #1
 8027b96:	bfc8      	it	gt
 8027b98:	2602      	movgt	r6, #2
 8027b9a:	f73f af5d 	bgt.w	8027a58 <__kernel_rem_pio2f+0x2d0>
 8027b9e:	4621      	mov	r1, r4
 8027ba0:	f04f 507e 	mov.w	r0, #1065353216	; 0x3f800000
 8027ba4:	f7f8 ff12 	bl	80209cc <__aeabi_fsub>
 8027ba8:	2602      	movs	r6, #2
 8027baa:	4604      	mov	r4, r0
 8027bac:	e6d1      	b.n	8027952 <__kernel_rem_pio2f+0x1ca>
 8027bae:	f10a 0301 	add.w	r3, sl, #1
 8027bb2:	4698      	mov	r8, r3
 8027bb4:	9300      	str	r3, [sp, #0]
 8027bb6:	e6fe      	b.n	80279b6 <__kernel_rem_pio2f+0x22e>
 8027bb8:	ab0c      	add	r3, sp, #48	; 0x30
 8027bba:	9a04      	ldr	r2, [sp, #16]
 8027bbc:	f853 3024 	ldr.w	r3, [r3, r4, lsl #2]
 8027bc0:	3a08      	subs	r2, #8
 8027bc2:	e9cd 6701 	strd	r6, r7, [sp, #4]
 8027bc6:	9204      	str	r2, [sp, #16]
 8027bc8:	b963      	cbnz	r3, 8027be4 <__kernel_rem_pio2f+0x45c>
 8027bca:	f10a 4380 	add.w	r3, sl, #1073741824	; 0x40000000
 8027bce:	3b02      	subs	r3, #2
 8027bd0:	a90c      	add	r1, sp, #48	; 0x30
 8027bd2:	eb01 0383 	add.w	r3, r1, r3, lsl #2
 8027bd6:	f853 1904 	ldr.w	r1, [r3], #-4
 8027bda:	3c01      	subs	r4, #1
 8027bdc:	3a08      	subs	r2, #8
 8027bde:	2900      	cmp	r1, #0
 8027be0:	d0f9      	beq.n	8027bd6 <__kernel_rem_pio2f+0x44e>
 8027be2:	9204      	str	r2, [sp, #16]
 8027be4:	9904      	ldr	r1, [sp, #16]
 8027be6:	f04f 507e 	mov.w	r0, #1065353216	; 0x3f800000
 8027bea:	f000 fb17 	bl	802821c <scalbnf>
 8027bee:	2c00      	cmp	r4, #0
 8027bf0:	4607      	mov	r7, r0
 8027bf2:	f2c0 8124 	blt.w	8027e3e <__kernel_rem_pio2f+0x6b6>
 8027bf6:	00a3      	lsls	r3, r4, #2
 8027bf8:	a948      	add	r1, sp, #288	; 0x120
 8027bfa:	1d1a      	adds	r2, r3, #4
 8027bfc:	eb01 0803 	add.w	r8, r1, r3
 8027c00:	9304      	str	r3, [sp, #16]
 8027c02:	ab0c      	add	r3, sp, #48	; 0x30
 8027c04:	9205      	str	r2, [sp, #20]
 8027c06:	f04f 566e 	mov.w	r6, #998244352	; 0x3b800000
 8027c0a:	eb03 0902 	add.w	r9, r3, r2
 8027c0e:	f108 0504 	add.w	r5, r8, #4
 8027c12:	f859 0d04 	ldr.w	r0, [r9, #-4]!
 8027c16:	f7f8 ff8f 	bl	8020b38 <__aeabi_i2f>
 8027c1a:	4639      	mov	r1, r7
 8027c1c:	f7f8 ffe0 	bl	8020be0 <__aeabi_fmul>
 8027c20:	4603      	mov	r3, r0
 8027c22:	f845 3d04 	str.w	r3, [r5, #-4]!
 8027c26:	4638      	mov	r0, r7
 8027c28:	4631      	mov	r1, r6
 8027c2a:	f7f8 ffd9 	bl	8020be0 <__aeabi_fmul>
 8027c2e:	ab0c      	add	r3, sp, #48	; 0x30
 8027c30:	4599      	cmp	r9, r3
 8027c32:	4607      	mov	r7, r0
 8027c34:	d1ed      	bne.n	8027c12 <__kernel_rem_pio2f+0x48a>
 8027c36:	f8dd a00c 	ldr.w	sl, [sp, #12]
 8027c3a:	9400      	str	r4, [sp, #0]
 8027c3c:	f1a8 0804 	sub.w	r8, r8, #4
 8027c40:	2700      	movs	r7, #0
 8027c42:	f04f 0900 	mov.w	r9, #0
 8027c46:	f1ba 0f00 	cmp.w	sl, #0
 8027c4a:	bfb8      	it	lt
 8027c4c:	464d      	movlt	r5, r9
 8027c4e:	db15      	blt.n	8027c7c <__kernel_rem_pio2f+0x4f4>
 8027c50:	4c83      	ldr	r4, [pc, #524]	; (8027e60 <__kernel_rem_pio2f+0x6d8>)
 8027c52:	4884      	ldr	r0, [pc, #528]	; (8027e64 <__kernel_rem_pio2f+0x6dc>)
 8027c54:	46c3      	mov	fp, r8
 8027c56:	464d      	mov	r5, r9
 8027c58:	2600      	movs	r6, #0
 8027c5a:	e003      	b.n	8027c64 <__kernel_rem_pio2f+0x4dc>
 8027c5c:	42b7      	cmp	r7, r6
 8027c5e:	db0d      	blt.n	8027c7c <__kernel_rem_pio2f+0x4f4>
 8027c60:	f854 0f04 	ldr.w	r0, [r4, #4]!
 8027c64:	f85b 1f04 	ldr.w	r1, [fp, #4]!
 8027c68:	f7f8 ffba 	bl	8020be0 <__aeabi_fmul>
 8027c6c:	4601      	mov	r1, r0
 8027c6e:	4628      	mov	r0, r5
 8027c70:	f7f8 feae 	bl	80209d0 <__addsf3>
 8027c74:	3601      	adds	r6, #1
 8027c76:	45b2      	cmp	sl, r6
 8027c78:	4605      	mov	r5, r0
 8027c7a:	daef      	bge.n	8027c5c <__kernel_rem_pio2f+0x4d4>
 8027c7c:	9a00      	ldr	r2, [sp, #0]
 8027c7e:	ab5c      	add	r3, sp, #368	; 0x170
 8027c80:	eb03 0387 	add.w	r3, r3, r7, lsl #2
 8027c84:	42ba      	cmp	r2, r7
 8027c86:	f843 5ca0 	str.w	r5, [r3, #-160]
 8027c8a:	f1a8 0804 	sub.w	r8, r8, #4
 8027c8e:	f107 0301 	add.w	r3, r7, #1
 8027c92:	d001      	beq.n	8027c98 <__kernel_rem_pio2f+0x510>
 8027c94:	461f      	mov	r7, r3
 8027c96:	e7d6      	b.n	8027c46 <__kernel_rem_pio2f+0x4be>
 8027c98:	9a66      	ldr	r2, [sp, #408]	; 0x198
 8027c9a:	9c00      	ldr	r4, [sp, #0]
 8027c9c:	2a02      	cmp	r2, #2
 8027c9e:	dc1a      	bgt.n	8027cd6 <__kernel_rem_pio2f+0x54e>
 8027ca0:	2a00      	cmp	r2, #0
 8027ca2:	f300 8089 	bgt.w	8027db8 <__kernel_rem_pio2f+0x630>
 8027ca6:	d110      	bne.n	8027cca <__kernel_rem_pio2f+0x542>
 8027ca8:	9b05      	ldr	r3, [sp, #20]
 8027caa:	ad34      	add	r5, sp, #208	; 0xd0
 8027cac:	442b      	add	r3, r5
 8027cae:	2000      	movs	r0, #0
 8027cb0:	461c      	mov	r4, r3
 8027cb2:	f854 1d04 	ldr.w	r1, [r4, #-4]!
 8027cb6:	f7f8 fe8b 	bl	80209d0 <__addsf3>
 8027cba:	42a5      	cmp	r5, r4
 8027cbc:	d1f9      	bne.n	8027cb2 <__kernel_rem_pio2f+0x52a>
 8027cbe:	9b01      	ldr	r3, [sp, #4]
 8027cc0:	b10b      	cbz	r3, 8027cc6 <__kernel_rem_pio2f+0x53e>
 8027cc2:	f100 4000 	add.w	r0, r0, #2147483648	; 0x80000000
 8027cc6:	9b09      	ldr	r3, [sp, #36]	; 0x24
 8027cc8:	6018      	str	r0, [r3, #0]
 8027cca:	9b02      	ldr	r3, [sp, #8]
 8027ccc:	f003 0007 	and.w	r0, r3, #7
 8027cd0:	b05d      	add	sp, #372	; 0x174
 8027cd2:	e8bd 8ff0 	ldmia.w	sp!, {r4, r5, r6, r7, r8, r9, sl, fp, pc}
 8027cd6:	9b66      	ldr	r3, [sp, #408]	; 0x198
 8027cd8:	2b03      	cmp	r3, #3
 8027cda:	d1f6      	bne.n	8027cca <__kernel_rem_pio2f+0x542>
 8027cdc:	2c00      	cmp	r4, #0
 8027cde:	f000 80bb 	beq.w	8027e58 <__kernel_rem_pio2f+0x6d0>
 8027ce2:	9a04      	ldr	r2, [sp, #16]
 8027ce4:	ab5c      	add	r3, sp, #368	; 0x170
 8027ce6:	4413      	add	r3, r2
 8027ce8:	ad34      	add	r5, sp, #208	; 0xd0
 8027cea:	f853 7ca0 	ldr.w	r7, [r3, #-160]
 8027cee:	18ae      	adds	r6, r5, r2
 8027cf0:	f856 8c04 	ldr.w	r8, [r6, #-4]
 8027cf4:	4638      	mov	r0, r7
 8027cf6:	4641      	mov	r1, r8
 8027cf8:	f7f8 fe6a 	bl	80209d0 <__addsf3>
 8027cfc:	46b9      	mov	r9, r7
 8027cfe:	4607      	mov	r7, r0
 8027d00:	4639      	mov	r1, r7
 8027d02:	4640      	mov	r0, r8
 8027d04:	f7f8 fe62 	bl	80209cc <__aeabi_fsub>
 8027d08:	4649      	mov	r1, r9
 8027d0a:	f7f8 fe61 	bl	80209d0 <__addsf3>
 8027d0e:	6030      	str	r0, [r6, #0]
 8027d10:	f846 7d04 	str.w	r7, [r6, #-4]!
 8027d14:	42b5      	cmp	r5, r6
 8027d16:	d1eb      	bne.n	8027cf0 <__kernel_rem_pio2f+0x568>
 8027d18:	2c01      	cmp	r4, #1
 8027d1a:	f340 809d 	ble.w	8027e58 <__kernel_rem_pio2f+0x6d0>
 8027d1e:	9a04      	ldr	r2, [sp, #16]
 8027d20:	ab5c      	add	r3, sp, #368	; 0x170
 8027d22:	4413      	add	r3, r2
 8027d24:	18af      	adds	r7, r5, r2
 8027d26:	f853 6ca0 	ldr.w	r6, [r3, #-160]
 8027d2a:	463c      	mov	r4, r7
 8027d2c:	f10d 08d4 	add.w	r8, sp, #212	; 0xd4
 8027d30:	f854 9c04 	ldr.w	r9, [r4, #-4]
 8027d34:	4630      	mov	r0, r6
 8027d36:	4649      	mov	r1, r9
 8027d38:	f7f8 fe4a 	bl	80209d0 <__addsf3>
 8027d3c:	46b2      	mov	sl, r6
 8027d3e:	4606      	mov	r6, r0
 8027d40:	4631      	mov	r1, r6
 8027d42:	4648      	mov	r0, r9
 8027d44:	f7f8 fe42 	bl	80209cc <__aeabi_fsub>
 8027d48:	4651      	mov	r1, sl
 8027d4a:	f7f8 fe41 	bl	80209d0 <__addsf3>
 8027d4e:	6020      	str	r0, [r4, #0]
 8027d50:	f844 6d04 	str.w	r6, [r4, #-4]!
 8027d54:	45a0      	cmp	r8, r4
 8027d56:	d1eb      	bne.n	8027d30 <__kernel_rem_pio2f+0x5a8>
 8027d58:	2000      	movs	r0, #0
 8027d5a:	3704      	adds	r7, #4
 8027d5c:	3508      	adds	r5, #8
 8027d5e:	f857 1d04 	ldr.w	r1, [r7, #-4]!
 8027d62:	f7f8 fe35 	bl	80209d0 <__addsf3>
 8027d66:	42bd      	cmp	r5, r7
 8027d68:	d1f9      	bne.n	8027d5e <__kernel_rem_pio2f+0x5d6>
 8027d6a:	9b01      	ldr	r3, [sp, #4]
 8027d6c:	2b00      	cmp	r3, #0
 8027d6e:	d054      	beq.n	8027e1a <__kernel_rem_pio2f+0x692>
 8027d70:	e9dd 2334 	ldrd	r2, r3, [sp, #208]	; 0xd0
 8027d74:	f100 4000 	add.w	r0, r0, #2147483648	; 0x80000000
 8027d78:	f102 4200 	add.w	r2, r2, #2147483648	; 0x80000000
 8027d7c:	f103 4300 	add.w	r3, r3, #2147483648	; 0x80000000
 8027d80:	9909      	ldr	r1, [sp, #36]	; 0x24
 8027d82:	604b      	str	r3, [r1, #4]
 8027d84:	9b02      	ldr	r3, [sp, #8]
 8027d86:	6088      	str	r0, [r1, #8]
 8027d88:	f003 0007 	and.w	r0, r3, #7
 8027d8c:	600a      	str	r2, [r1, #0]
 8027d8e:	b05d      	add	sp, #372	; 0x174
 8027d90:	e8bd 8ff0 	ldmia.w	sp!, {r4, r5, r6, r7, r8, r9, sl, fp, pc}
 8027d94:	f10a 31ff 	add.w	r1, sl, #4294967295
 8027d98:	ab0c      	add	r3, sp, #48	; 0x30
 8027d9a:	a80c      	add	r0, sp, #48	; 0x30
 8027d9c:	f853 3021 	ldr.w	r3, [r3, r1, lsl #2]
 8027da0:	f003 037f 	and.w	r3, r3, #127	; 0x7f
 8027da4:	f840 3021 	str.w	r3, [r0, r1, lsl #2]
 8027da8:	e68e      	b.n	8027ac8 <__kernel_rem_pio2f+0x340>
 8027daa:	2308      	movs	r3, #8
 8027dac:	930a      	str	r3, [sp, #40]	; 0x28
 8027dae:	2300      	movs	r3, #0
 8027db0:	9305      	str	r3, [sp, #20]
 8027db2:	e503      	b.n	80277bc <__kernel_rem_pio2f+0x34>
 8027db4:	2200      	movs	r2, #0
 8027db6:	e675      	b.n	8027aa4 <__kernel_rem_pio2f+0x31c>
 8027db8:	ae34      	add	r6, sp, #208	; 0xd0
 8027dba:	eb06 0583 	add.w	r5, r6, r3, lsl #2
 8027dbe:	2000      	movs	r0, #0
 8027dc0:	f855 1d04 	ldr.w	r1, [r5, #-4]!
 8027dc4:	f7f8 fe04 	bl	80209d0 <__addsf3>
 8027dc8:	42ae      	cmp	r6, r5
 8027dca:	d1f9      	bne.n	8027dc0 <__kernel_rem_pio2f+0x638>
 8027dcc:	9b01      	ldr	r3, [sp, #4]
 8027dce:	bb3b      	cbnz	r3, 8027e20 <__kernel_rem_pio2f+0x698>
 8027dd0:	9b09      	ldr	r3, [sp, #36]	; 0x24
 8027dd2:	4601      	mov	r1, r0
 8027dd4:	6018      	str	r0, [r3, #0]
 8027dd6:	9834      	ldr	r0, [sp, #208]	; 0xd0
 8027dd8:	f7f8 fdf8 	bl	80209cc <__aeabi_fsub>
 8027ddc:	2c00      	cmp	r4, #0
 8027dde:	dd0c      	ble.n	8027dfa <__kernel_rem_pio2f+0x672>
 8027de0:	ae34      	add	r6, sp, #208	; 0xd0
 8027de2:	2501      	movs	r5, #1
 8027de4:	f856 1f04 	ldr.w	r1, [r6, #4]!
 8027de8:	3501      	adds	r5, #1
 8027dea:	f7f8 fdf1 	bl	80209d0 <__addsf3>
 8027dee:	42ac      	cmp	r4, r5
 8027df0:	daf8      	bge.n	8027de4 <__kernel_rem_pio2f+0x65c>
 8027df2:	9b01      	ldr	r3, [sp, #4]
 8027df4:	b10b      	cbz	r3, 8027dfa <__kernel_rem_pio2f+0x672>
 8027df6:	f100 4000 	add.w	r0, r0, #2147483648	; 0x80000000
 8027dfa:	9b09      	ldr	r3, [sp, #36]	; 0x24
 8027dfc:	6058      	str	r0, [r3, #4]
 8027dfe:	9b02      	ldr	r3, [sp, #8]
 8027e00:	f003 0007 	and.w	r0, r3, #7
 8027e04:	b05d      	add	sp, #372	; 0x174
 8027e06:	e8bd 8ff0 	ldmia.w	sp!, {r4, r5, r6, r7, r8, r9, sl, fp, pc}
 8027e0a:	4620      	mov	r0, r4
 8027e0c:	f7f9 f8ae 	bl	8020f6c <__aeabi_f2iz>
 8027e10:	ab0c      	add	r3, sp, #48	; 0x30
 8027e12:	4654      	mov	r4, sl
 8027e14:	f843 002a 	str.w	r0, [r3, sl, lsl #2]
 8027e18:	e6e4      	b.n	8027be4 <__kernel_rem_pio2f+0x45c>
 8027e1a:	9a34      	ldr	r2, [sp, #208]	; 0xd0
 8027e1c:	9b35      	ldr	r3, [sp, #212]	; 0xd4
 8027e1e:	e7af      	b.n	8027d80 <__kernel_rem_pio2f+0x5f8>
 8027e20:	9a09      	ldr	r2, [sp, #36]	; 0x24
 8027e22:	f100 4300 	add.w	r3, r0, #2147483648	; 0x80000000
 8027e26:	4601      	mov	r1, r0
 8027e28:	6013      	str	r3, [r2, #0]
 8027e2a:	9834      	ldr	r0, [sp, #208]	; 0xd0
 8027e2c:	f7f8 fdce 	bl	80209cc <__aeabi_fsub>
 8027e30:	2c00      	cmp	r4, #0
 8027e32:	dcd5      	bgt.n	8027de0 <__kernel_rem_pio2f+0x658>
 8027e34:	e7df      	b.n	8027df6 <__kernel_rem_pio2f+0x66e>
 8027e36:	9b06      	ldr	r3, [sp, #24]
 8027e38:	009b      	lsls	r3, r3, #2
 8027e3a:	9300      	str	r3, [sp, #0]
 8027e3c:	e515      	b.n	802786a <__kernel_rem_pio2f+0xe2>
 8027e3e:	9b66      	ldr	r3, [sp, #408]	; 0x198
 8027e40:	2b02      	cmp	r3, #2
 8027e42:	dc05      	bgt.n	8027e50 <__kernel_rem_pio2f+0x6c8>
 8027e44:	2b00      	cmp	r3, #0
 8027e46:	dc09      	bgt.n	8027e5c <__kernel_rem_pio2f+0x6d4>
 8027e48:	f47f af3f 	bne.w	8027cca <__kernel_rem_pio2f+0x542>
 8027e4c:	2000      	movs	r0, #0
 8027e4e:	e736      	b.n	8027cbe <__kernel_rem_pio2f+0x536>
 8027e50:	9b66      	ldr	r3, [sp, #408]	; 0x198
 8027e52:	2b03      	cmp	r3, #3
 8027e54:	f47f af39 	bne.w	8027cca <__kernel_rem_pio2f+0x542>
 8027e58:	2000      	movs	r0, #0
 8027e5a:	e786      	b.n	8027d6a <__kernel_rem_pio2f+0x5e2>
 8027e5c:	2000      	movs	r0, #0
 8027e5e:	e7b5      	b.n	8027dcc <__kernel_rem_pio2f+0x644>
 8027e60:	080286c8 	.word	0x080286c8
 8027e64:	3fc90000 	.word	0x3fc90000

08027e68 <__kernel_sinf>:
__kernel_sinf():
 8027e68:	e92d 43f8 	stmdb	sp!, {r3, r4, r5, r6, r7, r8, r9, lr}
 8027e6c:	f020 4300 	bic.w	r3, r0, #2147483648	; 0x80000000
 8027e70:	f1b3 5f48 	cmp.w	r3, #838860800	; 0x32000000
 8027e74:	4604      	mov	r4, r0
 8027e76:	460e      	mov	r6, r1
 8027e78:	4690      	mov	r8, r2
 8027e7a:	da03      	bge.n	8027e84 <__kernel_sinf+0x1c>
 8027e7c:	f7f9 f876 	bl	8020f6c <__aeabi_f2iz>
 8027e80:	2800      	cmp	r0, #0
 8027e82:	d058      	beq.n	8027f36 <__kernel_sinf+0xce>
 8027e84:	4621      	mov	r1, r4
 8027e86:	4620      	mov	r0, r4
 8027e88:	f7f8 feaa 	bl	8020be0 <__aeabi_fmul>
 8027e8c:	4605      	mov	r5, r0
 8027e8e:	4601      	mov	r1, r0
 8027e90:	4620      	mov	r0, r4
 8027e92:	f7f8 fea5 	bl	8020be0 <__aeabi_fmul>
 8027e96:	4929      	ldr	r1, [pc, #164]	; (8027f3c <__kernel_sinf+0xd4>)
 8027e98:	4681      	mov	r9, r0
 8027e9a:	4628      	mov	r0, r5
 8027e9c:	f7f8 fea0 	bl	8020be0 <__aeabi_fmul>
 8027ea0:	4927      	ldr	r1, [pc, #156]	; (8027f40 <__kernel_sinf+0xd8>)
 8027ea2:	f7f8 fd93 	bl	80209cc <__aeabi_fsub>
 8027ea6:	4629      	mov	r1, r5
 8027ea8:	f7f8 fe9a 	bl	8020be0 <__aeabi_fmul>
 8027eac:	4925      	ldr	r1, [pc, #148]	; (8027f44 <__kernel_sinf+0xdc>)
 8027eae:	f7f8 fd8f 	bl	80209d0 <__addsf3>
 8027eb2:	4629      	mov	r1, r5
 8027eb4:	f7f8 fe94 	bl	8020be0 <__aeabi_fmul>
 8027eb8:	4923      	ldr	r1, [pc, #140]	; (8027f48 <__kernel_sinf+0xe0>)
 8027eba:	f7f8 fd87 	bl	80209cc <__aeabi_fsub>
 8027ebe:	4629      	mov	r1, r5
 8027ec0:	f7f8 fe8e 	bl	8020be0 <__aeabi_fmul>
 8027ec4:	4921      	ldr	r1, [pc, #132]	; (8027f4c <__kernel_sinf+0xe4>)
 8027ec6:	f7f8 fd83 	bl	80209d0 <__addsf3>
 8027eca:	4607      	mov	r7, r0
 8027ecc:	f1b8 0f00 	cmp.w	r8, #0
 8027ed0:	d022      	beq.n	8027f18 <__kernel_sinf+0xb0>
 8027ed2:	f04f 517c 	mov.w	r1, #1056964608	; 0x3f000000
 8027ed6:	4630      	mov	r0, r6
 8027ed8:	f7f8 fe82 	bl	8020be0 <__aeabi_fmul>
 8027edc:	4639      	mov	r1, r7
 8027ede:	4680      	mov	r8, r0
 8027ee0:	4648      	mov	r0, r9
 8027ee2:	f7f8 fe7d 	bl	8020be0 <__aeabi_fmul>
 8027ee6:	4601      	mov	r1, r0
 8027ee8:	4640      	mov	r0, r8
 8027eea:	f7f8 fd6f 	bl	80209cc <__aeabi_fsub>
 8027eee:	4629      	mov	r1, r5
 8027ef0:	f7f8 fe76 	bl	8020be0 <__aeabi_fmul>
 8027ef4:	4631      	mov	r1, r6
 8027ef6:	f7f8 fd69 	bl	80209cc <__aeabi_fsub>
 8027efa:	4915      	ldr	r1, [pc, #84]	; (8027f50 <__kernel_sinf+0xe8>)
 8027efc:	4605      	mov	r5, r0
 8027efe:	4648      	mov	r0, r9
 8027f00:	f7f8 fe6e 	bl	8020be0 <__aeabi_fmul>
 8027f04:	4601      	mov	r1, r0
 8027f06:	4628      	mov	r0, r5
 8027f08:	f7f8 fd62 	bl	80209d0 <__addsf3>
 8027f0c:	4601      	mov	r1, r0
 8027f0e:	4620      	mov	r0, r4
 8027f10:	f7f8 fd5c 	bl	80209cc <__aeabi_fsub>
 8027f14:	e8bd 83f8 	ldmia.w	sp!, {r3, r4, r5, r6, r7, r8, r9, pc}
 8027f18:	4601      	mov	r1, r0
 8027f1a:	4628      	mov	r0, r5
 8027f1c:	f7f8 fe60 	bl	8020be0 <__aeabi_fmul>
 8027f20:	490b      	ldr	r1, [pc, #44]	; (8027f50 <__kernel_sinf+0xe8>)
 8027f22:	f7f8 fd53 	bl	80209cc <__aeabi_fsub>
 8027f26:	4649      	mov	r1, r9
 8027f28:	f7f8 fe5a 	bl	8020be0 <__aeabi_fmul>
 8027f2c:	4621      	mov	r1, r4
 8027f2e:	f7f8 fd4f 	bl	80209d0 <__addsf3>
 8027f32:	e8bd 83f8 	ldmia.w	sp!, {r3, r4, r5, r6, r7, r8, r9, pc}
 8027f36:	4620      	mov	r0, r4
 8027f38:	e8bd 83f8 	ldmia.w	sp!, {r3, r4, r5, r6, r7, r8, r9, pc}
 8027f3c:	2f2ec9d3 	.word	0x2f2ec9d3
 8027f40:	32d72f34 	.word	0x32d72f34
 8027f44:	3638ef1b 	.word	0x3638ef1b
 8027f48:	39500d01 	.word	0x39500d01
 8027f4c:	3c088889 	.word	0x3c088889
 8027f50:	3e2aaaab 	.word	0x3e2aaaab

08027f54 <matherr>:
matherr():
 8027f54:	2000      	movs	r0, #0
 8027f56:	4770      	bx	lr

08027f58 <nan>:
nan():
 8027f58:	4901      	ldr	r1, [pc, #4]	; (8027f60 <nan+0x8>)
 8027f5a:	2000      	movs	r0, #0
 8027f5c:	4770      	bx	lr
 8027f5e:	bf00      	nop
 8027f60:	7ff80000 	.word	0x7ff80000

08027f64 <atanf>:
atanf():
 8027f64:	e92d 41f0 	stmdb	sp!, {r4, r5, r6, r7, r8, lr}
 8027f68:	f020 4500 	bic.w	r5, r0, #2147483648	; 0x80000000
 8027f6c:	f1b5 4fa1 	cmp.w	r5, #1350565888	; 0x50800000
 8027f70:	4604      	mov	r4, r0
 8027f72:	4607      	mov	r7, r0
 8027f74:	db08      	blt.n	8027f88 <atanf+0x24>
 8027f76:	f1b5 4fff 	cmp.w	r5, #2139095040	; 0x7f800000
 8027f7a:	dc72      	bgt.n	8028062 <atanf+0xfe>
 8027f7c:	2800      	cmp	r0, #0
 8027f7e:	f340 809f 	ble.w	80280c0 <atanf+0x15c>
 8027f82:	4870      	ldr	r0, [pc, #448]	; (8028144 <atanf+0x1e0>)
 8027f84:	e8bd 81f0 	ldmia.w	sp!, {r4, r5, r6, r7, r8, pc}
 8027f88:	4b6f      	ldr	r3, [pc, #444]	; (8028148 <atanf+0x1e4>)
 8027f8a:	429d      	cmp	r5, r3
 8027f8c:	dc79      	bgt.n	8028082 <atanf+0x11e>
 8027f8e:	f1b5 5f44 	cmp.w	r5, #822083584	; 0x31000000
 8027f92:	db6b      	blt.n	802806c <atanf+0x108>
 8027f94:	f04f 38ff 	mov.w	r8, #4294967295
 8027f98:	4621      	mov	r1, r4
 8027f9a:	4620      	mov	r0, r4
 8027f9c:	f7f8 fe20 	bl	8020be0 <__aeabi_fmul>
 8027fa0:	4601      	mov	r1, r0
 8027fa2:	4606      	mov	r6, r0
 8027fa4:	f7f8 fe1c 	bl	8020be0 <__aeabi_fmul>
 8027fa8:	4968      	ldr	r1, [pc, #416]	; (802814c <atanf+0x1e8>)
 8027faa:	4605      	mov	r5, r0
 8027fac:	f7f8 fe18 	bl	8020be0 <__aeabi_fmul>
 8027fb0:	4967      	ldr	r1, [pc, #412]	; (8028150 <atanf+0x1ec>)
 8027fb2:	f7f8 fd0d 	bl	80209d0 <__addsf3>
 8027fb6:	4629      	mov	r1, r5
 8027fb8:	f7f8 fe12 	bl	8020be0 <__aeabi_fmul>
 8027fbc:	4965      	ldr	r1, [pc, #404]	; (8028154 <atanf+0x1f0>)
 8027fbe:	f7f8 fd07 	bl	80209d0 <__addsf3>
 8027fc2:	4629      	mov	r1, r5
 8027fc4:	f7f8 fe0c 	bl	8020be0 <__aeabi_fmul>
 8027fc8:	4963      	ldr	r1, [pc, #396]	; (8028158 <atanf+0x1f4>)
 8027fca:	f7f8 fd01 	bl	80209d0 <__addsf3>
 8027fce:	4629      	mov	r1, r5
 8027fd0:	f7f8 fe06 	bl	8020be0 <__aeabi_fmul>
 8027fd4:	4961      	ldr	r1, [pc, #388]	; (802815c <atanf+0x1f8>)
 8027fd6:	f7f8 fcfb 	bl	80209d0 <__addsf3>
 8027fda:	4629      	mov	r1, r5
 8027fdc:	f7f8 fe00 	bl	8020be0 <__aeabi_fmul>
 8027fe0:	495f      	ldr	r1, [pc, #380]	; (8028160 <atanf+0x1fc>)
 8027fe2:	f7f8 fcf5 	bl	80209d0 <__addsf3>
 8027fe6:	4631      	mov	r1, r6
 8027fe8:	f7f8 fdfa 	bl	8020be0 <__aeabi_fmul>
 8027fec:	495d      	ldr	r1, [pc, #372]	; (8028164 <atanf+0x200>)
 8027fee:	4606      	mov	r6, r0
 8027ff0:	4628      	mov	r0, r5
 8027ff2:	f7f8 fdf5 	bl	8020be0 <__aeabi_fmul>
 8027ff6:	495c      	ldr	r1, [pc, #368]	; (8028168 <atanf+0x204>)
 8027ff8:	f7f8 fce8 	bl	80209cc <__aeabi_fsub>
 8027ffc:	4629      	mov	r1, r5
 8027ffe:	f7f8 fdef 	bl	8020be0 <__aeabi_fmul>
 8028002:	495a      	ldr	r1, [pc, #360]	; (802816c <atanf+0x208>)
 8028004:	f7f8 fce2 	bl	80209cc <__aeabi_fsub>
 8028008:	4629      	mov	r1, r5
 802800a:	f7f8 fde9 	bl	8020be0 <__aeabi_fmul>
 802800e:	4958      	ldr	r1, [pc, #352]	; (8028170 <atanf+0x20c>)
 8028010:	f7f8 fcdc 	bl	80209cc <__aeabi_fsub>
 8028014:	4629      	mov	r1, r5
 8028016:	f7f8 fde3 	bl	8020be0 <__aeabi_fmul>
 802801a:	4956      	ldr	r1, [pc, #344]	; (8028174 <atanf+0x210>)
 802801c:	f7f8 fcd6 	bl	80209cc <__aeabi_fsub>
 8028020:	4629      	mov	r1, r5
 8028022:	f7f8 fddd 	bl	8020be0 <__aeabi_fmul>
 8028026:	f1b8 3fff 	cmp.w	r8, #4294967295
 802802a:	4601      	mov	r1, r0
 802802c:	4630      	mov	r0, r6
 802802e:	d04a      	beq.n	80280c6 <atanf+0x162>
 8028030:	f7f8 fcce 	bl	80209d0 <__addsf3>
 8028034:	4621      	mov	r1, r4
 8028036:	f7f8 fdd3 	bl	8020be0 <__aeabi_fmul>
 802803a:	4b4f      	ldr	r3, [pc, #316]	; (8028178 <atanf+0x214>)
 802803c:	4d4f      	ldr	r5, [pc, #316]	; (802817c <atanf+0x218>)
 802803e:	f853 1028 	ldr.w	r1, [r3, r8, lsl #2]
 8028042:	f7f8 fcc3 	bl	80209cc <__aeabi_fsub>
 8028046:	4621      	mov	r1, r4
 8028048:	f7f8 fcc0 	bl	80209cc <__aeabi_fsub>
 802804c:	4601      	mov	r1, r0
 802804e:	f855 0028 	ldr.w	r0, [r5, r8, lsl #2]
 8028052:	f7f8 fcbb 	bl	80209cc <__aeabi_fsub>
 8028056:	2f00      	cmp	r7, #0
 8028058:	da94      	bge.n	8027f84 <atanf+0x20>
 802805a:	f100 4000 	add.w	r0, r0, #2147483648	; 0x80000000
 802805e:	e8bd 81f0 	ldmia.w	sp!, {r4, r5, r6, r7, r8, pc}
 8028062:	4601      	mov	r1, r0
 8028064:	f7f8 fcb4 	bl	80209d0 <__addsf3>
 8028068:	e8bd 81f0 	ldmia.w	sp!, {r4, r5, r6, r7, r8, pc}
 802806c:	4944      	ldr	r1, [pc, #272]	; (8028180 <atanf+0x21c>)
 802806e:	f7f8 fcaf 	bl	80209d0 <__addsf3>
 8028072:	f04f 517e 	mov.w	r1, #1065353216	; 0x3f800000
 8028076:	f7f8 ff6f 	bl	8020f58 <__aeabi_fcmpgt>
 802807a:	2800      	cmp	r0, #0
 802807c:	d08a      	beq.n	8027f94 <atanf+0x30>
 802807e:	4620      	mov	r0, r4
 8028080:	e780      	b.n	8027f84 <atanf+0x20>
 8028082:	f000 f887 	bl	8028194 <fabsf>
 8028086:	4b3f      	ldr	r3, [pc, #252]	; (8028184 <atanf+0x220>)
 8028088:	429d      	cmp	r5, r3
 802808a:	4604      	mov	r4, r0
 802808c:	dc26      	bgt.n	80280dc <atanf+0x178>
 802808e:	f5a3 03d0 	sub.w	r3, r3, #6815744	; 0x680000
 8028092:	429d      	cmp	r5, r3
 8028094:	dc44      	bgt.n	8028120 <atanf+0x1bc>
 8028096:	4601      	mov	r1, r0
 8028098:	f7f8 fc9a 	bl	80209d0 <__addsf3>
 802809c:	f04f 517e 	mov.w	r1, #1065353216	; 0x3f800000
 80280a0:	f7f8 fc94 	bl	80209cc <__aeabi_fsub>
 80280a4:	f04f 4180 	mov.w	r1, #1073741824	; 0x40000000
 80280a8:	4605      	mov	r5, r0
 80280aa:	4620      	mov	r0, r4
 80280ac:	f7f8 fc90 	bl	80209d0 <__addsf3>
 80280b0:	4601      	mov	r1, r0
 80280b2:	4628      	mov	r0, r5
 80280b4:	f7f8 fe48 	bl	8020d48 <__aeabi_fdiv>
 80280b8:	f04f 0800 	mov.w	r8, #0
 80280bc:	4604      	mov	r4, r0
 80280be:	e76b      	b.n	8027f98 <atanf+0x34>
 80280c0:	4831      	ldr	r0, [pc, #196]	; (8028188 <atanf+0x224>)
 80280c2:	e8bd 81f0 	ldmia.w	sp!, {r4, r5, r6, r7, r8, pc}
 80280c6:	f7f8 fc83 	bl	80209d0 <__addsf3>
 80280ca:	4621      	mov	r1, r4
 80280cc:	f7f8 fd88 	bl	8020be0 <__aeabi_fmul>
 80280d0:	4601      	mov	r1, r0
 80280d2:	4620      	mov	r0, r4
 80280d4:	f7f8 fc7a 	bl	80209cc <__aeabi_fsub>
 80280d8:	e8bd 81f0 	ldmia.w	sp!, {r4, r5, r6, r7, r8, pc}
 80280dc:	4b2b      	ldr	r3, [pc, #172]	; (802818c <atanf+0x228>)
 80280de:	429d      	cmp	r5, r3
 80280e0:	dc16      	bgt.n	8028110 <atanf+0x1ac>
 80280e2:	f04f 517f 	mov.w	r1, #1069547520	; 0x3fc00000
 80280e6:	f7f8 fc71 	bl	80209cc <__aeabi_fsub>
 80280ea:	f04f 517f 	mov.w	r1, #1069547520	; 0x3fc00000
 80280ee:	4603      	mov	r3, r0
 80280f0:	4620      	mov	r0, r4
 80280f2:	461c      	mov	r4, r3
 80280f4:	f7f8 fd74 	bl	8020be0 <__aeabi_fmul>
 80280f8:	f04f 517e 	mov.w	r1, #1065353216	; 0x3f800000
 80280fc:	f7f8 fc68 	bl	80209d0 <__addsf3>
 8028100:	4601      	mov	r1, r0
 8028102:	4620      	mov	r0, r4
 8028104:	f7f8 fe20 	bl	8020d48 <__aeabi_fdiv>
 8028108:	f04f 0802 	mov.w	r8, #2
 802810c:	4604      	mov	r4, r0
 802810e:	e743      	b.n	8027f98 <atanf+0x34>
 8028110:	4601      	mov	r1, r0
 8028112:	481f      	ldr	r0, [pc, #124]	; (8028190 <atanf+0x22c>)
 8028114:	f7f8 fe18 	bl	8020d48 <__aeabi_fdiv>
 8028118:	f04f 0803 	mov.w	r8, #3
 802811c:	4604      	mov	r4, r0
 802811e:	e73b      	b.n	8027f98 <atanf+0x34>
 8028120:	f04f 517e 	mov.w	r1, #1065353216	; 0x3f800000
 8028124:	f7f8 fc52 	bl	80209cc <__aeabi_fsub>
 8028128:	f04f 517e 	mov.w	r1, #1065353216	; 0x3f800000
 802812c:	4605      	mov	r5, r0
 802812e:	4620      	mov	r0, r4
 8028130:	f7f8 fc4e 	bl	80209d0 <__addsf3>
 8028134:	4601      	mov	r1, r0
 8028136:	4628      	mov	r0, r5
 8028138:	f7f8 fe06 	bl	8020d48 <__aeabi_fdiv>
 802813c:	f04f 0801 	mov.w	r8, #1
 8028140:	4604      	mov	r4, r0
 8028142:	e729      	b.n	8027f98 <atanf+0x34>
 8028144:	3fc90fdb 	.word	0x3fc90fdb
 8028148:	3edfffff 	.word	0x3edfffff
 802814c:	3c8569d7 	.word	0x3c8569d7
 8028150:	3d4bda59 	.word	0x3d4bda59
 8028154:	3d886b35 	.word	0x3d886b35
 8028158:	3dba2e6e 	.word	0x3dba2e6e
 802815c:	3e124925 	.word	0x3e124925
 8028160:	3eaaaaab 	.word	0x3eaaaaab
 8028164:	bd15a221 	.word	0xbd15a221
 8028168:	3d6ef16b 	.word	0x3d6ef16b
 802816c:	3d9d8795 	.word	0x3d9d8795
 8028170:	3de38e38 	.word	0x3de38e38
 8028174:	3e4ccccd 	.word	0x3e4ccccd
 8028178:	08028710 	.word	0x08028710
 802817c:	08028700 	.word	0x08028700
 8028180:	7149f2ca 	.word	0x7149f2ca
 8028184:	3f97ffff 	.word	0x3f97ffff
 8028188:	bfc90fdb 	.word	0xbfc90fdb
 802818c:	401bffff 	.word	0x401bffff
 8028190:	bf800000 	.word	0xbf800000

08028194 <fabsf>:
fabsf():
 8028194:	f020 4000 	bic.w	r0, r0, #2147483648	; 0x80000000
 8028198:	4770      	bx	lr
 802819a:	bf00      	nop

0802819c <floorf>:
floorf():
 802819c:	b5f8      	push	{r3, r4, r5, r6, r7, lr}
 802819e:	f3c0 55c7 	ubfx	r5, r0, #23, #8
 80281a2:	3d7f      	subs	r5, #127	; 0x7f
 80281a4:	2d16      	cmp	r5, #22
 80281a6:	4604      	mov	r4, r0
 80281a8:	f020 4700 	bic.w	r7, r0, #2147483648	; 0x80000000
 80281ac:	dc17      	bgt.n	80281de <floorf+0x42>
 80281ae:	2d00      	cmp	r5, #0
 80281b0:	4606      	mov	r6, r0
 80281b2:	db1b      	blt.n	80281ec <floorf+0x50>
 80281b4:	4f16      	ldr	r7, [pc, #88]	; (8028210 <floorf+0x74>)
 80281b6:	412f      	asrs	r7, r5
 80281b8:	4238      	tst	r0, r7
 80281ba:	d01e      	beq.n	80281fa <floorf+0x5e>
 80281bc:	4915      	ldr	r1, [pc, #84]	; (8028214 <floorf+0x78>)
 80281be:	f7f8 fc07 	bl	80209d0 <__addsf3>
 80281c2:	2100      	movs	r1, #0
 80281c4:	f7f8 fec8 	bl	8020f58 <__aeabi_fcmpgt>
 80281c8:	b1b8      	cbz	r0, 80281fa <floorf+0x5e>
 80281ca:	2c00      	cmp	r4, #0
 80281cc:	da04      	bge.n	80281d8 <floorf+0x3c>
 80281ce:	f44f 0300 	mov.w	r3, #8388608	; 0x800000
 80281d2:	fa43 f505 	asr.w	r5, r3, r5
 80281d6:	442e      	add	r6, r5
 80281d8:	ea26 0007 	bic.w	r0, r6, r7
 80281dc:	bdf8      	pop	{r3, r4, r5, r6, r7, pc}
 80281de:	f1b7 4fff 	cmp.w	r7, #2139095040	; 0x7f800000
 80281e2:	d30a      	bcc.n	80281fa <floorf+0x5e>
 80281e4:	4601      	mov	r1, r0
 80281e6:	f7f8 fbf3 	bl	80209d0 <__addsf3>
 80281ea:	bdf8      	pop	{r3, r4, r5, r6, r7, pc}
 80281ec:	4909      	ldr	r1, [pc, #36]	; (8028214 <floorf+0x78>)
 80281ee:	f7f8 fbef 	bl	80209d0 <__addsf3>
 80281f2:	2100      	movs	r1, #0
 80281f4:	f7f8 feb0 	bl	8020f58 <__aeabi_fcmpgt>
 80281f8:	b908      	cbnz	r0, 80281fe <floorf+0x62>
 80281fa:	4620      	mov	r0, r4
 80281fc:	bdf8      	pop	{r3, r4, r5, r6, r7, pc}
 80281fe:	2c00      	cmp	r4, #0
 8028200:	db01      	blt.n	8028206 <floorf+0x6a>
 8028202:	2000      	movs	r0, #0
 8028204:	bdf8      	pop	{r3, r4, r5, r6, r7, pc}
 8028206:	2f00      	cmp	r7, #0
 8028208:	d0f7      	beq.n	80281fa <floorf+0x5e>
 802820a:	4803      	ldr	r0, [pc, #12]	; (8028218 <floorf+0x7c>)
 802820c:	bdf8      	pop	{r3, r4, r5, r6, r7, pc}
 802820e:	bf00      	nop
 8028210:	007fffff 	.word	0x007fffff
 8028214:	7149f2ca 	.word	0x7149f2ca
 8028218:	bf800000 	.word	0xbf800000

0802821c <scalbnf>:
scalbnf():
 802821c:	b538      	push	{r3, r4, r5, lr}
 802821e:	f030 4400 	bics.w	r4, r0, #2147483648	; 0x80000000
 8028222:	4603      	mov	r3, r0
 8028224:	d01d      	beq.n	8028262 <scalbnf+0x46>
 8028226:	f1b4 4fff 	cmp.w	r4, #2139095040	; 0x7f800000
 802822a:	d21b      	bcs.n	8028264 <scalbnf+0x48>
 802822c:	f010 4fff 	tst.w	r0, #2139095040	; 0x7f800000
 8028230:	4602      	mov	r2, r0
 8028232:	460d      	mov	r5, r1
 8028234:	d11a      	bne.n	802826c <scalbnf+0x50>
 8028236:	f04f 4198 	mov.w	r1, #1275068416	; 0x4c000000
 802823a:	f7f8 fcd1 	bl	8020be0 <__aeabi_fmul>
 802823e:	4a1f      	ldr	r2, [pc, #124]	; (80282bc <scalbnf+0xa0>)
 8028240:	4295      	cmp	r5, r2
 8028242:	4603      	mov	r3, r0
 8028244:	db2b      	blt.n	802829e <scalbnf+0x82>
 8028246:	f3c0 54c7 	ubfx	r4, r0, #23, #8
 802824a:	4602      	mov	r2, r0
 802824c:	f1a4 0019 	sub.w	r0, r4, #25
 8028250:	1944      	adds	r4, r0, r5
 8028252:	2cfe      	cmp	r4, #254	; 0xfe
 8028254:	dd0e      	ble.n	8028274 <scalbnf+0x58>
 8028256:	491a      	ldr	r1, [pc, #104]	; (80282c0 <scalbnf+0xa4>)
 8028258:	4618      	mov	r0, r3
 802825a:	f361 001e 	bfi	r0, r1, #0, #31
 802825e:	f7f8 fcbf 	bl	8020be0 <__aeabi_fmul>
 8028262:	bd38      	pop	{r3, r4, r5, pc}
 8028264:	4601      	mov	r1, r0
 8028266:	f7f8 fbb3 	bl	80209d0 <__addsf3>
 802826a:	bd38      	pop	{r3, r4, r5, pc}
 802826c:	0de0      	lsrs	r0, r4, #23
 802826e:	1944      	adds	r4, r0, r5
 8028270:	2cfe      	cmp	r4, #254	; 0xfe
 8028272:	dcf0      	bgt.n	8028256 <scalbnf+0x3a>
 8028274:	2c00      	cmp	r4, #0
 8028276:	dc0d      	bgt.n	8028294 <scalbnf+0x78>
 8028278:	f114 0f16 	cmn.w	r4, #22
 802827c:	da13      	bge.n	80282a6 <scalbnf+0x8a>
 802827e:	f24c 3250 	movw	r2, #50000	; 0xc350
 8028282:	4295      	cmp	r5, r2
 8028284:	dce7      	bgt.n	8028256 <scalbnf+0x3a>
 8028286:	490f      	ldr	r1, [pc, #60]	; (80282c4 <scalbnf+0xa8>)
 8028288:	4618      	mov	r0, r3
 802828a:	f361 001e 	bfi	r0, r1, #0, #31
 802828e:	f7f8 fca7 	bl	8020be0 <__aeabi_fmul>
 8028292:	bd38      	pop	{r3, r4, r5, pc}
 8028294:	f022 40ff 	bic.w	r0, r2, #2139095040	; 0x7f800000
 8028298:	ea40 50c4 	orr.w	r0, r0, r4, lsl #23
 802829c:	bd38      	pop	{r3, r4, r5, pc}
 802829e:	4909      	ldr	r1, [pc, #36]	; (80282c4 <scalbnf+0xa8>)
 80282a0:	f7f8 fc9e 	bl	8020be0 <__aeabi_fmul>
 80282a4:	bd38      	pop	{r3, r4, r5, pc}
 80282a6:	f104 0019 	add.w	r0, r4, #25
 80282aa:	f022 42ff 	bic.w	r2, r2, #2139095040	; 0x7f800000
 80282ae:	ea42 50c0 	orr.w	r0, r2, r0, lsl #23
 80282b2:	f04f 514c 	mov.w	r1, #855638016	; 0x33000000
 80282b6:	f7f8 fc93 	bl	8020be0 <__aeabi_fmul>
 80282ba:	bd38      	pop	{r3, r4, r5, pc}
 80282bc:	ffff3cb0 	.word	0xffff3cb0
 80282c0:	7149f2ca 	.word	0x7149f2ca
 80282c4:	0da24260 	.word	0x0da24260

080282c8 <__errno>:
__errno():
 80282c8:	4b01      	ldr	r3, [pc, #4]	; (80282d0 <__errno+0x8>)
 80282ca:	6818      	ldr	r0, [r3, #0]
 80282cc:	4770      	bx	lr
 80282ce:	bf00      	nop
 80282d0:	20000628 	.word	0x20000628

080282d4 <_init>:
_init():
 80282d4:	b5f8      	push	{r3, r4, r5, r6, r7, lr}
 80282d6:	bf00      	nop
 80282d8:	bcf8      	pop	{r3, r4, r5, r6, r7}
 80282da:	bc08      	pop	{r3}
 80282dc:	469e      	mov	lr, r3
 80282de:	4770      	bx	lr

080282e0 <_fini>:
_fini():
 80282e0:	b5f8      	push	{r3, r4, r5, r6, r7, lr}
 80282e2:	bf00      	nop
 80282e4:	bcf8      	pop	{r3, r4, r5, r6, r7}
 80282e6:	bc08      	pop	{r3}
 80282e8:	469e      	mov	lr, r3
 80282ea:	4770      	bx	lr
