solid CATIA STL
  facet normal -7.959944e-001 -6.052968e-001  2.964580e-003
    outer loop
      vertex  4.994410e+000  3.648491e+000  2.659779e+001
      vertex  4.627306e+000  4.138401e+000  2.805773e+001
      vertex  4.568294e+000  4.208854e+000  2.659779e+001
    endloop
  endfacet
  facet normal -7.666082e-001 -6.421150e-001  -0.000000e+000
    outer loop
      vertex  4.627306e+000  4.138401e+000  2.805773e+001
      vertex  4.568294e+000  4.208854e+000  2.943419e+001
      vertex  4.568294e+000  4.208854e+000  2.659779e+001
    endloop
  endfacet
  facet normal -8.038276e-001 -5.948570e-001 -2.508363e-003
    outer loop
      vertex  4.994410e+000  3.648491e+000  2.659779e+001
      vertex  5.037673e+000  3.583873e+000  2.805773e+001
      vertex  4.627306e+000  4.138401e+000  2.805773e+001
    endloop
  endfacet
  facet normal -8.567868e-001 -5.156646e-001  2.566134e-003
    outer loop
      vertex  5.037673e+000  3.583873e+000  2.805773e+001
      vertex  4.994410e+000  3.648491e+000  2.659779e+001
      vertex  5.357426e+000  3.045331e+000  2.659779e+001
    endloop
  endfacet
  facet normal -8.623455e-001 -5.063161e-001 -2.099804e-003
    outer loop
      vertex  5.357426e+000  3.045331e+000  2.659779e+001
      vertex  5.386960e+000  2.988976e+000  2.805773e+001
      vertex  5.037673e+000  3.583873e+000  2.805773e+001
    endloop
  endfacet
  facet normal -9.075293e-001 -4.199831e-001  2.146781e-003
    outer loop
      vertex  5.386960e+000  2.988976e+000  2.805773e+001
      vertex  5.357426e+000  3.045331e+000  2.659779e+001
      vertex  5.653085e+000  2.406451e+000  2.659779e+001
    endloop
  endfacet
  facet normal -9.111500e-001 -4.120714e-001 -1.670052e-003
    outer loop
      vertex  5.653085e+000  2.406451e+000  2.659779e+001
      vertex  5.671230e+000  2.360412e+000  2.805773e+001
      vertex  5.386960e+000  2.988976e+000  2.805773e+001
    endloop
  endfacet
  facet normal -9.476267e-001 -3.193755e-001  1.706498e-003
    outer loop
      vertex  5.671230e+000  2.360412e+000  2.805773e+001
      vertex  5.653085e+000  2.406451e+000  2.659779e+001
      vertex  5.877918e+000  1.739344e+000  2.659779e+001
    endloop
  endfacet
  facet normal -9.496912e-001 -3.131855e-001 -1.219044e-003
    outer loop
      vertex  5.877918e+000  1.739344e+000  2.659779e+001
      vertex  5.887284e+000  1.705260e+000  2.805773e+001
      vertex  5.671230e+000  2.360412e+000  2.805773e+001
    endloop
  endfacet
  facet normal -9.711620e-001 -2.382176e-001  9.841723e-003
    outer loop
      vertex  5.978914e+000  1.322901e+000  2.784468e+001
      vertex  5.887284e+000  1.705260e+000  2.805773e+001
      vertex  5.989232e+000  1.272268e+000  2.763726e+001
    endloop
  endfacet
  facet normal -9.721509e-001 -2.343433e-001  2.463135e-003
    outer loop
      vertex  5.887284e+000  1.705260e+000  2.805773e+001
      vertex  5.978914e+000  1.322901e+000  2.784468e+001
      vertex  5.975345e+000  1.339946e+000  2.805773e+001
    endloop
  endfacet
  facet normal -9.845676e-001 -1.750039e-001  4.363632e-004
    outer loop
      vertex  6.025144e+000  1.076802e+000  2.726026e+001
      vertex  6.005194e+000  1.189490e+000  2.744082e+001
      vertex  6.029288e+000  1.051835e+000  2.659779e+001
    endloop
  endfacet
  facet normal -9.880075e-001 -1.544051e-001 -3.614752e-004
    outer loop
      vertex  6.047261e+000  9.356573e-001  2.709856e+001
      vertex  6.025144e+000  1.076802e+000  2.726026e+001
      vertex  6.029288e+000  1.051835e+000  2.659779e+001
    endloop
  endfacet
  facet normal -9.970996e-001 -7.602187e-002  3.603599e-003
    outer loop
      vertex  6.103562e+000  3.847035e-001  2.677419e+001
      vertex  6.088554e+000  5.852522e-001  2.685235e+001
      vertex  6.105419e+000  3.519879e-001  2.659779e+001
    endloop
  endfacet
  facet normal -9.995897e-001  2.428082e-002  1.518828e-002
    outer loop
      vertex  6.109995e+000 -2.538498e-001  2.674205e+001
      vertex  6.114826e+000 -4.017292e-002  2.671838e+001
      vertex  6.105419e+000 -3.519879e-001  2.659779e+001
    endloop
  endfacet
  facet normal -9.985490e-001  5.363392e-002 -4.813976e-003
    outer loop
      vertex  6.098602e+000 -4.607981e-001  2.679951e+001
      vertex  6.109995e+000 -2.538498e-001  2.674205e+001
      vertex  6.105419e+000 -3.519879e-001  2.659779e+001
    endloop
  endfacet
  facet normal -9.111500e-001  4.120714e-001 -1.670052e-003
    outer loop
      vertex  5.386960e+000 -2.988976e+000  2.805773e+001
      vertex  5.671230e+000 -2.360412e+000  2.805773e+001
      vertex  5.653085e+000 -2.406451e+000  2.659779e+001
    endloop
  endfacet
  facet normal -9.075293e-001  4.199831e-001  2.146781e-003
    outer loop
      vertex  5.357426e+000 -3.045331e+000  2.659779e+001
      vertex  5.386960e+000 -2.988976e+000  2.805773e+001
      vertex  5.653085e+000 -2.406451e+000  2.659779e+001
    endloop
  endfacet
  facet normal -8.623455e-001  5.063161e-001 -2.099804e-003
    outer loop
      vertex  5.037673e+000 -3.583873e+000  2.805773e+001
      vertex  5.386960e+000 -2.988976e+000  2.805773e+001
      vertex  5.357426e+000 -3.045331e+000  2.659779e+001
    endloop
  endfacet
  facet normal -8.567868e-001  5.156646e-001  2.566134e-003
    outer loop
      vertex  4.994410e+000 -3.648491e+000  2.659779e+001
      vertex  5.037673e+000 -3.583873e+000  2.805773e+001
      vertex  5.357426e+000 -3.045331e+000  2.659779e+001
    endloop
  endfacet
  facet normal -8.038276e-001  5.948570e-001 -2.508363e-003
    outer loop
      vertex  4.627306e+000 -4.138401e+000  2.805773e+001
      vertex  5.037673e+000 -3.583873e+000  2.805773e+001
      vertex  4.994410e+000 -3.648491e+000  2.659779e+001
    endloop
  endfacet
  facet normal -7.959944e-001  6.052968e-001  2.964580e-003
    outer loop
      vertex  4.627306e+000 -4.138401e+000  2.805773e+001
      vertex  4.994410e+000 -3.648491e+000  2.659779e+001
      vertex  4.568294e+000 -4.208854e+000  2.659779e+001
    endloop
  endfacet
  facet normal -9.997441e-001  2.262585e-002 -2.121939e-004
    outer loop
      vertex  6.114826e+000 -4.017292e-002  2.939707e+001
      vertex  6.109995e+000 -2.538498e-001  2.937341e+001
      vertex  6.105798e+000 -3.449286e-001  3.943419e+001
    endloop
  endfacet
  facet normal -9.984894e-001  5.494480e-002  8.090829e-005
    outer loop
      vertex  6.105798e+000 -3.449286e-001  3.943419e+001
      vertex  6.109995e+000 -2.538498e-001  2.937341e+001
      vertex  6.098602e+000 -4.607981e-001  2.931595e+001
    endloop
  endfacet
  facet normal -7.666082e-001 -6.421151e-001  0.000000e+000
    outer loop
      vertex  4.568294e+000  4.208854e+000  2.943419e+001
      vertex  4.627306e+000  4.138401e+000  2.805773e+001
      vertex  4.627306e+000  4.138401e+000  3.943419e+001
    endloop
  endfacet
  facet normal -7.362582e-001 -6.767007e-001 -4.227684e-004
    outer loop
      vertex  4.568294e+000  4.208854e+000  2.943419e+001
      vertex  4.627306e+000  4.138401e+000  3.943419e+001
      vertex  4.160479e+000  4.646314e+000  3.943419e+001
    endloop
  endfacet
  facet normal -7.282343e-001 -6.853282e-001  2.818777e-004
    outer loop
      vertex  4.568294e+000  4.208854e+000  2.943419e+001
      vertex  4.160479e+000  4.646314e+000  3.943419e+001
      vertex  4.116481e+000  4.688952e+000  2.943419e+001
    endloop
  endfacet
  facet normal -7.282343e-001  6.853282e-001  2.818777e-004
    outer loop
      vertex  4.568294e+000 -4.208854e+000  2.943419e+001
      vertex  4.116481e+000 -4.688952e+000  2.943419e+001
      vertex  4.160479e+000 -4.646314e+000  3.943419e+001
    endloop
  endfacet
  facet normal -7.362582e-001  6.767007e-001 -4.227684e-004
    outer loop
      vertex  4.568294e+000 -4.208854e+000  2.943419e+001
      vertex  4.160479e+000 -4.646314e+000  3.943419e+001
      vertex  4.627306e+000 -4.138401e+000  3.943419e+001
    endloop
  endfacet
  facet normal -7.666082e-001  6.421151e-001  0.000000e+000
    outer loop
      vertex  4.568294e+000 -4.208854e+000  2.943419e+001
      vertex  4.627306e+000 -4.138401e+000  3.943419e+001
      vertex  4.627306e+000 -4.138401e+000  2.805773e+001
    endloop
  endfacet
  facet normal -7.666082e-001  6.421150e-001  0.000000e+000
    outer loop
      vertex  4.568294e+000 -4.208854e+000  2.943419e+001
      vertex  4.627306e+000 -4.138401e+000  2.805773e+001
      vertex  4.568294e+000 -4.208854e+000  2.659779e+001
    endloop
  endfacet
  facet normal -9.765982e-001  2.150193e-001  4.760316e-003
    outer loop
      vertex  6.029288e+000 -1.051835e+000  2.659779e+001
      vertex  5.877918e+000 -1.739344e+000  2.659779e+001
      vertex  6.017395e+000 -1.121956e+000  2.732515e+001
    endloop
  endfacet
  facet normal -9.868154e-001  1.618492e-001 -5.326272e-004
    outer loop
      vertex  6.029288e+000 -1.051835e+000  2.659779e+001
      vertex  6.017395e+000 -1.121956e+000  2.732515e+001
      vertex  6.039011e+000 -9.907159e-001  2.715554e+001
    endloop
  endfacet
  facet normal -9.898744e-001  1.419360e-001  1.702811e-003
    outer loop
      vertex  6.029288e+000 -1.051835e+000  2.659779e+001
      vertex  6.039011e+000 -9.907159e-001  2.715554e+001
      vertex  6.061215e+000 -8.341063e-001  2.700905e+001
    endloop
  endfacet
  facet normal -9.923755e-001  1.226548e-001  1.210477e-002
    outer loop
      vertex  6.029288e+000 -1.051835e+000  2.659779e+001
      vertex  6.061215e+000 -8.341063e-001  2.700905e+001
      vertex  6.081769e+000 -6.559933e-001  2.688934e+001
    endloop
  endfacet
  facet normal -9.938924e-001  1.034245e-001  3.848717e-002
    outer loop
      vertex  6.029288e+000 -1.051835e+000  2.659779e+001
      vertex  6.081769e+000 -6.559933e-001  2.688934e+001
      vertex  6.098602e+000 -4.607981e-001  2.679951e+001
    endloop
  endfacet
  facet normal -9.938310e-001  1.081118e-001  2.473214e-002
    outer loop
      vertex  6.029288e+000 -1.051835e+000  2.659779e+001
      vertex  6.098602e+000 -4.607981e-001  2.679951e+001
      vertex  6.105419e+000 -3.519879e-001  2.659779e+001
    endloop
  endfacet
  facet normal -9.476267e-001  3.193755e-001  1.706498e-003
    outer loop
      vertex  5.877918e+000 -1.739344e+000  2.659779e+001
      vertex  5.653085e+000 -2.406451e+000  2.659779e+001
      vertex  5.671230e+000 -2.360412e+000  2.805773e+001
    endloop
  endfacet
  facet normal -9.496912e-001  3.131855e-001 -1.219044e-003
    outer loop
      vertex  5.877918e+000 -1.739344e+000  2.659779e+001
      vertex  5.671230e+000 -2.360412e+000  2.805773e+001
      vertex  5.887284e+000 -1.705260e+000  2.805773e+001
    endloop
  endfacet
  facet normal -9.721534e-001  2.343439e-001  7.657073e-004
    outer loop
      vertex  5.877918e+000 -1.739344e+000  2.659779e+001
      vertex  5.887284e+000 -1.705260e+000  2.805773e+001
      vertex  5.975345e+000 -1.339946e+000  2.805773e+001
    endloop
  endfacet
  facet normal -9.726323e-001  2.323457e-001  1.344309e-003
    outer loop
      vertex  5.877918e+000 -1.739344e+000  2.659779e+001
      vertex  5.975345e+000 -1.339946e+000  2.805773e+001
      vertex  5.976658e+000 -1.333701e+000  2.792851e+001
    endloop
  endfacet
  facet normal -9.741200e-001  2.260063e-001  3.387122e-003
    outer loop
      vertex  5.877918e+000 -1.739344e+000  2.659779e+001
      vertex  5.976658e+000 -1.333701e+000  2.792851e+001
      vertex  5.980544e+000 -1.315035e+000  2.780056e+001
    endloop
  endfacet
  facet normal -9.753149e-001  2.207540e-001  5.341984e-003
    outer loop
      vertex  5.877918e+000 -1.739344e+000  2.659779e+001
      vertex  5.980544e+000 -1.315035e+000  2.780056e+001
      vertex  5.986847e+000 -1.284151e+000  2.767509e+001
    endloop
  endfacet
  facet normal -9.764993e-001  2.153816e-001  7.731752e-003
    outer loop
      vertex  5.877918e+000 -1.739344e+000  2.659779e+001
      vertex  5.986847e+000 -1.284151e+000  2.767509e+001
      vertex  5.995319e+000 -1.241370e+000  2.755329e+001
    endloop
  endfacet
  facet normal -9.785202e-001  2.057408e-001  1.300453e-002
    outer loop
      vertex  5.877918e+000 -1.739344e+000  2.659779e+001
      vertex  5.995319e+000 -1.241370e+000  2.755329e+001
      vertex  6.017395e+000 -1.121956e+000  2.732515e+001
    endloop
  endfacet
  facet normal -9.775357e-001 -2.107704e-001  -0.000000e+000
    outer loop
      vertex  6.032685e+000  1.030900e+000  3.943419e+001
      vertex  5.887284e+000  1.705260e+000  3.943419e+001
      vertex  5.887284e+000  1.705260e+000  2.805773e+001
    endloop
  endfacet
  facet normal -9.721527e-001 -2.343437e-001 -1.466147e-003
    outer loop
      vertex  6.032685e+000  1.030900e+000  3.943419e+001
      vertex  5.887284e+000  1.705260e+000  2.805773e+001
      vertex  5.975345e+000  1.339946e+000  2.805773e+001
    endloop
  endfacet
  facet normal -9.763051e-001 -2.163966e-001 -9.576792e-004
    outer loop
      vertex  6.032685e+000  1.030900e+000  3.943419e+001
      vertex  5.975345e+000  1.339946e+000  2.805773e+001
      vertex  5.978914e+000  1.322901e+000  2.827078e+001
    endloop
  endfacet
  facet normal -9.794081e-001 -2.018891e-001 -5.632595e-004
    outer loop
      vertex  6.032685e+000  1.030900e+000  3.943419e+001
      vertex  5.978914e+000  1.322901e+000  2.827078e+001
      vertex  5.989232e+000  1.272268e+000  2.847819e+001
    endloop
  endfacet
  facet normal -9.817832e-001 -1.900046e-001 -2.920165e-004
    outer loop
      vertex  6.032685e+000  1.030900e+000  3.943419e+001
      vertex  5.989232e+000  1.272268e+000  2.847819e+001
      vertex  6.005194e+000  1.189490e+000  2.867463e+001
    endloop
  endfacet
  facet normal -9.846730e-001 -1.744112e-001 -5.479488e-005
    outer loop
      vertex  6.032685e+000  1.030900e+000  3.943419e+001
      vertex  6.005194e+000  1.189490e+000  2.867463e+001
      vertex  6.025144e+000  1.076802e+000  2.885519e+001
    endloop
  endfacet
  facet normal -9.879500e-001 -1.547727e-001  3.275109e-005
    outer loop
      vertex  6.032685e+000  1.030900e+000  3.943419e+001
      vertex  6.025144e+000  1.076802e+000  2.885519e+001
      vertex  6.047261e+000  9.356573e-001  2.901690e+001
    endloop
  endfacet
  facet normal -9.943678e-001 -1.059828e-001 -4.223047e-004
    outer loop
      vertex  6.032685e+000  1.030900e+000  3.943419e+001
      vertex  6.047261e+000  9.356573e-001  2.901690e+001
      vertex  6.105798e+000  3.449286e-001  3.943419e+001
    endloop
  endfacet
  facet normal -9.911351e-001 -1.328439e-001 -1.963672e-003
    outer loop
      vertex  6.105798e+000  3.449286e-001  3.943419e+001
      vertex  6.047261e+000  9.356573e-001  2.901690e+001
      vertex  6.069132e+000  7.704487e-001  2.915402e+001
    endloop
  endfacet
  facet normal -9.944972e-001 -1.047605e-001 -7.892427e-004
    outer loop
      vertex  6.105798e+000  3.449286e-001  3.943419e+001
      vertex  6.069132e+000  7.704487e-001  2.915402e+001
      vertex  6.088554e+000  5.852522e-001  2.926311e+001
    endloop
  endfacet
  facet normal -9.972094e-001 -7.465429e-002 -7.329102e-005
    outer loop
      vertex  6.105798e+000  3.449286e-001  3.943419e+001
      vertex  6.088554e+000  5.852522e-001  2.926311e+001
      vertex  6.103562e+000  3.847035e-001  2.934126e+001
    endloop
  endfacet
  facet normal -9.990750e-001 -4.300246e-002  5.185813e-005
    outer loop
      vertex  6.105798e+000  3.449286e-001  3.943419e+001
      vertex  6.103562e+000  3.847035e-001  2.934126e+001
      vertex  6.112609e+000  1.745794e-001  2.938625e+001
    endloop
  endfacet
  facet normal -9.999464e-001 -1.034741e-002 -5.023548e-004
    outer loop
      vertex  6.105798e+000  3.449286e-001  3.943419e+001
      vertex  6.112609e+000  1.745794e-001  2.938625e+001
      vertex  6.114826e+000 -4.017292e-002  2.939707e+001
    endloop
  endfacet
  facet normal -9.999996e-001  0.000000e+000 -8.994098e-004
    outer loop
      vertex  6.105798e+000  3.449286e-001  3.943419e+001
      vertex  6.114826e+000 -4.017292e-002  2.939707e+001
      vertex  6.105798e+000 -3.449286e-001  3.943419e+001
    endloop
  endfacet
  facet normal -9.943678e-001  1.059828e-001 -5.064868e-004
    outer loop
      vertex  6.032685e+000 -1.030900e+000  3.943419e+001
      vertex  6.105798e+000 -3.449286e-001  3.943419e+001
      vertex  6.098602e+000 -4.607981e-001  2.931595e+001
    endloop
  endfacet
  facet normal -9.962372e-001  8.665375e-002 -1.607739e-003
    outer loop
      vertex  6.032685e+000 -1.030900e+000  3.943419e+001
      vertex  6.098602e+000 -4.607981e-001  2.931595e+001
      vertex  6.081769e+000 -6.559933e-001  2.922611e+001
    endloop
  endfacet
  facet normal -9.933648e-001  1.150048e-001 -5.526930e-004
    outer loop
      vertex  6.032685e+000 -1.030900e+000  3.943419e+001
      vertex  6.081769e+000 -6.559933e-001  2.922611e+001
      vertex  6.061215e+000 -8.341063e-001  2.910640e+001
    endloop
  endfacet
  facet normal -9.900907e-001  1.404292e-001 -5.918958e-005
    outer loop
      vertex  6.032685e+000 -1.030900e+000  3.943419e+001
      vertex  6.061215e+000 -8.341063e-001  2.910640e+001
      vertex  6.039011e+000 -9.907159e-001  2.895991e+001
    endloop
  endfacet
  facet normal -9.867111e-001  1.624848e-001  2.746751e-005
    outer loop
      vertex  6.032685e+000 -1.030900e+000  3.943419e+001
      vertex  6.039011e+000 -9.907159e-001  2.895991e+001
      vertex  6.017395e+000 -1.121956e+000  2.879031e+001
    endloop
  endfacet
  facet normal -9.832886e-001  1.820538e-001 -1.448565e-004
    outer loop
      vertex  6.032685e+000 -1.030900e+000  3.943419e+001
      vertex  6.017395e+000 -1.121956e+000  2.879031e+001
      vertex  5.995319e+000 -1.241370e+000  2.856216e+001
    endloop
  endfacet
  facet normal -9.807279e-001  1.953782e-001 -4.116033e-004
    outer loop
      vertex  6.032685e+000 -1.030900e+000  3.943419e+001
      vertex  5.995319e+000 -1.241370e+000  2.856216e+001
      vertex  5.986847e+000 -1.284151e+000  2.844037e+001
    endloop
  endfacet
  facet normal -9.793422e-001  2.022094e-001 -5.747419e-004
    outer loop
      vertex  6.032685e+000 -1.030900e+000  3.943419e+001
      vertex  5.986847e+000 -1.284151e+000  2.844037e+001
      vertex  5.980544e+000 -1.315035e+000  2.831490e+001
    endloop
  endfacet
  facet normal -9.779766e-001  2.087131e-001 -7.473375e-004
    outer loop
      vertex  6.032685e+000 -1.030900e+000  3.943419e+001
      vertex  5.980544e+000 -1.315035e+000  2.831490e+001
      vertex  5.976658e+000 -1.333701e+000  2.818694e+001
    endloop
  endfacet
  facet normal -9.719326e-001  2.352544e-001 -1.491996e-003
    outer loop
      vertex  6.032685e+000 -1.030900e+000  3.943419e+001
      vertex  5.976658e+000 -1.333701e+000  2.818694e+001
      vertex  5.975345e+000 -1.339946e+000  2.805773e+001
    endloop
  endfacet
  facet normal -9.721527e-001  2.343437e-001 -1.466147e-003
    outer loop
      vertex  6.032685e+000 -1.030900e+000  3.943419e+001
      vertex  5.975345e+000 -1.339946e+000  2.805773e+001
      vertex  5.887284e+000 -1.705260e+000  2.805773e+001
    endloop
  endfacet
  facet normal -9.775357e-001  2.107704e-001  0.000000e+000
    outer loop
      vertex  6.032685e+000 -1.030900e+000  3.943419e+001
      vertex  5.887284e+000 -1.705260e+000  2.805773e+001
      vertex  5.887284e+000 -1.705260e+000  3.943419e+001
    endloop
  endfacet
  facet normal -9.797938e-001 -1.999560e-001  4.647112e-003
    outer loop
      vertex  6.005194e+000  1.189490e+000  2.744082e+001
      vertex  5.989232e+000  1.272268e+000  2.763726e+001
      vertex  6.029288e+000  1.051835e+000  2.659779e+001
    endloop
  endfacet
  facet normal -9.701885e-001 -2.419515e-001  1.392292e-002
    outer loop
      vertex  6.029288e+000  1.051835e+000  2.659779e+001
      vertex  5.989232e+000  1.272268e+000  2.763726e+001
      vertex  5.887284e+000  1.705260e+000  2.805773e+001
    endloop
  endfacet
  facet normal -9.766085e-001 -2.150216e-001  1.245390e-003
    outer loop
      vertex  6.029288e+000  1.051835e+000  2.659779e+001
      vertex  5.887284e+000  1.705260e+000  2.805773e+001
      vertex  5.877918e+000  1.739344e+000  2.659779e+001
    endloop
  endfacet
  facet normal -9.908705e-001 -1.347492e-001  4.301419e-003
    outer loop
      vertex  6.047261e+000  9.356573e-001  2.709856e+001
      vertex  6.029288e+000  1.051835e+000  2.659779e+001
      vertex  6.069132e+000  7.704487e-001  2.696143e+001
    endloop
  endfacet
  facet normal -9.938185e-001 -1.081104e-001  2.523771e-002
    outer loop
      vertex  6.069132e+000  7.704487e-001  2.696143e+001
      vertex  6.029288e+000  1.051835e+000  2.659779e+001
      vertex  6.105419e+000  3.519879e-001  2.659779e+001
    endloop
  endfacet
  facet normal -9.878864e-001 -1.413371e-001  6.406551e-002
    outer loop
      vertex  6.069132e+000  7.704487e-001  2.696143e+001
      vertex  6.105419e+000  3.519879e-001  2.659779e+001
      vertex  6.088554e+000  5.852522e-001  2.685235e+001
    endloop
  endfacet
  facet normal -9.990952e-001 -4.244831e-002 -2.643945e-003
    outer loop
      vertex  6.103562e+000  3.847035e-001  2.677419e+001
      vertex  6.105419e+000  3.519879e-001  2.659779e+001
      vertex  6.112609e+000  1.745794e-001  2.672920e+001
    endloop
  endfacet
  facet normal -9.985066e-001  0.000000e+000  5.463040e-002
    outer loop
      vertex  6.112609e+000  1.745794e-001  2.672920e+001
      vertex  6.105419e+000  3.519879e-001  2.659779e+001
      vertex  6.105419e+000 -3.519879e-001  2.659779e+001
    endloop
  endfacet
  facet normal -9.927015e-001 -1.626710e-002  1.194957e-001
    outer loop
      vertex  6.112609e+000  1.745794e-001  2.672920e+001
      vertex  6.105419e+000 -3.519879e-001  2.659779e+001
      vertex  6.114826e+000 -4.017292e-002  2.671838e+001
    endloop
  endfacet
  facet normal -5.751638e-001 -8.180382e-001  0.000000e+000
    outer loop
      vertex  3.079058e+000  5.500000e+000  2.943419e+001
      vertex  3.618361e+000  5.120815e+000  2.943419e+001
      vertex  3.079058e+000  5.500000e+000  3.943419e+001
    endloop
  endfacet
  facet normal -5.770898e-001 -8.166806e-001 -1.553462e-004
    outer loop
      vertex  3.079058e+000  5.500000e+000  3.943419e+001
      vertex  3.618361e+000  5.120815e+000  2.943419e+001
      vertex  3.642451e+000  5.101891e+000  3.943419e+001
    endloop
  endfacet
  facet normal -6.550680e-001 -7.555699e-001  1.481524e-004
    outer loop
      vertex  3.618361e+000  5.120815e+000  2.943419e+001
      vertex  4.116481e+000  4.688952e+000  2.943419e+001
      vertex  3.642451e+000  5.101891e+000  3.943419e+001
    endloop
  endfacet
  facet normal -6.603931e-001 -7.509200e-001 -2.962807e-004
    outer loop
      vertex  3.642451e+000  5.101891e+000  3.943419e+001
      vertex  4.116481e+000  4.688952e+000  2.943419e+001
      vertex  4.160479e+000  4.646314e+000  3.943419e+001
    endloop
  endfacet
  facet normal -8.623474e-001 -5.063172e-001  -0.000000e+000
    outer loop
      vertex  5.386960e+000  2.988976e+000  2.805773e+001
      vertex  5.037673e+000  3.583873e+000  3.943419e+001
      vertex  5.037673e+000  3.583873e+000  2.805773e+001
    endloop
  endfacet
  facet normal -8.038301e-001 -5.948589e-001  0.000000e+000
    outer loop
      vertex  5.037673e+000  3.583873e+000  2.805773e+001
      vertex  5.037673e+000  3.583873e+000  3.943419e+001
      vertex  4.627306e+000  4.138401e+000  3.943419e+001
    endloop
  endfacet
  facet normal -8.038301e-001 -5.948589e-001  -0.000000e+000
    outer loop
      vertex  5.037673e+000  3.583873e+000  2.805773e+001
      vertex  4.627306e+000  4.138401e+000  3.943419e+001
      vertex  4.627306e+000  4.138401e+000  2.805773e+001
    endloop
  endfacet
  facet normal -8.623474e-001 -5.063172e-001  0.000000e+000
    outer loop
      vertex  5.037673e+000  3.583873e+000  3.943419e+001
      vertex  5.386960e+000  2.988976e+000  2.805773e+001
      vertex  5.386960e+000  2.988976e+000  3.943419e+001
    endloop
  endfacet
  facet normal -9.111513e-001 -4.120720e-001  -0.000000e+000
    outer loop
      vertex  5.386960e+000  2.988976e+000  3.943419e+001
      vertex  5.386960e+000  2.988976e+000  2.805773e+001
      vertex  5.671230e+000  2.360412e+000  2.805773e+001
    endloop
  endfacet
  facet normal -9.111513e-001 -4.120720e-001  0.000000e+000
    outer loop
      vertex  5.386960e+000  2.988976e+000  3.943419e+001
      vertex  5.671230e+000  2.360412e+000  2.805773e+001
      vertex  5.671230e+000  2.360412e+000  3.943419e+001
    endloop
  endfacet
  facet normal -9.496919e-001 -3.131858e-001  -0.000000e+000
    outer loop
      vertex  5.671230e+000  2.360412e+000  3.943419e+001
      vertex  5.671230e+000  2.360412e+000  2.805773e+001
      vertex  5.887284e+000  1.705260e+000  2.805773e+001
    endloop
  endfacet
  facet normal -9.496919e-001 -3.131858e-001  0.000000e+000
    outer loop
      vertex  5.671230e+000  2.360412e+000  3.943419e+001
      vertex  5.887284e+000  1.705260e+000  2.805773e+001
      vertex  5.887284e+000  1.705260e+000  3.943419e+001
    endloop
  endfacet
  facet normal -9.111513e-001  4.120720e-001  0.000000e+000
    outer loop
      vertex  5.386960e+000 -2.988976e+000  2.805773e+001
      vertex  5.671230e+000 -2.360412e+000  3.943419e+001
      vertex  5.671230e+000 -2.360412e+000  2.805773e+001
    endloop
  endfacet
  facet normal -9.496919e-001  3.131858e-001  0.000000e+000
    outer loop
      vertex  5.671230e+000 -2.360412e+000  2.805773e+001
      vertex  5.671230e+000 -2.360412e+000  3.943419e+001
      vertex  5.887284e+000 -1.705260e+000  3.943419e+001
    endloop
  endfacet
  facet normal -9.496919e-001  3.131858e-001  0.000000e+000
    outer loop
      vertex  5.671230e+000 -2.360412e+000  2.805773e+001
      vertex  5.887284e+000 -1.705260e+000  3.943419e+001
      vertex  5.887284e+000 -1.705260e+000  2.805773e+001
    endloop
  endfacet
  facet normal -9.111513e-001  4.120720e-001  0.000000e+000
    outer loop
      vertex  5.671230e+000 -2.360412e+000  3.943419e+001
      vertex  5.386960e+000 -2.988976e+000  2.805773e+001
      vertex  5.386960e+000 -2.988976e+000  3.943419e+001
    endloop
  endfacet
  facet normal -8.623474e-001  5.063172e-001  0.000000e+000
    outer loop
      vertex  5.386960e+000 -2.988976e+000  3.943419e+001
      vertex  5.386960e+000 -2.988976e+000  2.805773e+001
      vertex  5.037673e+000 -3.583873e+000  2.805773e+001
    endloop
  endfacet
  facet normal -8.623474e-001  5.063172e-001  0.000000e+000
    outer loop
      vertex  5.386960e+000 -2.988976e+000  3.943419e+001
      vertex  5.037673e+000 -3.583873e+000  2.805773e+001
      vertex  5.037673e+000 -3.583873e+000  3.943419e+001
    endloop
  endfacet
  facet normal -8.038301e-001  5.948589e-001  0.000000e+000
    outer loop
      vertex  5.037673e+000 -3.583873e+000  3.943419e+001
      vertex  5.037673e+000 -3.583873e+000  2.805773e+001
      vertex  4.627306e+000 -4.138401e+000  2.805773e+001
    endloop
  endfacet
  facet normal -8.038301e-001  5.948589e-001  0.000000e+000
    outer loop
      vertex  5.037673e+000 -3.583873e+000  3.943419e+001
      vertex  4.627306e+000 -4.138401e+000  2.805773e+001
      vertex  4.627306e+000 -4.138401e+000  3.943419e+001
    endloop
  endfacet
  facet normal -6.550680e-001  7.555698e-001 -3.395359e-004
    outer loop
      vertex  4.116481e+000 -4.688952e+000  2.943419e+001
      vertex  3.618361e+000 -5.120815e+000  2.943419e+001
      vertex  4.160479e+000 -4.646314e+000  3.943419e+001
    endloop
  endfacet
  facet normal -6.603931e-001  7.509200e-001  1.697800e-004
    outer loop
      vertex  4.160479e+000 -4.646314e+000  3.943419e+001
      vertex  3.618361e+000 -5.120815e+000  2.943419e+001
      vertex  3.642451e+000 -5.101891e+000  3.943419e+001
    endloop
  endfacet
  facet normal -5.751638e-001  8.180382e-001 -1.625550e-004
    outer loop
      vertex  3.618361e+000 -5.120815e+000  2.943419e+001
      vertex  3.079058e+000 -5.500000e+000  2.943419e+001
      vertex  3.642451e+000 -5.101891e+000  3.943419e+001
    endloop
  endfacet
  facet normal -5.770898e-001  8.166806e-001  0.000000e+000
    outer loop
      vertex  3.642451e+000 -5.101891e+000  3.943419e+001
      vertex  3.079058e+000 -5.500000e+000  2.943419e+001
      vertex  3.079058e+000 -5.500000e+000  3.943419e+001
    endloop
  endfacet
  facet normal  4.801051e-001 -4.265092e-009 -8.772110e-001
    outer loop
      vertex  1.500000e+001 -4.208854e+000  2.943419e+001
      vertex  6.163315e+000 -4.208854e+000  2.459779e+001
      vertex  1.053360e+001 -8.091576e-001  2.698968e+001
    endloop
  endfacet
  facet normal  4.801479e-001  7.297914e-005 -8.771876e-001
    outer loop
      vertex  1.500000e+001 -4.208854e+000  2.943419e+001
      vertex  1.053360e+001 -8.091576e-001  2.698968e+001
      vertex  1.071036e+001 -9.230567e-001  2.708643e+001
    endloop
  endfacet
  facet normal  4.801021e-001 -4.735762e-006 -8.772126e-001
    outer loop
      vertex  1.500000e+001 -4.208854e+000  2.943419e+001
      vertex  1.071036e+001 -9.230567e-001  2.708643e+001
      vertex  1.097023e+001 -1.052664e+000  2.722866e+001
    endloop
  endfacet
  facet normal  4.800980e-001 -1.152175e-005 -8.772149e-001
    outer loop
      vertex  1.500000e+001 -4.208854e+000  2.943419e+001
      vertex  1.097023e+001 -1.052664e+000  2.722866e+001
      vertex  1.123975e+001 -1.153659e+000  2.737617e+001
    endloop
  endfacet
  facet normal  4.801084e-001  5.167313e-006 -8.772092e-001
    outer loop
      vertex  1.500000e+001 -4.208854e+000  2.943419e+001
      vertex  1.123975e+001 -1.153659e+000  2.737617e+001
      vertex  1.157751e+001 -1.244486e+000  2.756103e+001
    endloop
  endfacet
  facet normal  4.801051e-001  3.134174e-007 -8.772109e-001
    outer loop
      vertex  1.500000e+001 -4.208854e+000  2.943419e+001
      vertex  1.157751e+001 -1.244486e+000  2.756103e+001
      vertex  1.192064e+001 -1.303854e+000  2.774883e+001
    endloop
  endfacet
  facet normal  4.801049e-001 -4.270204e-008 -8.772111e-001
    outer loop
      vertex  1.500000e+001 -4.208854e+000  2.943419e+001
      vertex  1.192064e+001 -1.303854e+000  2.774883e+001
      vertex  1.248504e+001 -1.339946e+000  2.805773e+001
    endloop
  endfacet
  facet normal  4.801058e-001  1.033267e-006 -8.772106e-001
    outer loop
      vertex  1.500000e+001 -4.208854e+000  2.943419e+001
      vertex  1.248504e+001 -1.339946e+000  2.805773e+001
      vertex  1.287002e+001 -1.323276e+000  2.826843e+001
    endloop
  endfacet
  facet normal  4.801044e-001 -3.843332e-007 -8.772114e-001
    outer loop
      vertex  1.500000e+001 -4.208854e+000  2.943419e+001
      vertex  1.287002e+001 -1.323276e+000  2.826843e+001
      vertex  1.325267e+001 -1.272378e+000  2.847786e+001
    endloop
  endfacet
  facet normal  4.801041e-001 -5.390089e-007 -8.772115e-001
    outer loop
      vertex  1.500000e+001 -4.208854e+000  2.943419e+001
      vertex  1.325267e+001 -1.272378e+000  2.847786e+001
      vertex  1.361724e+001 -1.188055e+000  2.867739e+001
    endloop
  endfacet
  facet normal  4.801058e-001  4.611768e-007 -8.772106e-001
    outer loop
      vertex  1.500000e+001 -4.208854e+000  2.943419e+001
      vertex  1.361724e+001 -1.188055e+000  2.867739e+001
      vertex  1.397294e+001 -1.064100e+000  2.887207e+001
    endloop
  endfacet
  facet normal  4.801034e-001 -5.978621e-007 -8.772119e-001
    outer loop
      vertex  1.500000e+001 -4.208854e+000  2.943419e+001
      vertex  1.397294e+001 -1.064100e+000  2.887207e+001
      vertex  1.417489e+001 -9.695742e-001  2.898260e+001
    endloop
  endfacet
  facet normal  4.801069e-001  5.937997e-007 -8.772099e-001
    outer loop
      vertex  1.500000e+001 -4.208854e+000  2.943419e+001
      vertex  1.417489e+001 -9.695742e-001  2.898260e+001
      vertex  1.436899e+001 -8.557346e-001  2.908883e+001
    endloop
  endfacet
  facet normal  4.801070e-001  6.171205e-007 -8.772099e-001
    outer loop
      vertex  1.500000e+001 -4.208854e+000  2.943419e+001
      vertex  1.436899e+001 -8.557346e-001  2.908883e+001
      vertex  1.457903e+001 -6.942639e-001  2.920379e+001
    endloop
  endfacet
  facet normal  4.801041e-001  1.512038e-007 -8.772115e-001
    outer loop
      vertex  1.500000e+001 -4.208854e+000  2.943419e+001
      vertex  1.457903e+001 -6.942639e-001  2.920379e+001
      vertex  1.467515e+001 -5.988774e-001  2.925639e+001
    endloop
  endfacet
  facet normal  4.800992e-001 -4.171028e-007 -8.772142e-001
    outer loop
      vertex  1.500000e+001 -4.208854e+000  2.943419e+001
      vertex  1.467515e+001 -5.988774e-001  2.925639e+001
      vertex  1.475006e+001 -5.086080e-001  2.929739e+001
    endloop
  endfacet
  facet normal  4.801128e-001  7.809634e-007 -8.772067e-001
    outer loop
      vertex  1.500000e+001 -4.208854e+000  2.943419e+001
      vertex  1.475006e+001 -5.086080e-001  2.929739e+001
      vertex  1.481582e+001 -4.100669e-001  2.933339e+001
    endloop
  endfacet
  facet normal  4.801028e-001  1.486866e-007 -8.772123e-001
    outer loop
      vertex  1.500000e+001 -4.208854e+000  2.943419e+001
      vertex  1.481582e+001 -4.100669e-001  2.933339e+001
      vertex  1.486978e+001 -3.032129e-001  2.936292e+001
    endloop
  endfacet
  facet normal  4.801031e-001  1.626606e-007 -8.772120e-001
    outer loop
      vertex  1.500000e+001 -4.208854e+000  2.943419e+001
      vertex  1.486978e+001 -3.032129e-001  2.936292e+001
      vertex  1.489591e+001 -2.332475e-001  2.937722e+001
    endloop
  endfacet
  facet normal  4.800956e-001 -9.574933e-008 -8.772162e-001
    outer loop
      vertex  1.500000e+001 -4.208854e+000  2.943419e+001
      vertex  1.489591e+001 -2.332475e-001  2.937722e+001
      vertex  1.491561e+001 -1.607101e-001  2.938800e+001
    endloop
  endfacet
  facet normal  4.801202e-001  5.718008e-007 -8.772028e-001
    outer loop
      vertex  1.500000e+001 -4.208854e+000  2.943419e+001
      vertex  1.491561e+001 -1.607101e-001  2.938800e+001
      vertex  1.493073e+001 -6.114373e-002  2.939627e+001
    endloop
  endfacet
  facet normal  4.799246e-001 -3.672250e-006 -8.773097e-001
    outer loop
      vertex  1.500000e+001 -4.208854e+000  2.943419e+001
      vertex  1.493073e+001 -6.114373e-002  2.939627e+001
      vertex  1.493220e+001  3.991158e-002  2.939708e+001
    endloop
  endfacet
  facet normal  4.801017e-001  0.000000e+000 -8.772128e-001
    outer loop
      vertex  1.500000e+001 -4.208854e+000  2.943419e+001
      vertex  1.493220e+001  3.991158e-002  2.939708e+001
      vertex  1.500000e+001  4.208854e+000  2.943419e+001
    endloop
  endfacet
  facet normal  4.801050e-001 -1.231661e-007 -8.772110e-001
    outer loop
      vertex  6.163315e+000  4.208854e+000  2.459779e+001
      vertex  1.500000e+001  4.208854e+000  2.943419e+001
      vertex  1.060109e+001  8.557346e-001  2.702662e+001
    endloop
  endfacet
  facet normal  4.801063e-001  1.903617e-006 -8.772103e-001
    outer loop
      vertex  6.163315e+000  4.208854e+000  2.459779e+001
      vertex  1.060109e+001  8.557346e-001  2.702662e+001
      vertex  1.039105e+001  6.942639e-001  2.691167e+001
    endloop
  endfacet
  facet normal  4.801047e-001 -6.406115e-007 -8.772112e-001
    outer loop
      vertex  6.163315e+000  4.208854e+000  2.459779e+001
      vertex  1.039105e+001  6.942639e-001  2.691167e+001
      vertex  1.029493e+001  5.988774e-001  2.685906e+001
    endloop
  endfacet
  facet normal  4.801024e-001 -3.927212e-006 -8.772124e-001
    outer loop
      vertex  6.163315e+000  4.208854e+000  2.459779e+001
      vertex  1.029493e+001  5.988774e-001  2.685906e+001
      vertex  1.022002e+001  5.086080e-001  2.681806e+001
    endloop
  endfacet
  facet normal  4.801085e-001  4.602830e-006 -8.772091e-001
    outer loop
      vertex  6.163315e+000  4.208854e+000  2.459779e+001
      vertex  1.022002e+001  5.086080e-001  2.681806e+001
      vertex  1.015426e+001  4.100669e-001  2.678207e+001
    endloop
  endfacet
  facet normal  4.801044e-001 -8.998835e-007 -8.772113e-001
    outer loop
      vertex  6.163315e+000  4.208854e+000  2.459779e+001
      vertex  1.015426e+001  4.100669e-001  2.678207e+001
      vertex  1.010030e+001  3.032129e-001  2.675254e+001
    endloop
  endfacet
  facet normal  4.801047e-001 -5.761684e-007 -8.772113e-001
    outer loop
      vertex  6.163315e+000  4.208854e+000  2.459779e+001
      vertex  1.010030e+001  3.032129e-001  2.675254e+001
      vertex  1.007418e+001  2.332475e-001  2.673824e+001
    endloop
  endfacet
  facet normal  4.801030e-001 -2.721390e-006 -8.772122e-001
    outer loop
      vertex  6.163315e+000  4.208854e+000  2.459779e+001
      vertex  1.007418e+001  2.332475e-001  2.673824e+001
      vertex  1.005447e+001  1.607101e-001  2.672746e+001
    endloop
  endfacet
  facet normal  4.801076e-001  3.054221e-006 -8.772097e-001
    outer loop
      vertex  6.163315e+000  4.208854e+000  2.459779e+001
      vertex  1.005447e+001  1.607101e-001  2.672746e+001
      vertex  1.003935e+001  6.114373e-002  2.671918e+001
    endloop
  endfacet
  facet normal  4.800993e-001 -6.971292e-006 -8.772141e-001
    outer loop
      vertex  6.163315e+000  4.208854e+000  2.459779e+001
      vertex  1.003935e+001  6.114373e-002  2.671918e+001
      vertex  1.003789e+001 -3.991158e-002  2.671838e+001
    endloop
  endfacet
  facet normal  4.801113e-001  7.168030e-006 -8.772076e-001
    outer loop
      vertex  6.163315e+000  4.208854e+000  2.459779e+001
      vertex  1.003789e+001 -3.991158e-002  2.671838e+001
      vertex  1.005024e+001 -1.402133e-001  2.672514e+001
    endloop
  endfacet
  facet normal  4.800965e-001 -1.003688e-005 -8.772157e-001
    outer loop
      vertex  6.163315e+000  4.208854e+000  2.459779e+001
      vertex  1.005024e+001 -1.402133e-001  2.672514e+001
      vertex  1.008164e+001 -2.552713e-001  2.674232e+001
    endloop
  endfacet
  facet normal  4.801084e-001  3.509353e-006 -8.772092e-001
    outer loop
      vertex  6.163315e+000  4.208854e+000  2.459779e+001
      vertex  1.008164e+001 -2.552713e-001  2.674232e+001
      vertex  1.012851e+001 -3.633138e-001  2.676798e+001
    endloop
  endfacet
  facet normal  4.801330e-001  3.134269e-005 -8.771957e-001
    outer loop
      vertex  6.163315e+000  4.208854e+000  2.459779e+001
      vertex  1.012851e+001 -3.633138e-001  2.676798e+001
      vertex  1.019706e+001 -4.768364e-001  2.680550e+001
    endloop
  endfacet
  facet normal  4.801050e-001  0.000000e+000 -8.772110e-001
    outer loop
      vertex  6.163315e+000 -4.208854e+000  2.459779e+001
      vertex  6.163315e+000  4.208854e+000  2.459779e+001
      vertex  1.019706e+001 -4.768364e-001  2.680550e+001
    endloop
  endfacet
  facet normal  4.801103e-001 -7.483713e-006 -8.772081e-001
    outer loop
      vertex  6.163315e+000 -4.208854e+000  2.459779e+001
      vertex  1.019706e+001 -4.768364e-001  2.680550e+001
      vertex  1.027799e+001 -5.799427e-001  2.684979e+001
    endloop
  endfacet
  facet normal  4.801021e-001  4.632666e-006 -8.772126e-001
    outer loop
      vertex  6.163315e+000 -4.208854e+000  2.459779e+001
      vertex  1.027799e+001 -5.799427e-001  2.684979e+001
      vertex  1.036816e+001 -6.731427e-001  2.689914e+001
    endloop
  endfacet
  facet normal  4.801044e-001  1.106490e-006 -8.772114e-001
    outer loop
      vertex  6.163315e+000 -4.208854e+000  2.459779e+001
      vertex  1.036816e+001 -6.731427e-001  2.689914e+001
      vertex  1.053360e+001 -8.091576e-001  2.698968e+001
    endloop
  endfacet
  facet normal  4.800707e-001  6.575910e-007 -8.772299e-001
    outer loop
      vertex  1.500000e+001  4.208854e+000  2.943419e+001
      vertex  1.493220e+001  3.991158e-002  2.939708e+001
      vertex  1.491985e+001  1.402133e-001  2.939032e+001
    endloop
  endfacet
  facet normal  4.801228e-001 -6.801343e-007 -8.772013e-001
    outer loop
      vertex  1.500000e+001  4.208854e+000  2.943419e+001
      vertex  1.491985e+001  1.402133e-001  2.939032e+001
      vertex  1.488845e+001  2.552713e-001  2.937313e+001
    endloop
  endfacet
  facet normal  4.801022e-001  7.518642e-008 -8.772125e-001
    outer loop
      vertex  1.500000e+001  4.208854e+000  2.943419e+001
      vertex  1.488845e+001  2.552713e-001  2.937313e+001
      vertex  1.484158e+001  3.633138e-001  2.934748e+001
    endloop
  endfacet
  facet normal  4.800938e-001  5.290174e-007 -8.772172e-001
    outer loop
      vertex  1.500000e+001  4.208854e+000  2.943419e+001
      vertex  1.484158e+001  3.633138e-001  2.934748e+001
      vertex  1.477302e+001  4.768364e-001  2.930996e+001
    endloop
  endfacet
  facet normal  4.801165e-001 -1.263139e-006 -8.772048e-001
    outer loop
      vertex  1.500000e+001  4.208854e+000  2.943419e+001
      vertex  1.477302e+001  4.768364e-001  2.930996e+001
      vertex  1.469210e+001  5.799427e-001  2.926567e+001
    endloop
  endfacet
  facet normal  4.800990e-001  6.640485e-007 -8.772144e-001
    outer loop
      vertex  1.500000e+001  4.208854e+000  2.943419e+001
      vertex  1.469210e+001  5.799427e-001  2.926567e+001
      vertex  1.460193e+001  6.731427e-001  2.921632e+001
    endloop
  endfacet
  facet normal  4.801037e-001 -2.671770e-008 -8.772118e-001
    outer loop
      vertex  1.500000e+001  4.208854e+000  2.943419e+001
      vertex  1.460193e+001  6.731427e-001  2.921632e+001
      vertex  1.443649e+001  8.091576e-001  2.912577e+001
    endloop
  endfacet
  facet normal  4.801109e-001 -1.577959e-006 -8.772078e-001
    outer loop
      vertex  1.500000e+001  4.208854e+000  2.943419e+001
      vertex  1.443649e+001  8.091576e-001  2.912577e+001
      vertex  1.425973e+001  9.230567e-001  2.902903e+001
    endloop
  endfacet
  facet normal  4.801041e-001  4.296856e-007 -8.772116e-001
    outer loop
      vertex  1.500000e+001  4.208854e+000  2.943419e+001
      vertex  1.425973e+001  9.230567e-001  2.902903e+001
      vertex  1.399985e+001  1.052664e+000  2.888680e+001
    endloop
  endfacet
  facet normal  4.801017e-001  1.396276e-006 -8.772129e-001
    outer loop
      vertex  1.500000e+001  4.208854e+000  2.943419e+001
      vertex  1.399985e+001  1.052664e+000  2.888680e+001
      vertex  1.373034e+001  1.153659e+000  2.873929e+001
    endloop
  endfacet
  facet normal  4.801070e-001 -1.483852e-006 -8.772100e-001
    outer loop
      vertex  1.500000e+001  4.208854e+000  2.943419e+001
      vertex  1.373034e+001  1.153659e+000  2.873929e+001
      vertex  1.339258e+001  1.244486e+000  2.855443e+001
    endloop
  endfacet
  facet normal  4.801051e-001 -1.321697e-007 -8.772110e-001
    outer loop
      vertex  1.500000e+001  4.208854e+000  2.943419e+001
      vertex  1.339258e+001  1.244486e+000  2.855443e+001
      vertex  1.304945e+001  1.303854e+000  2.836663e+001
    endloop
  endfacet
  facet normal  4.801049e-001  3.816857e-008 -8.772110e-001
    outer loop
      vertex  1.500000e+001  4.208854e+000  2.943419e+001
      vertex  1.304945e+001  1.303854e+000  2.836663e+001
      vertex  1.248504e+001  1.339946e+000  2.805773e+001
    endloop
  endfacet
  facet normal  4.801059e-001 -1.114804e-006 -8.772105e-001
    outer loop
      vertex  1.500000e+001  4.208854e+000  2.943419e+001
      vertex  1.248504e+001  1.339946e+000  2.805773e+001
      vertex  1.210006e+001  1.323276e+000  2.784702e+001
    endloop
  endfacet
  facet normal  4.801042e-001  1.108237e-006 -8.772115e-001
    outer loop
      vertex  1.500000e+001  4.208854e+000  2.943419e+001
      vertex  1.210006e+001  1.323276e+000  2.784702e+001
      vertex  1.171741e+001  1.272378e+000  2.763760e+001
    endloop
  endfacet
  facet normal  4.801038e-001  1.775249e-006 -8.772117e-001
    outer loop
      vertex  1.500000e+001  4.208854e+000  2.943419e+001
      vertex  1.171741e+001  1.272378e+000  2.763760e+001
      vertex  1.135284e+001  1.188055e+000  2.743807e+001
    endloop
  endfacet
  facet normal  4.801067e-001 -2.940202e-006 -8.772101e-001
    outer loop
      vertex  1.500000e+001  4.208854e+000  2.943419e+001
      vertex  1.135284e+001  1.188055e+000  2.743807e+001
      vertex  1.099715e+001  1.064100e+000  2.724339e+001
    endloop
  endfacet
  facet normal  4.801004e-001  7.550967e-006 -8.772135e-001
    outer loop
      vertex  1.500000e+001  4.208854e+000  2.943419e+001
      vertex  1.099715e+001  1.064100e+000  2.724339e+001
      vertex  1.079519e+001  9.695742e-001  2.713286e+001
    endloop
  endfacet
  facet normal  4.801146e-001 -1.644275e-005 -8.772057e-001
    outer loop
      vertex  1.500000e+001  4.208854e+000  2.943419e+001
      vertex  1.079519e+001  9.695742e-001  2.713286e+001
      vertex  1.060109e+001  8.557346e-001  2.702662e+001
    endloop
  endfacet
  facet normal -1.130625e-003 -9.934786e-001 -1.140129e-001
    outer loop
      vertex  1.304945e+001  1.303854e+000  2.836663e+001
      vertex  5.978914e+000  1.322901e+000  2.827078e+001
      vertex  1.248504e+001  1.339946e+000  2.805773e+001
    endloop
  endfacet
  facet normal  0.000000e+000 -9.968148e-001 -7.975259e-002
    outer loop
      vertex  5.978914e+000  1.322901e+000  2.827078e+001
      vertex  5.975345e+000  1.339946e+000  2.805773e+001
      vertex  1.248504e+001  1.339946e+000  2.805773e+001
    endloop
  endfacet
  facet normal  5.983877e-004 -9.714662e-001 -2.371773e-001
    outer loop
      vertex  5.989232e+000  1.272268e+000  2.847819e+001
      vertex  5.978914e+000  1.322901e+000  2.827078e+001
      vertex  1.304945e+001  1.303854e+000  2.836663e+001
    endloop
  endfacet
  facet normal -4.834132e-004 -9.537432e-001 -3.006220e-001
    outer loop
      vertex  1.339258e+001  1.244486e+000  2.855443e+001
      vertex  5.989232e+000  1.272268e+000  2.847819e+001
      vertex  1.304945e+001  1.303854e+000  2.836663e+001
    endloop
  endfacet
  facet normal  5.410507e-004 -9.215075e-001 -3.883602e-001
    outer loop
      vertex  6.005194e+000  1.189490e+000  2.867463e+001
      vertex  5.989232e+000  1.272268e+000  2.847819e+001
      vertex  1.339258e+001  1.244486e+000  2.855443e+001
    endloop
  endfacet
  facet normal -4.794922e-004 -8.978679e-001 -4.402646e-001
    outer loop
      vertex  1.373034e+001  1.153659e+000  2.873929e+001
      vertex  6.005194e+000  1.189490e+000  2.867463e+001
      vertex  1.339258e+001  1.244486e+000  2.855443e+001
    endloop
  endfacet
  facet normal  3.788739e-004  2.662081e-001 -9.639155e-001
    outer loop
      vertex  1.481582e+001 -4.100669e-001  2.933339e+001
      vertex  6.098602e+000 -4.607981e-001  2.931595e+001
      vertex  1.486978e+001 -3.032129e-001  2.936292e+001
    endloop
  endfacet
  facet normal -1.252281e-004  4.830301e-001 -8.756037e-001
    outer loop
      vertex  1.457903e+001 -6.942639e-001  2.920379e+001
      vertex  6.081769e+000 -6.559933e-001  2.922611e+001
      vertex  1.467515e+001 -5.988774e-001  2.925639e+001
    endloop
  endfacet
  facet normal  8.143773e-004  8.859405e-001 -4.637982e-001
    outer loop
      vertex  1.361724e+001 -1.188055e+000  2.867739e+001
      vertex  5.995319e+000 -1.241370e+000  2.856216e+001
      vertex  6.017395e+000 -1.121956e+000  2.879031e+001
    endloop
  endfacet
  facet normal  1.719265e-004  1.100633e-001 -9.939246e-001
    outer loop
      vertex  6.109995e+000 -2.538498e-001  2.937341e+001
      vertex  6.114826e+000 -4.017292e-002  2.939707e+001
      vertex  1.493073e+001 -6.114373e-002  2.939627e+001
    endloop
  endfacet
  facet normal  7.762111e-004  8.271757e-002 -9.965727e-001
    outer loop
      vertex  6.109995e+000 -2.538498e-001  2.937341e+001
      vertex  1.493073e+001 -6.114373e-002  2.939627e+001
      vertex  1.491561e+001 -1.607101e-001  2.938800e+001
    endloop
  endfacet
  facet normal  8.388940e-005  1.470061e-001 -9.891356e-001
    outer loop
      vertex  6.109995e+000 -2.538498e-001  2.937341e+001
      vertex  1.491561e+001 -1.607101e-001  2.938800e+001
      vertex  1.489591e+001 -2.332475e-001  2.937722e+001
    endloop
  endfacet
  facet normal -4.504494e-005  2.002551e-001 -9.797438e-001
    outer loop
      vertex  6.109995e+000 -2.538498e-001  2.937341e+001
      vertex  1.489591e+001 -2.332475e-001  2.937722e+001
      vertex  1.486978e+001 -3.032129e-001  2.936292e+001
    endloop
  endfacet
  facet normal  3.533899e-004  2.675183e-001 -9.635527e-001
    outer loop
      vertex  6.109995e+000 -2.538498e-001  2.937341e+001
      vertex  1.486978e+001 -3.032129e-001  2.936292e+001
      vertex  6.098602e+000 -4.607981e-001  2.931595e+001
    endloop
  endfacet
  facet normal -2.567347e-005 -4.679637e-001 -8.837477e-001
    outer loop
      vertex  1.469210e+001  5.799427e-001  2.926567e+001
      vertex  6.088554e+000  5.852522e-001  2.926311e+001
      vertex  1.460193e+001  6.731427e-001  2.921632e+001
    endloop
  endfacet
  facet normal  5.035492e-004 -5.074722e-001 -8.616679e-001
    outer loop
      vertex  1.460193e+001  6.731427e-001  2.921632e+001
      vertex  6.088554e+000  5.852522e-001  2.926311e+001
      vertex  6.069132e+000  7.704487e-001  2.915402e+001
    endloop
  endfacet
  facet normal -2.455925e-004 -5.543523e-001 -8.322821e-001
    outer loop
      vertex  1.460193e+001  6.731427e-001  2.921632e+001
      vertex  6.069132e+000  7.704487e-001  2.915402e+001
      vertex  1.443649e+001  8.091576e-001  2.912577e+001
    endloop
  endfacet
  facet normal  3.564241e-004 -6.386571e-001 -7.694914e-001
    outer loop
      vertex  1.443649e+001  8.091576e-001  2.912577e+001
      vertex  6.069132e+000  7.704487e-001  2.915402e+001
      vertex  6.047261e+000  9.356573e-001  2.901690e+001
    endloop
  endfacet
  facet normal  1.328351e-004 -6.472652e-001 -7.622648e-001
    outer loop
      vertex  1.443649e+001  8.091576e-001  2.912577e+001
      vertex  6.047261e+000  9.356573e-001  2.901690e+001
      vertex  1.425973e+001  9.230567e-001  2.902903e+001
    endloop
  endfacet
  facet normal -1.846121e-004 -7.533828e-001 -6.575821e-001
    outer loop
      vertex  1.425973e+001  9.230567e-001  2.902903e+001
      vertex  6.047261e+000  9.356573e-001  2.901690e+001
      vertex  6.025144e+000  1.076802e+000  2.885519e+001
    endloop
  endfacet
  facet normal  4.347234e-004 -7.387504e-001 -6.739790e-001
    outer loop
      vertex  1.425973e+001  9.230567e-001  2.902903e+001
      vertex  6.025144e+000  1.076802e+000  2.885519e+001
      vertex  1.399985e+001  1.052664e+000  2.888680e+001
    endloop
  endfacet
  facet normal -4.699461e-004 -8.483675e-001 -5.294076e-001
    outer loop
      vertex  1.399985e+001  1.052664e+000  2.888680e+001
      vertex  6.025144e+000  1.076802e+000  2.885519e+001
      vertex  6.005194e+000  1.189490e+000  2.867463e+001
    endloop
  endfacet
  facet normal  9.146729e-004 -8.243436e-001 -5.660890e-001
    outer loop
      vertex  1.399985e+001  1.052664e+000  2.888680e+001
      vertex  6.005194e+000  1.189490e+000  2.867463e+001
      vertex  1.373034e+001  1.153659e+000  2.873929e+001
    endloop
  endfacet
  facet normal -9.264855e-005 -3.138576e-001 -9.494701e-001
    outer loop
      vertex  1.484158e+001  3.633138e-001  2.934748e+001
      vertex  6.103562e+000  3.847035e-001  2.934126e+001
      vertex  1.477302e+001  4.768364e-001  2.930996e+001
    endloop
  endfacet
  facet normal  4.943702e-004 -3.630773e-001 -9.317589e-001
    outer loop
      vertex  1.477302e+001  4.768364e-001  2.930996e+001
      vertex  6.103562e+000  3.847035e-001  2.934126e+001
      vertex  6.088554e+000  5.852522e-001  2.926311e+001
    endloop
  endfacet
  facet normal  2.999211e-005 -3.946826e-001 -9.188175e-001
    outer loop
      vertex  1.477302e+001  4.768364e-001  2.930996e+001
      vertex  6.088554e+000  5.852522e-001  2.926311e+001
      vertex  1.469210e+001  5.799427e-001  2.926567e+001
    endloop
  endfacet
  facet normal -1.201073e-004 -1.477546e-001 -9.890241e-001
    outer loop
      vertex  1.491985e+001  1.402133e-001  2.939032e+001
      vertex  6.112609e+000  1.745794e-001  2.938625e+001
      vertex  1.488845e+001  2.552713e-001  2.937313e+001
    endloop
  endfacet
  facet normal  4.630455e-004 -2.093581e-001 -9.778389e-001
    outer loop
      vertex  1.488845e+001  2.552713e-001  2.937313e+001
      vertex  6.112609e+000  1.745794e-001  2.938625e+001
      vertex  6.103562e+000  3.847035e-001  2.934126e+001
    endloop
  endfacet
  facet normal  1.269754e-004 -2.309670e-001 -9.729616e-001
    outer loop
      vertex  1.488845e+001  2.552713e-001  2.937313e+001
      vertex  6.103562e+000  3.847035e-001  2.934126e+001
      vertex  1.484158e+001  3.633138e-001  2.934748e+001
    endloop
  endfacet
  facet normal -7.152917e-005  7.946871e-003 -9.999685e-001
    outer loop
      vertex  1.493073e+001 -6.114373e-002  2.939627e+001
      vertex  6.114826e+000 -4.017292e-002  2.939707e+001
      vertex  1.493220e+001  3.991158e-002  2.939708e+001
    endloop
  endfacet
  facet normal  4.575748e-004 -5.030802e-002 -9.987336e-001
    outer loop
      vertex  1.493220e+001  3.991158e-002  2.939708e+001
      vertex  6.114826e+000 -4.017292e-002  2.939707e+001
      vertex  6.112609e+000  1.745794e-001  2.938625e+001
    endloop
  endfacet
  facet normal  1.981779e-004 -6.721630e-002 -9.977384e-001
    outer loop
      vertex  1.493220e+001  3.991158e-002  2.939708e+001
      vertex  6.112609e+000  1.745794e-001  2.938625e+001
      vertex  1.491985e+001  1.402133e-001  2.939032e+001
    endloop
  endfacet
  facet normal -1.181599e-004  3.431472e-001 -9.392816e-001
    outer loop
      vertex  1.481582e+001 -4.100669e-001  2.933339e+001
      vertex  1.475006e+001 -5.086080e-001  2.929739e+001
      vertex  6.098602e+000 -4.607981e-001  2.931595e+001
    endloop
  endfacet
  facet normal  3.311369e-004  4.133143e-001 -9.105884e-001
    outer loop
      vertex  6.098602e+000 -4.607981e-001  2.931595e+001
      vertex  1.475006e+001 -5.086080e-001  2.929739e+001
      vertex  1.467515e+001 -5.988774e-001  2.925639e+001
    endloop
  endfacet
  facet normal  4.223368e-004  4.180462e-001 -9.084257e-001
    outer loop
      vertex  6.098602e+000 -4.607981e-001  2.931595e+001
      vertex  1.467515e+001 -5.988774e-001  2.925639e+001
      vertex  6.081769e+000 -6.559933e-001  2.922611e+001
    endloop
  endfacet
  facet normal -6.268813e-004  8.440427e-001 -5.362757e-001
    outer loop
      vertex  1.361724e+001 -1.188055e+000  2.867739e+001
      vertex  6.017395e+000 -1.121956e+000  2.879031e+001
      vertex  1.397294e+001 -1.064100e+000  2.887207e+001
    endloop
  endfacet
  facet normal  5.383912e-004  7.908452e-001 -6.120161e-001
    outer loop
      vertex  1.397294e+001 -1.064100e+000  2.887207e+001
      vertex  6.017395e+000 -1.121956e+000  2.879031e+001
      vertex  6.039011e+000 -9.907159e-001  2.895991e+001
    endloop
  endfacet
  facet normal -1.637487e-004  7.601295e-001 -6.497716e-001
    outer loop
      vertex  1.397294e+001 -1.064100e+000  2.887207e+001
      vertex  6.039011e+000 -9.907159e-001  2.895991e+001
      vertex  1.417489e+001 -9.695742e-001  2.898260e+001
    endloop
  endfacet
  facet normal  2.610032e-004  6.830984e-001 -7.303262e-001
    outer loop
      vertex  1.417489e+001 -9.695742e-001  2.898260e+001
      vertex  6.039011e+000 -9.907159e-001  2.895991e+001
      vertex  6.061215e+000 -8.341063e-001  2.910640e+001
    endloop
  endfacet
  facet normal  2.288340e-004  6.820590e-001 -7.312971e-001
    outer loop
      vertex  1.417489e+001 -9.695742e-001  2.898260e+001
      vertex  6.061215e+000 -8.341063e-001  2.910640e+001
      vertex  1.436899e+001 -8.557346e-001  2.908883e+001
    endloop
  endfacet
  facet normal -3.031953e-004  5.578460e-001 -8.299444e-001
    outer loop
      vertex  1.436899e+001 -8.557346e-001  2.908883e+001
      vertex  6.061215e+000 -8.341063e-001  2.910640e+001
      vertex  6.081769e+000 -6.559933e-001  2.922611e+001
    endloop
  endfacet
  facet normal  4.689722e-004  5.795621e-001 -8.149279e-001
    outer loop
      vertex  1.436899e+001 -8.557346e-001  2.908883e+001
      vertex  6.081769e+000 -6.559933e-001  2.922611e+001
      vertex  1.457903e+001 -6.942639e-001  2.920379e+001
    endloop
  endfacet
  facet normal  0.000000e+000  9.988342e-001 -4.827308e-002
    outer loop
      vertex  5.975345e+000 -1.339946e+000  2.805773e+001
      vertex  5.976658e+000 -1.333701e+000  2.818694e+001
      vertex  1.248504e+001 -1.339946e+000  2.805773e+001
    endloop
  endfacet
  facet normal -1.915235e-003  9.895334e-001 -1.442912e-001
    outer loop
      vertex  1.248504e+001 -1.339946e+000  2.805773e+001
      vertex  5.976658e+000 -1.333701e+000  2.818694e+001
      vertex  5.980544e+000 -1.315035e+000  2.831490e+001
    endloop
  endfacet
  facet normal  6.523547e-004  9.967903e-001 -8.005352e-002
    outer loop
      vertex  1.248504e+001 -1.339946e+000  2.805773e+001
      vertex  5.980544e+000 -1.315035e+000  2.831490e+001
      vertex  1.287002e+001 -1.323276e+000  2.826843e+001
    endloop
  endfacet
  facet normal -4.505615e-004  9.710190e-001 -2.390021e-001
    outer loop
      vertex  1.287002e+001 -1.323276e+000  2.826843e+001
      vertex  5.980544e+000 -1.315035e+000  2.831490e+001
      vertex  5.986847e+000 -1.284151e+000  2.844037e+001
    endloop
  endfacet
  facet normal -3.592788e-004  9.718645e-001 -2.355402e-001
    outer loop
      vertex  1.287002e+001 -1.323276e+000  2.826843e+001
      vertex  5.986847e+000 -1.284151e+000  2.844037e+001
      vertex  1.325267e+001 -1.272378e+000  2.847786e+001
    endloop
  endfacet
  facet normal  1.813499e-004  9.434885e-001 -3.314052e-001
    outer loop
      vertex  1.325267e+001 -1.272378e+000  2.847786e+001
      vertex  5.986847e+000 -1.284151e+000  2.844037e+001
      vertex  5.995319e+000 -1.241370e+000  2.856216e+001
    endloop
  endfacet
  facet normal -5.744761e-004  9.214987e-001 -3.883809e-001
    outer loop
      vertex  1.325267e+001 -1.272378e+000  2.847786e+001
      vertex  5.995319e+000 -1.241370e+000  2.856216e+001
      vertex  1.361724e+001 -1.188055e+000  2.867739e+001
    endloop
  endfacet
  facet normal  0.000000e+000  9.988342e-001  4.827308e-002
    outer loop
      vertex  1.248504e+001 -1.339946e+000  2.805773e+001
      vertex  5.976658e+000 -1.333701e+000  2.792851e+001
      vertex  5.975345e+000 -1.339946e+000  2.805773e+001
    endloop
  endfacet
  facet normal -1.104930e-004  8.974417e-001  4.411332e-001
    outer loop
      vertex  5.995319e+000 -1.241370e+000  2.755329e+001
      vertex  1.157751e+001 -1.244486e+000  2.756103e+001
      vertex  1.123975e+001 -1.153659e+000  2.737617e+001
    endloop
  endfacet
  facet normal  8.474601e-004  8.859392e-001  4.638007e-001
    outer loop
      vertex  1.123975e+001 -1.153659e+000  2.737617e+001
      vertex  6.017395e+000 -1.121956e+000  2.732515e+001
      vertex  5.995319e+000 -1.241370e+000  2.755329e+001
    endloop
  endfacet
  facet normal -5.188368e-004  8.246815e-001  5.655971e-001
    outer loop
      vertex  6.017395e+000 -1.121956e+000  2.732515e+001
      vertex  1.123975e+001 -1.153659e+000  2.737617e+001
      vertex  1.097023e+001 -1.052664e+000  2.722866e+001
    endloop
  endfacet
  facet normal  8.596316e-004  7.908252e-001  6.120415e-001
    outer loop
      vertex  1.097023e+001 -1.052664e+000  2.722866e+001
      vertex  6.039011e+000 -9.907159e-001  2.715554e+001
      vertex  6.017395e+000 -1.121956e+000  2.732515e+001
    endloop
  endfacet
  facet normal  1.493620e-005  2.310253e-001  9.729478e-001
    outer loop
      vertex  1.012851e+001 -3.633138e-001  2.676798e+001
      vertex  1.008164e+001 -2.552713e-001  2.674232e+001
      vertex  6.109995e+000 -2.538498e-001  2.674205e+001
    endloop
  endfacet
  facet normal  1.216584e-003 -2.006748e-001  9.796571e-001
    outer loop
      vertex  1.010030e+001  3.032129e-001  2.675254e+001
      vertex  6.103562e+000  3.847035e-001  2.677419e+001
      vertex  1.007418e+001  2.332475e-001  2.673824e+001
    endloop
  endfacet
  facet normal  4.808372e-006 -5.031269e-002  9.987335e-001
    outer loop
      vertex  6.112609e+000  1.745794e-001  2.672920e+001
      vertex  6.114826e+000 -4.017292e-002  2.671838e+001
      vertex  1.003789e+001 -3.991158e-002  2.671838e+001
    endloop
  endfacet
  facet normal  2.321439e-003 -7.979546e-003  9.999655e-001
    outer loop
      vertex  6.112609e+000  1.745794e-001  2.672920e+001
      vertex  1.003789e+001 -3.991158e-002  2.671838e+001
      vertex  1.003935e+001  6.114373e-002  2.671918e+001
    endloop
  endfacet
  facet normal  1.496867e-004 -8.285724e-002  9.965614e-001
    outer loop
      vertex  6.112609e+000  1.745794e-001  2.672920e+001
      vertex  1.003935e+001  6.114373e-002  2.671918e+001
      vertex  1.005447e+001  1.607101e-001  2.672746e+001
    endloop
  endfacet
  facet normal -7.931179e-005 -1.470073e-001  9.891354e-001
    outer loop
      vertex  6.112609e+000  1.745794e-001  2.672920e+001
      vertex  1.005447e+001  1.607101e-001  2.672746e+001
      vertex  1.007418e+001  2.332475e-001  2.673824e+001
    endloop
  endfacet
  facet normal  8.695737e-004 -2.093413e-001  9.778423e-001
    outer loop
      vertex  6.112609e+000  1.745794e-001  2.672920e+001
      vertex  1.007418e+001  2.332475e-001  2.673824e+001
      vertex  6.103562e+000  3.847035e-001  2.677419e+001
    endloop
  endfacet
  facet normal  6.728573e-005  9.434909e-001  3.313982e-001
    outer loop
      vertex  5.995319e+000 -1.241370e+000  2.755329e+001
      vertex  5.986847e+000 -1.284151e+000  2.767509e+001
      vertex  1.157751e+001 -1.244486e+000  2.756103e+001
    endloop
  endfacet
  facet normal -2.014735e-003  9.710353e-001  2.389275e-001
    outer loop
      vertex  1.157751e+001 -1.244486e+000  2.756103e+001
      vertex  5.986847e+000 -1.284151e+000  2.767509e+001
      vertex  5.980544e+000 -1.315035e+000  2.780056e+001
    endloop
  endfacet
  facet normal  8.175542e-004  9.539179e-001  3.000667e-001
    outer loop
      vertex  1.157751e+001 -1.244486e+000  2.756103e+001
      vertex  5.980544e+000 -1.315035e+000  2.780056e+001
      vertex  1.192064e+001 -1.303854e+000  2.774883e+001
    endloop
  endfacet
  facet normal -6.057583e-004  9.895293e-001  1.443304e-001
    outer loop
      vertex  1.192064e+001 -1.303854e+000  2.774883e+001
      vertex  5.980544e+000 -1.315035e+000  2.780056e+001
      vertex  5.976658e+000 -1.333701e+000  2.792851e+001
    endloop
  endfacet
  facet normal -1.401438e-003  9.929439e-001  1.185768e-001
    outer loop
      vertex  1.192064e+001 -1.303854e+000  2.774883e+001
      vertex  5.976658e+000 -1.333701e+000  2.792851e+001
      vertex  1.248504e+001 -1.339946e+000  2.805773e+001
    endloop
  endfacet
  facet normal -7.204351e-004  7.384902e-001  6.742639e-001
    outer loop
      vertex  1.097023e+001 -1.052664e+000  2.722866e+001
      vertex  1.071036e+001 -9.230567e-001  2.708643e+001
      vertex  6.039011e+000 -9.907159e-001  2.715554e+001
    endloop
  endfacet
  facet normal  1.854364e-003  6.490541e-001  7.607400e-001
    outer loop
      vertex  6.039011e+000 -9.907159e-001  2.715554e+001
      vertex  1.071036e+001 -9.230567e-001  2.708643e+001
      vertex  1.053360e+001 -8.091576e-001  2.698968e+001
    endloop
  endfacet
  facet normal -6.483369e-004  6.831670e-001  7.302618e-001
    outer loop
      vertex  6.039011e+000 -9.907159e-001  2.715554e+001
      vertex  1.053360e+001 -8.091576e-001  2.698968e+001
      vertex  6.061215e+000 -8.341063e-001  2.700905e+001
    endloop
  endfacet
  facet normal  5.101890e-004  5.545752e-001  8.321335e-001
    outer loop
      vertex  6.061215e+000 -8.341063e-001  2.700905e+001
      vertex  1.053360e+001 -8.091576e-001  2.698968e+001
      vertex  1.036816e+001 -6.731427e-001  2.689914e+001
    endloop
  endfacet
  facet normal  3.348491e-004  5.577953e-001  8.299786e-001
    outer loop
      vertex  6.061215e+000 -8.341063e-001  2.700905e+001
      vertex  1.036816e+001 -6.731427e-001  2.689914e+001
      vertex  6.081769e+000 -6.559933e-001  2.688934e+001
    endloop
  endfacet
  facet normal -1.481276e-004  4.678324e-001  8.838172e-001
    outer loop
      vertex  6.081769e+000 -6.559933e-001  2.688934e+001
      vertex  1.036816e+001 -6.731427e-001  2.689914e+001
      vertex  1.027799e+001 -5.799427e-001  2.684979e+001
    endloop
  endfacet
  facet normal  9.870334e-004  4.180058e-001  9.084437e-001
    outer loop
      vertex  6.081769e+000 -6.559933e-001  2.688934e+001
      vertex  1.027799e+001 -5.799427e-001  2.684979e+001
      vertex  6.098602e+000 -4.607981e-001  2.679951e+001
    endloop
  endfacet
  facet normal  2.025274e-004  3.948367e-001  9.187514e-001
    outer loop
      vertex  1.027799e+001 -5.799427e-001  2.684979e+001
      vertex  1.019706e+001 -4.768364e-001  2.680550e+001
      vertex  6.098602e+000 -4.607981e-001  2.679951e+001
    endloop
  endfacet
  facet normal -1.598581e-004  3.137202e-001  9.495155e-001
    outer loop
      vertex  6.098602e+000 -4.607981e-001  2.679951e+001
      vertex  1.019706e+001 -4.768364e-001  2.680550e+001
      vertex  1.012851e+001 -3.633138e-001  2.676798e+001
    endloop
  endfacet
  facet normal  1.068566e-003  2.674817e-001  9.635624e-001
    outer loop
      vertex  6.098602e+000 -4.607981e-001  2.679951e+001
      vertex  1.012851e+001 -3.633138e-001  2.676798e+001
      vertex  6.109995e+000 -2.538498e-001  2.674205e+001
    endloop
  endfacet
  facet normal -3.024038e-006  6.724022e-002  9.977368e-001
    outer loop
      vertex  1.003789e+001 -3.991158e-002  2.671838e+001
      vertex  6.114826e+000 -4.017292e-002  2.671838e+001
      vertex  1.005024e+001 -1.402133e-001  2.672514e+001
    endloop
  endfacet
  facet normal  1.091577e-003  1.100427e-001  9.939262e-001
    outer loop
      vertex  1.005024e+001 -1.402133e-001  2.672514e+001
      vertex  6.114826e+000 -4.017292e-002  2.671838e+001
      vertex  6.109995e+000 -2.538498e-001  2.674205e+001
    endloop
  endfacet
  facet normal -1.600051e-005  1.477183e-001  9.890295e-001
    outer loop
      vertex  1.005024e+001 -1.402133e-001  2.672514e+001
      vertex  6.109995e+000 -2.538498e-001  2.674205e+001
      vertex  1.008164e+001 -2.552713e-001  2.674232e+001
    endloop
  endfacet
  facet normal -2.066535e-004 -2.662888e-001  9.638932e-001
    outer loop
      vertex  1.010030e+001  3.032129e-001  2.675254e+001
      vertex  1.015426e+001  4.100669e-001  2.678207e+001
      vertex  6.103562e+000  3.847035e-001  2.677419e+001
    endloop
  endfacet
  facet normal  3.232866e-004 -3.432679e-001  9.392375e-001
    outer loop
      vertex  6.103562e+000  3.847035e-001  2.677419e+001
      vertex  1.015426e+001  4.100669e-001  2.678207e+001
      vertex  1.022002e+001  5.086080e-001  2.681806e+001
    endloop
  endfacet
  facet normal  9.981176e-004 -3.630444e-001  9.317713e-001
    outer loop
      vertex  6.103562e+000  3.847035e-001  2.677419e+001
      vertex  1.022002e+001  5.086080e-001  2.681806e+001
      vertex  6.088554e+000  5.852522e-001  2.685235e+001
    endloop
  endfacet
  facet normal -1.136003e-004 -4.134639e-001  9.105204e-001
    outer loop
      vertex  1.022002e+001  5.086080e-001  2.681806e+001
      vertex  1.029493e+001  5.988774e-001  2.685906e+001
      vertex  6.088554e+000  5.852522e-001  2.685235e+001
    endloop
  endfacet
  facet normal  1.675870e-004 -4.830628e-001  8.755857e-001
    outer loop
      vertex  6.088554e+000  5.852522e-001  2.685235e+001
      vertex  1.029493e+001  5.988774e-001  2.685906e+001
      vertex  1.039105e+001  6.942639e-001  2.691167e+001
    endloop
  endfacet
  facet normal  9.766929e-004 -5.074352e-001  8.616894e-001
    outer loop
      vertex  6.088554e+000  5.852522e-001  2.685235e+001
      vertex  1.039105e+001  6.942639e-001  2.691167e+001
      vertex  6.069132e+000  7.704487e-001  2.696143e+001
    endloop
  endfacet
  facet normal -8.251971e-004 -5.792543e-001  8.151466e-001
    outer loop
      vertex  1.039105e+001  6.942639e-001  2.691167e+001
      vertex  1.060109e+001  8.557346e-001  2.702662e+001
      vertex  6.069132e+000  7.704487e-001  2.696143e+001
    endloop
  endfacet
  facet normal  2.392669e-003 -6.844432e-001  7.290622e-001
    outer loop
      vertex  6.069132e+000  7.704487e-001  2.696143e+001
      vertex  1.060109e+001  8.557346e-001  2.702662e+001
      vertex  1.079519e+001  9.695742e-001  2.713286e+001
    endloop
  endfacet
  facet normal -9.952970e-004 -6.387627e-001  7.694031e-001
    outer loop
      vertex  6.069132e+000  7.704487e-001  2.696143e+001
      vertex  1.079519e+001  9.695742e-001  2.713286e+001
      vertex  6.047261e+000  9.356573e-001  2.709856e+001
    endloop
  endfacet
  facet normal  7.440888e-004 -7.606527e-001  6.491586e-001
    outer loop
      vertex  6.047261e+000  9.356573e-001  2.709856e+001
      vertex  1.079519e+001  9.695742e-001  2.713286e+001
      vertex  1.099715e+001  1.064100e+000  2.724339e+001
    endloop
  endfacet
  facet normal  3.070030e-004 -7.533495e-001  6.576203e-001
    outer loop
      vertex  6.047261e+000  9.356573e-001  2.709856e+001
      vertex  1.099715e+001  1.064100e+000  2.724339e+001
      vertex  6.025144e+000  1.076802e+000  2.726026e+001
    endloop
  endfacet
  facet normal -3.302296e-004 -8.432508e-001  5.375203e-001
    outer loop
      vertex  6.025144e+000  1.076802e+000  2.726026e+001
      vertex  1.099715e+001  1.064100e+000  2.724339e+001
      vertex  1.135284e+001  1.188055e+000  2.743807e+001
    endloop
  endfacet
  facet normal  4.546496e-005 -8.483420e-001  5.294486e-001
    outer loop
      vertex  6.025144e+000  1.076802e+000  2.726026e+001
      vertex  1.135284e+001  1.188055e+000  2.743807e+001
      vertex  6.005194e+000  1.189490e+000  2.744082e+001
    endloop
  endfacet
  facet normal -4.631134e-005 -9.210926e-001  3.893436e-001
    outer loop
      vertex  6.005194e+000  1.189490e+000  2.744082e+001
      vertex  1.135284e+001  1.188055e+000  2.743807e+001
      vertex  1.171741e+001  1.272378e+000  2.763760e+001
    endloop
  endfacet
  facet normal -4.888384e-006 -9.215235e-001  3.883226e-001
    outer loop
      vertex  6.005194e+000  1.189490e+000  2.744082e+001
      vertex  1.171741e+001  1.272378e+000  2.763760e+001
      vertex  5.989232e+000  1.272268e+000  2.763726e+001
    endloop
  endfacet
  facet normal  4.944974e-006 -9.717163e-001  2.361516e-001
    outer loop
      vertex  5.989232e+000  1.272268e+000  2.763726e+001
      vertex  1.171741e+001  1.272378e+000  2.763760e+001
      vertex  1.210006e+001  1.323276e+000  2.784702e+001
    endloop
  endfacet
  facet normal -3.127593e-005 -9.714736e-001  2.371477e-001
    outer loop
      vertex  5.989232e+000  1.272268e+000  2.763726e+001
      vertex  1.210006e+001  1.323276e+000  2.784702e+001
      vertex  5.978914e+000  1.322901e+000  2.784468e+001
    endloop
  endfacet
  facet normal  3.096838e-005 -9.968895e-001  7.881285e-002
    outer loop
      vertex  5.978914e+000  1.322901e+000  2.784468e+001
      vertex  1.210006e+001  1.323276e+000  2.784702e+001
      vertex  1.248504e+001  1.339946e+000  2.805773e+001
    endloop
  endfacet
  facet normal  0.000000e+000 -9.968148e-001  7.975259e-002
    outer loop
      vertex  5.978914e+000  1.322901e+000  2.784468e+001
      vertex  1.248504e+001  1.339946e+000  2.805773e+001
      vertex  5.975345e+000  1.339946e+000  2.805773e+001
    endloop
  endfacet
  facet normal  1.000000e+000  0.000000e+000  0.000000e+000
    outer loop
      vertex  1.500000e+001 -5.500000e+000  3.943419e+001
      vertex  1.500000e+001 -5.500000e+000  2.943419e+001
      vertex  1.500000e+001 -4.208854e+000  2.943419e+001
    endloop
  endfacet
  facet normal  1.000000e+000  0.000000e+000  -0.000000e+000
    outer loop
      vertex  1.500000e+001 -5.500000e+000  3.943419e+001
      vertex  1.500000e+001 -4.208854e+000  2.943419e+001
      vertex  1.500000e+001  4.208854e+000  2.943419e+001
    endloop
  endfacet
  facet normal  1.000000e+000  0.000000e+000  -0.000000e+000
    outer loop
      vertex  1.500000e+001 -5.500000e+000  3.943419e+001
      vertex  1.500000e+001  4.208854e+000  2.943419e+001
      vertex  1.500000e+001  5.500000e+000  2.943419e+001
    endloop
  endfacet
  facet normal  9.999999e-001  0.000000e+000  -0.000000e+000
    outer loop
      vertex  1.500000e+001 -5.500000e+000  3.943419e+001
      vertex  1.500000e+001  5.500000e+000  2.943419e+001
      vertex  1.500000e+001  5.500000e+000  3.943419e+001
    endloop
  endfacet
  facet normal  0.000000e+000 -1.000000e+000  0.000000e+000
    outer loop
      vertex -6.650403e-015 -4.208854e+000  2.459779e+001
      vertex  6.163315e+000 -4.208854e+000  2.459779e+001
      vertex -7.128273e-015 -4.208854e+000  2.659779e+001
    endloop
  endfacet
  facet normal  0.000000e+000 -1.000000e+000  0.000000e+000
    outer loop
      vertex -7.128273e-015 -4.208854e+000  2.659779e+001
      vertex  6.163315e+000 -4.208854e+000  2.459779e+001
      vertex  4.568294e+000 -4.208854e+000  2.659779e+001
    endloop
  endfacet
  facet normal  0.000000e+000 -1.000000e+000  0.000000e+000
    outer loop
      vertex  6.163315e+000 -4.208854e+000  2.459779e+001
      vertex  1.500000e+001 -4.208854e+000  2.943419e+001
      vertex  4.568294e+000 -4.208854e+000  2.659779e+001
    endloop
  endfacet
  facet normal  0.000000e+000 -1.000000e+000  0.000000e+000
    outer loop
      vertex  4.568294e+000 -4.208854e+000  2.659779e+001
      vertex  1.500000e+001 -4.208854e+000  2.943419e+001
      vertex  4.568294e+000 -4.208854e+000  2.943419e+001
    endloop
  endfacet
  facet normal  -0.000000e+000  1.000000e+000  0.000000e+000
    outer loop
      vertex -5.619565e-015  4.208854e+000  2.459779e+001
      vertex -6.097435e-015  4.208854e+000  2.659779e+001
      vertex  4.568294e+000  4.208854e+000  2.659779e+001
    endloop
  endfacet
  facet normal  0.000000e+000  1.000000e+000  0.000000e+000
    outer loop
      vertex  4.568294e+000  4.208854e+000  2.943419e+001
      vertex  1.500000e+001  4.208854e+000  2.943419e+001
      vertex  4.568294e+000  4.208854e+000  2.659779e+001
    endloop
  endfacet
  facet normal  -0.000000e+000  9.999999e-001  0.000000e+000
    outer loop
      vertex  4.568294e+000  4.208854e+000  2.659779e+001
      vertex  1.500000e+001  4.208854e+000  2.943419e+001
      vertex  6.163315e+000  4.208854e+000  2.459779e+001
    endloop
  endfacet
  facet normal  0.000000e+000  1.000000e+000  0.000000e+000
    outer loop
      vertex  4.568294e+000  4.208854e+000  2.659779e+001
      vertex  6.163315e+000  4.208854e+000  2.459779e+001
      vertex -5.619565e-015  4.208854e+000  2.459779e+001
    endloop
  endfacet
  facet normal  0.000000e+000  0.000000e+000 -1.000000e+000
    outer loop
      vertex  1.500000e+001  4.208854e+000  2.943419e+001
      vertex  4.568294e+000  4.208854e+000  2.943419e+001
      vertex  4.116481e+000  4.688952e+000  2.943419e+001
    endloop
  endfacet
  facet normal  0.000000e+000  0.000000e+000 -1.000000e+000
    outer loop
      vertex  1.500000e+001  4.208854e+000  2.943419e+001
      vertex  4.116481e+000  4.688952e+000  2.943419e+001
      vertex  3.618361e+000  5.120815e+000  2.943419e+001
    endloop
  endfacet
  facet normal  0.000000e+000  0.000000e+000 -1.000000e+000
    outer loop
      vertex  1.500000e+001  4.208854e+000  2.943419e+001
      vertex  3.618361e+000  5.120815e+000  2.943419e+001
      vertex  3.079058e+000  5.500000e+000  2.943419e+001
    endloop
  endfacet
  facet normal  0.000000e+000  0.000000e+000 -1.000000e+000
    outer loop
      vertex  1.500000e+001  4.208854e+000  2.943419e+001
      vertex  3.079058e+000  5.500000e+000  2.943419e+001
      vertex  1.500000e+001  5.500000e+000  2.943419e+001
    endloop
  endfacet
  facet normal  0.000000e+000  0.000000e+000 -1.000000e+000
    outer loop
      vertex  1.500000e+001 -5.500000e+000  2.943419e+001
      vertex  3.079058e+000 -5.500000e+000  2.943419e+001
      vertex  3.618361e+000 -5.120815e+000  2.943419e+001
    endloop
  endfacet
  facet normal  0.000000e+000  0.000000e+000 -1.000000e+000
    outer loop
      vertex  1.500000e+001 -5.500000e+000  2.943419e+001
      vertex  3.618361e+000 -5.120815e+000  2.943419e+001
      vertex  4.116481e+000 -4.688952e+000  2.943419e+001
    endloop
  endfacet
  facet normal  0.000000e+000  0.000000e+000 -1.000000e+000
    outer loop
      vertex  1.500000e+001 -5.500000e+000  2.943419e+001
      vertex  4.116481e+000 -4.688952e+000  2.943419e+001
      vertex  4.568294e+000 -4.208854e+000  2.943419e+001
    endloop
  endfacet
  facet normal  0.000000e+000  0.000000e+000 -1.000000e+000
    outer loop
      vertex  1.500000e+001 -5.500000e+000  2.943419e+001
      vertex  4.568294e+000 -4.208854e+000  2.943419e+001
      vertex  1.500000e+001 -4.208854e+000  2.943419e+001
    endloop
  endfacet
  facet normal  0.000000e+000  -0.000000e+000  9.999999e-001
    outer loop
      vertex -3.965839e+000  1.409459e+000  2.659779e+001
      vertex -1.414214e+000  1.414214e+000  2.659779e+001
      vertex -1.111140e+000  1.662939e+000  2.659779e+001
    endloop
  endfacet
  facet normal  0.000000e+000  0.000000e+000  1.000000e+000
    outer loop
      vertex  5.877918e+000  1.739344e+000  2.659779e+001
      vertex  3.901806e-001  1.961571e+000  2.659779e+001
      vertex  7.653669e-001  1.847759e+000  2.659779e+001
    endloop
  endfacet
  facet normal  0.000000e+000  -0.000000e+000  1.000000e+000
    outer loop
      vertex  7.653669e-001  1.847759e+000  2.659779e+001
      vertex  1.111140e+000  1.662939e+000  2.659779e+001
      vertex  5.877918e+000  1.739344e+000  2.659779e+001
    endloop
  endfacet
  facet normal  0.000000e+000  0.000000e+000  1.000000e+000
    outer loop
      vertex  4.568294e+000 -4.208854e+000  2.659779e+001
      vertex  4.994410e+000 -3.648491e+000  2.659779e+001
      vertex -7.128273e-015 -4.208854e+000  2.659779e+001
    endloop
  endfacet
  facet normal  -0.000000e+000  -0.000000e+000  1.000000e+000
    outer loop
      vertex -5.742841e-015  2.000000e+000  2.659779e+001
      vertex  3.901806e-001  1.961571e+000  2.659779e+001
      vertex  5.877918e+000  1.739344e+000  2.659779e+001
    endloop
  endfacet
  facet normal  0.000000e+000  0.000000e+000  9.999999e-001
    outer loop
      vertex -5.742841e-015  2.000000e+000  2.659779e+001
      vertex  5.877918e+000  1.739344e+000  2.659779e+001
      vertex  5.653085e+000  2.406451e+000  2.659779e+001
    endloop
  endfacet
  facet normal  0.000000e+000  0.000000e+000  9.999999e-001
    outer loop
      vertex -5.742841e-015  2.000000e+000  2.659779e+001
      vertex  5.653085e+000  2.406451e+000  2.659779e+001
      vertex  5.357426e+000  3.045331e+000  2.659779e+001
    endloop
  endfacet
  facet normal  0.000000e+000  0.000000e+000  1.000000e+000
    outer loop
      vertex -5.742841e-015  2.000000e+000  2.659779e+001
      vertex  5.357426e+000  3.045331e+000  2.659779e+001
      vertex  4.994410e+000  3.648491e+000  2.659779e+001
    endloop
  endfacet
  facet normal  0.000000e+000  0.000000e+000  1.000000e+000
    outer loop
      vertex -5.742841e-015  2.000000e+000  2.659779e+001
      vertex  4.994410e+000  3.648491e+000  2.659779e+001
      vertex  4.568294e+000  4.208854e+000  2.659779e+001
    endloop
  endfacet
  facet normal  0.000000e+000  0.000000e+000  9.999999e-001
    outer loop
      vertex -5.742841e-015  2.000000e+000  2.659779e+001
      vertex  4.568294e+000  4.208854e+000  2.659779e+001
      vertex -6.097435e-015  4.208854e+000  2.659779e+001
    endloop
  endfacet
  facet normal  0.000000e+000  0.000000e+000  1.000000e+000
    outer loop
      vertex -5.742841e-015  2.000000e+000  2.659779e+001
      vertex -6.097435e-015  4.208854e+000  2.659779e+001
      vertex -5.731055e-001  4.169652e+000  2.659779e+001
    endloop
  endfacet
  facet normal  0.000000e+000  0.000000e+000  9.999999e-001
    outer loop
      vertex -5.742841e-015  2.000000e+000  2.659779e+001
      vertex -5.731055e-001  4.169652e+000  2.659779e+001
      vertex -1.135535e+000  4.052778e+000  2.659779e+001
    endloop
  endfacet
  facet normal  0.000000e+000  0.000000e+000  1.000000e+000
    outer loop
      vertex -5.742841e-015  2.000000e+000  2.659779e+001
      vertex -1.135535e+000  4.052778e+000  2.659779e+001
      vertex -1.676812e+000  3.860408e+000  2.659779e+001
    endloop
  endfacet
  facet normal  0.000000e+000  0.000000e+000  1.000000e+000
    outer loop
      vertex -5.742841e-015  2.000000e+000  2.659779e+001
      vertex -1.676812e+000  3.860408e+000  2.659779e+001
      vertex -2.186853e+000  3.596127e+000  2.659779e+001
    endloop
  endfacet
  facet normal  0.000000e+000  0.000000e+000  1.000000e+000
    outer loop
      vertex -5.742841e-015  2.000000e+000  2.659779e+001
      vertex -2.186853e+000  3.596127e+000  2.659779e+001
      vertex -2.656157e+000  3.264856e+000  2.659779e+001
    endloop
  endfacet
  facet normal  0.000000e+000  0.000000e+000  1.000000e+000
    outer loop
      vertex -5.742841e-015  2.000000e+000  2.659779e+001
      vertex -2.656157e+000  3.264856e+000  2.659779e+001
      vertex -3.075982e+000  2.872766e+000  2.659779e+001
    endloop
  endfacet
  facet normal  0.000000e+000  0.000000e+000  1.000000e+000
    outer loop
      vertex -5.742841e-015  2.000000e+000  2.659779e+001
      vertex -3.075982e+000  2.872766e+000  2.659779e+001
      vertex -3.438507e+000  2.427163e+000  2.659779e+001
    endloop
  endfacet
  facet normal  0.000000e+000  0.000000e+000  1.000000e+000
    outer loop
      vertex -5.742841e-015  2.000000e+000  2.659779e+001
      vertex -3.438507e+000  2.427163e+000  2.659779e+001
      vertex -3.736979e+000  1.936347e+000  2.659779e+001
    endloop
  endfacet
  facet normal  0.000000e+000  0.000000e+000  9.999999e-001
    outer loop
      vertex -5.742841e-015  2.000000e+000  2.659779e+001
      vertex -3.736979e+000  1.936347e+000  2.659779e+001
      vertex -3.901806e-001  1.961571e+000  2.659779e+001
    endloop
  endfacet
  facet normal  0.000000e+000  -0.000000e+000  1.000000e+000
    outer loop
      vertex -3.736979e+000 -1.936347e+000  2.659779e+001
      vertex -3.438507e+000 -2.427163e+000  2.659779e+001
      vertex -7.212370e-015 -2.000000e+000  2.659779e+001
    endloop
  endfacet
  facet normal  0.000000e+000  0.000000e+000  1.000000e+000
    outer loop
      vertex -3.736979e+000 -1.936347e+000  2.659779e+001
      vertex -7.212370e-015 -2.000000e+000  2.659779e+001
      vertex -3.901806e-001 -1.961571e+000  2.659779e+001
    endloop
  endfacet
  facet normal  0.000000e+000  0.000000e+000  1.000000e+000
    outer loop
      vertex -3.736979e+000 -1.936347e+000  2.659779e+001
      vertex -3.901806e-001 -1.961571e+000  2.659779e+001
      vertex -7.653669e-001 -1.847759e+000  2.659779e+001
    endloop
  endfacet
  facet normal  0.000000e+000  0.000000e+000  9.999999e-001
    outer loop
      vertex -3.736979e+000 -1.936347e+000  2.659779e+001
      vertex -7.653669e-001 -1.847759e+000  2.659779e+001
      vertex -1.111140e+000 -1.662939e+000  2.659779e+001
    endloop
  endfacet
  facet normal  0.000000e+000  0.000000e+000  1.000000e+000
    outer loop
      vertex -3.736979e+000 -1.936347e+000  2.659779e+001
      vertex -1.111140e+000 -1.662939e+000  2.659779e+001
      vertex -1.414214e+000 -1.414214e+000  2.659779e+001
    endloop
  endfacet
  facet normal  0.000000e+000  0.000000e+000  1.000000e+000
    outer loop
      vertex -3.736979e+000 -1.936347e+000  2.659779e+001
      vertex -1.414214e+000 -1.414214e+000  2.659779e+001
      vertex -3.965839e+000 -1.409459e+000  2.659779e+001
    endloop
  endfacet
  facet normal  0.000000e+000  0.000000e+000  9.999999e-001
    outer loop
      vertex -7.128273e-015 -4.208854e+000  2.659779e+001
      vertex -7.212370e-015 -2.000000e+000  2.659779e+001
      vertex -3.438507e+000 -2.427163e+000  2.659779e+001
    endloop
  endfacet
  facet normal  0.000000e+000  0.000000e+000  1.000000e+000
    outer loop
      vertex -7.128273e-015 -4.208854e+000  2.659779e+001
      vertex -3.438507e+000 -2.427163e+000  2.659779e+001
      vertex -3.075982e+000 -2.872766e+000  2.659779e+001
    endloop
  endfacet
  facet normal  0.000000e+000  0.000000e+000  1.000000e+000
    outer loop
      vertex -7.128273e-015 -4.208854e+000  2.659779e+001
      vertex -3.075982e+000 -2.872766e+000  2.659779e+001
      vertex -2.656157e+000 -3.264856e+000  2.659779e+001
    endloop
  endfacet
  facet normal  0.000000e+000  0.000000e+000  9.999999e-001
    outer loop
      vertex -7.128273e-015 -4.208854e+000  2.659779e+001
      vertex -2.656157e+000 -3.264856e+000  2.659779e+001
      vertex -2.186853e+000 -3.596127e+000  2.659779e+001
    endloop
  endfacet
  facet normal  0.000000e+000  0.000000e+000  1.000000e+000
    outer loop
      vertex -7.128273e-015 -4.208854e+000  2.659779e+001
      vertex -2.186853e+000 -3.596127e+000  2.659779e+001
      vertex -1.676812e+000 -3.860408e+000  2.659779e+001
    endloop
  endfacet
  facet normal  0.000000e+000  0.000000e+000  1.000000e+000
    outer loop
      vertex -7.128273e-015 -4.208854e+000  2.659779e+001
      vertex -1.676812e+000 -3.860408e+000  2.659779e+001
      vertex -1.135535e+000 -4.052778e+000  2.659779e+001
    endloop
  endfacet
  facet normal  0.000000e+000  0.000000e+000  1.000000e+000
    outer loop
      vertex -7.128273e-015 -4.208854e+000  2.659779e+001
      vertex -1.135535e+000 -4.052778e+000  2.659779e+001
      vertex -5.731055e-001 -4.169652e+000  2.659779e+001
    endloop
  endfacet
  facet normal  -0.000000e+000  0.000000e+000  1.000000e+000
    outer loop
      vertex -3.901806e-001  1.961571e+000  2.659779e+001
      vertex -3.736979e+000  1.936347e+000  2.659779e+001
      vertex -7.653669e-001  1.847759e+000  2.659779e+001
    endloop
  endfacet
  facet normal  0.000000e+000  0.000000e+000  1.000000e+000
    outer loop
      vertex -7.653669e-001  1.847759e+000  2.659779e+001
      vertex -3.736979e+000  1.936347e+000  2.659779e+001
      vertex -3.965839e+000  1.409459e+000  2.659779e+001
    endloop
  endfacet
  facet normal  0.000000e+000  0.000000e+000  9.999999e-001
    outer loop
      vertex -7.653669e-001  1.847759e+000  2.659779e+001
      vertex -3.965839e+000  1.409459e+000  2.659779e+001
      vertex -1.111140e+000  1.662939e+000  2.659779e+001
    endloop
  endfacet
  facet normal  -0.000000e+000  0.000000e+000  1.000000e+000
    outer loop
      vertex -1.414214e+000  1.414214e+000  2.659779e+001
      vertex -3.965839e+000  1.409459e+000  2.659779e+001
      vertex -1.662939e+000  1.111140e+000  2.659779e+001
    endloop
  endfacet
  facet normal  0.000000e+000  0.000000e+000  1.000000e+000
    outer loop
      vertex -1.662939e+000  1.111140e+000  2.659779e+001
      vertex -3.965839e+000  1.409459e+000  2.659779e+001
      vertex -4.120822e+000  8.563166e-001  2.659779e+001
    endloop
  endfacet
  facet normal  -0.000000e+000  0.000000e+000  1.000000e+000
    outer loop
      vertex -1.662939e+000  1.111140e+000  2.659779e+001
      vertex -4.120822e+000  8.563166e-001  2.659779e+001
      vertex -1.847759e+000  7.653669e-001  2.659779e+001
    endloop
  endfacet
  facet normal  0.000000e+000  0.000000e+000  1.000000e+000
    outer loop
      vertex -1.847759e+000  7.653669e-001  2.659779e+001
      vertex -4.120822e+000  8.563166e-001  2.659779e+001
      vertex -1.961571e+000  3.901806e-001  2.659779e+001
    endloop
  endfacet
  facet normal  0.000000e+000  0.000000e+000  1.000000e+000
    outer loop
      vertex -1.961571e+000  3.901806e-001  2.659779e+001
      vertex -4.120822e+000  8.563166e-001  2.659779e+001
      vertex -4.199042e+000  2.872224e-001  2.659779e+001
    endloop
  endfacet
  facet normal  -0.000000e+000  0.000000e+000  1.000000e+000
    outer loop
      vertex -1.961571e+000  3.901806e-001  2.659779e+001
      vertex -4.199042e+000  2.872224e-001  2.659779e+001
      vertex -2.000000e+000 -9.301643e-016  2.659779e+001
    endloop
  endfacet
  facet normal  0.000000e+000  0.000000e+000  1.000000e+000
    outer loop
      vertex -2.000000e+000 -9.301643e-016  2.659779e+001
      vertex -4.199042e+000  2.872224e-001  2.659779e+001
      vertex -4.199042e+000 -2.872224e-001  2.659779e+001
    endloop
  endfacet
  facet normal  -0.000000e+000  0.000000e+000  1.000000e+000
    outer loop
      vertex -2.000000e+000 -9.301643e-016  2.659779e+001
      vertex -4.199042e+000 -2.872224e-001  2.659779e+001
      vertex -1.961571e+000 -3.901806e-001  2.659779e+001
    endloop
  endfacet
  facet normal  0.000000e+000  0.000000e+000  1.000000e+000
    outer loop
      vertex -1.961571e+000 -3.901806e-001  2.659779e+001
      vertex -4.199042e+000 -2.872224e-001  2.659779e+001
      vertex -1.847759e+000 -7.653669e-001  2.659779e+001
    endloop
  endfacet
  facet normal  0.000000e+000  0.000000e+000  1.000000e+000
    outer loop
      vertex -1.847759e+000 -7.653669e-001  2.659779e+001
      vertex -4.199042e+000 -2.872224e-001  2.659779e+001
      vertex -4.120822e+000 -8.563166e-001  2.659779e+001
    endloop
  endfacet
  facet normal  -0.000000e+000  0.000000e+000  1.000000e+000
    outer loop
      vertex -1.847759e+000 -7.653669e-001  2.659779e+001
      vertex -4.120822e+000 -8.563166e-001  2.659779e+001
      vertex -1.662939e+000 -1.111140e+000  2.659779e+001
    endloop
  endfacet
  facet normal  0.000000e+000  0.000000e+000  1.000000e+000
    outer loop
      vertex -1.662939e+000 -1.111140e+000  2.659779e+001
      vertex -4.120822e+000 -8.563166e-001  2.659779e+001
      vertex -3.965839e+000 -1.409459e+000  2.659779e+001
    endloop
  endfacet
  facet normal  -0.000000e+000  0.000000e+000  1.000000e+000
    outer loop
      vertex -1.662939e+000 -1.111140e+000  2.659779e+001
      vertex -3.965839e+000 -1.409459e+000  2.659779e+001
      vertex -1.414214e+000 -1.414214e+000  2.659779e+001
    endloop
  endfacet
  facet normal  -0.000000e+000  0.000000e+000  1.000000e+000
    outer loop
      vertex  5.877918e+000  1.739344e+000  2.659779e+001
      vertex  1.111140e+000  1.662939e+000  2.659779e+001
      vertex  6.029288e+000  1.051835e+000  2.659779e+001
    endloop
  endfacet
  facet normal  0.000000e+000  0.000000e+000  1.000000e+000
    outer loop
      vertex  6.029288e+000  1.051835e+000  2.659779e+001
      vertex  1.111140e+000  1.662939e+000  2.659779e+001
      vertex  1.414214e+000  1.414214e+000  2.659779e+001
    endloop
  endfacet
  facet normal  0.000000e+000  0.000000e+000  1.000000e+000
    outer loop
      vertex  6.029288e+000  1.051835e+000  2.659779e+001
      vertex  1.414214e+000  1.414214e+000  2.659779e+001
      vertex  1.662939e+000  1.111140e+000  2.659779e+001
    endloop
  endfacet
  facet normal  0.000000e+000  0.000000e+000  1.000000e+000
    outer loop
      vertex  6.029288e+000  1.051835e+000  2.659779e+001
      vertex  1.662939e+000  1.111140e+000  2.659779e+001
      vertex  6.105419e+000  3.519879e-001  2.659779e+001
    endloop
  endfacet
  facet normal  0.000000e+000  0.000000e+000  1.000000e+000
    outer loop
      vertex  6.105419e+000  3.519879e-001  2.659779e+001
      vertex  1.662939e+000  1.111140e+000  2.659779e+001
      vertex  1.847759e+000  7.653669e-001  2.659779e+001
    endloop
  endfacet
  facet normal  0.000000e+000  0.000000e+000  9.999999e-001
    outer loop
      vertex  6.105419e+000  3.519879e-001  2.659779e+001
      vertex  1.847759e+000  7.653669e-001  2.659779e+001
      vertex  1.961571e+000  3.901806e-001  2.659779e+001
    endloop
  endfacet
  facet normal  0.000000e+000  0.000000e+000  1.000000e+000
    outer loop
      vertex  6.105419e+000  3.519879e-001  2.659779e+001
      vertex  1.961571e+000  3.901806e-001  2.659779e+001
      vertex  6.105419e+000 -3.519879e-001  2.659779e+001
    endloop
  endfacet
  facet normal  0.000000e+000  0.000000e+000  1.000000e+000
    outer loop
      vertex  6.105419e+000 -3.519879e-001  2.659779e+001
      vertex  1.961571e+000  3.901806e-001  2.659779e+001
      vertex  2.000000e+000 -2.154771e-015  2.659779e+001
    endloop
  endfacet
  facet normal  0.000000e+000  0.000000e+000  9.999999e-001
    outer loop
      vertex  6.105419e+000 -3.519879e-001  2.659779e+001
      vertex  2.000000e+000 -2.154771e-015  2.659779e+001
      vertex  1.961571e+000 -3.901806e-001  2.659779e+001
    endloop
  endfacet
  facet normal  -0.000000e+000  0.000000e+000  1.000000e+000
    outer loop
      vertex  6.105419e+000 -3.519879e-001  2.659779e+001
      vertex  1.961571e+000 -3.901806e-001  2.659779e+001
      vertex  6.029288e+000 -1.051835e+000  2.659779e+001
    endloop
  endfacet
  facet normal  0.000000e+000  0.000000e+000  1.000000e+000
    outer loop
      vertex  6.029288e+000 -1.051835e+000  2.659779e+001
      vertex  1.961571e+000 -3.901806e-001  2.659779e+001
      vertex  1.847759e+000 -7.653669e-001  2.659779e+001
    endloop
  endfacet
  facet normal  0.000000e+000  0.000000e+000  1.000000e+000
    outer loop
      vertex  6.029288e+000 -1.051835e+000  2.659779e+001
      vertex  1.847759e+000 -7.653669e-001  2.659779e+001
      vertex  1.662939e+000 -1.111140e+000  2.659779e+001
    endloop
  endfacet
  facet normal  -0.000000e+000  0.000000e+000  1.000000e+000
    outer loop
      vertex  6.029288e+000 -1.051835e+000  2.659779e+001
      vertex  1.662939e+000 -1.111140e+000  2.659779e+001
      vertex  5.877918e+000 -1.739344e+000  2.659779e+001
    endloop
  endfacet
  facet normal  0.000000e+000  0.000000e+000  9.999999e-001
    outer loop
      vertex  5.877918e+000 -1.739344e+000  2.659779e+001
      vertex  1.662939e+000 -1.111140e+000  2.659779e+001
      vertex  1.414214e+000 -1.414214e+000  2.659779e+001
    endloop
  endfacet
  facet normal  0.000000e+000  0.000000e+000  1.000000e+000
    outer loop
      vertex  5.877918e+000 -1.739344e+000  2.659779e+001
      vertex  1.414214e+000 -1.414214e+000  2.659779e+001
      vertex  1.111140e+000 -1.662939e+000  2.659779e+001
    endloop
  endfacet
  facet normal  -0.000000e+000  0.000000e+000  1.000000e+000
    outer loop
      vertex  3.901806e-001 -1.961571e+000  2.659779e+001
      vertex -7.212370e-015 -2.000000e+000  2.659779e+001
      vertex  5.653085e+000 -2.406451e+000  2.659779e+001
    endloop
  endfacet
  facet normal  0.000000e+000  0.000000e+000  1.000000e+000
    outer loop
      vertex  5.653085e+000 -2.406451e+000  2.659779e+001
      vertex -7.212370e-015 -2.000000e+000  2.659779e+001
      vertex -7.128273e-015 -4.208854e+000  2.659779e+001
    endloop
  endfacet
  facet normal  0.000000e+000  0.000000e+000  1.000000e+000
    outer loop
      vertex  5.653085e+000 -2.406451e+000  2.659779e+001
      vertex -7.128273e-015 -4.208854e+000  2.659779e+001
      vertex  5.357426e+000 -3.045331e+000  2.659779e+001
    endloop
  endfacet
  facet normal  0.000000e+000  0.000000e+000  1.000000e+000
    outer loop
      vertex  5.357426e+000 -3.045331e+000  2.659779e+001
      vertex -7.128273e-015 -4.208854e+000  2.659779e+001
      vertex  4.994410e+000 -3.648491e+000  2.659779e+001
    endloop
  endfacet
  facet normal  0.000000e+000  0.000000e+000  1.000000e+000
    outer loop
      vertex  5.877918e+000 -1.739344e+000  2.659779e+001
      vertex  1.111140e+000 -1.662939e+000  2.659779e+001
      vertex  5.653085e+000 -2.406451e+000  2.659779e+001
    endloop
  endfacet
  facet normal  0.000000e+000  0.000000e+000  1.000000e+000
    outer loop
      vertex  5.653085e+000 -2.406451e+000  2.659779e+001
      vertex  1.111140e+000 -1.662939e+000  2.659779e+001
      vertex  7.653669e-001 -1.847759e+000  2.659779e+001
    endloop
  endfacet
  facet normal  0.000000e+000  0.000000e+000  1.000000e+000
    outer loop
      vertex  5.653085e+000 -2.406451e+000  2.659779e+001
      vertex  7.653669e-001 -1.847759e+000  2.659779e+001
      vertex  3.901806e-001 -1.961571e+000  2.659779e+001
    endloop
  endfacet
  facet normal  -0.000000e+000  0.000000e+000  1.000000e+000
    outer loop
      vertex  1.500000e+001  5.500000e+000  3.943419e+001
      vertex  3.079058e+000  5.500000e+000  3.943419e+001
      vertex  3.642451e+000  5.101891e+000  3.943419e+001
    endloop
  endfacet
  facet normal  -0.000000e+000  0.000000e+000  1.000000e+000
    outer loop
      vertex  1.500000e+001  5.500000e+000  3.943419e+001
      vertex  3.642451e+000  5.101891e+000  3.943419e+001
      vertex  4.160479e+000  4.646314e+000  3.943419e+001
    endloop
  endfacet
  facet normal  -0.000000e+000  0.000000e+000  1.000000e+000
    outer loop
      vertex  1.500000e+001  5.500000e+000  3.943419e+001
      vertex  4.160479e+000  4.646314e+000  3.943419e+001
      vertex  4.627306e+000  4.138401e+000  3.943419e+001
    endloop
  endfacet
  facet normal  -0.000000e+000  0.000000e+000  1.000000e+000
    outer loop
      vertex  1.500000e+001  5.500000e+000  3.943419e+001
      vertex  4.627306e+000  4.138401e+000  3.943419e+001
      vertex  5.037673e+000  3.583873e+000  3.943419e+001
    endloop
  endfacet
  facet normal  -0.000000e+000  0.000000e+000  1.000000e+000
    outer loop
      vertex  1.500000e+001  5.500000e+000  3.943419e+001
      vertex  5.037673e+000  3.583873e+000  3.943419e+001
      vertex  5.386960e+000  2.988976e+000  3.943419e+001
    endloop
  endfacet
  facet normal  -0.000000e+000  0.000000e+000  1.000000e+000
    outer loop
      vertex  1.500000e+001  5.500000e+000  3.943419e+001
      vertex  5.386960e+000  2.988976e+000  3.943419e+001
      vertex  5.671230e+000  2.360412e+000  3.943419e+001
    endloop
  endfacet
  facet normal  -0.000000e+000  0.000000e+000  1.000000e+000
    outer loop
      vertex  1.500000e+001  5.500000e+000  3.943419e+001
      vertex  5.671230e+000  2.360412e+000  3.943419e+001
      vertex  5.887284e+000  1.705260e+000  3.943419e+001
    endloop
  endfacet
  facet normal  -0.000000e+000  0.000000e+000  1.000000e+000
    outer loop
      vertex  1.500000e+001  5.500000e+000  3.943419e+001
      vertex  5.887284e+000  1.705260e+000  3.943419e+001
      vertex  6.032685e+000  1.030900e+000  3.943419e+001
    endloop
  endfacet
  facet normal  -0.000000e+000  0.000000e+000  1.000000e+000
    outer loop
      vertex  1.500000e+001  5.500000e+000  3.943419e+001
      vertex  6.032685e+000  1.030900e+000  3.943419e+001
      vertex  6.105798e+000  3.449286e-001  3.943419e+001
    endloop
  endfacet
  facet normal  -0.000000e+000  0.000000e+000  1.000000e+000
    outer loop
      vertex  1.500000e+001  5.500000e+000  3.943419e+001
      vertex  6.105798e+000  3.449286e-001  3.943419e+001
      vertex  6.105798e+000 -3.449286e-001  3.943419e+001
    endloop
  endfacet
  facet normal  -0.000000e+000  0.000000e+000  1.000000e+000
    outer loop
      vertex  1.500000e+001  5.500000e+000  3.943419e+001
      vertex  6.105798e+000 -3.449286e-001  3.943419e+001
      vertex  1.500000e+001 -5.500000e+000  3.943419e+001
    endloop
  endfacet
  facet normal  0.000000e+000  0.000000e+000  1.000000e+000
    outer loop
      vertex  1.500000e+001 -5.500000e+000  3.943419e+001
      vertex  6.105798e+000 -3.449286e-001  3.943419e+001
      vertex  6.032685e+000 -1.030900e+000  3.943419e+001
    endloop
  endfacet
  facet normal  0.000000e+000  0.000000e+000  1.000000e+000
    outer loop
      vertex  1.500000e+001 -5.500000e+000  3.943419e+001
      vertex  6.032685e+000 -1.030900e+000  3.943419e+001
      vertex  5.887284e+000 -1.705260e+000  3.943419e+001
    endloop
  endfacet
  facet normal  0.000000e+000  0.000000e+000  1.000000e+000
    outer loop
      vertex  1.500000e+001 -5.500000e+000  3.943419e+001
      vertex  5.887284e+000 -1.705260e+000  3.943419e+001
      vertex  5.671230e+000 -2.360412e+000  3.943419e+001
    endloop
  endfacet
  facet normal  0.000000e+000  0.000000e+000  1.000000e+000
    outer loop
      vertex  1.500000e+001 -5.500000e+000  3.943419e+001
      vertex  5.671230e+000 -2.360412e+000  3.943419e+001
      vertex  5.386960e+000 -2.988976e+000  3.943419e+001
    endloop
  endfacet
  facet normal  0.000000e+000  0.000000e+000  1.000000e+000
    outer loop
      vertex  1.500000e+001 -5.500000e+000  3.943419e+001
      vertex  5.386960e+000 -2.988976e+000  3.943419e+001
      vertex  5.037673e+000 -3.583873e+000  3.943419e+001
    endloop
  endfacet
  facet normal  0.000000e+000  0.000000e+000  1.000000e+000
    outer loop
      vertex  1.500000e+001 -5.500000e+000  3.943419e+001
      vertex  5.037673e+000 -3.583873e+000  3.943419e+001
      vertex  4.627306e+000 -4.138401e+000  3.943419e+001
    endloop
  endfacet
  facet normal  0.000000e+000  0.000000e+000  1.000000e+000
    outer loop
      vertex  1.500000e+001 -5.500000e+000  3.943419e+001
      vertex  4.627306e+000 -4.138401e+000  3.943419e+001
      vertex  4.160479e+000 -4.646314e+000  3.943419e+001
    endloop
  endfacet
  facet normal  0.000000e+000  0.000000e+000  1.000000e+000
    outer loop
      vertex  1.500000e+001 -5.500000e+000  3.943419e+001
      vertex  4.160479e+000 -4.646314e+000  3.943419e+001
      vertex  3.642451e+000 -5.101891e+000  3.943419e+001
    endloop
  endfacet
  facet normal  0.000000e+000  0.000000e+000  1.000000e+000
    outer loop
      vertex  1.500000e+001 -5.500000e+000  3.943419e+001
      vertex  3.642451e+000 -5.101891e+000  3.943419e+001
      vertex  3.079058e+000 -5.500000e+000  3.943419e+001
    endloop
  endfacet
  facet normal  0.000000e+000 -1.000000e+000  0.000000e+000
    outer loop
      vertex  1.500000e+001 -5.500000e+000  3.943419e+001
      vertex  3.079058e+000 -5.500000e+000  3.943419e+001
      vertex  1.500000e+001 -5.500000e+000  2.943419e+001
    endloop
  endfacet
  facet normal  0.000000e+000 -1.000000e+000  0.000000e+000
    outer loop
      vertex  1.500000e+001 -5.500000e+000  2.943419e+001
      vertex  3.079058e+000 -5.500000e+000  3.943419e+001
      vertex  3.079058e+000 -5.500000e+000  2.943419e+001
    endloop
  endfacet
  facet normal  0.000000e+000  1.000000e+000  -0.000000e+000
    outer loop
      vertex  1.500000e+001  5.500000e+000  3.943419e+001
      vertex  1.500000e+001  5.500000e+000  2.943419e+001
      vertex  3.079058e+000  5.500000e+000  3.943419e+001
    endloop
  endfacet
  facet normal  0.000000e+000  1.000000e+000  0.000000e+000
    outer loop
      vertex  3.079058e+000  5.500000e+000  3.943419e+001
      vertex  1.500000e+001  5.500000e+000  2.943419e+001
      vertex  3.079058e+000  5.500000e+000  2.943419e+001
    endloop
  endfacet
  facet normal  -0.000000e+000  0.000000e+000 -9.999999e-001
    outer loop
      vertex -1.111140e+000  1.662939e+000  2.459779e+001
      vertex -1.414214e+000  1.414214e+000  2.459779e+001
      vertex -3.965839e+000  1.409459e+000  2.459779e+001
    endloop
  endfacet
  facet normal  -0.000000e+000  0.000000e+000 -9.999999e-001
    outer loop
      vertex -5.264971e-015  2.000000e+000  2.459779e+001
      vertex -3.901806e-001  1.961571e+000  2.459779e+001
      vertex -3.736979e+000  1.936347e+000  2.459779e+001
    endloop
  endfacet
  facet normal  0.000000e+000  0.000000e+000 -1.000000e+000
    outer loop
      vertex -5.264971e-015  2.000000e+000  2.459779e+001
      vertex -3.736979e+000  1.936347e+000  2.459779e+001
      vertex -3.438507e+000  2.427163e+000  2.459779e+001
    endloop
  endfacet
  facet normal  0.000000e+000  0.000000e+000 -1.000000e+000
    outer loop
      vertex -5.264971e-015  2.000000e+000  2.459779e+001
      vertex -3.438507e+000  2.427163e+000  2.459779e+001
      vertex -3.075982e+000  2.872766e+000  2.459779e+001
    endloop
  endfacet
  facet normal  0.000000e+000  0.000000e+000 -1.000000e+000
    outer loop
      vertex -5.264971e-015  2.000000e+000  2.459779e+001
      vertex -3.075982e+000  2.872766e+000  2.459779e+001
      vertex -2.656157e+000  3.264856e+000  2.459779e+001
    endloop
  endfacet
  facet normal  0.000000e+000  0.000000e+000 -1.000000e+000
    outer loop
      vertex -5.264971e-015  2.000000e+000  2.459779e+001
      vertex -2.656157e+000  3.264856e+000  2.459779e+001
      vertex -2.186853e+000  3.596127e+000  2.459779e+001
    endloop
  endfacet
  facet normal  0.000000e+000  0.000000e+000 -1.000000e+000
    outer loop
      vertex -5.264971e-015  2.000000e+000  2.459779e+001
      vertex -2.186853e+000  3.596127e+000  2.459779e+001
      vertex -1.676812e+000  3.860408e+000  2.459779e+001
    endloop
  endfacet
  facet normal  0.000000e+000  0.000000e+000 -1.000000e+000
    outer loop
      vertex -5.264971e-015  2.000000e+000  2.459779e+001
      vertex -1.676812e+000  3.860408e+000  2.459779e+001
      vertex -1.135535e+000  4.052778e+000  2.459779e+001
    endloop
  endfacet
  facet normal  0.000000e+000  0.000000e+000 -9.999999e-001
    outer loop
      vertex -5.264971e-015  2.000000e+000  2.459779e+001
      vertex -1.135535e+000  4.052778e+000  2.459779e+001
      vertex -5.731055e-001  4.169652e+000  2.459779e+001
    endloop
  endfacet
  facet normal  0.000000e+000  0.000000e+000 -1.000000e+000
    outer loop
      vertex -5.264971e-015  2.000000e+000  2.459779e+001
      vertex -5.731055e-001  4.169652e+000  2.459779e+001
      vertex -5.619565e-015  4.208854e+000  2.459779e+001
    endloop
  endfacet
  facet normal  0.000000e+000  0.000000e+000 -1.000000e+000
    outer loop
      vertex -5.264971e-015  2.000000e+000  2.459779e+001
      vertex -5.619565e-015  4.208854e+000  2.459779e+001
      vertex  6.163315e+000  4.208854e+000  2.459779e+001
    endloop
  endfacet
  facet normal  0.000000e+000  0.000000e+000 -1.000000e+000
    outer loop
      vertex -3.736979e+000 -1.936347e+000  2.459779e+001
      vertex -3.965839e+000 -1.409459e+000  2.459779e+001
      vertex -1.414214e+000 -1.414214e+000  2.459779e+001
    endloop
  endfacet
  facet normal  0.000000e+000  -0.000000e+000 -1.000000e+000
    outer loop
      vertex -3.736979e+000 -1.936347e+000  2.459779e+001
      vertex -1.414214e+000 -1.414214e+000  2.459779e+001
      vertex -1.111140e+000 -1.662939e+000  2.459779e+001
    endloop
  endfacet
  facet normal  0.000000e+000  -0.000000e+000 -9.999999e-001
    outer loop
      vertex -3.736979e+000 -1.936347e+000  2.459779e+001
      vertex -1.111140e+000 -1.662939e+000  2.459779e+001
      vertex -7.653669e-001 -1.847759e+000  2.459779e+001
    endloop
  endfacet
  facet normal  0.000000e+000  -0.000000e+000 -1.000000e+000
    outer loop
      vertex -3.736979e+000 -1.936347e+000  2.459779e+001
      vertex -7.653669e-001 -1.847759e+000  2.459779e+001
      vertex -3.901806e-001 -1.961571e+000  2.459779e+001
    endloop
  endfacet
  facet normal  -0.000000e+000  -0.000000e+000 -9.999999e-001
    outer loop
      vertex -3.736979e+000 -1.936347e+000  2.459779e+001
      vertex -3.901806e-001 -1.961571e+000  2.459779e+001
      vertex -6.734499e-015 -2.000000e+000  2.459779e+001
    endloop
  endfacet
  facet normal  -0.000000e+000  0.000000e+000 -1.000000e+000
    outer loop
      vertex -3.736979e+000 -1.936347e+000  2.459779e+001
      vertex -6.734499e-015 -2.000000e+000  2.459779e+001
      vertex -3.438507e+000 -2.427163e+000  2.459779e+001
    endloop
  endfacet
  facet normal  0.000000e+000  0.000000e+000 -1.000000e+000
    outer loop
      vertex -6.650403e-015 -4.208854e+000  2.459779e+001
      vertex -5.731055e-001 -4.169652e+000  2.459779e+001
      vertex -1.135535e+000 -4.052778e+000  2.459779e+001
    endloop
  endfacet
  facet normal  0.000000e+000  0.000000e+000 -1.000000e+000
    outer loop
      vertex -6.650403e-015 -4.208854e+000  2.459779e+001
      vertex -1.135535e+000 -4.052778e+000  2.459779e+001
      vertex -1.676812e+000 -3.860408e+000  2.459779e+001
    endloop
  endfacet
  facet normal  0.000000e+000  0.000000e+000 -1.000000e+000
    outer loop
      vertex -6.650403e-015 -4.208854e+000  2.459779e+001
      vertex -1.676812e+000 -3.860408e+000  2.459779e+001
      vertex -2.186853e+000 -3.596127e+000  2.459779e+001
    endloop
  endfacet
  facet normal  0.000000e+000  0.000000e+000 -9.999999e-001
    outer loop
      vertex -6.650403e-015 -4.208854e+000  2.459779e+001
      vertex -2.186853e+000 -3.596127e+000  2.459779e+001
      vertex -2.656157e+000 -3.264856e+000  2.459779e+001
    endloop
  endfacet
  facet normal  0.000000e+000  0.000000e+000 -1.000000e+000
    outer loop
      vertex -6.650403e-015 -4.208854e+000  2.459779e+001
      vertex -2.656157e+000 -3.264856e+000  2.459779e+001
      vertex -3.075982e+000 -2.872766e+000  2.459779e+001
    endloop
  endfacet
  facet normal  0.000000e+000  0.000000e+000 -1.000000e+000
    outer loop
      vertex -6.650403e-015 -4.208854e+000  2.459779e+001
      vertex -3.075982e+000 -2.872766e+000  2.459779e+001
      vertex -3.438507e+000 -2.427163e+000  2.459779e+001
    endloop
  endfacet
  facet normal  0.000000e+000  0.000000e+000 -9.999999e-001
    outer loop
      vertex -6.650403e-015 -4.208854e+000  2.459779e+001
      vertex -3.438507e+000 -2.427163e+000  2.459779e+001
      vertex -6.734499e-015 -2.000000e+000  2.459779e+001
    endloop
  endfacet
  facet normal  0.000000e+000  0.000000e+000 -1.000000e+000
    outer loop
      vertex  6.163315e+000 -4.208854e+000  2.459779e+001
      vertex -6.650403e-015 -4.208854e+000  2.459779e+001
      vertex -6.734499e-015 -2.000000e+000  2.459779e+001
    endloop
  endfacet
  facet normal  0.000000e+000  0.000000e+000 -1.000000e+000
    outer loop
      vertex  6.163315e+000 -4.208854e+000  2.459779e+001
      vertex -6.734499e-015 -2.000000e+000  2.459779e+001
      vertex  3.901806e-001 -1.961571e+000  2.459779e+001
    endloop
  endfacet
  facet normal  0.000000e+000  0.000000e+000 -1.000000e+000
    outer loop
      vertex  6.163315e+000 -4.208854e+000  2.459779e+001
      vertex  3.901806e-001 -1.961571e+000  2.459779e+001
      vertex  7.653669e-001 -1.847759e+000  2.459779e+001
    endloop
  endfacet
  facet normal  0.000000e+000  0.000000e+000 -1.000000e+000
    outer loop
      vertex  6.163315e+000 -4.208854e+000  2.459779e+001
      vertex  7.653669e-001 -1.847759e+000  2.459779e+001
      vertex  1.111140e+000 -1.662939e+000  2.459779e+001
    endloop
  endfacet
  facet normal  0.000000e+000  0.000000e+000 -1.000000e+000
    outer loop
      vertex  6.163315e+000 -4.208854e+000  2.459779e+001
      vertex  1.111140e+000 -1.662939e+000  2.459779e+001
      vertex  1.414214e+000 -1.414214e+000  2.459779e+001
    endloop
  endfacet
  facet normal  0.000000e+000  0.000000e+000 -1.000000e+000
    outer loop
      vertex  6.163315e+000 -4.208854e+000  2.459779e+001
      vertex  1.414214e+000 -1.414214e+000  2.459779e+001
      vertex  1.662939e+000 -1.111140e+000  2.459779e+001
    endloop
  endfacet
  facet normal  0.000000e+000  0.000000e+000 -1.000000e+000
    outer loop
      vertex  6.163315e+000 -4.208854e+000  2.459779e+001
      vertex  1.662939e+000 -1.111140e+000  2.459779e+001
      vertex  1.847759e+000 -7.653669e-001  2.459779e+001
    endloop
  endfacet
  facet normal  0.000000e+000  0.000000e+000 -1.000000e+000
    outer loop
      vertex  6.163315e+000 -4.208854e+000  2.459779e+001
      vertex  1.847759e+000 -7.653669e-001  2.459779e+001
      vertex  1.961571e+000 -3.901806e-001  2.459779e+001
    endloop
  endfacet
  facet normal  0.000000e+000  0.000000e+000 -9.999999e-001
    outer loop
      vertex  6.163315e+000 -4.208854e+000  2.459779e+001
      vertex  1.961571e+000 -3.901806e-001  2.459779e+001
      vertex  2.000000e+000 -2.029578e-015  2.459779e+001
    endloop
  endfacet
  facet normal  0.000000e+000  0.000000e+000 -1.000000e+000
    outer loop
      vertex  6.163315e+000 -4.208854e+000  2.459779e+001
      vertex  2.000000e+000 -2.029578e-015  2.459779e+001
      vertex  1.961571e+000  3.901806e-001  2.459779e+001
    endloop
  endfacet
  facet normal  0.000000e+000  0.000000e+000 -1.000000e+000
    outer loop
      vertex  6.163315e+000 -4.208854e+000  2.459779e+001
      vertex  1.961571e+000  3.901806e-001  2.459779e+001
      vertex  1.847759e+000  7.653669e-001  2.459779e+001
    endloop
  endfacet
  facet normal  0.000000e+000  0.000000e+000 -1.000000e+000
    outer loop
      vertex  6.163315e+000 -4.208854e+000  2.459779e+001
      vertex  1.847759e+000  7.653669e-001  2.459779e+001
      vertex  1.662939e+000  1.111140e+000  2.459779e+001
    endloop
  endfacet
  facet normal  0.000000e+000  0.000000e+000 -1.000000e+000
    outer loop
      vertex  6.163315e+000  4.208854e+000  2.459779e+001
      vertex  6.163315e+000 -4.208854e+000  2.459779e+001
      vertex  1.662939e+000  1.111140e+000  2.459779e+001
    endloop
  endfacet
  facet normal  0.000000e+000  0.000000e+000 -1.000000e+000
    outer loop
      vertex  6.163315e+000  4.208854e+000  2.459779e+001
      vertex  1.662939e+000  1.111140e+000  2.459779e+001
      vertex  1.414214e+000  1.414214e+000  2.459779e+001
    endloop
  endfacet
  facet normal  0.000000e+000  0.000000e+000 -1.000000e+000
    outer loop
      vertex  6.163315e+000  4.208854e+000  2.459779e+001
      vertex  1.414214e+000  1.414214e+000  2.459779e+001
      vertex  1.111140e+000  1.662939e+000  2.459779e+001
    endloop
  endfacet
  facet normal  0.000000e+000  0.000000e+000 -1.000000e+000
    outer loop
      vertex  6.163315e+000  4.208854e+000  2.459779e+001
      vertex  1.111140e+000  1.662939e+000  2.459779e+001
      vertex  7.653669e-001  1.847759e+000  2.459779e+001
    endloop
  endfacet
  facet normal  0.000000e+000  0.000000e+000 -1.000000e+000
    outer loop
      vertex  6.163315e+000  4.208854e+000  2.459779e+001
      vertex  7.653669e-001  1.847759e+000  2.459779e+001
      vertex  3.901806e-001  1.961571e+000  2.459779e+001
    endloop
  endfacet
  facet normal  0.000000e+000  0.000000e+000 -1.000000e+000
    outer loop
      vertex  6.163315e+000  4.208854e+000  2.459779e+001
      vertex  3.901806e-001  1.961571e+000  2.459779e+001
      vertex -5.264971e-015  2.000000e+000  2.459779e+001
    endloop
  endfacet
  facet normal  0.000000e+000  0.000000e+000 -9.999999e-001
    outer loop
      vertex -1.111140e+000  1.662939e+000  2.459779e+001
      vertex -3.965839e+000  1.409459e+000  2.459779e+001
      vertex -7.653669e-001  1.847759e+000  2.459779e+001
    endloop
  endfacet
  facet normal  -0.000000e+000  0.000000e+000 -1.000000e+000
    outer loop
      vertex -7.653669e-001  1.847759e+000  2.459779e+001
      vertex -3.965839e+000  1.409459e+000  2.459779e+001
      vertex -3.736979e+000  1.936347e+000  2.459779e+001
    endloop
  endfacet
  facet normal  0.000000e+000  0.000000e+000 -1.000000e+000
    outer loop
      vertex -7.653669e-001  1.847759e+000  2.459779e+001
      vertex -3.736979e+000  1.936347e+000  2.459779e+001
      vertex -3.901806e-001  1.961571e+000  2.459779e+001
    endloop
  endfacet
  facet normal  0.000000e+000  0.000000e+000 -1.000000e+000
    outer loop
      vertex -1.847759e+000  7.653669e-001  2.459779e+001
      vertex -4.120822e+000  8.563166e-001  2.459779e+001
      vertex -1.662939e+000  1.111140e+000  2.459779e+001
    endloop
  endfacet
  facet normal  -0.000000e+000  0.000000e+000 -1.000000e+000
    outer loop
      vertex -1.662939e+000  1.111140e+000  2.459779e+001
      vertex -4.120822e+000  8.563166e-001  2.459779e+001
      vertex -3.965839e+000  1.409459e+000  2.459779e+001
    endloop
  endfacet
  facet normal  0.000000e+000  0.000000e+000 -1.000000e+000
    outer loop
      vertex -1.662939e+000  1.111140e+000  2.459779e+001
      vertex -3.965839e+000  1.409459e+000  2.459779e+001
      vertex -1.414214e+000  1.414214e+000  2.459779e+001
    endloop
  endfacet
  facet normal  0.000000e+000  0.000000e+000 -1.000000e+000
    outer loop
      vertex -1.961571e+000 -3.901806e-001  2.459779e+001
      vertex -4.199042e+000 -2.872224e-001  2.459779e+001
      vertex -2.000000e+000 -8.049713e-016  2.459779e+001
    endloop
  endfacet
  facet normal  -0.000000e+000  0.000000e+000 -1.000000e+000
    outer loop
      vertex -2.000000e+000 -8.049713e-016  2.459779e+001
      vertex -4.199042e+000 -2.872224e-001  2.459779e+001
      vertex -4.199042e+000  2.872224e-001  2.459779e+001
    endloop
  endfacet
  facet normal  0.000000e+000  0.000000e+000 -1.000000e+000
    outer loop
      vertex -2.000000e+000 -8.049713e-016  2.459779e+001
      vertex -4.199042e+000  2.872224e-001  2.459779e+001
      vertex -1.961571e+000  3.901806e-001  2.459779e+001
    endloop
  endfacet
  facet normal  -0.000000e+000  0.000000e+000 -1.000000e+000
    outer loop
      vertex -1.961571e+000  3.901806e-001  2.459779e+001
      vertex -4.199042e+000  2.872224e-001  2.459779e+001
      vertex -4.120822e+000  8.563166e-001  2.459779e+001
    endloop
  endfacet
  facet normal  0.000000e+000  0.000000e+000 -1.000000e+000
    outer loop
      vertex -1.961571e+000  3.901806e-001  2.459779e+001
      vertex -4.120822e+000  8.563166e-001  2.459779e+001
      vertex -1.847759e+000  7.653669e-001  2.459779e+001
    endloop
  endfacet
  facet normal  0.000000e+000  0.000000e+000 -1.000000e+000
    outer loop
      vertex -1.414214e+000 -1.414214e+000  2.459779e+001
      vertex -3.965839e+000 -1.409459e+000  2.459779e+001
      vertex -1.662939e+000 -1.111140e+000  2.459779e+001
    endloop
  endfacet
  facet normal  -0.000000e+000  0.000000e+000 -1.000000e+000
    outer loop
      vertex -1.662939e+000 -1.111140e+000  2.459779e+001
      vertex -3.965839e+000 -1.409459e+000  2.459779e+001
      vertex -4.120822e+000 -8.563166e-001  2.459779e+001
    endloop
  endfacet
  facet normal  0.000000e+000  0.000000e+000 -1.000000e+000
    outer loop
      vertex -1.662939e+000 -1.111140e+000  2.459779e+001
      vertex -4.120822e+000 -8.563166e-001  2.459779e+001
      vertex -1.847759e+000 -7.653669e-001  2.459779e+001
    endloop
  endfacet
  facet normal  -0.000000e+000  0.000000e+000 -1.000000e+000
    outer loop
      vertex -1.847759e+000 -7.653669e-001  2.459779e+001
      vertex -4.120822e+000 -8.563166e-001  2.459779e+001
      vertex -4.199042e+000 -2.872224e-001  2.459779e+001
    endloop
  endfacet
  facet normal  0.000000e+000  0.000000e+000 -1.000000e+000
    outer loop
      vertex -1.847759e+000 -7.653669e-001  2.459779e+001
      vertex -4.199042e+000 -2.872224e-001  2.459779e+001
      vertex -1.961571e+000 -3.901806e-001  2.459779e+001
    endloop
  endfacet
  facet normal  9.801729e-002 -9.951847e-001  0.000000e+000
    outer loop
      vertex -5.264971e-015  2.000000e+000  2.459779e+001
      vertex -3.901806e-001  1.961571e+000  2.659779e+001
      vertex -3.901806e-001  1.961571e+000  2.459779e+001
    endloop
  endfacet
  facet normal  2.902847e-001 -9.569404e-001  0.000000e+000
    outer loop
      vertex -3.901806e-001  1.961571e+000  2.459779e+001
      vertex -3.901806e-001  1.961571e+000  2.659779e+001
      vertex -7.653669e-001  1.847759e+000  2.659779e+001
    endloop
  endfacet
  facet normal  2.902847e-001 -9.569404e-001  0.000000e+000
    outer loop
      vertex -3.901806e-001  1.961571e+000  2.459779e+001
      vertex -7.653669e-001  1.847759e+000  2.659779e+001
      vertex -7.653669e-001  1.847759e+000  2.459779e+001
    endloop
  endfacet
  facet normal  4.713967e-001 -8.819214e-001  0.000000e+000
    outer loop
      vertex -7.653669e-001  1.847759e+000  2.459779e+001
      vertex -7.653669e-001  1.847759e+000  2.659779e+001
      vertex -1.111140e+000  1.662939e+000  2.659779e+001
    endloop
  endfacet
  facet normal  4.713967e-001 -8.819214e-001  0.000000e+000
    outer loop
      vertex -7.653669e-001  1.847759e+000  2.459779e+001
      vertex -1.111140e+000  1.662939e+000  2.659779e+001
      vertex -1.111140e+000  1.662939e+000  2.459779e+001
    endloop
  endfacet
  facet normal  6.343933e-001 -7.730104e-001  0.000000e+000
    outer loop
      vertex -1.111140e+000  1.662939e+000  2.459779e+001
      vertex -1.111140e+000  1.662939e+000  2.659779e+001
      vertex -1.414214e+000  1.414214e+000  2.659779e+001
    endloop
  endfacet
  facet normal  6.343933e-001 -7.730104e-001  0.000000e+000
    outer loop
      vertex -1.111140e+000  1.662939e+000  2.459779e+001
      vertex -1.414214e+000  1.414214e+000  2.659779e+001
      vertex -1.414214e+000  1.414214e+000  2.459779e+001
    endloop
  endfacet
  facet normal  7.730104e-001 -6.343933e-001  0.000000e+000
    outer loop
      vertex -1.414214e+000  1.414214e+000  2.459779e+001
      vertex -1.414214e+000  1.414214e+000  2.659779e+001
      vertex -1.662939e+000  1.111140e+000  2.659779e+001
    endloop
  endfacet
  facet normal  7.730104e-001 -6.343933e-001  0.000000e+000
    outer loop
      vertex -1.414214e+000  1.414214e+000  2.459779e+001
      vertex -1.662939e+000  1.111140e+000  2.659779e+001
      vertex -1.662939e+000  1.111140e+000  2.459779e+001
    endloop
  endfacet
  facet normal  8.819214e-001 -4.713967e-001  0.000000e+000
    outer loop
      vertex -1.662939e+000  1.111140e+000  2.459779e+001
      vertex -1.662939e+000  1.111140e+000  2.659779e+001
      vertex -1.847759e+000  7.653669e-001  2.659779e+001
    endloop
  endfacet
  facet normal  8.819214e-001 -4.713967e-001  0.000000e+000
    outer loop
      vertex -1.662939e+000  1.111140e+000  2.459779e+001
      vertex -1.847759e+000  7.653669e-001  2.659779e+001
      vertex -1.847759e+000  7.653669e-001  2.459779e+001
    endloop
  endfacet
  facet normal  9.569404e-001 -2.902847e-001  0.000000e+000
    outer loop
      vertex -1.847759e+000  7.653669e-001  2.459779e+001
      vertex -1.847759e+000  7.653669e-001  2.659779e+001
      vertex -1.961571e+000  3.901806e-001  2.659779e+001
    endloop
  endfacet
  facet normal  9.569404e-001 -2.902847e-001  0.000000e+000
    outer loop
      vertex -1.847759e+000  7.653669e-001  2.459779e+001
      vertex -1.961571e+000  3.901806e-001  2.659779e+001
      vertex -1.961571e+000  3.901806e-001  2.459779e+001
    endloop
  endfacet
  facet normal  9.951847e-001 -9.801729e-002  0.000000e+000
    outer loop
      vertex -1.961571e+000  3.901806e-001  2.459779e+001
      vertex -1.961571e+000  3.901806e-001  2.659779e+001
      vertex -2.000000e+000 -9.301643e-016  2.659779e+001
    endloop
  endfacet
  facet normal  9.951847e-001 -9.801729e-002 -6.135537e-018
    outer loop
      vertex -1.961571e+000  3.901806e-001  2.459779e+001
      vertex -2.000000e+000 -9.301643e-016  2.659779e+001
      vertex -2.000000e+000 -8.049713e-016  2.459779e+001
    endloop
  endfacet
  facet normal  9.801729e-002 -9.951847e-001  2.341977e-017
    outer loop
      vertex -3.901806e-001  1.961571e+000  2.659779e+001
      vertex -5.264971e-015  2.000000e+000  2.459779e+001
      vertex -5.742841e-015  2.000000e+000  2.659779e+001
    endloop
  endfacet
  facet normal -9.801729e-002 -9.951847e-001 -2.341977e-017
    outer loop
      vertex -5.742841e-015  2.000000e+000  2.659779e+001
      vertex -5.264971e-015  2.000000e+000  2.459779e+001
      vertex  3.901806e-001  1.961571e+000  2.459779e+001
    endloop
  endfacet
  facet normal -9.801729e-002 -9.951847e-001  0.000000e+000
    outer loop
      vertex -5.742841e-015  2.000000e+000  2.659779e+001
      vertex  3.901806e-001  1.961571e+000  2.459779e+001
      vertex  3.901806e-001  1.961571e+000  2.659779e+001
    endloop
  endfacet
  facet normal -2.902847e-001 -9.569404e-001  -0.000000e+000
    outer loop
      vertex  3.901806e-001  1.961571e+000  2.659779e+001
      vertex  3.901806e-001  1.961571e+000  2.459779e+001
      vertex  7.653669e-001  1.847759e+000  2.459779e+001
    endloop
  endfacet
  facet normal -2.902847e-001 -9.569404e-001  0.000000e+000
    outer loop
      vertex  3.901806e-001  1.961571e+000  2.659779e+001
      vertex  7.653669e-001  1.847759e+000  2.459779e+001
      vertex  7.653669e-001  1.847759e+000  2.659779e+001
    endloop
  endfacet
  facet normal -4.713967e-001 -8.819214e-001  -0.000000e+000
    outer loop
      vertex  7.653669e-001  1.847759e+000  2.659779e+001
      vertex  7.653669e-001  1.847759e+000  2.459779e+001
      vertex  1.111140e+000  1.662939e+000  2.459779e+001
    endloop
  endfacet
  facet normal -4.713967e-001 -8.819214e-001  0.000000e+000
    outer loop
      vertex  7.653669e-001  1.847759e+000  2.659779e+001
      vertex  1.111140e+000  1.662939e+000  2.459779e+001
      vertex  1.111140e+000  1.662939e+000  2.659779e+001
    endloop
  endfacet
  facet normal -6.343933e-001 -7.730104e-001  -0.000000e+000
    outer loop
      vertex  1.111140e+000  1.662939e+000  2.659779e+001
      vertex  1.111140e+000  1.662939e+000  2.459779e+001
      vertex  1.414214e+000  1.414214e+000  2.459779e+001
    endloop
  endfacet
  facet normal -6.343933e-001 -7.730104e-001  0.000000e+000
    outer loop
      vertex  1.111140e+000  1.662939e+000  2.659779e+001
      vertex  1.414214e+000  1.414214e+000  2.459779e+001
      vertex  1.414214e+000  1.414214e+000  2.659779e+001
    endloop
  endfacet
  facet normal -7.730104e-001 -6.343933e-001  -0.000000e+000
    outer loop
      vertex  1.414214e+000  1.414214e+000  2.659779e+001
      vertex  1.414214e+000  1.414214e+000  2.459779e+001
      vertex  1.662939e+000  1.111140e+000  2.459779e+001
    endloop
  endfacet
  facet normal -7.730104e-001 -6.343933e-001  0.000000e+000
    outer loop
      vertex  1.414214e+000  1.414214e+000  2.659779e+001
      vertex  1.662939e+000  1.111140e+000  2.459779e+001
      vertex  1.662939e+000  1.111140e+000  2.659779e+001
    endloop
  endfacet
  facet normal -8.819214e-001 -4.713967e-001  -0.000000e+000
    outer loop
      vertex  1.662939e+000  1.111140e+000  2.659779e+001
      vertex  1.662939e+000  1.111140e+000  2.459779e+001
      vertex  1.847759e+000  7.653669e-001  2.459779e+001
    endloop
  endfacet
  facet normal -8.819214e-001 -4.713967e-001  0.000000e+000
    outer loop
      vertex  1.662939e+000  1.111140e+000  2.659779e+001
      vertex  1.847759e+000  7.653669e-001  2.459779e+001
      vertex  1.847759e+000  7.653669e-001  2.659779e+001
    endloop
  endfacet
  facet normal -9.569404e-001 -2.902847e-001  -0.000000e+000
    outer loop
      vertex  1.847759e+000  7.653669e-001  2.659779e+001
      vertex  1.847759e+000  7.653669e-001  2.459779e+001
      vertex  1.961571e+000  3.901806e-001  2.459779e+001
    endloop
  endfacet
  facet normal -9.569404e-001 -2.902847e-001  0.000000e+000
    outer loop
      vertex  1.847759e+000  7.653669e-001  2.659779e+001
      vertex  1.961571e+000  3.901806e-001  2.459779e+001
      vertex  1.961571e+000  3.901806e-001  2.659779e+001
    endloop
  endfacet
  facet normal -9.951847e-001 -9.801729e-002  -0.000000e+000
    outer loop
      vertex  1.961571e+000  3.901806e-001  2.659779e+001
      vertex  1.961571e+000  3.901806e-001  2.459779e+001
      vertex  2.000000e+000 -2.029578e-015  2.459779e+001
    endloop
  endfacet
  facet normal -9.951847e-001 -9.801729e-002 -6.135537e-018
    outer loop
      vertex  1.961571e+000  3.901806e-001  2.659779e+001
      vertex  2.000000e+000 -2.029578e-015  2.459779e+001
      vertex  2.000000e+000 -2.154771e-015  2.659779e+001
    endloop
  endfacet
  facet normal -9.801729e-002  9.951847e-001  0.000000e+000
    outer loop
      vertex -6.734499e-015 -2.000000e+000  2.459779e+001
      vertex  3.901806e-001 -1.961571e+000  2.659779e+001
      vertex  3.901806e-001 -1.961571e+000  2.459779e+001
    endloop
  endfacet
  facet normal -2.902847e-001  9.569404e-001  0.000000e+000
    outer loop
      vertex  3.901806e-001 -1.961571e+000  2.459779e+001
      vertex  3.901806e-001 -1.961571e+000  2.659779e+001
      vertex  7.653669e-001 -1.847759e+000  2.659779e+001
    endloop
  endfacet
  facet normal -2.902847e-001  9.569404e-001  0.000000e+000
    outer loop
      vertex  3.901806e-001 -1.961571e+000  2.459779e+001
      vertex  7.653669e-001 -1.847759e+000  2.659779e+001
      vertex  7.653669e-001 -1.847759e+000  2.459779e+001
    endloop
  endfacet
  facet normal -4.713967e-001  8.819214e-001  0.000000e+000
    outer loop
      vertex  7.653669e-001 -1.847759e+000  2.459779e+001
      vertex  7.653669e-001 -1.847759e+000  2.659779e+001
      vertex  1.111140e+000 -1.662939e+000  2.659779e+001
    endloop
  endfacet
  facet normal -4.713967e-001  8.819214e-001  0.000000e+000
    outer loop
      vertex  7.653669e-001 -1.847759e+000  2.459779e+001
      vertex  1.111140e+000 -1.662939e+000  2.659779e+001
      vertex  1.111140e+000 -1.662939e+000  2.459779e+001
    endloop
  endfacet
  facet normal -6.343933e-001  7.730104e-001  0.000000e+000
    outer loop
      vertex  1.111140e+000 -1.662939e+000  2.459779e+001
      vertex  1.111140e+000 -1.662939e+000  2.659779e+001
      vertex  1.414214e+000 -1.414214e+000  2.659779e+001
    endloop
  endfacet
  facet normal -6.343933e-001  7.730104e-001  0.000000e+000
    outer loop
      vertex  1.111140e+000 -1.662939e+000  2.459779e+001
      vertex  1.414214e+000 -1.414214e+000  2.659779e+001
      vertex  1.414214e+000 -1.414214e+000  2.459779e+001
    endloop
  endfacet
  facet normal -7.730104e-001  6.343933e-001  0.000000e+000
    outer loop
      vertex  1.414214e+000 -1.414214e+000  2.459779e+001
      vertex  1.414214e+000 -1.414214e+000  2.659779e+001
      vertex  1.662939e+000 -1.111140e+000  2.659779e+001
    endloop
  endfacet
  facet normal -7.730104e-001  6.343933e-001  0.000000e+000
    outer loop
      vertex  1.414214e+000 -1.414214e+000  2.459779e+001
      vertex  1.662939e+000 -1.111140e+000  2.659779e+001
      vertex  1.662939e+000 -1.111140e+000  2.459779e+001
    endloop
  endfacet
  facet normal -8.819214e-001  4.713967e-001  0.000000e+000
    outer loop
      vertex  1.662939e+000 -1.111140e+000  2.459779e+001
      vertex  1.662939e+000 -1.111140e+000  2.659779e+001
      vertex  1.847759e+000 -7.653669e-001  2.659779e+001
    endloop
  endfacet
  facet normal -8.819214e-001  4.713967e-001  0.000000e+000
    outer loop
      vertex  1.662939e+000 -1.111140e+000  2.459779e+001
      vertex  1.847759e+000 -7.653669e-001  2.659779e+001
      vertex  1.847759e+000 -7.653669e-001  2.459779e+001
    endloop
  endfacet
  facet normal -9.569404e-001  2.902847e-001  0.000000e+000
    outer loop
      vertex  1.847759e+000 -7.653669e-001  2.459779e+001
      vertex  1.847759e+000 -7.653669e-001  2.659779e+001
      vertex  1.961571e+000 -3.901806e-001  2.659779e+001
    endloop
  endfacet
  facet normal -9.569404e-001  2.902847e-001  0.000000e+000
    outer loop
      vertex  1.847759e+000 -7.653669e-001  2.459779e+001
      vertex  1.961571e+000 -3.901806e-001  2.659779e+001
      vertex  1.961571e+000 -3.901806e-001  2.459779e+001
    endloop
  endfacet
  facet normal -9.951847e-001  9.801729e-002  0.000000e+000
    outer loop
      vertex  1.961571e+000 -3.901806e-001  2.459779e+001
      vertex  1.961571e+000 -3.901806e-001  2.659779e+001
      vertex  2.000000e+000 -2.154771e-015  2.659779e+001
    endloop
  endfacet
  facet normal -9.951847e-001  9.801729e-002  6.135537e-018
    outer loop
      vertex  1.961571e+000 -3.901806e-001  2.459779e+001
      vertex  2.000000e+000 -2.154771e-015  2.659779e+001
      vertex  2.000000e+000 -2.029578e-015  2.459779e+001
    endloop
  endfacet
  facet normal -9.801729e-002  9.951847e-001 -2.341979e-017
    outer loop
      vertex  3.901806e-001 -1.961571e+000  2.659779e+001
      vertex -6.734499e-015 -2.000000e+000  2.459779e+001
      vertex -7.212370e-015 -2.000000e+000  2.659779e+001
    endloop
  endfacet
  facet normal  9.801729e-002  9.951847e-001  2.341979e-017
    outer loop
      vertex -7.212370e-015 -2.000000e+000  2.659779e+001
      vertex -6.734499e-015 -2.000000e+000  2.459779e+001
      vertex -3.901806e-001 -1.961571e+000  2.459779e+001
    endloop
  endfacet
  facet normal  9.801729e-002  9.951847e-001  -0.000000e+000
    outer loop
      vertex -7.212370e-015 -2.000000e+000  2.659779e+001
      vertex -3.901806e-001 -1.961571e+000  2.459779e+001
      vertex -3.901806e-001 -1.961571e+000  2.659779e+001
    endloop
  endfacet
  facet normal  2.902847e-001  9.569404e-001  0.000000e+000
    outer loop
      vertex -3.901806e-001 -1.961571e+000  2.659779e+001
      vertex -3.901806e-001 -1.961571e+000  2.459779e+001
      vertex -7.653669e-001 -1.847759e+000  2.459779e+001
    endloop
  endfacet
  facet normal  2.902847e-001  9.569404e-001  -0.000000e+000
    outer loop
      vertex -3.901806e-001 -1.961571e+000  2.659779e+001
      vertex -7.653669e-001 -1.847759e+000  2.459779e+001
      vertex -7.653669e-001 -1.847759e+000  2.659779e+001
    endloop
  endfacet
  facet normal  4.713967e-001  8.819214e-001  0.000000e+000
    outer loop
      vertex -7.653669e-001 -1.847759e+000  2.659779e+001
      vertex -7.653669e-001 -1.847759e+000  2.459779e+001
      vertex -1.111140e+000 -1.662939e+000  2.459779e+001
    endloop
  endfacet
  facet normal  4.713967e-001  8.819214e-001  -0.000000e+000
    outer loop
      vertex -7.653669e-001 -1.847759e+000  2.659779e+001
      vertex -1.111140e+000 -1.662939e+000  2.459779e+001
      vertex -1.111140e+000 -1.662939e+000  2.659779e+001
    endloop
  endfacet
  facet normal  6.343933e-001  7.730104e-001  0.000000e+000
    outer loop
      vertex -1.111140e+000 -1.662939e+000  2.659779e+001
      vertex -1.111140e+000 -1.662939e+000  2.459779e+001
      vertex -1.414214e+000 -1.414214e+000  2.459779e+001
    endloop
  endfacet
  facet normal  6.343933e-001  7.730104e-001  -0.000000e+000
    outer loop
      vertex -1.111140e+000 -1.662939e+000  2.659779e+001
      vertex -1.414214e+000 -1.414214e+000  2.459779e+001
      vertex -1.414214e+000 -1.414214e+000  2.659779e+001
    endloop
  endfacet
  facet normal  7.730104e-001  6.343933e-001  0.000000e+000
    outer loop
      vertex -1.414214e+000 -1.414214e+000  2.659779e+001
      vertex -1.414214e+000 -1.414214e+000  2.459779e+001
      vertex -1.662939e+000 -1.111140e+000  2.459779e+001
    endloop
  endfacet
  facet normal  7.730104e-001  6.343933e-001  -0.000000e+000
    outer loop
      vertex -1.414214e+000 -1.414214e+000  2.659779e+001
      vertex -1.662939e+000 -1.111140e+000  2.459779e+001
      vertex -1.662939e+000 -1.111140e+000  2.659779e+001
    endloop
  endfacet
  facet normal  8.819214e-001  4.713967e-001  0.000000e+000
    outer loop
      vertex -1.662939e+000 -1.111140e+000  2.659779e+001
      vertex -1.662939e+000 -1.111140e+000  2.459779e+001
      vertex -1.847759e+000 -7.653669e-001  2.459779e+001
    endloop
  endfacet
  facet normal  8.819214e-001  4.713967e-001  -0.000000e+000
    outer loop
      vertex -1.662939e+000 -1.111140e+000  2.659779e+001
      vertex -1.847759e+000 -7.653669e-001  2.459779e+001
      vertex -1.847759e+000 -7.653669e-001  2.659779e+001
    endloop
  endfacet
  facet normal  9.569404e-001  2.902847e-001  0.000000e+000
    outer loop
      vertex -1.847759e+000 -7.653669e-001  2.659779e+001
      vertex -1.847759e+000 -7.653669e-001  2.459779e+001
      vertex -1.961571e+000 -3.901806e-001  2.459779e+001
    endloop
  endfacet
  facet normal  9.569404e-001  2.902847e-001  -0.000000e+000
    outer loop
      vertex -1.847759e+000 -7.653669e-001  2.659779e+001
      vertex -1.961571e+000 -3.901806e-001  2.459779e+001
      vertex -1.961571e+000 -3.901806e-001  2.659779e+001
    endloop
  endfacet
  facet normal  9.951847e-001  9.801729e-002  0.000000e+000
    outer loop
      vertex -1.961571e+000 -3.901806e-001  2.659779e+001
      vertex -1.961571e+000 -3.901806e-001  2.459779e+001
      vertex -2.000000e+000 -8.049713e-016  2.459779e+001
    endloop
  endfacet
  facet normal  9.951847e-001  9.801729e-002  6.135537e-018
    outer loop
      vertex -1.961571e+000 -3.901806e-001  2.659779e+001
      vertex -2.000000e+000 -8.049713e-016  2.459779e+001
      vertex -2.000000e+000 -9.301643e-016  2.659779e+001
    endloop
  endfacet
  facet normal -6.824201e-002 -9.976688e-001 -1.630540e-017
    outer loop
      vertex -6.650403e-015 -4.208854e+000  2.459779e+001
      vertex -7.128273e-015 -4.208854e+000  2.659779e+001
      vertex -5.731055e-001 -4.169652e+000  2.459779e+001
    endloop
  endfacet
  facet normal -6.824201e-002 -9.976688e-001  0.000000e+000
    outer loop
      vertex -5.731055e-001 -4.169652e+000  2.459779e+001
      vertex -7.128273e-015 -4.208854e+000  2.659779e+001
      vertex -5.731055e-001 -4.169652e+000  2.659779e+001
    endloop
  endfacet
  facet normal -2.034560e-001 -9.790841e-001  -0.000000e+000
    outer loop
      vertex -5.731055e-001 -4.169652e+000  2.459779e+001
      vertex -5.731055e-001 -4.169652e+000  2.659779e+001
      vertex -1.135535e+000 -4.052778e+000  2.459779e+001
    endloop
  endfacet
  facet normal -2.034560e-001 -9.790841e-001  0.000000e+000
    outer loop
      vertex -1.135535e+000 -4.052778e+000  2.459779e+001
      vertex -5.731055e-001 -4.169652e+000  2.659779e+001
      vertex -1.135535e+000 -4.052778e+000  2.659779e+001
    endloop
  endfacet
  facet normal -3.348798e-001 -9.422608e-001  -0.000000e+000
    outer loop
      vertex -1.135535e+000 -4.052778e+000  2.459779e+001
      vertex -1.135535e+000 -4.052778e+000  2.659779e+001
      vertex -1.676812e+000 -3.860408e+000  2.459779e+001
    endloop
  endfacet
  facet normal -3.348798e-001 -9.422608e-001  0.000000e+000
    outer loop
      vertex -1.676812e+000 -3.860408e+000  2.459779e+001
      vertex -1.135535e+000 -4.052778e+000  2.659779e+001
      vertex -1.676812e+000 -3.860408e+000  2.659779e+001
    endloop
  endfacet
  facet normal -4.600649e-001 -8.878853e-001  -0.000000e+000
    outer loop
      vertex -1.676812e+000 -3.860408e+000  2.459779e+001
      vertex -1.676812e+000 -3.860408e+000  2.659779e+001
      vertex -2.186853e+000 -3.596127e+000  2.459779e+001
    endloop
  endfacet
  facet normal -4.600649e-001 -8.878853e-001  0.000000e+000
    outer loop
      vertex -2.186853e+000 -3.596127e+000  2.459779e+001
      vertex -1.676812e+000 -3.860408e+000  2.659779e+001
      vertex -2.186853e+000 -3.596127e+000  2.659779e+001
    endloop
  endfacet
  facet normal -5.766803e-001 -8.169700e-001  -0.000000e+000
    outer loop
      vertex -2.186853e+000 -3.596127e+000  2.459779e+001
      vertex -2.186853e+000 -3.596127e+000  2.659779e+001
      vertex -2.656157e+000 -3.264856e+000  2.459779e+001
    endloop
  endfacet
  facet normal -5.766803e-001 -8.169700e-001  0.000000e+000
    outer loop
      vertex -2.656157e+000 -3.264856e+000  2.459779e+001
      vertex -2.186853e+000 -3.596127e+000  2.659779e+001
      vertex -2.656157e+000 -3.264856e+000  2.659779e+001
    endloop
  endfacet
  facet normal -6.825532e-001 -7.308359e-001  -0.000000e+000
    outer loop
      vertex -2.656157e+000 -3.264856e+000  2.459779e+001
      vertex -2.656157e+000 -3.264856e+000  2.659779e+001
      vertex -3.075982e+000 -2.872766e+000  2.459779e+001
    endloop
  endfacet
  facet normal -6.825532e-001 -7.308359e-001  0.000000e+000
    outer loop
      vertex -3.075982e+000 -2.872766e+000  2.459779e+001
      vertex -2.656157e+000 -3.264856e+000  2.659779e+001
      vertex -3.075982e+000 -2.872766e+000  2.659779e+001
    endloop
  endfacet
  facet normal -7.757113e-001 -6.310878e-001  -0.000000e+000
    outer loop
      vertex -3.075982e+000 -2.872766e+000  2.459779e+001
      vertex -3.075982e+000 -2.872766e+000  2.659779e+001
      vertex -3.438507e+000 -2.427163e+000  2.459779e+001
    endloop
  endfacet
  facet normal -7.757113e-001 -6.310878e-001  0.000000e+000
    outer loop
      vertex -3.438507e+000 -2.427163e+000  2.459779e+001
      vertex -3.075982e+000 -2.872766e+000  2.659779e+001
      vertex -3.438507e+000 -2.427163e+000  2.659779e+001
    endloop
  endfacet
  facet normal -8.544194e-001 -5.195841e-001  -0.000000e+000
    outer loop
      vertex -3.438507e+000 -2.427163e+000  2.459779e+001
      vertex -3.438507e+000 -2.427163e+000  2.659779e+001
      vertex -3.736979e+000 -1.936347e+000  2.459779e+001
    endloop
  endfacet
  facet normal -8.544194e-001 -5.195841e-001  0.000000e+000
    outer loop
      vertex -3.736979e+000 -1.936347e+000  2.459779e+001
      vertex -3.438507e+000 -2.427163e+000  2.659779e+001
      vertex -3.736979e+000 -1.936347e+000  2.659779e+001
    endloop
  endfacet
  facet normal -9.172113e-001 -3.984011e-001  -0.000000e+000
    outer loop
      vertex -3.736979e+000 -1.936347e+000  2.459779e+001
      vertex -3.736979e+000 -1.936347e+000  2.659779e+001
      vertex -3.965839e+000 -1.409459e+000  2.459779e+001
    endloop
  endfacet
  facet normal -9.172113e-001 -3.984011e-001  0.000000e+000
    outer loop
      vertex -3.965839e+000 -1.409459e+000  2.459779e+001
      vertex -3.736979e+000 -1.936347e+000  2.659779e+001
      vertex -3.965839e+000 -1.409459e+000  2.659779e+001
    endloop
  endfacet
  facet normal -9.629173e-001 -2.697967e-001  -0.000000e+000
    outer loop
      vertex -3.965839e+000 -1.409459e+000  2.459779e+001
      vertex -3.965839e+000 -1.409459e+000  2.659779e+001
      vertex -4.120822e+000 -8.563166e-001  2.459779e+001
    endloop
  endfacet
  facet normal -9.629173e-001 -2.697967e-001  0.000000e+000
    outer loop
      vertex -4.120822e+000 -8.563166e-001  2.459779e+001
      vertex -3.965839e+000 -1.409459e+000  2.659779e+001
      vertex -4.120822e+000 -8.563166e-001  2.659779e+001
    endloop
  endfacet
  facet normal -9.906859e-001 -1.361669e-001  -0.000000e+000
    outer loop
      vertex -4.120822e+000 -8.563166e-001  2.459779e+001
      vertex -4.120822e+000 -8.563166e-001  2.659779e+001
      vertex -4.199042e+000 -2.872224e-001  2.459779e+001
    endloop
  endfacet
  facet normal -9.906859e-001 -1.361669e-001  0.000000e+000
    outer loop
      vertex -4.199042e+000 -2.872224e-001  2.459779e+001
      vertex -4.120822e+000 -8.563166e-001  2.659779e+001
      vertex -4.199042e+000 -2.872224e-001  2.659779e+001
    endloop
  endfacet
  facet normal -1.000000e+000  0.000000e+000  0.000000e+000
    outer loop
      vertex -4.199042e+000 -2.872224e-001  2.459779e+001
      vertex -4.199042e+000 -2.872224e-001  2.659779e+001
      vertex -4.199042e+000  2.872224e-001  2.459779e+001
    endloop
  endfacet
  facet normal -1.000000e+000  0.000000e+000  0.000000e+000
    outer loop
      vertex -4.199042e+000  2.872224e-001  2.459779e+001
      vertex -4.199042e+000 -2.872224e-001  2.659779e+001
      vertex -4.199042e+000  2.872224e-001  2.659779e+001
    endloop
  endfacet
  facet normal -9.906859e-001  1.361669e-001  0.000000e+000
    outer loop
      vertex -4.199042e+000  2.872224e-001  2.459779e+001
      vertex -4.199042e+000  2.872224e-001  2.659779e+001
      vertex -4.120822e+000  8.563166e-001  2.459779e+001
    endloop
  endfacet
  facet normal -9.906859e-001  1.361669e-001  0.000000e+000
    outer loop
      vertex -4.120822e+000  8.563166e-001  2.459779e+001
      vertex -4.199042e+000  2.872224e-001  2.659779e+001
      vertex -4.120822e+000  8.563166e-001  2.659779e+001
    endloop
  endfacet
  facet normal -9.629173e-001  2.697967e-001  0.000000e+000
    outer loop
      vertex -4.120822e+000  8.563166e-001  2.459779e+001
      vertex -4.120822e+000  8.563166e-001  2.659779e+001
      vertex -3.965839e+000  1.409459e+000  2.459779e+001
    endloop
  endfacet
  facet normal -9.629173e-001  2.697967e-001  0.000000e+000
    outer loop
      vertex -3.965839e+000  1.409459e+000  2.459779e+001
      vertex -4.120822e+000  8.563166e-001  2.659779e+001
      vertex -3.965839e+000  1.409459e+000  2.659779e+001
    endloop
  endfacet
  facet normal -9.172113e-001  3.984011e-001  0.000000e+000
    outer loop
      vertex -3.965839e+000  1.409459e+000  2.459779e+001
      vertex -3.965839e+000  1.409459e+000  2.659779e+001
      vertex -3.736979e+000  1.936347e+000  2.459779e+001
    endloop
  endfacet
  facet normal -9.172113e-001  3.984011e-001  0.000000e+000
    outer loop
      vertex -3.736979e+000  1.936347e+000  2.459779e+001
      vertex -3.965839e+000  1.409459e+000  2.659779e+001
      vertex -3.736979e+000  1.936347e+000  2.659779e+001
    endloop
  endfacet
  facet normal -8.544194e-001  5.195841e-001  0.000000e+000
    outer loop
      vertex -3.736979e+000  1.936347e+000  2.459779e+001
      vertex -3.736979e+000  1.936347e+000  2.659779e+001
      vertex -3.438507e+000  2.427163e+000  2.459779e+001
    endloop
  endfacet
  facet normal -8.544194e-001  5.195841e-001  0.000000e+000
    outer loop
      vertex -3.438507e+000  2.427163e+000  2.459779e+001
      vertex -3.736979e+000  1.936347e+000  2.659779e+001
      vertex -3.438507e+000  2.427163e+000  2.659779e+001
    endloop
  endfacet
  facet normal -7.757113e-001  6.310878e-001  0.000000e+000
    outer loop
      vertex -3.438507e+000  2.427163e+000  2.459779e+001
      vertex -3.438507e+000  2.427163e+000  2.659779e+001
      vertex -3.075982e+000  2.872766e+000  2.459779e+001
    endloop
  endfacet
  facet normal -7.757113e-001  6.310878e-001  0.000000e+000
    outer loop
      vertex -3.075982e+000  2.872766e+000  2.459779e+001
      vertex -3.438507e+000  2.427163e+000  2.659779e+001
      vertex -3.075982e+000  2.872766e+000  2.659779e+001
    endloop
  endfacet
  facet normal -6.825532e-001  7.308359e-001  0.000000e+000
    outer loop
      vertex -3.075982e+000  2.872766e+000  2.459779e+001
      vertex -3.075982e+000  2.872766e+000  2.659779e+001
      vertex -2.656157e+000  3.264856e+000  2.459779e+001
    endloop
  endfacet
  facet normal -6.825532e-001  7.308359e-001  0.000000e+000
    outer loop
      vertex -2.656157e+000  3.264856e+000  2.459779e+001
      vertex -3.075982e+000  2.872766e+000  2.659779e+001
      vertex -2.656157e+000  3.264856e+000  2.659779e+001
    endloop
  endfacet
  facet normal -5.766803e-001  8.169700e-001  0.000000e+000
    outer loop
      vertex -2.656157e+000  3.264856e+000  2.459779e+001
      vertex -2.656157e+000  3.264856e+000  2.659779e+001
      vertex -2.186853e+000  3.596127e+000  2.459779e+001
    endloop
  endfacet
  facet normal -5.766803e-001  8.169700e-001  0.000000e+000
    outer loop
      vertex -2.186853e+000  3.596127e+000  2.459779e+001
      vertex -2.656157e+000  3.264856e+000  2.659779e+001
      vertex -2.186853e+000  3.596127e+000  2.659779e+001
    endloop
  endfacet
  facet normal -4.600649e-001  8.878853e-001  0.000000e+000
    outer loop
      vertex -2.186853e+000  3.596127e+000  2.459779e+001
      vertex -2.186853e+000  3.596127e+000  2.659779e+001
      vertex -1.676812e+000  3.860408e+000  2.459779e+001
    endloop
  endfacet
  facet normal -4.600649e-001  8.878853e-001  0.000000e+000
    outer loop
      vertex -1.676812e+000  3.860408e+000  2.459779e+001
      vertex -2.186853e+000  3.596127e+000  2.659779e+001
      vertex -1.676812e+000  3.860408e+000  2.659779e+001
    endloop
  endfacet
  facet normal -3.348798e-001  9.422608e-001  0.000000e+000
    outer loop
      vertex -1.676812e+000  3.860408e+000  2.459779e+001
      vertex -1.676812e+000  3.860408e+000  2.659779e+001
      vertex -1.135535e+000  4.052778e+000  2.459779e+001
    endloop
  endfacet
  facet normal -3.348798e-001  9.422608e-001  0.000000e+000
    outer loop
      vertex -1.135535e+000  4.052778e+000  2.459779e+001
      vertex -1.676812e+000  3.860408e+000  2.659779e+001
      vertex -1.135535e+000  4.052778e+000  2.659779e+001
    endloop
  endfacet
  facet normal -2.034560e-001  9.790841e-001  0.000000e+000
    outer loop
      vertex -1.135535e+000  4.052778e+000  2.459779e+001
      vertex -1.135535e+000  4.052778e+000  2.659779e+001
      vertex -5.731055e-001  4.169652e+000  2.459779e+001
    endloop
  endfacet
  facet normal -2.034560e-001  9.790841e-001  0.000000e+000
    outer loop
      vertex -5.731055e-001  4.169652e+000  2.459779e+001
      vertex -1.135535e+000  4.052778e+000  2.659779e+001
      vertex -5.731055e-001  4.169652e+000  2.659779e+001
    endloop
  endfacet
  facet normal -6.824201e-002  9.976688e-001  0.000000e+000
    outer loop
      vertex -5.731055e-001  4.169652e+000  2.459779e+001
      vertex -5.731055e-001  4.169652e+000  2.659779e+001
      vertex -5.619565e-015  4.208854e+000  2.459779e+001
    endloop
  endfacet
  facet normal -6.824201e-002  9.976688e-001 -1.630541e-017
    outer loop
      vertex -5.619565e-015  4.208854e+000  2.459779e+001
      vertex -5.731055e-001  4.169652e+000  2.659779e+001
      vertex -6.097435e-015  4.208854e+000  2.659779e+001
    endloop
  endfacet
endsolid CATIA STL
