solid CATIA STL
  facet normal  0.000000e+000  0.000000e+000 -1.000000e+000
    outer loop
      vertex  3.206554e+000  8.838835e-001  2.292424e+001
      vertex  1.237268e+000  9.270510e-001  2.292424e+001
      vertex  3.395975e+000  1.039337e+000  2.292424e+001
    endloop
  endfacet
  facet normal  0.000000e+000  0.000000e+000 -1.000000e+000
    outer loop
      vertex  2.935588e+000 -4.783543e-001  2.292424e+001
      vertex  1.127373e+000 -4.693034e-001  2.292424e+001
      vertex  2.864456e+000 -2.438629e-001  2.292424e+001
    endloop
  endfacet
  facet normal  0.000000e+000  0.000000e+000 -1.000000e+000
    outer loop
      vertex  6.943607e+000  9.270510e-001  2.292424e+001
      vertex  4.974321e+000  8.838835e-001  2.292424e+001
      vertex  4.784901e+000  1.039337e+000  2.292424e+001
    endloop
  endfacet
  facet normal  0.000000e+000  0.000000e+000 -1.000000e+000
    outer loop
      vertex  4.090438e+000  1.250000e+000  2.292424e+001
      vertex  3.846575e+000  1.225982e+000  2.292424e+001
      vertex  1.417418e+000  1.361971e+000  2.292424e+001
    endloop
  endfacet
  facet normal  0.000000e+000  0.000000e+000 -1.000000e+000
    outer loop
      vertex  4.090438e+000  1.250000e+000  2.292424e+001
      vertex  1.417418e+000  1.361971e+000  2.292424e+001
      vertex  1.663387e+000  1.763356e+000  2.292424e+001
    endloop
  endfacet
  facet normal  0.000000e+000  0.000000e+000 -1.000000e+000
    outer loop
      vertex  4.090438e+000  1.250000e+000  2.292424e+001
      vertex  1.663387e+000  1.763356e+000  2.292424e+001
      vertex  1.969118e+000  2.121320e+000  2.292424e+001
    endloop
  endfacet
  facet normal  0.000000e+000  0.000000e+000 -9.999999e-001
    outer loop
      vertex  4.090438e+000  1.250000e+000  2.292424e+001
      vertex  1.969118e+000  2.121320e+000  2.292424e+001
      vertex  2.327082e+000  2.427051e+000  2.292424e+001
    endloop
  endfacet
  facet normal  0.000000e+000  0.000000e+000 -1.000000e+000
    outer loop
      vertex  4.090438e+000  1.250000e+000  2.292424e+001
      vertex  2.327082e+000  2.427051e+000  2.292424e+001
      vertex  2.728466e+000  2.673020e+000  2.292424e+001
    endloop
  endfacet
  facet normal  0.000000e+000  0.000000e+000 -1.000000e+000
    outer loop
      vertex  4.090438e+000  1.250000e+000  2.292424e+001
      vertex  2.728466e+000  2.673020e+000  2.292424e+001
      vertex  3.163387e+000  2.853169e+000  2.292424e+001
    endloop
  endfacet
  facet normal  0.000000e+000  0.000000e+000 -1.000000e+000
    outer loop
      vertex  4.090438e+000  1.250000e+000  2.292424e+001
      vertex  3.163387e+000  2.853169e+000  2.292424e+001
      vertex  3.621135e+000  2.963065e+000  2.292424e+001
    endloop
  endfacet
  facet normal  0.000000e+000  0.000000e+000 -1.000000e+000
    outer loop
      vertex  4.090438e+000  1.250000e+000  2.292424e+001
      vertex  3.621135e+000  2.963065e+000  2.292424e+001
      vertex  4.090438e+000  3.000000e+000  2.292424e+001
    endloop
  endfacet
  facet normal  0.000000e+000  0.000000e+000 -1.000000e+000
    outer loop
      vertex  4.090438e+000  1.250000e+000  2.292424e+001
      vertex  4.090438e+000  3.000000e+000  2.292424e+001
      vertex  4.559741e+000  2.963065e+000  2.292424e+001
    endloop
  endfacet
  facet normal  0.000000e+000  -0.000000e+000 -1.000000e+000
    outer loop
      vertex  4.090438e+000  1.250000e+000  2.292424e+001
      vertex  4.559741e+000  2.963065e+000  2.292424e+001
      vertex  5.017489e+000  2.853169e+000  2.292424e+001
    endloop
  endfacet
  facet normal  0.000000e+000  -0.000000e+000 -9.999999e-001
    outer loop
      vertex  4.090438e+000  1.250000e+000  2.292424e+001
      vertex  5.017489e+000  2.853169e+000  2.292424e+001
      vertex  5.452409e+000  2.673020e+000  2.292424e+001
    endloop
  endfacet
  facet normal  0.000000e+000  -0.000000e+000 -9.999999e-001
    outer loop
      vertex  4.090438e+000  1.250000e+000  2.292424e+001
      vertex  5.452409e+000  2.673020e+000  2.292424e+001
      vertex  5.853794e+000  2.427051e+000  2.292424e+001
    endloop
  endfacet
  facet normal  0.000000e+000  -0.000000e+000 -9.999999e-001
    outer loop
      vertex  4.090438e+000  1.250000e+000  2.292424e+001
      vertex  5.853794e+000  2.427051e+000  2.292424e+001
      vertex  6.211758e+000  2.121320e+000  2.292424e+001
    endloop
  endfacet
  facet normal  0.000000e+000  -0.000000e+000 -1.000000e+000
    outer loop
      vertex  4.090438e+000  1.250000e+000  2.292424e+001
      vertex  6.211758e+000  2.121320e+000  2.292424e+001
      vertex  6.517489e+000  1.763356e+000  2.292424e+001
    endloop
  endfacet
  facet normal  0.000000e+000  -0.000000e+000 -1.000000e+000
    outer loop
      vertex  4.090438e+000  1.250000e+000  2.292424e+001
      vertex  6.517489e+000  1.763356e+000  2.292424e+001
      vertex  6.763457e+000  1.361971e+000  2.292424e+001
    endloop
  endfacet
  facet normal  0.000000e+000  0.000000e+000 -9.999999e-001
    outer loop
      vertex  4.090438e+000  1.250000e+000  2.292424e+001
      vertex  6.763457e+000  1.361971e+000  2.292424e+001
      vertex  4.334301e+000  1.225982e+000  2.292424e+001
    endloop
  endfacet
  facet normal  0.000000e+000  -0.000000e+000 -1.000000e+000
    outer loop
      vertex  1.127373e+000  4.693034e-001  2.292424e+001
      vertex  1.237268e+000  9.270510e-001  2.292424e+001
      vertex  3.206554e+000  8.838835e-001  2.292424e+001
    endloop
  endfacet
  facet normal  0.000000e+000  0.000000e+000 -1.000000e+000
    outer loop
      vertex  1.127373e+000  4.693034e-001  2.292424e+001
      vertex  3.206554e+000  8.838835e-001  2.292424e+001
      vertex  3.051101e+000  6.944628e-001  2.292424e+001
    endloop
  endfacet
  facet normal  0.000000e+000  0.000000e+000 -9.999999e-001
    outer loop
      vertex  1.127373e+000  4.693034e-001  2.292424e+001
      vertex  3.051101e+000  6.944628e-001  2.292424e+001
      vertex  2.935588e+000  4.783543e-001  2.292424e+001
    endloop
  endfacet
  facet normal  0.000000e+000  0.000000e+000 -1.000000e+000
    outer loop
      vertex  1.127373e+000  4.693034e-001  2.292424e+001
      vertex  2.935588e+000  4.783543e-001  2.292424e+001
      vertex  2.864456e+000  2.438629e-001  2.292424e+001
    endloop
  endfacet
  facet normal  -0.000000e+000  0.000000e+000 -1.000000e+000
    outer loop
      vertex  1.127373e+000  4.693034e-001  2.292424e+001
      vertex  2.864456e+000  2.438629e-001  2.292424e+001
      vertex  1.090438e+000 -3.673819e-016  2.292424e+001
    endloop
  endfacet
  facet normal  0.000000e+000  0.000000e+000 -9.999999e-001
    outer loop
      vertex  1.237268e+000 -9.270510e-001  2.292424e+001
      vertex  1.127373e+000 -4.693034e-001  2.292424e+001
      vertex  2.935588e+000 -4.783543e-001  2.292424e+001
    endloop
  endfacet
  facet normal  0.000000e+000  -0.000000e+000 -1.000000e+000
    outer loop
      vertex  1.237268e+000 -9.270510e-001  2.292424e+001
      vertex  2.935588e+000 -4.783543e-001  2.292424e+001
      vertex  3.051101e+000 -6.944628e-001  2.292424e+001
    endloop
  endfacet
  facet normal  0.000000e+000  -0.000000e+000 -1.000000e+000
    outer loop
      vertex  1.237268e+000 -9.270510e-001  2.292424e+001
      vertex  3.051101e+000 -6.944628e-001  2.292424e+001
      vertex  3.206554e+000 -8.838835e-001  2.292424e+001
    endloop
  endfacet
  facet normal  0.000000e+000  -0.000000e+000 -1.000000e+000
    outer loop
      vertex  1.237268e+000 -9.270510e-001  2.292424e+001
      vertex  3.206554e+000 -8.838835e-001  2.292424e+001
      vertex  3.395975e+000 -1.039337e+000  2.292424e+001
    endloop
  endfacet
  facet normal  -0.000000e+000  0.000000e+000 -9.999999e-001
    outer loop
      vertex  1.237268e+000 -9.270510e-001  2.292424e+001
      vertex  3.395975e+000 -1.039337e+000  2.292424e+001
      vertex  1.417418e+000 -1.361971e+000  2.292424e+001
    endloop
  endfacet
  facet normal  0.000000e+000  -0.000000e+000 -1.000000e+000
    outer loop
      vertex  1.417418e+000 -1.361971e+000  2.292424e+001
      vertex  3.395975e+000 -1.039337e+000  2.292424e+001
      vertex  3.612084e+000 -1.154849e+000  2.292424e+001
    endloop
  endfacet
  facet normal  0.000000e+000  -0.000000e+000 -9.999999e-001
    outer loop
      vertex  1.417418e+000 -1.361971e+000  2.292424e+001
      vertex  3.612084e+000 -1.154849e+000  2.292424e+001
      vertex  3.846575e+000 -1.225982e+000  2.292424e+001
    endloop
  endfacet
  facet normal  0.000000e+000  -0.000000e+000 -1.000000e+000
    outer loop
      vertex  1.417418e+000 -1.361971e+000  2.292424e+001
      vertex  3.846575e+000 -1.225982e+000  2.292424e+001
      vertex  4.090438e+000 -1.250000e+000  2.292424e+001
    endloop
  endfacet
  facet normal  0.000000e+000  -0.000000e+000 -1.000000e+000
    outer loop
      vertex  1.417418e+000 -1.361971e+000  2.292424e+001
      vertex  4.090438e+000 -1.250000e+000  2.292424e+001
      vertex  4.090438e+000 -3.000000e+000  2.292424e+001
    endloop
  endfacet
  facet normal  0.000000e+000  0.000000e+000 -1.000000e+000
    outer loop
      vertex  4.090438e+000 -3.000000e+000  2.292424e+001
      vertex  3.621135e+000 -2.963065e+000  2.292424e+001
      vertex  3.163387e+000 -2.853169e+000  2.292424e+001
    endloop
  endfacet
  facet normal  0.000000e+000  0.000000e+000 -1.000000e+000
    outer loop
      vertex  4.090438e+000 -3.000000e+000  2.292424e+001
      vertex  3.163387e+000 -2.853169e+000  2.292424e+001
      vertex  2.728466e+000 -2.673020e+000  2.292424e+001
    endloop
  endfacet
  facet normal  0.000000e+000  0.000000e+000 -1.000000e+000
    outer loop
      vertex  4.090438e+000 -3.000000e+000  2.292424e+001
      vertex  2.728466e+000 -2.673020e+000  2.292424e+001
      vertex  2.327082e+000 -2.427051e+000  2.292424e+001
    endloop
  endfacet
  facet normal  0.000000e+000  0.000000e+000 -1.000000e+000
    outer loop
      vertex  4.090438e+000 -3.000000e+000  2.292424e+001
      vertex  2.327082e+000 -2.427051e+000  2.292424e+001
      vertex  1.969118e+000 -2.121320e+000  2.292424e+001
    endloop
  endfacet
  facet normal  0.000000e+000  0.000000e+000 -1.000000e+000
    outer loop
      vertex  4.090438e+000 -3.000000e+000  2.292424e+001
      vertex  1.969118e+000 -2.121320e+000  2.292424e+001
      vertex  1.663387e+000 -1.763356e+000  2.292424e+001
    endloop
  endfacet
  facet normal  0.000000e+000  0.000000e+000 -1.000000e+000
    outer loop
      vertex  4.090438e+000 -3.000000e+000  2.292424e+001
      vertex  1.663387e+000 -1.763356e+000  2.292424e+001
      vertex  1.417418e+000 -1.361971e+000  2.292424e+001
    endloop
  endfacet
  facet normal  0.000000e+000  0.000000e+000 -9.999999e-001
    outer loop
      vertex  6.763457e+000 -1.361971e+000  2.292424e+001
      vertex  4.090438e+000 -1.250000e+000  2.292424e+001
      vertex  4.334301e+000 -1.225982e+000  2.292424e+001
    endloop
  endfacet
  facet normal  0.000000e+000  0.000000e+000 -1.000000e+000
    outer loop
      vertex  6.763457e+000 -1.361971e+000  2.292424e+001
      vertex  4.334301e+000 -1.225982e+000  2.292424e+001
      vertex  4.568792e+000 -1.154849e+000  2.292424e+001
    endloop
  endfacet
  facet normal  0.000000e+000  0.000000e+000 -1.000000e+000
    outer loop
      vertex  6.763457e+000 -1.361971e+000  2.292424e+001
      vertex  4.568792e+000 -1.154849e+000  2.292424e+001
      vertex  4.784901e+000 -1.039337e+000  2.292424e+001
    endloop
  endfacet
  facet normal  0.000000e+000  0.000000e+000 -1.000000e+000
    outer loop
      vertex  6.763457e+000 -1.361971e+000  2.292424e+001
      vertex  4.784901e+000 -1.039337e+000  2.292424e+001
      vertex  4.974321e+000 -8.838835e-001  2.292424e+001
    endloop
  endfacet
  facet normal  0.000000e+000  0.000000e+000 -1.000000e+000
    outer loop
      vertex  6.763457e+000 -1.361971e+000  2.292424e+001
      vertex  4.974321e+000 -8.838835e-001  2.292424e+001
      vertex  6.943607e+000 -9.270510e-001  2.292424e+001
    endloop
  endfacet
  facet normal  0.000000e+000  0.000000e+000 -1.000000e+000
    outer loop
      vertex  4.090438e+000 -3.000000e+000  2.292424e+001
      vertex  4.090438e+000 -1.250000e+000  2.292424e+001
      vertex  6.763457e+000 -1.361971e+000  2.292424e+001
    endloop
  endfacet
  facet normal  0.000000e+000  0.000000e+000 -1.000000e+000
    outer loop
      vertex  4.090438e+000 -3.000000e+000  2.292424e+001
      vertex  6.763457e+000 -1.361971e+000  2.292424e+001
      vertex  6.517489e+000 -1.763356e+000  2.292424e+001
    endloop
  endfacet
  facet normal  0.000000e+000  0.000000e+000 -1.000000e+000
    outer loop
      vertex  4.090438e+000 -3.000000e+000  2.292424e+001
      vertex  6.517489e+000 -1.763356e+000  2.292424e+001
      vertex  6.211758e+000 -2.121320e+000  2.292424e+001
    endloop
  endfacet
  facet normal  0.000000e+000  0.000000e+000 -1.000000e+000
    outer loop
      vertex  4.090438e+000 -3.000000e+000  2.292424e+001
      vertex  6.211758e+000 -2.121320e+000  2.292424e+001
      vertex  5.853794e+000 -2.427051e+000  2.292424e+001
    endloop
  endfacet
  facet normal  0.000000e+000  0.000000e+000 -1.000000e+000
    outer loop
      vertex  4.090438e+000 -3.000000e+000  2.292424e+001
      vertex  5.853794e+000 -2.427051e+000  2.292424e+001
      vertex  5.452409e+000 -2.673020e+000  2.292424e+001
    endloop
  endfacet
  facet normal  0.000000e+000  0.000000e+000 -9.999999e-001
    outer loop
      vertex  4.090438e+000 -3.000000e+000  2.292424e+001
      vertex  5.452409e+000 -2.673020e+000  2.292424e+001
      vertex  5.017489e+000 -2.853169e+000  2.292424e+001
    endloop
  endfacet
  facet normal  0.000000e+000  0.000000e+000 -1.000000e+000
    outer loop
      vertex  4.090438e+000 -3.000000e+000  2.292424e+001
      vertex  5.017489e+000 -2.853169e+000  2.292424e+001
      vertex  4.559741e+000 -2.963065e+000  2.292424e+001
    endloop
  endfacet
  facet normal  0.000000e+000  0.000000e+000 -1.000000e+000
    outer loop
      vertex  3.395975e+000  1.039337e+000  2.292424e+001
      vertex  1.237268e+000  9.270510e-001  2.292424e+001
      vertex  3.612084e+000  1.154849e+000  2.292424e+001
    endloop
  endfacet
  facet normal  -0.000000e+000  0.000000e+000 -1.000000e+000
    outer loop
      vertex  3.612084e+000  1.154849e+000  2.292424e+001
      vertex  1.237268e+000  9.270510e-001  2.292424e+001
      vertex  1.417418e+000  1.361971e+000  2.292424e+001
    endloop
  endfacet
  facet normal  0.000000e+000  0.000000e+000 -9.999999e-001
    outer loop
      vertex  3.612084e+000  1.154849e+000  2.292424e+001
      vertex  1.417418e+000  1.361971e+000  2.292424e+001
      vertex  3.846575e+000  1.225982e+000  2.292424e+001
    endloop
  endfacet
  facet normal  -0.000000e+000  0.000000e+000 -1.000000e+000
    outer loop
      vertex  2.864456e+000  2.438629e-001  2.292424e+001
      vertex  2.840438e+000  1.530758e-016  2.292424e+001
      vertex  1.090438e+000 -3.673819e-016  2.292424e+001
    endloop
  endfacet
  facet normal  0.000000e+000  0.000000e+000 -1.000000e+000
    outer loop
      vertex  1.090438e+000 -3.673819e-016  2.292424e+001
      vertex  2.840438e+000  1.530758e-016  2.292424e+001
      vertex  2.864456e+000 -2.438629e-001  2.292424e+001
    endloop
  endfacet
  facet normal  -0.000000e+000  0.000000e+000 -1.000000e+000
    outer loop
      vertex  1.090438e+000 -3.673819e-016  2.292424e+001
      vertex  2.864456e+000 -2.438629e-001  2.292424e+001
      vertex  1.127373e+000 -4.693034e-001  2.292424e+001
    endloop
  endfacet
  facet normal  0.000000e+000  0.000000e+000 -1.000000e+000
    outer loop
      vertex  4.784901e+000  1.039337e+000  2.292424e+001
      vertex  4.568792e+000  1.154849e+000  2.292424e+001
      vertex  6.943607e+000  9.270510e-001  2.292424e+001
    endloop
  endfacet
  facet normal  0.000000e+000  0.000000e+000 -9.999999e-001
    outer loop
      vertex  6.943607e+000  9.270510e-001  2.292424e+001
      vertex  4.568792e+000  1.154849e+000  2.292424e+001
      vertex  4.334301e+000  1.225982e+000  2.292424e+001
    endloop
  endfacet
  facet normal  0.000000e+000  0.000000e+000 -1.000000e+000
    outer loop
      vertex  6.943607e+000  9.270510e-001  2.292424e+001
      vertex  4.334301e+000  1.225982e+000  2.292424e+001
      vertex  6.763457e+000  1.361971e+000  2.292424e+001
    endloop
  endfacet
  facet normal  0.000000e+000  0.000000e+000 -1.000000e+000
    outer loop
      vertex  5.245287e+000  4.783543e-001  2.292424e+001
      vertex  5.129775e+000  6.944628e-001  2.292424e+001
      vertex  7.053503e+000  4.693034e-001  2.292424e+001
    endloop
  endfacet
  facet normal  0.000000e+000  0.000000e+000 -1.000000e+000
    outer loop
      vertex  7.053503e+000  4.693034e-001  2.292424e+001
      vertex  5.129775e+000  6.944628e-001  2.292424e+001
      vertex  4.974321e+000  8.838835e-001  2.292424e+001
    endloop
  endfacet
  facet normal  0.000000e+000  0.000000e+000 -1.000000e+000
    outer loop
      vertex  7.053503e+000  4.693034e-001  2.292424e+001
      vertex  4.974321e+000  8.838835e-001  2.292424e+001
      vertex  6.943607e+000  9.270510e-001  2.292424e+001
    endloop
  endfacet
  facet normal  0.000000e+000  0.000000e+000 -1.000000e+000
    outer loop
      vertex  5.340438e+000  0.000000e+000  2.292424e+001
      vertex  5.316420e+000  2.438629e-001  2.292424e+001
      vertex  7.090438e+000  0.000000e+000  2.292424e+001
    endloop
  endfacet
  facet normal  0.000000e+000  0.000000e+000 -1.000000e+000
    outer loop
      vertex  7.090438e+000  0.000000e+000  2.292424e+001
      vertex  5.316420e+000  2.438629e-001  2.292424e+001
      vertex  5.245287e+000  4.783543e-001  2.292424e+001
    endloop
  endfacet
  facet normal  0.000000e+000  0.000000e+000 -1.000000e+000
    outer loop
      vertex  7.090438e+000  0.000000e+000  2.292424e+001
      vertex  5.245287e+000  4.783543e-001  2.292424e+001
      vertex  7.053503e+000  4.693034e-001  2.292424e+001
    endloop
  endfacet
  facet normal  0.000000e+000  -0.000000e+000 -1.000000e+000
    outer loop
      vertex  5.245287e+000 -4.783543e-001  2.292424e+001
      vertex  5.316420e+000 -2.438629e-001  2.292424e+001
      vertex  7.053503e+000 -4.693034e-001  2.292424e+001
    endloop
  endfacet
  facet normal  0.000000e+000  0.000000e+000 -1.000000e+000
    outer loop
      vertex  7.053503e+000 -4.693034e-001  2.292424e+001
      vertex  5.316420e+000 -2.438629e-001  2.292424e+001
      vertex  5.340438e+000  0.000000e+000  2.292424e+001
    endloop
  endfacet
  facet normal  0.000000e+000  0.000000e+000 -1.000000e+000
    outer loop
      vertex  7.053503e+000 -4.693034e-001  2.292424e+001
      vertex  5.340438e+000  0.000000e+000  2.292424e+001
      vertex  7.090438e+000  0.000000e+000  2.292424e+001
    endloop
  endfacet
  facet normal  0.000000e+000  -0.000000e+000 -1.000000e+000
    outer loop
      vertex  4.974321e+000 -8.838835e-001  2.292424e+001
      vertex  5.129775e+000 -6.944628e-001  2.292424e+001
      vertex  6.943607e+000 -9.270510e-001  2.292424e+001
    endloop
  endfacet
  facet normal  0.000000e+000  0.000000e+000 -1.000000e+000
    outer loop
      vertex  6.943607e+000 -9.270510e-001  2.292424e+001
      vertex  5.129775e+000 -6.944628e-001  2.292424e+001
      vertex  5.245287e+000 -4.783543e-001  2.292424e+001
    endloop
  endfacet
  facet normal  0.000000e+000  0.000000e+000 -1.000000e+000
    outer loop
      vertex  6.943607e+000 -9.270510e-001  2.292424e+001
      vertex  5.245287e+000 -4.783543e-001  2.292424e+001
      vertex  7.053503e+000 -4.693034e-001  2.292424e+001
    endloop
  endfacet
  facet normal  0.000000e+000  0.000000e+000  1.000000e+000
    outer loop
      vertex  4.090438e+000 -2.500000e+000  2.342424e+001
      vertex  3.656317e+000 -2.462019e+000  2.342424e+001
      vertex  2.327082e+000 -2.427051e+000  2.342424e+001
    endloop
  endfacet
  facet normal  0.000000e+000  0.000000e+000  1.000000e+000
    outer loop
      vertex  4.090438e+000 -2.500000e+000  2.342424e+001
      vertex  2.327082e+000 -2.427051e+000  2.342424e+001
      vertex  2.728466e+000 -2.673020e+000  2.342424e+001
    endloop
  endfacet
  facet normal  -0.000000e+000  0.000000e+000  1.000000e+000
    outer loop
      vertex  4.090438e+000 -2.500000e+000  2.342424e+001
      vertex  2.728466e+000 -2.673020e+000  2.342424e+001
      vertex  3.163387e+000 -2.853169e+000  2.342424e+001
    endloop
  endfacet
  facet normal  -0.000000e+000  0.000000e+000  9.999999e-001
    outer loop
      vertex  4.090438e+000 -2.500000e+000  2.342424e+001
      vertex  3.163387e+000 -2.853169e+000  2.342424e+001
      vertex  3.621135e+000 -2.963065e+000  2.342424e+001
    endloop
  endfacet
  facet normal  -0.000000e+000  0.000000e+000  1.000000e+000
    outer loop
      vertex  4.090438e+000 -2.500000e+000  2.342424e+001
      vertex  3.621135e+000 -2.963065e+000  2.342424e+001
      vertex  4.090438e+000 -3.000000e+000  2.342424e+001
    endloop
  endfacet
  facet normal  0.000000e+000  0.000000e+000  9.999999e-001
    outer loop
      vertex  4.090438e+000 -2.500000e+000  2.342424e+001
      vertex  4.090438e+000 -3.000000e+000  2.342424e+001
      vertex  4.559741e+000 -2.963065e+000  2.342424e+001
    endloop
  endfacet
  facet normal  0.000000e+000  -0.000000e+000  1.000000e+000
    outer loop
      vertex  4.090438e+000 -2.500000e+000  2.342424e+001
      vertex  4.559741e+000 -2.963065e+000  2.342424e+001
      vertex  5.017489e+000 -2.853169e+000  2.342424e+001
    endloop
  endfacet
  facet normal  0.000000e+000  -0.000000e+000  9.999999e-001
    outer loop
      vertex  4.090438e+000 -2.500000e+000  2.342424e+001
      vertex  5.017489e+000 -2.853169e+000  2.342424e+001
      vertex  5.452409e+000 -2.673020e+000  2.342424e+001
    endloop
  endfacet
  facet normal  0.000000e+000  -0.000000e+000  1.000000e+000
    outer loop
      vertex  4.090438e+000 -2.500000e+000  2.342424e+001
      vertex  5.452409e+000 -2.673020e+000  2.342424e+001
      vertex  5.853794e+000 -2.427051e+000  2.342424e+001
    endloop
  endfacet
  facet normal  0.000000e+000  0.000000e+000  1.000000e+000
    outer loop
      vertex  4.090438e+000 -2.500000e+000  2.342424e+001
      vertex  5.853794e+000 -2.427051e+000  2.342424e+001
      vertex  4.524559e+000 -2.462019e+000  2.342424e+001
    endloop
  endfacet
  facet normal  0.000000e+000  0.000000e+000  1.000000e+000
    outer loop
      vertex  2.840438e+000 -2.165064e+000  2.342424e+001
      vertex  1.969118e+000 -2.121320e+000  2.342424e+001
      vertex  3.235388e+000 -2.349231e+000  2.342424e+001
    endloop
  endfacet
  facet normal  0.000000e+000  0.000000e+000  1.000000e+000
    outer loop
      vertex  3.235388e+000 -2.349231e+000  2.342424e+001
      vertex  1.969118e+000 -2.121320e+000  2.342424e+001
      vertex  2.327082e+000 -2.427051e+000  2.342424e+001
    endloop
  endfacet
  facet normal  -0.000000e+000  0.000000e+000  1.000000e+000
    outer loop
      vertex  3.235388e+000 -2.349231e+000  2.342424e+001
      vertex  2.327082e+000 -2.427051e+000  2.342424e+001
      vertex  3.656317e+000 -2.462019e+000  2.342424e+001
    endloop
  endfacet
  facet normal  -0.000000e+000  0.000000e+000  1.000000e+000
    outer loop
      vertex  1.925374e+000 -1.250000e+000  2.342424e+001
      vertex  1.417418e+000 -1.361971e+000  2.342424e+001
      vertex  2.175327e+000 -1.606969e+000  2.342424e+001
    endloop
  endfacet
  facet normal  0.000000e+000  0.000000e+000  1.000000e+000
    outer loop
      vertex  2.175327e+000 -1.606969e+000  2.342424e+001
      vertex  1.417418e+000 -1.361971e+000  2.342424e+001
      vertex  1.663387e+000 -1.763356e+000  2.342424e+001
    endloop
  endfacet
  facet normal  -0.000000e+000  0.000000e+000  1.000000e+000
    outer loop
      vertex  2.175327e+000 -1.606969e+000  2.342424e+001
      vertex  1.663387e+000 -1.763356e+000  2.342424e+001
      vertex  2.483469e+000 -1.915111e+000  2.342424e+001
    endloop
  endfacet
  facet normal  0.000000e+000  0.000000e+000  1.000000e+000
    outer loop
      vertex  2.483469e+000 -1.915111e+000  2.342424e+001
      vertex  1.663387e+000 -1.763356e+000  2.342424e+001
      vertex  1.969118e+000 -2.121320e+000  2.342424e+001
    endloop
  endfacet
  facet normal  -0.000000e+000  0.000000e+000  1.000000e+000
    outer loop
      vertex  2.483469e+000 -1.915111e+000  2.342424e+001
      vertex  1.969118e+000 -2.121320e+000  2.342424e+001
      vertex  2.840438e+000 -2.165064e+000  2.342424e+001
    endloop
  endfacet
  facet normal  -0.000000e+000  0.000000e+000  1.000000e+000
    outer loop
      vertex  2.483469e+000  1.915111e+000  2.342424e+001
      vertex  1.663387e+000  1.763356e+000  2.342424e+001
      vertex  2.175327e+000  1.606969e+000  2.342424e+001
    endloop
  endfacet
  facet normal  0.000000e+000  0.000000e+000  1.000000e+000
    outer loop
      vertex  2.175327e+000  1.606969e+000  2.342424e+001
      vertex  1.663387e+000  1.763356e+000  2.342424e+001
      vertex  1.417418e+000  1.361971e+000  2.342424e+001
    endloop
  endfacet
  facet normal  -0.000000e+000  0.000000e+000  1.000000e+000
    outer loop
      vertex  2.175327e+000  1.606969e+000  2.342424e+001
      vertex  1.417418e+000  1.361971e+000  2.342424e+001
      vertex  1.925374e+000  1.250000e+000  2.342424e+001
    endloop
  endfacet
  facet normal  0.000000e+000  0.000000e+000  1.000000e+000
    outer loop
      vertex  1.925374e+000  1.250000e+000  2.342424e+001
      vertex  1.417418e+000  1.361971e+000  2.342424e+001
      vertex  1.237268e+000  9.270510e-001  2.342424e+001
    endloop
  endfacet
  facet normal  -0.000000e+000  0.000000e+000  9.999999e-001
    outer loop
      vertex  1.925374e+000  1.250000e+000  2.342424e+001
      vertex  1.237268e+000  9.270510e-001  2.342424e+001
      vertex  1.741206e+000  8.550504e-001  2.342424e+001
    endloop
  endfacet
  facet normal  0.000000e+000  0.000000e+000  1.000000e+000
    outer loop
      vertex  1.741206e+000  8.550504e-001  2.342424e+001
      vertex  1.237268e+000  9.270510e-001  2.342424e+001
      vertex  1.127373e+000  4.693034e-001  2.342424e+001
    endloop
  endfacet
  facet normal  -0.000000e+000  0.000000e+000  1.000000e+000
    outer loop
      vertex  1.741206e+000  8.550504e-001  2.342424e+001
      vertex  1.127373e+000  4.693034e-001  2.342424e+001
      vertex  1.628419e+000  4.341204e-001  2.342424e+001
    endloop
  endfacet
  facet normal  0.000000e+000  0.000000e+000  1.000000e+000
    outer loop
      vertex  1.628419e+000  4.341204e-001  2.342424e+001
      vertex  1.127373e+000  4.693034e-001  2.342424e+001
      vertex  1.090438e+000 -3.673819e-016  2.342424e+001
    endloop
  endfacet
  facet normal  0.000000e+000  0.000000e+000  1.000000e+000
    outer loop
      vertex  1.628419e+000  4.341204e-001  2.342424e+001
      vertex  1.090438e+000 -3.673819e-016  2.342424e+001
      vertex  1.590438e+000  3.061516e-016  2.342424e+001
    endloop
  endfacet
  facet normal  0.000000e+000  0.000000e+000  9.999999e-001
    outer loop
      vertex  1.590438e+000  3.061516e-016  2.342424e+001
      vertex  1.090438e+000 -3.673819e-016  2.342424e+001
      vertex  1.127373e+000 -4.693034e-001  2.342424e+001
    endloop
  endfacet
  facet normal  0.000000e+000  0.000000e+000  1.000000e+000
    outer loop
      vertex  1.590438e+000  3.061516e-016  2.342424e+001
      vertex  1.127373e+000 -4.693034e-001  2.342424e+001
      vertex  1.628419e+000 -4.341204e-001  2.342424e+001
    endloop
  endfacet
  facet normal  0.000000e+000  0.000000e+000  9.999999e-001
    outer loop
      vertex  1.628419e+000 -4.341204e-001  2.342424e+001
      vertex  1.127373e+000 -4.693034e-001  2.342424e+001
      vertex  1.237268e+000 -9.270510e-001  2.342424e+001
    endloop
  endfacet
  facet normal  0.000000e+000  0.000000e+000  1.000000e+000
    outer loop
      vertex  1.628419e+000 -4.341204e-001  2.342424e+001
      vertex  1.237268e+000 -9.270510e-001  2.342424e+001
      vertex  1.741206e+000 -8.550504e-001  2.342424e+001
    endloop
  endfacet
  facet normal  0.000000e+000  0.000000e+000  9.999999e-001
    outer loop
      vertex  1.741206e+000 -8.550504e-001  2.342424e+001
      vertex  1.237268e+000 -9.270510e-001  2.342424e+001
      vertex  1.417418e+000 -1.361971e+000  2.342424e+001
    endloop
  endfacet
  facet normal  0.000000e+000  0.000000e+000  1.000000e+000
    outer loop
      vertex  1.741206e+000 -8.550504e-001  2.342424e+001
      vertex  1.417418e+000 -1.361971e+000  2.342424e+001
      vertex  1.925374e+000 -1.250000e+000  2.342424e+001
    endloop
  endfacet
  facet normal  -0.000000e+000  0.000000e+000  1.000000e+000
    outer loop
      vertex  3.656317e+000  2.462019e+000  2.342424e+001
      vertex  2.327082e+000  2.427051e+000  2.342424e+001
      vertex  3.235388e+000  2.349231e+000  2.342424e+001
    endloop
  endfacet
  facet normal  0.000000e+000  0.000000e+000  1.000000e+000
    outer loop
      vertex  3.235388e+000  2.349231e+000  2.342424e+001
      vertex  2.327082e+000  2.427051e+000  2.342424e+001
      vertex  1.969118e+000  2.121320e+000  2.342424e+001
    endloop
  endfacet
  facet normal  0.000000e+000  0.000000e+000  1.000000e+000
    outer loop
      vertex  3.235388e+000  2.349231e+000  2.342424e+001
      vertex  1.969118e+000  2.121320e+000  2.342424e+001
      vertex  2.840438e+000  2.165064e+000  2.342424e+001
    endloop
  endfacet
  facet normal  0.000000e+000  0.000000e+000  1.000000e+000
    outer loop
      vertex  2.840438e+000  2.165064e+000  2.342424e+001
      vertex  1.969118e+000  2.121320e+000  2.342424e+001
      vertex  1.663387e+000  1.763356e+000  2.342424e+001
    endloop
  endfacet
  facet normal  0.000000e+000  0.000000e+000  1.000000e+000
    outer loop
      vertex  2.840438e+000  2.165064e+000  2.342424e+001
      vertex  1.663387e+000  1.763356e+000  2.342424e+001
      vertex  2.483469e+000  1.915111e+000  2.342424e+001
    endloop
  endfacet
  facet normal  0.000000e+000  0.000000e+000  1.000000e+000
    outer loop
      vertex  3.621135e+000  2.963065e+000  2.342424e+001
      vertex  3.163387e+000  2.853169e+000  2.342424e+001
      vertex  4.090438e+000  3.000000e+000  2.342424e+001
    endloop
  endfacet
  facet normal  0.000000e+000  0.000000e+000  1.000000e+000
    outer loop
      vertex  4.090438e+000  3.000000e+000  2.342424e+001
      vertex  3.163387e+000  2.853169e+000  2.342424e+001
      vertex  2.728466e+000  2.673020e+000  2.342424e+001
    endloop
  endfacet
  facet normal  -0.000000e+000  0.000000e+000  1.000000e+000
    outer loop
      vertex  4.090438e+000  3.000000e+000  2.342424e+001
      vertex  2.728466e+000  2.673020e+000  2.342424e+001
      vertex  4.090438e+000  2.500000e+000  2.342424e+001
    endloop
  endfacet
  facet normal  0.000000e+000  0.000000e+000  1.000000e+000
    outer loop
      vertex  4.090438e+000  2.500000e+000  2.342424e+001
      vertex  2.728466e+000  2.673020e+000  2.342424e+001
      vertex  2.327082e+000  2.427051e+000  2.342424e+001
    endloop
  endfacet
  facet normal  0.000000e+000  0.000000e+000  1.000000e+000
    outer loop
      vertex  4.090438e+000  2.500000e+000  2.342424e+001
      vertex  2.327082e+000  2.427051e+000  2.342424e+001
      vertex  3.656317e+000  2.462019e+000  2.342424e+001
    endloop
  endfacet
  facet normal  0.000000e+000  0.000000e+000  1.000000e+000
    outer loop
      vertex  5.340438e+000 -2.165064e+000  2.342424e+001
      vertex  4.945488e+000 -2.349231e+000  2.342424e+001
      vertex  6.211758e+000 -2.121320e+000  2.342424e+001
    endloop
  endfacet
  facet normal  0.000000e+000  0.000000e+000  1.000000e+000
    outer loop
      vertex  6.211758e+000 -2.121320e+000  2.342424e+001
      vertex  4.945488e+000 -2.349231e+000  2.342424e+001
      vertex  4.524559e+000 -2.462019e+000  2.342424e+001
    endloop
  endfacet
  facet normal  0.000000e+000  0.000000e+000  1.000000e+000
    outer loop
      vertex  6.211758e+000 -2.121320e+000  2.342424e+001
      vertex  4.524559e+000 -2.462019e+000  2.342424e+001
      vertex  5.853794e+000 -2.427051e+000  2.342424e+001
    endloop
  endfacet
  facet normal  0.000000e+000  0.000000e+000  1.000000e+000
    outer loop
      vertex  6.255501e+000 -1.250000e+000  2.342424e+001
      vertex  6.005549e+000 -1.606969e+000  2.342424e+001
      vertex  6.763457e+000 -1.361971e+000  2.342424e+001
    endloop
  endfacet
  facet normal  0.000000e+000  0.000000e+000  1.000000e+000
    outer loop
      vertex  6.763457e+000 -1.361971e+000  2.342424e+001
      vertex  6.005549e+000 -1.606969e+000  2.342424e+001
      vertex  5.697407e+000 -1.915111e+000  2.342424e+001
    endloop
  endfacet
  facet normal  0.000000e+000  0.000000e+000  1.000000e+000
    outer loop
      vertex  6.763457e+000 -1.361971e+000  2.342424e+001
      vertex  5.697407e+000 -1.915111e+000  2.342424e+001
      vertex  6.517489e+000 -1.763356e+000  2.342424e+001
    endloop
  endfacet
  facet normal  0.000000e+000  0.000000e+000  1.000000e+000
    outer loop
      vertex  6.517489e+000 -1.763356e+000  2.342424e+001
      vertex  5.697407e+000 -1.915111e+000  2.342424e+001
      vertex  5.340438e+000 -2.165064e+000  2.342424e+001
    endloop
  endfacet
  facet normal  0.000000e+000  0.000000e+000  1.000000e+000
    outer loop
      vertex  6.517489e+000 -1.763356e+000  2.342424e+001
      vertex  5.340438e+000 -2.165064e+000  2.342424e+001
      vertex  6.211758e+000 -2.121320e+000  2.342424e+001
    endloop
  endfacet
  facet normal  0.000000e+000  -0.000000e+000  1.000000e+000
    outer loop
      vertex  5.697407e+000  1.915111e+000  2.342424e+001
      vertex  6.005549e+000  1.606969e+000  2.342424e+001
      vertex  6.517489e+000  1.763356e+000  2.342424e+001
    endloop
  endfacet
  facet normal  0.000000e+000  0.000000e+000  1.000000e+000
    outer loop
      vertex  6.517489e+000  1.763356e+000  2.342424e+001
      vertex  6.005549e+000  1.606969e+000  2.342424e+001
      vertex  6.255501e+000  1.250000e+000  2.342424e+001
    endloop
  endfacet
  facet normal  0.000000e+000  0.000000e+000  1.000000e+000
    outer loop
      vertex  6.517489e+000  1.763356e+000  2.342424e+001
      vertex  6.255501e+000  1.250000e+000  2.342424e+001
      vertex  6.763457e+000  1.361971e+000  2.342424e+001
    endloop
  endfacet
  facet normal  0.000000e+000  0.000000e+000  1.000000e+000
    outer loop
      vertex  6.763457e+000  1.361971e+000  2.342424e+001
      vertex  6.255501e+000  1.250000e+000  2.342424e+001
      vertex  6.439670e+000  8.550504e-001  2.342424e+001
    endloop
  endfacet
  facet normal  0.000000e+000  0.000000e+000  9.999999e-001
    outer loop
      vertex  6.763457e+000  1.361971e+000  2.342424e+001
      vertex  6.439670e+000  8.550504e-001  2.342424e+001
      vertex  6.943607e+000  9.270510e-001  2.342424e+001
    endloop
  endfacet
  facet normal  0.000000e+000  0.000000e+000  9.999999e-001
    outer loop
      vertex  6.943607e+000  9.270510e-001  2.342424e+001
      vertex  6.439670e+000  8.550504e-001  2.342424e+001
      vertex  6.552457e+000  4.341204e-001  2.342424e+001
    endloop
  endfacet
  facet normal  0.000000e+000  0.000000e+000  9.999999e-001
    outer loop
      vertex  6.943607e+000  9.270510e-001  2.342424e+001
      vertex  6.552457e+000  4.341204e-001  2.342424e+001
      vertex  7.053503e+000  4.693034e-001  2.342424e+001
    endloop
  endfacet
  facet normal  0.000000e+000  0.000000e+000  9.999999e-001
    outer loop
      vertex  7.053503e+000  4.693034e-001  2.342424e+001
      vertex  6.552457e+000  4.341204e-001  2.342424e+001
      vertex  6.590438e+000  0.000000e+000  2.342424e+001
    endloop
  endfacet
  facet normal  0.000000e+000  0.000000e+000  9.999999e-001
    outer loop
      vertex  7.053503e+000  4.693034e-001  2.342424e+001
      vertex  6.590438e+000  0.000000e+000  2.342424e+001
      vertex  7.090438e+000  0.000000e+000  2.342424e+001
    endloop
  endfacet
  facet normal  0.000000e+000  0.000000e+000  1.000000e+000
    outer loop
      vertex  7.090438e+000  0.000000e+000  2.342424e+001
      vertex  6.590438e+000  0.000000e+000  2.342424e+001
      vertex  6.552457e+000 -4.341204e-001  2.342424e+001
    endloop
  endfacet
  facet normal  -0.000000e+000  0.000000e+000  9.999999e-001
    outer loop
      vertex  7.090438e+000  0.000000e+000  2.342424e+001
      vertex  6.552457e+000 -4.341204e-001  2.342424e+001
      vertex  7.053503e+000 -4.693034e-001  2.342424e+001
    endloop
  endfacet
  facet normal  0.000000e+000  0.000000e+000  1.000000e+000
    outer loop
      vertex  7.053503e+000 -4.693034e-001  2.342424e+001
      vertex  6.552457e+000 -4.341204e-001  2.342424e+001
      vertex  6.439670e+000 -8.550504e-001  2.342424e+001
    endloop
  endfacet
  facet normal  -0.000000e+000  0.000000e+000  1.000000e+000
    outer loop
      vertex  7.053503e+000 -4.693034e-001  2.342424e+001
      vertex  6.439670e+000 -8.550504e-001  2.342424e+001
      vertex  6.943607e+000 -9.270510e-001  2.342424e+001
    endloop
  endfacet
  facet normal  0.000000e+000  0.000000e+000  1.000000e+000
    outer loop
      vertex  6.943607e+000 -9.270510e-001  2.342424e+001
      vertex  6.439670e+000 -8.550504e-001  2.342424e+001
      vertex  6.255501e+000 -1.250000e+000  2.342424e+001
    endloop
  endfacet
  facet normal  -0.000000e+000  0.000000e+000  1.000000e+000
    outer loop
      vertex  6.943607e+000 -9.270510e-001  2.342424e+001
      vertex  6.255501e+000 -1.250000e+000  2.342424e+001
      vertex  6.763457e+000 -1.361971e+000  2.342424e+001
    endloop
  endfacet
  facet normal  0.000000e+000  -0.000000e+000  9.999999e-001
    outer loop
      vertex  4.524559e+000  2.462019e+000  2.342424e+001
      vertex  4.945488e+000  2.349231e+000  2.342424e+001
      vertex  5.853794e+000  2.427051e+000  2.342424e+001
    endloop
  endfacet
  facet normal  0.000000e+000  0.000000e+000  1.000000e+000
    outer loop
      vertex  5.853794e+000  2.427051e+000  2.342424e+001
      vertex  4.945488e+000  2.349231e+000  2.342424e+001
      vertex  5.340438e+000  2.165064e+000  2.342424e+001
    endloop
  endfacet
  facet normal  -0.000000e+000  0.000000e+000  1.000000e+000
    outer loop
      vertex  5.853794e+000  2.427051e+000  2.342424e+001
      vertex  5.340438e+000  2.165064e+000  2.342424e+001
      vertex  6.211758e+000  2.121320e+000  2.342424e+001
    endloop
  endfacet
  facet normal  0.000000e+000  0.000000e+000  1.000000e+000
    outer loop
      vertex  6.211758e+000  2.121320e+000  2.342424e+001
      vertex  5.340438e+000  2.165064e+000  2.342424e+001
      vertex  5.697407e+000  1.915111e+000  2.342424e+001
    endloop
  endfacet
  facet normal  -0.000000e+000  0.000000e+000  1.000000e+000
    outer loop
      vertex  6.211758e+000  2.121320e+000  2.342424e+001
      vertex  5.697407e+000  1.915111e+000  2.342424e+001
      vertex  6.517489e+000  1.763356e+000  2.342424e+001
    endloop
  endfacet
  facet normal  0.000000e+000  0.000000e+000  1.000000e+000
    outer loop
      vertex  4.559741e+000  2.963065e+000  2.342424e+001
      vertex  4.090438e+000  3.000000e+000  2.342424e+001
      vertex  5.017489e+000  2.853169e+000  2.342424e+001
    endloop
  endfacet
  facet normal  0.000000e+000  0.000000e+000  1.000000e+000
    outer loop
      vertex  5.017489e+000  2.853169e+000  2.342424e+001
      vertex  4.090438e+000  3.000000e+000  2.342424e+001
      vertex  4.090438e+000  2.500000e+000  2.342424e+001
    endloop
  endfacet
  facet normal  0.000000e+000  0.000000e+000  9.999999e-001
    outer loop
      vertex  5.017489e+000  2.853169e+000  2.342424e+001
      vertex  4.090438e+000  2.500000e+000  2.342424e+001
      vertex  5.452409e+000  2.673020e+000  2.342424e+001
    endloop
  endfacet
  facet normal  0.000000e+000  0.000000e+000  1.000000e+000
    outer loop
      vertex  5.452409e+000  2.673020e+000  2.342424e+001
      vertex  4.090438e+000  2.500000e+000  2.342424e+001
      vertex  4.524559e+000  2.462019e+000  2.342424e+001
    endloop
  endfacet
  facet normal  -0.000000e+000  0.000000e+000  1.000000e+000
    outer loop
      vertex  5.452409e+000  2.673020e+000  2.342424e+001
      vertex  4.524559e+000  2.462019e+000  2.342424e+001
      vertex  5.853794e+000  2.427051e+000  2.342424e+001
    endloop
  endfacet
  facet normal -9.961947e-001  8.715587e-002  0.000000e+000
    outer loop
      vertex  1.590438e+000  3.061516e-016  2.342424e+001
      vertex  1.590438e+000  3.061516e-016  2.442424e+001
      vertex  1.628419e+000  4.341204e-001  2.342424e+001
    endloop
  endfacet
  facet normal -9.961947e-001  8.715587e-002  0.000000e+000
    outer loop
      vertex  1.628419e+000  4.341204e-001  2.342424e+001
      vertex  1.590438e+000  3.061516e-016  2.442424e+001
      vertex  1.628419e+000  4.341204e-001  2.442424e+001
    endloop
  endfacet
  facet normal -9.659259e-001  2.588188e-001  0.000000e+000
    outer loop
      vertex  1.628419e+000  4.341204e-001  2.342424e+001
      vertex  1.628419e+000  4.341204e-001  2.442424e+001
      vertex  1.741206e+000  8.550504e-001  2.342424e+001
    endloop
  endfacet
  facet normal -9.659259e-001  2.588188e-001  0.000000e+000
    outer loop
      vertex  1.741206e+000  8.550504e-001  2.342424e+001
      vertex  1.628419e+000  4.341204e-001  2.442424e+001
      vertex  1.741206e+000  8.550504e-001  2.442424e+001
    endloop
  endfacet
  facet normal -9.063077e-001  4.226184e-001  0.000000e+000
    outer loop
      vertex  1.741206e+000  8.550504e-001  2.342424e+001
      vertex  1.741206e+000  8.550504e-001  2.442424e+001
      vertex  1.925374e+000  1.250000e+000  2.342424e+001
    endloop
  endfacet
  facet normal -9.063077e-001  4.226184e-001  0.000000e+000
    outer loop
      vertex  1.925374e+000  1.250000e+000  2.342424e+001
      vertex  1.741206e+000  8.550504e-001  2.442424e+001
      vertex  1.925374e+000  1.250000e+000  2.442424e+001
    endloop
  endfacet
  facet normal -8.191519e-001  5.735765e-001  0.000000e+000
    outer loop
      vertex  1.925374e+000  1.250000e+000  2.342424e+001
      vertex  1.925374e+000  1.250000e+000  2.442424e+001
      vertex  2.175327e+000  1.606969e+000  2.342424e+001
    endloop
  endfacet
  facet normal -8.191519e-001  5.735765e-001  0.000000e+000
    outer loop
      vertex  2.175327e+000  1.606969e+000  2.342424e+001
      vertex  1.925374e+000  1.250000e+000  2.442424e+001
      vertex  2.175327e+000  1.606969e+000  2.442424e+001
    endloop
  endfacet
  facet normal -7.071069e-001  7.071066e-001  0.000000e+000
    outer loop
      vertex  2.175327e+000  1.606969e+000  2.342424e+001
      vertex  2.175327e+000  1.606969e+000  2.442424e+001
      vertex  2.483469e+000  1.915111e+000  2.342424e+001
    endloop
  endfacet
  facet normal -7.071069e-001  7.071066e-001  0.000000e+000
    outer loop
      vertex  2.483469e+000  1.915111e+000  2.342424e+001
      vertex  2.175327e+000  1.606969e+000  2.442424e+001
      vertex  2.483469e+000  1.915111e+000  2.442424e+001
    endloop
  endfacet
  facet normal -5.735765e-001  8.191519e-001  0.000000e+000
    outer loop
      vertex  2.483469e+000  1.915111e+000  2.342424e+001
      vertex  2.483469e+000  1.915111e+000  2.442424e+001
      vertex  2.840438e+000  2.165064e+000  2.342424e+001
    endloop
  endfacet
  facet normal -5.735765e-001  8.191519e-001  0.000000e+000
    outer loop
      vertex  2.840438e+000  2.165064e+000  2.342424e+001
      vertex  2.483469e+000  1.915111e+000  2.442424e+001
      vertex  2.840438e+000  2.165064e+000  2.442424e+001
    endloop
  endfacet
  facet normal -4.226179e-001  9.063079e-001  0.000000e+000
    outer loop
      vertex  2.840438e+000  2.165064e+000  2.342424e+001
      vertex  2.840438e+000  2.165064e+000  2.442424e+001
      vertex  3.235388e+000  2.349231e+000  2.342424e+001
    endloop
  endfacet
  facet normal -4.226179e-001  9.063079e-001  0.000000e+000
    outer loop
      vertex  3.235388e+000  2.349231e+000  2.342424e+001
      vertex  2.840438e+000  2.165064e+000  2.442424e+001
      vertex  3.235388e+000  2.349231e+000  2.442424e+001
    endloop
  endfacet
  facet normal -2.588193e-001  9.659258e-001  0.000000e+000
    outer loop
      vertex  3.235388e+000  2.349231e+000  2.342424e+001
      vertex  3.235388e+000  2.349231e+000  2.442424e+001
      vertex  3.656317e+000  2.462019e+000  2.342424e+001
    endloop
  endfacet
  facet normal -2.588193e-001  9.659258e-001  0.000000e+000
    outer loop
      vertex  3.656317e+000  2.462019e+000  2.342424e+001
      vertex  3.235388e+000  2.349231e+000  2.442424e+001
      vertex  3.656317e+000  2.462019e+000  2.442424e+001
    endloop
  endfacet
  facet normal -8.715561e-002  9.961947e-001  0.000000e+000
    outer loop
      vertex  3.656317e+000  2.462019e+000  2.342424e+001
      vertex  3.656317e+000  2.462019e+000  2.442424e+001
      vertex  4.090438e+000  2.500000e+000  2.342424e+001
    endloop
  endfacet
  facet normal -8.715561e-002  9.961947e-001  0.000000e+000
    outer loop
      vertex  4.090438e+000  2.500000e+000  2.342424e+001
      vertex  3.656317e+000  2.462019e+000  2.442424e+001
      vertex  4.090438e+000  2.500000e+000  2.442424e+001
    endloop
  endfacet
  facet normal  8.715557e-002  9.961947e-001  0.000000e+000
    outer loop
      vertex  4.090438e+000  2.500000e+000  2.342424e+001
      vertex  4.090438e+000  2.500000e+000  2.442424e+001
      vertex  4.524559e+000  2.462019e+000  2.342424e+001
    endloop
  endfacet
  facet normal  8.715557e-002  9.961947e-001  -0.000000e+000
    outer loop
      vertex  4.524559e+000  2.462019e+000  2.342424e+001
      vertex  4.090438e+000  2.500000e+000  2.442424e+001
      vertex  4.524559e+000  2.462019e+000  2.442424e+001
    endloop
  endfacet
  facet normal  2.588193e-001  9.659258e-001  0.000000e+000
    outer loop
      vertex  4.524559e+000  2.462019e+000  2.342424e+001
      vertex  4.524559e+000  2.462019e+000  2.442424e+001
      vertex  4.945488e+000  2.349231e+000  2.342424e+001
    endloop
  endfacet
  facet normal  2.588193e-001  9.659258e-001  -0.000000e+000
    outer loop
      vertex  4.945488e+000  2.349231e+000  2.342424e+001
      vertex  4.524559e+000  2.462019e+000  2.442424e+001
      vertex  4.945488e+000  2.349231e+000  2.442424e+001
    endloop
  endfacet
  facet normal  4.226181e-001  9.063079e-001  0.000000e+000
    outer loop
      vertex  4.945488e+000  2.349231e+000  2.342424e+001
      vertex  4.945488e+000  2.349231e+000  2.442424e+001
      vertex  5.340438e+000  2.165064e+000  2.342424e+001
    endloop
  endfacet
  facet normal  4.226181e-001  9.063079e-001  -0.000000e+000
    outer loop
      vertex  5.340438e+000  2.165064e+000  2.342424e+001
      vertex  4.945488e+000  2.349231e+000  2.442424e+001
      vertex  5.340438e+000  2.165064e+000  2.442424e+001
    endloop
  endfacet
  facet normal  5.735768e-001  8.191518e-001  0.000000e+000
    outer loop
      vertex  5.340438e+000  2.165064e+000  2.342424e+001
      vertex  5.340438e+000  2.165064e+000  2.442424e+001
      vertex  5.697407e+000  1.915111e+000  2.342424e+001
    endloop
  endfacet
  facet normal  5.735768e-001  8.191518e-001  -0.000000e+000
    outer loop
      vertex  5.697407e+000  1.915111e+000  2.342424e+001
      vertex  5.340438e+000  2.165064e+000  2.442424e+001
      vertex  5.697407e+000  1.915111e+000  2.442424e+001
    endloop
  endfacet
  facet normal  7.071066e-001  7.071069e-001  0.000000e+000
    outer loop
      vertex  5.697407e+000  1.915111e+000  2.342424e+001
      vertex  5.697407e+000  1.915111e+000  2.442424e+001
      vertex  6.005549e+000  1.606969e+000  2.342424e+001
    endloop
  endfacet
  facet normal  7.071066e-001  7.071069e-001  -0.000000e+000
    outer loop
      vertex  6.005549e+000  1.606969e+000  2.342424e+001
      vertex  5.697407e+000  1.915111e+000  2.442424e+001
      vertex  6.005549e+000  1.606969e+000  2.442424e+001
    endloop
  endfacet
  facet normal  8.191521e-001  5.735763e-001  0.000000e+000
    outer loop
      vertex  6.005549e+000  1.606969e+000  2.342424e+001
      vertex  6.005549e+000  1.606969e+000  2.442424e+001
      vertex  6.255501e+000  1.250000e+000  2.342424e+001
    endloop
  endfacet
  facet normal  8.191521e-001  5.735763e-001  -0.000000e+000
    outer loop
      vertex  6.255501e+000  1.250000e+000  2.342424e+001
      vertex  6.005549e+000  1.606969e+000  2.442424e+001
      vertex  6.255501e+000  1.250000e+000  2.442424e+001
    endloop
  endfacet
  facet normal  9.063075e-001  4.226188e-001  0.000000e+000
    outer loop
      vertex  6.255501e+000  1.250000e+000  2.342424e+001
      vertex  6.255501e+000  1.250000e+000  2.442424e+001
      vertex  6.439670e+000  8.550504e-001  2.342424e+001
    endloop
  endfacet
  facet normal  9.063075e-001  4.226188e-001  -0.000000e+000
    outer loop
      vertex  6.439670e+000  8.550504e-001  2.342424e+001
      vertex  6.255501e+000  1.250000e+000  2.442424e+001
      vertex  6.439670e+000  8.550504e-001  2.442424e+001
    endloop
  endfacet
  facet normal  9.659259e-001  2.588188e-001  0.000000e+000
    outer loop
      vertex  6.439670e+000  8.550504e-001  2.342424e+001
      vertex  6.439670e+000  8.550504e-001  2.442424e+001
      vertex  6.552457e+000  4.341204e-001  2.342424e+001
    endloop
  endfacet
  facet normal  9.659259e-001  2.588188e-001  -0.000000e+000
    outer loop
      vertex  6.552457e+000  4.341204e-001  2.342424e+001
      vertex  6.439670e+000  8.550504e-001  2.442424e+001
      vertex  6.552457e+000  4.341204e-001  2.442424e+001
    endloop
  endfacet
  facet normal  9.961947e-001  8.715560e-002  0.000000e+000
    outer loop
      vertex  6.552457e+000  4.341204e-001  2.342424e+001
      vertex  6.552457e+000  4.341204e-001  2.442424e+001
      vertex  6.590438e+000  0.000000e+000  2.342424e+001
    endloop
  endfacet
  facet normal  9.961947e-001  8.715560e-002  -0.000000e+000
    outer loop
      vertex  6.590438e+000  0.000000e+000  2.342424e+001
      vertex  6.552457e+000  4.341204e-001  2.442424e+001
      vertex  6.590438e+000  0.000000e+000  2.442424e+001
    endloop
  endfacet
  facet normal  9.961947e-001 -8.715560e-002  0.000000e+000
    outer loop
      vertex  6.590438e+000  0.000000e+000  2.342424e+001
      vertex  6.590438e+000  0.000000e+000  2.442424e+001
      vertex  6.552457e+000 -4.341204e-001  2.342424e+001
    endloop
  endfacet
  facet normal  9.961947e-001 -8.715560e-002  0.000000e+000
    outer loop
      vertex  6.552457e+000 -4.341204e-001  2.342424e+001
      vertex  6.590438e+000  0.000000e+000  2.442424e+001
      vertex  6.552457e+000 -4.341204e-001  2.442424e+001
    endloop
  endfacet
  facet normal  9.659259e-001 -2.588188e-001  0.000000e+000
    outer loop
      vertex  6.552457e+000 -4.341204e-001  2.342424e+001
      vertex  6.552457e+000 -4.341204e-001  2.442424e+001
      vertex  6.439670e+000 -8.550504e-001  2.342424e+001
    endloop
  endfacet
  facet normal  9.659259e-001 -2.588188e-001  0.000000e+000
    outer loop
      vertex  6.439670e+000 -8.550504e-001  2.342424e+001
      vertex  6.552457e+000 -4.341204e-001  2.442424e+001
      vertex  6.439670e+000 -8.550504e-001  2.442424e+001
    endloop
  endfacet
  facet normal  9.063075e-001 -4.226188e-001  0.000000e+000
    outer loop
      vertex  6.439670e+000 -8.550504e-001  2.342424e+001
      vertex  6.439670e+000 -8.550504e-001  2.442424e+001
      vertex  6.255501e+000 -1.250000e+000  2.342424e+001
    endloop
  endfacet
  facet normal  9.063075e-001 -4.226188e-001  0.000000e+000
    outer loop
      vertex  6.255501e+000 -1.250000e+000  2.342424e+001
      vertex  6.439670e+000 -8.550504e-001  2.442424e+001
      vertex  6.255501e+000 -1.250000e+000  2.442424e+001
    endloop
  endfacet
  facet normal  8.191521e-001 -5.735763e-001  0.000000e+000
    outer loop
      vertex  6.255501e+000 -1.250000e+000  2.342424e+001
      vertex  6.255501e+000 -1.250000e+000  2.442424e+001
      vertex  6.005549e+000 -1.606969e+000  2.342424e+001
    endloop
  endfacet
  facet normal  8.191521e-001 -5.735763e-001  0.000000e+000
    outer loop
      vertex  6.005549e+000 -1.606969e+000  2.342424e+001
      vertex  6.255501e+000 -1.250000e+000  2.442424e+001
      vertex  6.005549e+000 -1.606969e+000  2.442424e+001
    endloop
  endfacet
  facet normal  7.071066e-001 -7.071069e-001  0.000000e+000
    outer loop
      vertex  6.005549e+000 -1.606969e+000  2.342424e+001
      vertex  6.005549e+000 -1.606969e+000  2.442424e+001
      vertex  5.697407e+000 -1.915111e+000  2.342424e+001
    endloop
  endfacet
  facet normal  7.071066e-001 -7.071069e-001  0.000000e+000
    outer loop
      vertex  5.697407e+000 -1.915111e+000  2.342424e+001
      vertex  6.005549e+000 -1.606969e+000  2.442424e+001
      vertex  5.697407e+000 -1.915111e+000  2.442424e+001
    endloop
  endfacet
  facet normal  5.735768e-001 -8.191518e-001  0.000000e+000
    outer loop
      vertex  5.697407e+000 -1.915111e+000  2.342424e+001
      vertex  5.697407e+000 -1.915111e+000  2.442424e+001
      vertex  5.340438e+000 -2.165064e+000  2.342424e+001
    endloop
  endfacet
  facet normal  5.735768e-001 -8.191518e-001  0.000000e+000
    outer loop
      vertex  5.340438e+000 -2.165064e+000  2.342424e+001
      vertex  5.697407e+000 -1.915111e+000  2.442424e+001
      vertex  5.340438e+000 -2.165064e+000  2.442424e+001
    endloop
  endfacet
  facet normal  4.226181e-001 -9.063079e-001  0.000000e+000
    outer loop
      vertex  5.340438e+000 -2.165064e+000  2.342424e+001
      vertex  5.340438e+000 -2.165064e+000  2.442424e+001
      vertex  4.945488e+000 -2.349231e+000  2.342424e+001
    endloop
  endfacet
  facet normal  4.226181e-001 -9.063079e-001  0.000000e+000
    outer loop
      vertex  4.945488e+000 -2.349231e+000  2.342424e+001
      vertex  5.340438e+000 -2.165064e+000  2.442424e+001
      vertex  4.945488e+000 -2.349231e+000  2.442424e+001
    endloop
  endfacet
  facet normal  2.588193e-001 -9.659258e-001  0.000000e+000
    outer loop
      vertex  4.945488e+000 -2.349231e+000  2.342424e+001
      vertex  4.945488e+000 -2.349231e+000  2.442424e+001
      vertex  4.524559e+000 -2.462019e+000  2.342424e+001
    endloop
  endfacet
  facet normal  2.588193e-001 -9.659258e-001  0.000000e+000
    outer loop
      vertex  4.524559e+000 -2.462019e+000  2.342424e+001
      vertex  4.945488e+000 -2.349231e+000  2.442424e+001
      vertex  4.524559e+000 -2.462019e+000  2.442424e+001
    endloop
  endfacet
  facet normal  8.715557e-002 -9.961947e-001  0.000000e+000
    outer loop
      vertex  4.524559e+000 -2.462019e+000  2.342424e+001
      vertex  4.524559e+000 -2.462019e+000  2.442424e+001
      vertex  4.090438e+000 -2.500000e+000  2.342424e+001
    endloop
  endfacet
  facet normal  8.715557e-002 -9.961947e-001  0.000000e+000
    outer loop
      vertex  4.090438e+000 -2.500000e+000  2.342424e+001
      vertex  4.524559e+000 -2.462019e+000  2.442424e+001
      vertex  4.090438e+000 -2.500000e+000  2.442424e+001
    endloop
  endfacet
  facet normal -8.715561e-002 -9.961947e-001  -0.000000e+000
    outer loop
      vertex  4.090438e+000 -2.500000e+000  2.342424e+001
      vertex  4.090438e+000 -2.500000e+000  2.442424e+001
      vertex  3.656317e+000 -2.462019e+000  2.342424e+001
    endloop
  endfacet
  facet normal -8.715561e-002 -9.961947e-001  0.000000e+000
    outer loop
      vertex  3.656317e+000 -2.462019e+000  2.342424e+001
      vertex  4.090438e+000 -2.500000e+000  2.442424e+001
      vertex  3.656317e+000 -2.462019e+000  2.442424e+001
    endloop
  endfacet
  facet normal -2.588193e-001 -9.659258e-001  -0.000000e+000
    outer loop
      vertex  3.656317e+000 -2.462019e+000  2.342424e+001
      vertex  3.656317e+000 -2.462019e+000  2.442424e+001
      vertex  3.235388e+000 -2.349231e+000  2.342424e+001
    endloop
  endfacet
  facet normal -2.588193e-001 -9.659258e-001  0.000000e+000
    outer loop
      vertex  3.235388e+000 -2.349231e+000  2.342424e+001
      vertex  3.656317e+000 -2.462019e+000  2.442424e+001
      vertex  3.235388e+000 -2.349231e+000  2.442424e+001
    endloop
  endfacet
  facet normal -4.226179e-001 -9.063079e-001  -0.000000e+000
    outer loop
      vertex  3.235388e+000 -2.349231e+000  2.342424e+001
      vertex  3.235388e+000 -2.349231e+000  2.442424e+001
      vertex  2.840438e+000 -2.165064e+000  2.342424e+001
    endloop
  endfacet
  facet normal -4.226179e-001 -9.063079e-001  0.000000e+000
    outer loop
      vertex  2.840438e+000 -2.165064e+000  2.342424e+001
      vertex  3.235388e+000 -2.349231e+000  2.442424e+001
      vertex  2.840438e+000 -2.165064e+000  2.442424e+001
    endloop
  endfacet
  facet normal -5.735765e-001 -8.191519e-001  -0.000000e+000
    outer loop
      vertex  2.840438e+000 -2.165064e+000  2.342424e+001
      vertex  2.840438e+000 -2.165064e+000  2.442424e+001
      vertex  2.483469e+000 -1.915111e+000  2.342424e+001
    endloop
  endfacet
  facet normal -5.735765e-001 -8.191519e-001  0.000000e+000
    outer loop
      vertex  2.483469e+000 -1.915111e+000  2.342424e+001
      vertex  2.840438e+000 -2.165064e+000  2.442424e+001
      vertex  2.483469e+000 -1.915111e+000  2.442424e+001
    endloop
  endfacet
  facet normal -7.071069e-001 -7.071066e-001  -0.000000e+000
    outer loop
      vertex  2.483469e+000 -1.915111e+000  2.342424e+001
      vertex  2.483469e+000 -1.915111e+000  2.442424e+001
      vertex  2.175327e+000 -1.606969e+000  2.342424e+001
    endloop
  endfacet
  facet normal -7.071069e-001 -7.071066e-001  0.000000e+000
    outer loop
      vertex  2.175327e+000 -1.606969e+000  2.342424e+001
      vertex  2.483469e+000 -1.915111e+000  2.442424e+001
      vertex  2.175327e+000 -1.606969e+000  2.442424e+001
    endloop
  endfacet
  facet normal -8.191519e-001 -5.735765e-001  -0.000000e+000
    outer loop
      vertex  2.175327e+000 -1.606969e+000  2.342424e+001
      vertex  2.175327e+000 -1.606969e+000  2.442424e+001
      vertex  1.925374e+000 -1.250000e+000  2.342424e+001
    endloop
  endfacet
  facet normal -8.191519e-001 -5.735765e-001  0.000000e+000
    outer loop
      vertex  1.925374e+000 -1.250000e+000  2.342424e+001
      vertex  2.175327e+000 -1.606969e+000  2.442424e+001
      vertex  1.925374e+000 -1.250000e+000  2.442424e+001
    endloop
  endfacet
  facet normal -9.063077e-001 -4.226184e-001  -0.000000e+000
    outer loop
      vertex  1.925374e+000 -1.250000e+000  2.342424e+001
      vertex  1.925374e+000 -1.250000e+000  2.442424e+001
      vertex  1.741206e+000 -8.550504e-001  2.342424e+001
    endloop
  endfacet
  facet normal -9.063077e-001 -4.226184e-001  0.000000e+000
    outer loop
      vertex  1.741206e+000 -8.550504e-001  2.342424e+001
      vertex  1.925374e+000 -1.250000e+000  2.442424e+001
      vertex  1.741206e+000 -8.550504e-001  2.442424e+001
    endloop
  endfacet
  facet normal -9.659259e-001 -2.588188e-001  -0.000000e+000
    outer loop
      vertex  1.741206e+000 -8.550504e-001  2.342424e+001
      vertex  1.741206e+000 -8.550504e-001  2.442424e+001
      vertex  1.628419e+000 -4.341204e-001  2.342424e+001
    endloop
  endfacet
  facet normal -9.659259e-001 -2.588188e-001  0.000000e+000
    outer loop
      vertex  1.628419e+000 -4.341204e-001  2.342424e+001
      vertex  1.741206e+000 -8.550504e-001  2.442424e+001
      vertex  1.628419e+000 -4.341204e-001  2.442424e+001
    endloop
  endfacet
  facet normal -9.961947e-001 -8.715587e-002  -0.000000e+000
    outer loop
      vertex  1.628419e+000 -4.341204e-001  2.342424e+001
      vertex  1.628419e+000 -4.341204e-001  2.442424e+001
      vertex  1.590438e+000  3.061516e-016  2.342424e+001
    endloop
  endfacet
  facet normal -9.961947e-001 -8.715587e-002  0.000000e+000
    outer loop
      vertex  1.590438e+000  3.061516e-016  2.342424e+001
      vertex  1.628419e+000 -4.341204e-001  2.442424e+001
      vertex  1.590438e+000  3.061516e-016  2.442424e+001
    endloop
  endfacet
  facet normal  9.969174e-001  7.845883e-002  -0.000000e+000
    outer loop
      vertex  7.090438e+000  0.000000e+000  2.342424e+001
      vertex  7.090438e+000  0.000000e+000  2.292424e+001
      vertex  7.053503e+000  4.693034e-001  2.342424e+001
    endloop
  endfacet
  facet normal  9.969174e-001  7.845883e-002  0.000000e+000
    outer loop
      vertex  7.053503e+000  4.693034e-001  2.342424e+001
      vertex  7.090438e+000  0.000000e+000  2.292424e+001
      vertex  7.053503e+000  4.693034e-001  2.292424e+001
    endloop
  endfacet
  facet normal  9.723698e-001  2.334458e-001  -0.000000e+000
    outer loop
      vertex  7.053503e+000  4.693034e-001  2.342424e+001
      vertex  7.053503e+000  4.693034e-001  2.292424e+001
      vertex  6.943607e+000  9.270510e-001  2.342424e+001
    endloop
  endfacet
  facet normal  9.723698e-001  2.334458e-001  0.000000e+000
    outer loop
      vertex  6.943607e+000  9.270510e-001  2.342424e+001
      vertex  7.053503e+000  4.693034e-001  2.292424e+001
      vertex  6.943607e+000  9.270510e-001  2.292424e+001
    endloop
  endfacet
  facet normal  9.238795e-001  3.826836e-001  -0.000000e+000
    outer loop
      vertex  6.943607e+000  9.270510e-001  2.342424e+001
      vertex  6.943607e+000  9.270510e-001  2.292424e+001
      vertex  6.763457e+000  1.361971e+000  2.342424e+001
    endloop
  endfacet
  facet normal  9.238795e-001  3.826836e-001  0.000000e+000
    outer loop
      vertex  6.763457e+000  1.361971e+000  2.342424e+001
      vertex  6.943607e+000  9.270510e-001  2.292424e+001
      vertex  6.763457e+000  1.361971e+000  2.292424e+001
    endloop
  endfacet
  facet normal  8.526405e-001  5.224983e-001  -0.000000e+000
    outer loop
      vertex  6.763457e+000  1.361971e+000  2.342424e+001
      vertex  6.763457e+000  1.361971e+000  2.292424e+001
      vertex  6.517489e+000  1.763356e+000  2.342424e+001
    endloop
  endfacet
  facet normal  8.526405e-001  5.224983e-001  0.000000e+000
    outer loop
      vertex  6.517489e+000  1.763356e+000  2.342424e+001
      vertex  6.763457e+000  1.361971e+000  2.292424e+001
      vertex  6.517489e+000  1.763356e+000  2.292424e+001
    endloop
  endfacet
  facet normal  7.604057e-001  6.494483e-001  -0.000000e+000
    outer loop
      vertex  6.517489e+000  1.763356e+000  2.342424e+001
      vertex  6.517489e+000  1.763356e+000  2.292424e+001
      vertex  6.211758e+000  2.121320e+000  2.342424e+001
    endloop
  endfacet
  facet normal  7.604057e-001  6.494483e-001  0.000000e+000
    outer loop
      vertex  6.211758e+000  2.121320e+000  2.342424e+001
      vertex  6.517489e+000  1.763356e+000  2.292424e+001
      vertex  6.211758e+000  2.121320e+000  2.292424e+001
    endloop
  endfacet
  facet normal  6.494483e-001  7.604057e-001  -0.000000e+000
    outer loop
      vertex  6.211758e+000  2.121320e+000  2.342424e+001
      vertex  6.211758e+000  2.121320e+000  2.292424e+001
      vertex  5.853794e+000  2.427051e+000  2.342424e+001
    endloop
  endfacet
  facet normal  6.494483e-001  7.604057e-001  0.000000e+000
    outer loop
      vertex  5.853794e+000  2.427051e+000  2.342424e+001
      vertex  6.211758e+000  2.121320e+000  2.292424e+001
      vertex  5.853794e+000  2.427051e+000  2.292424e+001
    endloop
  endfacet
  facet normal  5.224984e-001  8.526402e-001  -0.000000e+000
    outer loop
      vertex  5.853794e+000  2.427051e+000  2.342424e+001
      vertex  5.853794e+000  2.427051e+000  2.292424e+001
      vertex  5.452409e+000  2.673020e+000  2.342424e+001
    endloop
  endfacet
  facet normal  5.224984e-001  8.526402e-001  0.000000e+000
    outer loop
      vertex  5.452409e+000  2.673020e+000  2.342424e+001
      vertex  5.853794e+000  2.427051e+000  2.292424e+001
      vertex  5.452409e+000  2.673020e+000  2.292424e+001
    endloop
  endfacet
  facet normal  3.826832e-001  9.238796e-001  -0.000000e+000
    outer loop
      vertex  5.452409e+000  2.673020e+000  2.342424e+001
      vertex  5.452409e+000  2.673020e+000  2.292424e+001
      vertex  5.017489e+000  2.853169e+000  2.342424e+001
    endloop
  endfacet
  facet normal  3.826832e-001  9.238796e-001  0.000000e+000
    outer loop
      vertex  5.017489e+000  2.853169e+000  2.342424e+001
      vertex  5.452409e+000  2.673020e+000  2.292424e+001
      vertex  5.017489e+000  2.853169e+000  2.292424e+001
    endloop
  endfacet
  facet normal  2.334454e-001  9.723699e-001  -0.000000e+000
    outer loop
      vertex  5.017489e+000  2.853169e+000  2.342424e+001
      vertex  5.017489e+000  2.853169e+000  2.292424e+001
      vertex  4.559741e+000  2.963065e+000  2.342424e+001
    endloop
  endfacet
  facet normal  2.334454e-001  9.723699e-001  0.000000e+000
    outer loop
      vertex  4.559741e+000  2.963065e+000  2.342424e+001
      vertex  5.017489e+000  2.853169e+000  2.292424e+001
      vertex  4.559741e+000  2.963065e+000  2.292424e+001
    endloop
  endfacet
  facet normal  7.845929e-002  9.969172e-001  -0.000000e+000
    outer loop
      vertex  4.559741e+000  2.963065e+000  2.342424e+001
      vertex  4.559741e+000  2.963065e+000  2.292424e+001
      vertex  4.090438e+000  3.000000e+000  2.342424e+001
    endloop
  endfacet
  facet normal  7.845929e-002  9.969172e-001  0.000000e+000
    outer loop
      vertex  4.090438e+000  3.000000e+000  2.342424e+001
      vertex  4.559741e+000  2.963065e+000  2.292424e+001
      vertex  4.090438e+000  3.000000e+000  2.292424e+001
    endloop
  endfacet
  facet normal -7.845934e-002  9.969173e-001  0.000000e+000
    outer loop
      vertex  4.090438e+000  3.000000e+000  2.342424e+001
      vertex  4.090438e+000  3.000000e+000  2.292424e+001
      vertex  3.621135e+000  2.963065e+000  2.342424e+001
    endloop
  endfacet
  facet normal -7.845934e-002  9.969173e-001  0.000000e+000
    outer loop
      vertex  3.621135e+000  2.963065e+000  2.342424e+001
      vertex  4.090438e+000  3.000000e+000  2.292424e+001
      vertex  3.621135e+000  2.963065e+000  2.292424e+001
    endloop
  endfacet
  facet normal -2.334453e-001  9.723700e-001  0.000000e+000
    outer loop
      vertex  3.621135e+000  2.963065e+000  2.342424e+001
      vertex  3.621135e+000  2.963065e+000  2.292424e+001
      vertex  3.163387e+000  2.853169e+000  2.342424e+001
    endloop
  endfacet
  facet normal -2.334453e-001  9.723700e-001  0.000000e+000
    outer loop
      vertex  3.163387e+000  2.853169e+000  2.342424e+001
      vertex  3.621135e+000  2.963065e+000  2.292424e+001
      vertex  3.163387e+000  2.853169e+000  2.292424e+001
    endloop
  endfacet
  facet normal -3.826831e-001  9.238796e-001  0.000000e+000
    outer loop
      vertex  3.163387e+000  2.853169e+000  2.342424e+001
      vertex  3.163387e+000  2.853169e+000  2.292424e+001
      vertex  2.728466e+000  2.673020e+000  2.342424e+001
    endloop
  endfacet
  facet normal -3.826831e-001  9.238796e-001  0.000000e+000
    outer loop
      vertex  2.728466e+000  2.673020e+000  2.342424e+001
      vertex  3.163387e+000  2.853169e+000  2.292424e+001
      vertex  2.728466e+000  2.673020e+000  2.292424e+001
    endloop
  endfacet
  facet normal -5.224987e-001  8.526401e-001  0.000000e+000
    outer loop
      vertex  2.728466e+000  2.673020e+000  2.342424e+001
      vertex  2.728466e+000  2.673020e+000  2.292424e+001
      vertex  2.327082e+000  2.427051e+000  2.342424e+001
    endloop
  endfacet
  facet normal -5.224987e-001  8.526401e-001  0.000000e+000
    outer loop
      vertex  2.327082e+000  2.427051e+000  2.342424e+001
      vertex  2.728466e+000  2.673020e+000  2.292424e+001
      vertex  2.327082e+000  2.427051e+000  2.292424e+001
    endloop
  endfacet
  facet normal -6.494482e-001  7.604058e-001  0.000000e+000
    outer loop
      vertex  2.327082e+000  2.427051e+000  2.342424e+001
      vertex  2.327082e+000  2.427051e+000  2.292424e+001
      vertex  1.969118e+000  2.121320e+000  2.342424e+001
    endloop
  endfacet
  facet normal -6.494482e-001  7.604058e-001  0.000000e+000
    outer loop
      vertex  1.969118e+000  2.121320e+000  2.342424e+001
      vertex  2.327082e+000  2.427051e+000  2.292424e+001
      vertex  1.969118e+000  2.121320e+000  2.292424e+001
    endloop
  endfacet
  facet normal -7.604060e-001  6.494481e-001  0.000000e+000
    outer loop
      vertex  1.969118e+000  2.121320e+000  2.342424e+001
      vertex  1.969118e+000  2.121320e+000  2.292424e+001
      vertex  1.663387e+000  1.763356e+000  2.342424e+001
    endloop
  endfacet
  facet normal -7.604060e-001  6.494481e-001  0.000000e+000
    outer loop
      vertex  1.663387e+000  1.763356e+000  2.342424e+001
      vertex  1.969118e+000  2.121320e+000  2.292424e+001
      vertex  1.663387e+000  1.763356e+000  2.292424e+001
    endloop
  endfacet
  facet normal -8.526402e-001  5.224985e-001  0.000000e+000
    outer loop
      vertex  1.663387e+000  1.763356e+000  2.342424e+001
      vertex  1.663387e+000  1.763356e+000  2.292424e+001
      vertex  1.417418e+000  1.361971e+000  2.342424e+001
    endloop
  endfacet
  facet normal -8.526402e-001  5.224985e-001  0.000000e+000
    outer loop
      vertex  1.417418e+000  1.361971e+000  2.342424e+001
      vertex  1.663387e+000  1.763356e+000  2.292424e+001
      vertex  1.417418e+000  1.361971e+000  2.292424e+001
    endloop
  endfacet
  facet normal -9.238795e-001  3.826836e-001  0.000000e+000
    outer loop
      vertex  1.417418e+000  1.361971e+000  2.342424e+001
      vertex  1.417418e+000  1.361971e+000  2.292424e+001
      vertex  1.237268e+000  9.270510e-001  2.342424e+001
    endloop
  endfacet
  facet normal -9.238795e-001  3.826836e-001  0.000000e+000
    outer loop
      vertex  1.237268e+000  9.270510e-001  2.342424e+001
      vertex  1.417418e+000  1.361971e+000  2.292424e+001
      vertex  1.237268e+000  9.270510e-001  2.292424e+001
    endloop
  endfacet
  facet normal -9.723699e-001  2.334453e-001  0.000000e+000
    outer loop
      vertex  1.237268e+000  9.270510e-001  2.342424e+001
      vertex  1.237268e+000  9.270510e-001  2.292424e+001
      vertex  1.127373e+000  4.693034e-001  2.342424e+001
    endloop
  endfacet
  facet normal -9.723699e-001  2.334453e-001  0.000000e+000
    outer loop
      vertex  1.127373e+000  4.693034e-001  2.342424e+001
      vertex  1.237268e+000  9.270510e-001  2.292424e+001
      vertex  1.127373e+000  4.693034e-001  2.292424e+001
    endloop
  endfacet
  facet normal -9.969172e-001  7.845908e-002  0.000000e+000
    outer loop
      vertex  1.127373e+000  4.693034e-001  2.342424e+001
      vertex  1.127373e+000  4.693034e-001  2.292424e+001
      vertex  1.090438e+000 -3.673819e-016  2.342424e+001
    endloop
  endfacet
  facet normal -9.969172e-001  7.845908e-002  0.000000e+000
    outer loop
      vertex  1.090438e+000 -3.673819e-016  2.342424e+001
      vertex  1.127373e+000  4.693034e-001  2.292424e+001
      vertex  1.090438e+000 -3.673819e-016  2.292424e+001
    endloop
  endfacet
  facet normal -9.969172e-001 -7.845908e-002  0.000000e+000
    outer loop
      vertex  1.090438e+000 -3.673819e-016  2.342424e+001
      vertex  1.090438e+000 -3.673819e-016  2.292424e+001
      vertex  1.127373e+000 -4.693034e-001  2.342424e+001
    endloop
  endfacet
  facet normal -9.969172e-001 -7.845908e-002  -0.000000e+000
    outer loop
      vertex  1.127373e+000 -4.693034e-001  2.342424e+001
      vertex  1.090438e+000 -3.673819e-016  2.292424e+001
      vertex  1.127373e+000 -4.693034e-001  2.292424e+001
    endloop
  endfacet
  facet normal -9.723699e-001 -2.334453e-001  0.000000e+000
    outer loop
      vertex  1.127373e+000 -4.693034e-001  2.342424e+001
      vertex  1.127373e+000 -4.693034e-001  2.292424e+001
      vertex  1.237268e+000 -9.270510e-001  2.342424e+001
    endloop
  endfacet
  facet normal -9.723699e-001 -2.334453e-001  -0.000000e+000
    outer loop
      vertex  1.237268e+000 -9.270510e-001  2.342424e+001
      vertex  1.127373e+000 -4.693034e-001  2.292424e+001
      vertex  1.237268e+000 -9.270510e-001  2.292424e+001
    endloop
  endfacet
  facet normal -9.238795e-001 -3.826836e-001  0.000000e+000
    outer loop
      vertex  1.237268e+000 -9.270510e-001  2.342424e+001
      vertex  1.237268e+000 -9.270510e-001  2.292424e+001
      vertex  1.417418e+000 -1.361971e+000  2.342424e+001
    endloop
  endfacet
  facet normal -9.238795e-001 -3.826836e-001  -0.000000e+000
    outer loop
      vertex  1.417418e+000 -1.361971e+000  2.342424e+001
      vertex  1.237268e+000 -9.270510e-001  2.292424e+001
      vertex  1.417418e+000 -1.361971e+000  2.292424e+001
    endloop
  endfacet
  facet normal -8.526402e-001 -5.224985e-001  0.000000e+000
    outer loop
      vertex  1.417418e+000 -1.361971e+000  2.342424e+001
      vertex  1.417418e+000 -1.361971e+000  2.292424e+001
      vertex  1.663387e+000 -1.763356e+000  2.342424e+001
    endloop
  endfacet
  facet normal -8.526402e-001 -5.224985e-001  -0.000000e+000
    outer loop
      vertex  1.663387e+000 -1.763356e+000  2.342424e+001
      vertex  1.417418e+000 -1.361971e+000  2.292424e+001
      vertex  1.663387e+000 -1.763356e+000  2.292424e+001
    endloop
  endfacet
  facet normal -7.604060e-001 -6.494481e-001  0.000000e+000
    outer loop
      vertex  1.663387e+000 -1.763356e+000  2.342424e+001
      vertex  1.663387e+000 -1.763356e+000  2.292424e+001
      vertex  1.969118e+000 -2.121320e+000  2.342424e+001
    endloop
  endfacet
  facet normal -7.604060e-001 -6.494481e-001  -0.000000e+000
    outer loop
      vertex  1.969118e+000 -2.121320e+000  2.342424e+001
      vertex  1.663387e+000 -1.763356e+000  2.292424e+001
      vertex  1.969118e+000 -2.121320e+000  2.292424e+001
    endloop
  endfacet
  facet normal -6.494482e-001 -7.604058e-001  0.000000e+000
    outer loop
      vertex  1.969118e+000 -2.121320e+000  2.342424e+001
      vertex  1.969118e+000 -2.121320e+000  2.292424e+001
      vertex  2.327082e+000 -2.427051e+000  2.342424e+001
    endloop
  endfacet
  facet normal -6.494482e-001 -7.604058e-001  -0.000000e+000
    outer loop
      vertex  2.327082e+000 -2.427051e+000  2.342424e+001
      vertex  1.969118e+000 -2.121320e+000  2.292424e+001
      vertex  2.327082e+000 -2.427051e+000  2.292424e+001
    endloop
  endfacet
  facet normal -5.224987e-001 -8.526401e-001  0.000000e+000
    outer loop
      vertex  2.327082e+000 -2.427051e+000  2.342424e+001
      vertex  2.327082e+000 -2.427051e+000  2.292424e+001
      vertex  2.728466e+000 -2.673020e+000  2.342424e+001
    endloop
  endfacet
  facet normal -5.224987e-001 -8.526401e-001  -0.000000e+000
    outer loop
      vertex  2.728466e+000 -2.673020e+000  2.342424e+001
      vertex  2.327082e+000 -2.427051e+000  2.292424e+001
      vertex  2.728466e+000 -2.673020e+000  2.292424e+001
    endloop
  endfacet
  facet normal -3.826831e-001 -9.238796e-001  0.000000e+000
    outer loop
      vertex  2.728466e+000 -2.673020e+000  2.342424e+001
      vertex  2.728466e+000 -2.673020e+000  2.292424e+001
      vertex  3.163387e+000 -2.853169e+000  2.342424e+001
    endloop
  endfacet
  facet normal -3.826831e-001 -9.238796e-001  -0.000000e+000
    outer loop
      vertex  3.163387e+000 -2.853169e+000  2.342424e+001
      vertex  2.728466e+000 -2.673020e+000  2.292424e+001
      vertex  3.163387e+000 -2.853169e+000  2.292424e+001
    endloop
  endfacet
  facet normal -2.334453e-001 -9.723700e-001  0.000000e+000
    outer loop
      vertex  3.163387e+000 -2.853169e+000  2.342424e+001
      vertex  3.163387e+000 -2.853169e+000  2.292424e+001
      vertex  3.621135e+000 -2.963065e+000  2.342424e+001
    endloop
  endfacet
  facet normal -2.334453e-001 -9.723700e-001  -0.000000e+000
    outer loop
      vertex  3.621135e+000 -2.963065e+000  2.342424e+001
      vertex  3.163387e+000 -2.853169e+000  2.292424e+001
      vertex  3.621135e+000 -2.963065e+000  2.292424e+001
    endloop
  endfacet
  facet normal -7.845934e-002 -9.969173e-001  0.000000e+000
    outer loop
      vertex  3.621135e+000 -2.963065e+000  2.342424e+001
      vertex  3.621135e+000 -2.963065e+000  2.292424e+001
      vertex  4.090438e+000 -3.000000e+000  2.342424e+001
    endloop
  endfacet
  facet normal -7.845934e-002 -9.969173e-001  -0.000000e+000
    outer loop
      vertex  4.090438e+000 -3.000000e+000  2.342424e+001
      vertex  3.621135e+000 -2.963065e+000  2.292424e+001
      vertex  4.090438e+000 -3.000000e+000  2.292424e+001
    endloop
  endfacet
  facet normal  7.845929e-002 -9.969172e-001  0.000000e+000
    outer loop
      vertex  4.090438e+000 -3.000000e+000  2.342424e+001
      vertex  4.090438e+000 -3.000000e+000  2.292424e+001
      vertex  4.559741e+000 -2.963065e+000  2.342424e+001
    endloop
  endfacet
  facet normal  7.845929e-002 -9.969172e-001  0.000000e+000
    outer loop
      vertex  4.559741e+000 -2.963065e+000  2.342424e+001
      vertex  4.090438e+000 -3.000000e+000  2.292424e+001
      vertex  4.559741e+000 -2.963065e+000  2.292424e+001
    endloop
  endfacet
  facet normal  2.334454e-001 -9.723699e-001  0.000000e+000
    outer loop
      vertex  4.559741e+000 -2.963065e+000  2.342424e+001
      vertex  4.559741e+000 -2.963065e+000  2.292424e+001
      vertex  5.017489e+000 -2.853169e+000  2.342424e+001
    endloop
  endfacet
  facet normal  2.334454e-001 -9.723699e-001  0.000000e+000
    outer loop
      vertex  5.017489e+000 -2.853169e+000  2.342424e+001
      vertex  4.559741e+000 -2.963065e+000  2.292424e+001
      vertex  5.017489e+000 -2.853169e+000  2.292424e+001
    endloop
  endfacet
  facet normal  3.826832e-001 -9.238796e-001  0.000000e+000
    outer loop
      vertex  5.017489e+000 -2.853169e+000  2.342424e+001
      vertex  5.017489e+000 -2.853169e+000  2.292424e+001
      vertex  5.452409e+000 -2.673020e+000  2.342424e+001
    endloop
  endfacet
  facet normal  3.826832e-001 -9.238796e-001  0.000000e+000
    outer loop
      vertex  5.452409e+000 -2.673020e+000  2.342424e+001
      vertex  5.017489e+000 -2.853169e+000  2.292424e+001
      vertex  5.452409e+000 -2.673020e+000  2.292424e+001
    endloop
  endfacet
  facet normal  5.224984e-001 -8.526402e-001  0.000000e+000
    outer loop
      vertex  5.452409e+000 -2.673020e+000  2.342424e+001
      vertex  5.452409e+000 -2.673020e+000  2.292424e+001
      vertex  5.853794e+000 -2.427051e+000  2.342424e+001
    endloop
  endfacet
  facet normal  5.224984e-001 -8.526402e-001  0.000000e+000
    outer loop
      vertex  5.853794e+000 -2.427051e+000  2.342424e+001
      vertex  5.452409e+000 -2.673020e+000  2.292424e+001
      vertex  5.853794e+000 -2.427051e+000  2.292424e+001
    endloop
  endfacet
  facet normal  6.494483e-001 -7.604057e-001  0.000000e+000
    outer loop
      vertex  5.853794e+000 -2.427051e+000  2.342424e+001
      vertex  5.853794e+000 -2.427051e+000  2.292424e+001
      vertex  6.211758e+000 -2.121320e+000  2.342424e+001
    endloop
  endfacet
  facet normal  6.494483e-001 -7.604057e-001  0.000000e+000
    outer loop
      vertex  6.211758e+000 -2.121320e+000  2.342424e+001
      vertex  5.853794e+000 -2.427051e+000  2.292424e+001
      vertex  6.211758e+000 -2.121320e+000  2.292424e+001
    endloop
  endfacet
  facet normal  7.604057e-001 -6.494483e-001  0.000000e+000
    outer loop
      vertex  6.211758e+000 -2.121320e+000  2.342424e+001
      vertex  6.211758e+000 -2.121320e+000  2.292424e+001
      vertex  6.517489e+000 -1.763356e+000  2.342424e+001
    endloop
  endfacet
  facet normal  7.604057e-001 -6.494483e-001  0.000000e+000
    outer loop
      vertex  6.517489e+000 -1.763356e+000  2.342424e+001
      vertex  6.211758e+000 -2.121320e+000  2.292424e+001
      vertex  6.517489e+000 -1.763356e+000  2.292424e+001
    endloop
  endfacet
  facet normal  8.526405e-001 -5.224983e-001  0.000000e+000
    outer loop
      vertex  6.517489e+000 -1.763356e+000  2.342424e+001
      vertex  6.517489e+000 -1.763356e+000  2.292424e+001
      vertex  6.763457e+000 -1.361971e+000  2.342424e+001
    endloop
  endfacet
  facet normal  8.526405e-001 -5.224983e-001  0.000000e+000
    outer loop
      vertex  6.763457e+000 -1.361971e+000  2.342424e+001
      vertex  6.517489e+000 -1.763356e+000  2.292424e+001
      vertex  6.763457e+000 -1.361971e+000  2.292424e+001
    endloop
  endfacet
  facet normal  9.238795e-001 -3.826836e-001  0.000000e+000
    outer loop
      vertex  6.763457e+000 -1.361971e+000  2.342424e+001
      vertex  6.763457e+000 -1.361971e+000  2.292424e+001
      vertex  6.943607e+000 -9.270510e-001  2.342424e+001
    endloop
  endfacet
  facet normal  9.238795e-001 -3.826836e-001  0.000000e+000
    outer loop
      vertex  6.943607e+000 -9.270510e-001  2.342424e+001
      vertex  6.763457e+000 -1.361971e+000  2.292424e+001
      vertex  6.943607e+000 -9.270510e-001  2.292424e+001
    endloop
  endfacet
  facet normal  9.723698e-001 -2.334458e-001  0.000000e+000
    outer loop
      vertex  6.943607e+000 -9.270510e-001  2.342424e+001
      vertex  6.943607e+000 -9.270510e-001  2.292424e+001
      vertex  7.053503e+000 -4.693034e-001  2.342424e+001
    endloop
  endfacet
  facet normal  9.723698e-001 -2.334458e-001  0.000000e+000
    outer loop
      vertex  7.053503e+000 -4.693034e-001  2.342424e+001
      vertex  6.943607e+000 -9.270510e-001  2.292424e+001
      vertex  7.053503e+000 -4.693034e-001  2.292424e+001
    endloop
  endfacet
  facet normal  9.969174e-001 -7.845883e-002  0.000000e+000
    outer loop
      vertex  7.053503e+000 -4.693034e-001  2.342424e+001
      vertex  7.053503e+000 -4.693034e-001  2.292424e+001
      vertex  7.090438e+000  0.000000e+000  2.342424e+001
    endloop
  endfacet
  facet normal  9.969174e-001 -7.845883e-002  0.000000e+000
    outer loop
      vertex  7.090438e+000  0.000000e+000  2.342424e+001
      vertex  7.053503e+000 -4.693034e-001  2.292424e+001
      vertex  7.090438e+000  0.000000e+000  2.292424e+001
    endloop
  endfacet
  facet normal  0.000000e+000  -0.000000e+000  1.000000e+000
    outer loop
      vertex  1.628419e+000  4.341204e-001  2.442424e+001
      vertex  2.935588e+000  4.783543e-001  2.442424e+001
      vertex  3.051101e+000  6.944628e-001  2.442424e+001
    endloop
  endfacet
  facet normal  0.000000e+000  0.000000e+000  1.000000e+000
    outer loop
      vertex  5.129775e+000 -6.944628e-001  2.442424e+001
      vertex  4.974321e+000 -8.838835e-001  2.442424e+001
      vertex  6.439670e+000 -8.550504e-001  2.442424e+001
    endloop
  endfacet
  facet normal  0.000000e+000  -0.000000e+000  1.000000e+000
    outer loop
      vertex  4.090438e+000  1.250000e+000  2.442424e+001
      vertex  4.334301e+000  1.225982e+000  2.442424e+001
      vertex  6.255501e+000  1.250000e+000  2.442424e+001
    endloop
  endfacet
  facet normal  0.000000e+000  0.000000e+000  1.000000e+000
    outer loop
      vertex  4.090438e+000  1.250000e+000  2.442424e+001
      vertex  6.255501e+000  1.250000e+000  2.442424e+001
      vertex  6.005549e+000  1.606969e+000  2.442424e+001
    endloop
  endfacet
  facet normal  0.000000e+000  0.000000e+000  1.000000e+000
    outer loop
      vertex  4.090438e+000  1.250000e+000  2.442424e+001
      vertex  6.005549e+000  1.606969e+000  2.442424e+001
      vertex  5.697407e+000  1.915111e+000  2.442424e+001
    endloop
  endfacet
  facet normal  0.000000e+000  0.000000e+000  1.000000e+000
    outer loop
      vertex  4.090438e+000  1.250000e+000  2.442424e+001
      vertex  5.697407e+000  1.915111e+000  2.442424e+001
      vertex  5.340438e+000  2.165064e+000  2.442424e+001
    endloop
  endfacet
  facet normal  0.000000e+000  0.000000e+000  1.000000e+000
    outer loop
      vertex  4.090438e+000  1.250000e+000  2.442424e+001
      vertex  5.340438e+000  2.165064e+000  2.442424e+001
      vertex  4.945488e+000  2.349231e+000  2.442424e+001
    endloop
  endfacet
  facet normal  0.000000e+000  0.000000e+000  1.000000e+000
    outer loop
      vertex  4.090438e+000  1.250000e+000  2.442424e+001
      vertex  4.945488e+000  2.349231e+000  2.442424e+001
      vertex  4.524559e+000  2.462019e+000  2.442424e+001
    endloop
  endfacet
  facet normal  0.000000e+000  0.000000e+000  1.000000e+000
    outer loop
      vertex  4.090438e+000  1.250000e+000  2.442424e+001
      vertex  4.524559e+000  2.462019e+000  2.442424e+001
      vertex  4.090438e+000  2.500000e+000  2.442424e+001
    endloop
  endfacet
  facet normal  0.000000e+000  0.000000e+000  1.000000e+000
    outer loop
      vertex  4.090438e+000  1.250000e+000  2.442424e+001
      vertex  4.090438e+000  2.500000e+000  2.442424e+001
      vertex  3.656317e+000  2.462019e+000  2.442424e+001
    endloop
  endfacet
  facet normal  0.000000e+000  0.000000e+000  1.000000e+000
    outer loop
      vertex  4.090438e+000  1.250000e+000  2.442424e+001
      vertex  3.656317e+000  2.462019e+000  2.442424e+001
      vertex  3.235388e+000  2.349231e+000  2.442424e+001
    endloop
  endfacet
  facet normal  0.000000e+000  0.000000e+000  1.000000e+000
    outer loop
      vertex  4.090438e+000  1.250000e+000  2.442424e+001
      vertex  3.235388e+000  2.349231e+000  2.442424e+001
      vertex  2.840438e+000  2.165064e+000  2.442424e+001
    endloop
  endfacet
  facet normal  0.000000e+000  0.000000e+000  1.000000e+000
    outer loop
      vertex  4.090438e+000  1.250000e+000  2.442424e+001
      vertex  2.840438e+000  2.165064e+000  2.442424e+001
      vertex  2.483469e+000  1.915111e+000  2.442424e+001
    endloop
  endfacet
  facet normal  0.000000e+000  0.000000e+000  1.000000e+000
    outer loop
      vertex  4.090438e+000  1.250000e+000  2.442424e+001
      vertex  2.483469e+000  1.915111e+000  2.442424e+001
      vertex  2.175327e+000  1.606969e+000  2.442424e+001
    endloop
  endfacet
  facet normal  0.000000e+000  0.000000e+000  1.000000e+000
    outer loop
      vertex  4.090438e+000  1.250000e+000  2.442424e+001
      vertex  2.175327e+000  1.606969e+000  2.442424e+001
      vertex  1.925374e+000  1.250000e+000  2.442424e+001
    endloop
  endfacet
  facet normal  -0.000000e+000  0.000000e+000  1.000000e+000
    outer loop
      vertex  4.090438e+000  1.250000e+000  2.442424e+001
      vertex  1.925374e+000  1.250000e+000  2.442424e+001
      vertex  3.846575e+000  1.225982e+000  2.442424e+001
    endloop
  endfacet
  facet normal  0.000000e+000  0.000000e+000  1.000000e+000
    outer loop
      vertex  1.741206e+000  8.550504e-001  2.442424e+001
      vertex  1.628419e+000  4.341204e-001  2.442424e+001
      vertex  3.051101e+000  6.944628e-001  2.442424e+001
    endloop
  endfacet
  facet normal  0.000000e+000  -0.000000e+000  1.000000e+000
    outer loop
      vertex  1.741206e+000  8.550504e-001  2.442424e+001
      vertex  3.051101e+000  6.944628e-001  2.442424e+001
      vertex  3.206554e+000  8.838835e-001  2.442424e+001
    endloop
  endfacet
  facet normal  0.000000e+000  -0.000000e+000  9.999999e-001
    outer loop
      vertex  1.741206e+000  8.550504e-001  2.442424e+001
      vertex  3.206554e+000  8.838835e-001  2.442424e+001
      vertex  3.395975e+000  1.039337e+000  2.442424e+001
    endloop
  endfacet
  facet normal  0.000000e+000  -0.000000e+000  1.000000e+000
    outer loop
      vertex  1.741206e+000  8.550504e-001  2.442424e+001
      vertex  3.395975e+000  1.039337e+000  2.442424e+001
      vertex  3.612084e+000  1.154849e+000  2.442424e+001
    endloop
  endfacet
  facet normal  0.000000e+000  -0.000000e+000  1.000000e+000
    outer loop
      vertex  1.741206e+000  8.550504e-001  2.442424e+001
      vertex  3.612084e+000  1.154849e+000  2.442424e+001
      vertex  3.846575e+000  1.225982e+000  2.442424e+001
    endloop
  endfacet
  facet normal  0.000000e+000  0.000000e+000  1.000000e+000
    outer loop
      vertex  1.741206e+000  8.550504e-001  2.442424e+001
      vertex  3.846575e+000  1.225982e+000  2.442424e+001
      vertex  1.925374e+000  1.250000e+000  2.442424e+001
    endloop
  endfacet
  facet normal  -0.000000e+000  -0.000000e+000  9.999999e-001
    outer loop
      vertex  1.925374e+000 -1.250000e+000  2.442424e+001
      vertex  2.175327e+000 -1.606969e+000  2.442424e+001
      vertex  4.090438e+000 -2.500000e+000  2.442424e+001
    endloop
  endfacet
  facet normal  0.000000e+000  -0.000000e+000  1.000000e+000
    outer loop
      vertex  1.925374e+000 -1.250000e+000  2.442424e+001
      vertex  4.090438e+000 -2.500000e+000  2.442424e+001
      vertex  4.090438e+000 -1.250000e+000  2.442424e+001
    endloop
  endfacet
  facet normal  0.000000e+000  0.000000e+000  1.000000e+000
    outer loop
      vertex  1.925374e+000 -1.250000e+000  2.442424e+001
      vertex  4.090438e+000 -1.250000e+000  2.442424e+001
      vertex  3.846575e+000 -1.225982e+000  2.442424e+001
    endloop
  endfacet
  facet normal  0.000000e+000  0.000000e+000  1.000000e+000
    outer loop
      vertex  1.925374e+000 -1.250000e+000  2.442424e+001
      vertex  3.846575e+000 -1.225982e+000  2.442424e+001
      vertex  3.612084e+000 -1.154849e+000  2.442424e+001
    endloop
  endfacet
  facet normal  0.000000e+000  0.000000e+000  1.000000e+000
    outer loop
      vertex  1.925374e+000 -1.250000e+000  2.442424e+001
      vertex  3.612084e+000 -1.154849e+000  2.442424e+001
      vertex  3.395975e+000 -1.039337e+000  2.442424e+001
    endloop
  endfacet
  facet normal  0.000000e+000  0.000000e+000  1.000000e+000
    outer loop
      vertex  1.925374e+000 -1.250000e+000  2.442424e+001
      vertex  3.395975e+000 -1.039337e+000  2.442424e+001
      vertex  3.206554e+000 -8.838835e-001  2.442424e+001
    endloop
  endfacet
  facet normal  0.000000e+000  0.000000e+000  1.000000e+000
    outer loop
      vertex  1.925374e+000 -1.250000e+000  2.442424e+001
      vertex  3.206554e+000 -8.838835e-001  2.442424e+001
      vertex  1.741206e+000 -8.550504e-001  2.442424e+001
    endloop
  endfacet
  facet normal  0.000000e+000  0.000000e+000  1.000000e+000
    outer loop
      vertex  4.090438e+000 -2.500000e+000  2.442424e+001
      vertex  2.175327e+000 -1.606969e+000  2.442424e+001
      vertex  2.483469e+000 -1.915111e+000  2.442424e+001
    endloop
  endfacet
  facet normal  0.000000e+000  0.000000e+000  1.000000e+000
    outer loop
      vertex  4.090438e+000 -2.500000e+000  2.442424e+001
      vertex  2.483469e+000 -1.915111e+000  2.442424e+001
      vertex  2.840438e+000 -2.165064e+000  2.442424e+001
    endloop
  endfacet
  facet normal  0.000000e+000  0.000000e+000  1.000000e+000
    outer loop
      vertex  4.090438e+000 -2.500000e+000  2.442424e+001
      vertex  2.840438e+000 -2.165064e+000  2.442424e+001
      vertex  3.235388e+000 -2.349231e+000  2.442424e+001
    endloop
  endfacet
  facet normal  0.000000e+000  0.000000e+000  1.000000e+000
    outer loop
      vertex  4.090438e+000 -2.500000e+000  2.442424e+001
      vertex  3.235388e+000 -2.349231e+000  2.442424e+001
      vertex  3.656317e+000 -2.462019e+000  2.442424e+001
    endloop
  endfacet
  facet normal  0.000000e+000  0.000000e+000  1.000000e+000
    outer loop
      vertex  6.439670e+000  8.550504e-001  2.442424e+001
      vertex  6.255501e+000  1.250000e+000  2.442424e+001
      vertex  4.334301e+000  1.225982e+000  2.442424e+001
    endloop
  endfacet
  facet normal  0.000000e+000  0.000000e+000  1.000000e+000
    outer loop
      vertex  6.439670e+000  8.550504e-001  2.442424e+001
      vertex  4.334301e+000  1.225982e+000  2.442424e+001
      vertex  4.568792e+000  1.154849e+000  2.442424e+001
    endloop
  endfacet
  facet normal  0.000000e+000  0.000000e+000  1.000000e+000
    outer loop
      vertex  6.439670e+000  8.550504e-001  2.442424e+001
      vertex  4.568792e+000  1.154849e+000  2.442424e+001
      vertex  4.784901e+000  1.039337e+000  2.442424e+001
    endloop
  endfacet
  facet normal  0.000000e+000  0.000000e+000  1.000000e+000
    outer loop
      vertex  6.439670e+000  8.550504e-001  2.442424e+001
      vertex  4.784901e+000  1.039337e+000  2.442424e+001
      vertex  4.974321e+000  8.838835e-001  2.442424e+001
    endloop
  endfacet
  facet normal  0.000000e+000  0.000000e+000  1.000000e+000
    outer loop
      vertex  6.439670e+000  8.550504e-001  2.442424e+001
      vertex  4.974321e+000  8.838835e-001  2.442424e+001
      vertex  5.129775e+000  6.944628e-001  2.442424e+001
    endloop
  endfacet
  facet normal  -0.000000e+000  0.000000e+000  9.999999e-001
    outer loop
      vertex  6.439670e+000  8.550504e-001  2.442424e+001
      vertex  5.129775e+000  6.944628e-001  2.442424e+001
      vertex  6.552457e+000  4.341204e-001  2.442424e+001
    endloop
  endfacet
  facet normal  0.000000e+000  0.000000e+000  1.000000e+000
    outer loop
      vertex  6.255501e+000 -1.250000e+000  2.442424e+001
      vertex  6.439670e+000 -8.550504e-001  2.442424e+001
      vertex  4.974321e+000 -8.838835e-001  2.442424e+001
    endloop
  endfacet
  facet normal  0.000000e+000  0.000000e+000  1.000000e+000
    outer loop
      vertex  6.255501e+000 -1.250000e+000  2.442424e+001
      vertex  4.974321e+000 -8.838835e-001  2.442424e+001
      vertex  4.784901e+000 -1.039337e+000  2.442424e+001
    endloop
  endfacet
  facet normal  0.000000e+000  0.000000e+000  1.000000e+000
    outer loop
      vertex  6.255501e+000 -1.250000e+000  2.442424e+001
      vertex  4.784901e+000 -1.039337e+000  2.442424e+001
      vertex  4.568792e+000 -1.154849e+000  2.442424e+001
    endloop
  endfacet
  facet normal  0.000000e+000  0.000000e+000  1.000000e+000
    outer loop
      vertex  6.255501e+000 -1.250000e+000  2.442424e+001
      vertex  4.568792e+000 -1.154849e+000  2.442424e+001
      vertex  4.334301e+000 -1.225982e+000  2.442424e+001
    endloop
  endfacet
  facet normal  0.000000e+000  0.000000e+000  1.000000e+000
    outer loop
      vertex  6.255501e+000 -1.250000e+000  2.442424e+001
      vertex  4.334301e+000 -1.225982e+000  2.442424e+001
      vertex  4.090438e+000 -1.250000e+000  2.442424e+001
    endloop
  endfacet
  facet normal  -0.000000e+000  0.000000e+000  1.000000e+000
    outer loop
      vertex  6.255501e+000 -1.250000e+000  2.442424e+001
      vertex  4.090438e+000 -1.250000e+000  2.442424e+001
      vertex  4.090438e+000 -2.500000e+000  2.442424e+001
    endloop
  endfacet
  facet normal  0.000000e+000  0.000000e+000  1.000000e+000
    outer loop
      vertex  6.255501e+000 -1.250000e+000  2.442424e+001
      vertex  4.090438e+000 -2.500000e+000  2.442424e+001
      vertex  6.005549e+000 -1.606969e+000  2.442424e+001
    endloop
  endfacet
  facet normal  0.000000e+000  -0.000000e+000  1.000000e+000
    outer loop
      vertex  4.090438e+000 -2.500000e+000  2.442424e+001
      vertex  4.524559e+000 -2.462019e+000  2.442424e+001
      vertex  4.945488e+000 -2.349231e+000  2.442424e+001
    endloop
  endfacet
  facet normal  0.000000e+000  -0.000000e+000  1.000000e+000
    outer loop
      vertex  4.090438e+000 -2.500000e+000  2.442424e+001
      vertex  4.945488e+000 -2.349231e+000  2.442424e+001
      vertex  5.340438e+000 -2.165064e+000  2.442424e+001
    endloop
  endfacet
  facet normal  0.000000e+000  -0.000000e+000  1.000000e+000
    outer loop
      vertex  4.090438e+000 -2.500000e+000  2.442424e+001
      vertex  5.340438e+000 -2.165064e+000  2.442424e+001
      vertex  5.697407e+000 -1.915111e+000  2.442424e+001
    endloop
  endfacet
  facet normal  0.000000e+000  -0.000000e+000  1.000000e+000
    outer loop
      vertex  4.090438e+000 -2.500000e+000  2.442424e+001
      vertex  5.697407e+000 -1.915111e+000  2.442424e+001
      vertex  6.005549e+000 -1.606969e+000  2.442424e+001
    endloop
  endfacet
  facet normal  -0.000000e+000  0.000000e+000  1.000000e+000
    outer loop
      vertex  2.935588e+000  4.783543e-001  2.442424e+001
      vertex  1.628419e+000  4.341204e-001  2.442424e+001
      vertex  2.864456e+000  2.438629e-001  2.442424e+001
    endloop
  endfacet
  facet normal  0.000000e+000  0.000000e+000  1.000000e+000
    outer loop
      vertex  2.864456e+000  2.438629e-001  2.442424e+001
      vertex  1.628419e+000  4.341204e-001  2.442424e+001
      vertex  1.590438e+000  3.061516e-016  2.442424e+001
    endloop
  endfacet
  facet normal  -0.000000e+000  0.000000e+000  1.000000e+000
    outer loop
      vertex  2.864456e+000  2.438629e-001  2.442424e+001
      vertex  1.590438e+000  3.061516e-016  2.442424e+001
      vertex  2.840438e+000  1.530758e-016  2.442424e+001
    endloop
  endfacet
  facet normal  0.000000e+000  0.000000e+000  1.000000e+000
    outer loop
      vertex  2.840438e+000  1.530758e-016  2.442424e+001
      vertex  1.590438e+000  3.061516e-016  2.442424e+001
      vertex  2.864456e+000 -2.438629e-001  2.442424e+001
    endloop
  endfacet
  facet normal  0.000000e+000  0.000000e+000  1.000000e+000
    outer loop
      vertex  2.864456e+000 -2.438629e-001  2.442424e+001
      vertex  1.590438e+000  3.061516e-016  2.442424e+001
      vertex  1.628419e+000 -4.341204e-001  2.442424e+001
    endloop
  endfacet
  facet normal  -0.000000e+000  0.000000e+000  1.000000e+000
    outer loop
      vertex  2.864456e+000 -2.438629e-001  2.442424e+001
      vertex  1.628419e+000 -4.341204e-001  2.442424e+001
      vertex  2.935588e+000 -4.783543e-001  2.442424e+001
    endloop
  endfacet
  facet normal  0.000000e+000  0.000000e+000  1.000000e+000
    outer loop
      vertex  2.935588e+000 -4.783543e-001  2.442424e+001
      vertex  1.628419e+000 -4.341204e-001  2.442424e+001
      vertex  3.051101e+000 -6.944628e-001  2.442424e+001
    endloop
  endfacet
  facet normal  0.000000e+000  0.000000e+000  1.000000e+000
    outer loop
      vertex  3.051101e+000 -6.944628e-001  2.442424e+001
      vertex  1.628419e+000 -4.341204e-001  2.442424e+001
      vertex  1.741206e+000 -8.550504e-001  2.442424e+001
    endloop
  endfacet
  facet normal  -0.000000e+000  0.000000e+000  1.000000e+000
    outer loop
      vertex  3.051101e+000 -6.944628e-001  2.442424e+001
      vertex  1.741206e+000 -8.550504e-001  2.442424e+001
      vertex  3.206554e+000 -8.838835e-001  2.442424e+001
    endloop
  endfacet
  facet normal  0.000000e+000  0.000000e+000  1.000000e+000
    outer loop
      vertex  5.316420e+000  2.438629e-001  2.442424e+001
      vertex  6.590438e+000  0.000000e+000  2.442424e+001
      vertex  5.245287e+000  4.783543e-001  2.442424e+001
    endloop
  endfacet
  facet normal  0.000000e+000  0.000000e+000  1.000000e+000
    outer loop
      vertex  5.245287e+000  4.783543e-001  2.442424e+001
      vertex  6.590438e+000  0.000000e+000  2.442424e+001
      vertex  6.552457e+000  4.341204e-001  2.442424e+001
    endloop
  endfacet
  facet normal  0.000000e+000  0.000000e+000  9.999999e-001
    outer loop
      vertex  5.245287e+000  4.783543e-001  2.442424e+001
      vertex  6.552457e+000  4.341204e-001  2.442424e+001
      vertex  5.129775e+000  6.944628e-001  2.442424e+001
    endloop
  endfacet
  facet normal  0.000000e+000  0.000000e+000  1.000000e+000
    outer loop
      vertex  5.316420e+000 -2.438629e-001  2.442424e+001
      vertex  6.552457e+000 -4.341204e-001  2.442424e+001
      vertex  5.340438e+000  0.000000e+000  2.442424e+001
    endloop
  endfacet
  facet normal  -0.000000e+000  0.000000e+000  1.000000e+000
    outer loop
      vertex  5.340438e+000  0.000000e+000  2.442424e+001
      vertex  6.552457e+000 -4.341204e-001  2.442424e+001
      vertex  6.590438e+000  0.000000e+000  2.442424e+001
    endloop
  endfacet
  facet normal  0.000000e+000  0.000000e+000  1.000000e+000
    outer loop
      vertex  5.340438e+000  0.000000e+000  2.442424e+001
      vertex  6.590438e+000  0.000000e+000  2.442424e+001
      vertex  5.316420e+000  2.438629e-001  2.442424e+001
    endloop
  endfacet
  facet normal  0.000000e+000  0.000000e+000  1.000000e+000
    outer loop
      vertex  5.129775e+000 -6.944628e-001  2.442424e+001
      vertex  6.439670e+000 -8.550504e-001  2.442424e+001
      vertex  5.245287e+000 -4.783543e-001  2.442424e+001
    endloop
  endfacet
  facet normal  -0.000000e+000  0.000000e+000  1.000000e+000
    outer loop
      vertex  5.245287e+000 -4.783543e-001  2.442424e+001
      vertex  6.439670e+000 -8.550504e-001  2.442424e+001
      vertex  6.552457e+000 -4.341204e-001  2.442424e+001
    endloop
  endfacet
  facet normal  0.000000e+000  0.000000e+000  1.000000e+000
    outer loop
      vertex  5.245287e+000 -4.783543e-001  2.442424e+001
      vertex  6.552457e+000 -4.341204e-001  2.442424e+001
      vertex  5.316420e+000 -2.438629e-001  2.442424e+001
    endloop
  endfacet
  facet normal  9.801719e-002 -9.951847e-001  0.000000e+000
    outer loop
      vertex  4.090438e+000  1.250000e+000  2.292424e+001
      vertex  3.846575e+000  1.225982e+000  2.442424e+001
      vertex  3.846575e+000  1.225982e+000  2.292424e+001
    endloop
  endfacet
  facet normal  2.902848e-001 -9.569404e-001  0.000000e+000
    outer loop
      vertex  3.846575e+000  1.225982e+000  2.292424e+001
      vertex  3.846575e+000  1.225982e+000  2.442424e+001
      vertex  3.612084e+000  1.154849e+000  2.442424e+001
    endloop
  endfacet
  facet normal  2.902848e-001 -9.569404e-001  0.000000e+000
    outer loop
      vertex  3.846575e+000  1.225982e+000  2.292424e+001
      vertex  3.612084e+000  1.154849e+000  2.442424e+001
      vertex  3.612084e+000  1.154849e+000  2.292424e+001
    endloop
  endfacet
  facet normal  4.713966e-001 -8.819214e-001  0.000000e+000
    outer loop
      vertex  3.612084e+000  1.154849e+000  2.292424e+001
      vertex  3.612084e+000  1.154849e+000  2.442424e+001
      vertex  3.395975e+000  1.039337e+000  2.442424e+001
    endloop
  endfacet
  facet normal  4.713966e-001 -8.819214e-001  0.000000e+000
    outer loop
      vertex  3.612084e+000  1.154849e+000  2.292424e+001
      vertex  3.395975e+000  1.039337e+000  2.442424e+001
      vertex  3.395975e+000  1.039337e+000  2.292424e+001
    endloop
  endfacet
  facet normal  6.343933e-001 -7.730104e-001  0.000000e+000
    outer loop
      vertex  3.395975e+000  1.039337e+000  2.292424e+001
      vertex  3.395975e+000  1.039337e+000  2.442424e+001
      vertex  3.206554e+000  8.838835e-001  2.442424e+001
    endloop
  endfacet
  facet normal  6.343933e-001 -7.730104e-001  0.000000e+000
    outer loop
      vertex  3.395975e+000  1.039337e+000  2.292424e+001
      vertex  3.206554e+000  8.838835e-001  2.442424e+001
      vertex  3.206554e+000  8.838835e-001  2.292424e+001
    endloop
  endfacet
  facet normal  7.730107e-001 -6.343930e-001  0.000000e+000
    outer loop
      vertex  3.206554e+000  8.838835e-001  2.292424e+001
      vertex  3.206554e+000  8.838835e-001  2.442424e+001
      vertex  3.051101e+000  6.944628e-001  2.442424e+001
    endloop
  endfacet
  facet normal  7.730107e-001 -6.343930e-001  0.000000e+000
    outer loop
      vertex  3.206554e+000  8.838835e-001  2.292424e+001
      vertex  3.051101e+000  6.944628e-001  2.442424e+001
      vertex  3.051101e+000  6.944628e-001  2.292424e+001
    endloop
  endfacet
  facet normal  8.819209e-001 -4.713975e-001  0.000000e+000
    outer loop
      vertex  3.051101e+000  6.944628e-001  2.292424e+001
      vertex  3.051101e+000  6.944628e-001  2.442424e+001
      vertex  2.935588e+000  4.783543e-001  2.442424e+001
    endloop
  endfacet
  facet normal  8.819209e-001 -4.713975e-001  0.000000e+000
    outer loop
      vertex  3.051101e+000  6.944628e-001  2.292424e+001
      vertex  2.935588e+000  4.783543e-001  2.442424e+001
      vertex  2.935588e+000  4.783543e-001  2.292424e+001
    endloop
  endfacet
  facet normal  9.569403e-001 -2.902846e-001  0.000000e+000
    outer loop
      vertex  2.935588e+000  4.783543e-001  2.292424e+001
      vertex  2.935588e+000  4.783543e-001  2.442424e+001
      vertex  2.864456e+000  2.438629e-001  2.442424e+001
    endloop
  endfacet
  facet normal  9.569403e-001 -2.902846e-001  0.000000e+000
    outer loop
      vertex  2.935588e+000  4.783543e-001  2.292424e+001
      vertex  2.864456e+000  2.438629e-001  2.442424e+001
      vertex  2.864456e+000  2.438629e-001  2.292424e+001
    endloop
  endfacet
  facet normal  9.951848e-001 -9.801669e-002  0.000000e+000
    outer loop
      vertex  2.864456e+000  2.438629e-001  2.292424e+001
      vertex  2.864456e+000  2.438629e-001  2.442424e+001
      vertex  2.840438e+000  1.530758e-016  2.442424e+001
    endloop
  endfacet
  facet normal  9.951848e-001 -9.801669e-002  0.000000e+000
    outer loop
      vertex  2.864456e+000  2.438629e-001  2.292424e+001
      vertex  2.840438e+000  1.530758e-016  2.442424e+001
      vertex  2.840438e+000  1.530758e-016  2.292424e+001
    endloop
  endfacet
  facet normal  9.801719e-002 -9.951847e-001  0.000000e+000
    outer loop
      vertex  3.846575e+000  1.225982e+000  2.442424e+001
      vertex  4.090438e+000  1.250000e+000  2.292424e+001
      vertex  4.090438e+000  1.250000e+000  2.442424e+001
    endloop
  endfacet
  facet normal -9.801709e-002 -9.951847e-001  -0.000000e+000
    outer loop
      vertex  4.090438e+000  1.250000e+000  2.442424e+001
      vertex  4.090438e+000  1.250000e+000  2.292424e+001
      vertex  4.334301e+000  1.225982e+000  2.292424e+001
    endloop
  endfacet
  facet normal -9.801709e-002 -9.951847e-001  0.000000e+000
    outer loop
      vertex  4.090438e+000  1.250000e+000  2.442424e+001
      vertex  4.334301e+000  1.225982e+000  2.292424e+001
      vertex  4.334301e+000  1.225982e+000  2.442424e+001
    endloop
  endfacet
  facet normal -2.902848e-001 -9.569404e-001  -0.000000e+000
    outer loop
      vertex  4.334301e+000  1.225982e+000  2.442424e+001
      vertex  4.334301e+000  1.225982e+000  2.292424e+001
      vertex  4.568792e+000  1.154849e+000  2.292424e+001
    endloop
  endfacet
  facet normal -2.902848e-001 -9.569404e-001  0.000000e+000
    outer loop
      vertex  4.334301e+000  1.225982e+000  2.442424e+001
      vertex  4.568792e+000  1.154849e+000  2.292424e+001
      vertex  4.568792e+000  1.154849e+000  2.442424e+001
    endloop
  endfacet
  facet normal -4.713969e-001 -8.819211e-001  -0.000000e+000
    outer loop
      vertex  4.568792e+000  1.154849e+000  2.442424e+001
      vertex  4.568792e+000  1.154849e+000  2.292424e+001
      vertex  4.784901e+000  1.039337e+000  2.292424e+001
    endloop
  endfacet
  facet normal -4.713969e-001 -8.819211e-001  0.000000e+000
    outer loop
      vertex  4.568792e+000  1.154849e+000  2.442424e+001
      vertex  4.784901e+000  1.039337e+000  2.292424e+001
      vertex  4.784901e+000  1.039337e+000  2.442424e+001
    endloop
  endfacet
  facet normal -6.343933e-001 -7.730104e-001  -0.000000e+000
    outer loop
      vertex  4.784901e+000  1.039337e+000  2.442424e+001
      vertex  4.784901e+000  1.039337e+000  2.292424e+001
      vertex  4.974321e+000  8.838835e-001  2.292424e+001
    endloop
  endfacet
  facet normal -6.343933e-001 -7.730104e-001  0.000000e+000
    outer loop
      vertex  4.784901e+000  1.039337e+000  2.442424e+001
      vertex  4.974321e+000  8.838835e-001  2.292424e+001
      vertex  4.974321e+000  8.838835e-001  2.442424e+001
    endloop
  endfacet
  facet normal -7.730101e-001 -6.343936e-001  -0.000000e+000
    outer loop
      vertex  4.974321e+000  8.838835e-001  2.442424e+001
      vertex  4.974321e+000  8.838835e-001  2.292424e+001
      vertex  5.129775e+000  6.944628e-001  2.292424e+001
    endloop
  endfacet
  facet normal -7.730101e-001 -6.343936e-001  0.000000e+000
    outer loop
      vertex  4.974321e+000  8.838835e-001  2.442424e+001
      vertex  5.129775e+000  6.944628e-001  2.292424e+001
      vertex  5.129775e+000  6.944628e-001  2.442424e+001
    endloop
  endfacet
  facet normal -8.819213e-001 -4.713967e-001  -0.000000e+000
    outer loop
      vertex  5.129775e+000  6.944628e-001  2.442424e+001
      vertex  5.129775e+000  6.944628e-001  2.292424e+001
      vertex  5.245287e+000  4.783543e-001  2.292424e+001
    endloop
  endfacet
  facet normal -8.819213e-001 -4.713967e-001  0.000000e+000
    outer loop
      vertex  5.129775e+000  6.944628e-001  2.442424e+001
      vertex  5.245287e+000  4.783543e-001  2.292424e+001
      vertex  5.245287e+000  4.783543e-001  2.442424e+001
    endloop
  endfacet
  facet normal -9.569403e-001 -2.902846e-001  -0.000000e+000
    outer loop
      vertex  5.245287e+000  4.783543e-001  2.442424e+001
      vertex  5.245287e+000  4.783543e-001  2.292424e+001
      vertex  5.316420e+000  2.438629e-001  2.292424e+001
    endloop
  endfacet
  facet normal -9.569403e-001 -2.902846e-001  0.000000e+000
    outer loop
      vertex  5.245287e+000  4.783543e-001  2.442424e+001
      vertex  5.316420e+000  2.438629e-001  2.292424e+001
      vertex  5.316420e+000  2.438629e-001  2.442424e+001
    endloop
  endfacet
  facet normal -9.951848e-001 -9.801669e-002  -0.000000e+000
    outer loop
      vertex  5.316420e+000  2.438629e-001  2.442424e+001
      vertex  5.316420e+000  2.438629e-001  2.292424e+001
      vertex  5.340438e+000  0.000000e+000  2.292424e+001
    endloop
  endfacet
  facet normal -9.951848e-001 -9.801669e-002  0.000000e+000
    outer loop
      vertex  5.316420e+000  2.438629e-001  2.442424e+001
      vertex  5.340438e+000  0.000000e+000  2.292424e+001
      vertex  5.340438e+000  0.000000e+000  2.442424e+001
    endloop
  endfacet
  facet normal -9.801709e-002  9.951847e-001  0.000000e+000
    outer loop
      vertex  4.090438e+000 -1.250000e+000  2.292424e+001
      vertex  4.334301e+000 -1.225982e+000  2.442424e+001
      vertex  4.334301e+000 -1.225982e+000  2.292424e+001
    endloop
  endfacet
  facet normal -2.902848e-001  9.569404e-001  0.000000e+000
    outer loop
      vertex  4.334301e+000 -1.225982e+000  2.292424e+001
      vertex  4.334301e+000 -1.225982e+000  2.442424e+001
      vertex  4.568792e+000 -1.154849e+000  2.442424e+001
    endloop
  endfacet
  facet normal -2.902848e-001  9.569404e-001  0.000000e+000
    outer loop
      vertex  4.334301e+000 -1.225982e+000  2.292424e+001
      vertex  4.568792e+000 -1.154849e+000  2.442424e+001
      vertex  4.568792e+000 -1.154849e+000  2.292424e+001
    endloop
  endfacet
  facet normal -4.713969e-001  8.819211e-001  0.000000e+000
    outer loop
      vertex  4.568792e+000 -1.154849e+000  2.292424e+001
      vertex  4.568792e+000 -1.154849e+000  2.442424e+001
      vertex  4.784901e+000 -1.039337e+000  2.442424e+001
    endloop
  endfacet
  facet normal -4.713969e-001  8.819211e-001  0.000000e+000
    outer loop
      vertex  4.568792e+000 -1.154849e+000  2.292424e+001
      vertex  4.784901e+000 -1.039337e+000  2.442424e+001
      vertex  4.784901e+000 -1.039337e+000  2.292424e+001
    endloop
  endfacet
  facet normal -6.343933e-001  7.730104e-001  0.000000e+000
    outer loop
      vertex  4.784901e+000 -1.039337e+000  2.292424e+001
      vertex  4.784901e+000 -1.039337e+000  2.442424e+001
      vertex  4.974321e+000 -8.838835e-001  2.442424e+001
    endloop
  endfacet
  facet normal -6.343933e-001  7.730104e-001  0.000000e+000
    outer loop
      vertex  4.784901e+000 -1.039337e+000  2.292424e+001
      vertex  4.974321e+000 -8.838835e-001  2.442424e+001
      vertex  4.974321e+000 -8.838835e-001  2.292424e+001
    endloop
  endfacet
  facet normal -7.730101e-001  6.343936e-001  0.000000e+000
    outer loop
      vertex  4.974321e+000 -8.838835e-001  2.292424e+001
      vertex  4.974321e+000 -8.838835e-001  2.442424e+001
      vertex  5.129775e+000 -6.944628e-001  2.442424e+001
    endloop
  endfacet
  facet normal -7.730101e-001  6.343936e-001  0.000000e+000
    outer loop
      vertex  4.974321e+000 -8.838835e-001  2.292424e+001
      vertex  5.129775e+000 -6.944628e-001  2.442424e+001
      vertex  5.129775e+000 -6.944628e-001  2.292424e+001
    endloop
  endfacet
  facet normal -8.819213e-001  4.713967e-001  0.000000e+000
    outer loop
      vertex  5.129775e+000 -6.944628e-001  2.292424e+001
      vertex  5.129775e+000 -6.944628e-001  2.442424e+001
      vertex  5.245287e+000 -4.783543e-001  2.442424e+001
    endloop
  endfacet
  facet normal -8.819213e-001  4.713967e-001  0.000000e+000
    outer loop
      vertex  5.129775e+000 -6.944628e-001  2.292424e+001
      vertex  5.245287e+000 -4.783543e-001  2.442424e+001
      vertex  5.245287e+000 -4.783543e-001  2.292424e+001
    endloop
  endfacet
  facet normal -9.569403e-001  2.902846e-001  0.000000e+000
    outer loop
      vertex  5.245287e+000 -4.783543e-001  2.292424e+001
      vertex  5.245287e+000 -4.783543e-001  2.442424e+001
      vertex  5.316420e+000 -2.438629e-001  2.442424e+001
    endloop
  endfacet
  facet normal -9.569403e-001  2.902846e-001  0.000000e+000
    outer loop
      vertex  5.245287e+000 -4.783543e-001  2.292424e+001
      vertex  5.316420e+000 -2.438629e-001  2.442424e+001
      vertex  5.316420e+000 -2.438629e-001  2.292424e+001
    endloop
  endfacet
  facet normal -9.951848e-001  9.801669e-002  0.000000e+000
    outer loop
      vertex  5.316420e+000 -2.438629e-001  2.292424e+001
      vertex  5.316420e+000 -2.438629e-001  2.442424e+001
      vertex  5.340438e+000  0.000000e+000  2.442424e+001
    endloop
  endfacet
  facet normal -9.951848e-001  9.801669e-002  0.000000e+000
    outer loop
      vertex  5.316420e+000 -2.438629e-001  2.292424e+001
      vertex  5.340438e+000  0.000000e+000  2.442424e+001
      vertex  5.340438e+000  0.000000e+000  2.292424e+001
    endloop
  endfacet
  facet normal -9.801709e-002  9.951847e-001  0.000000e+000
    outer loop
      vertex  4.334301e+000 -1.225982e+000  2.442424e+001
      vertex  4.090438e+000 -1.250000e+000  2.292424e+001
      vertex  4.090438e+000 -1.250000e+000  2.442424e+001
    endloop
  endfacet
  facet normal  9.801719e-002  9.951847e-001  0.000000e+000
    outer loop
      vertex  4.090438e+000 -1.250000e+000  2.442424e+001
      vertex  4.090438e+000 -1.250000e+000  2.292424e+001
      vertex  3.846575e+000 -1.225982e+000  2.292424e+001
    endloop
  endfacet
  facet normal  9.801719e-002  9.951847e-001  -0.000000e+000
    outer loop
      vertex  4.090438e+000 -1.250000e+000  2.442424e+001
      vertex  3.846575e+000 -1.225982e+000  2.292424e+001
      vertex  3.846575e+000 -1.225982e+000  2.442424e+001
    endloop
  endfacet
  facet normal  2.902848e-001  9.569404e-001  0.000000e+000
    outer loop
      vertex  3.846575e+000 -1.225982e+000  2.442424e+001
      vertex  3.846575e+000 -1.225982e+000  2.292424e+001
      vertex  3.612084e+000 -1.154849e+000  2.292424e+001
    endloop
  endfacet
  facet normal  2.902848e-001  9.569404e-001  -0.000000e+000
    outer loop
      vertex  3.846575e+000 -1.225982e+000  2.442424e+001
      vertex  3.612084e+000 -1.154849e+000  2.292424e+001
      vertex  3.612084e+000 -1.154849e+000  2.442424e+001
    endloop
  endfacet
  facet normal  4.713966e-001  8.819214e-001  0.000000e+000
    outer loop
      vertex  3.612084e+000 -1.154849e+000  2.442424e+001
      vertex  3.612084e+000 -1.154849e+000  2.292424e+001
      vertex  3.395975e+000 -1.039337e+000  2.292424e+001
    endloop
  endfacet
  facet normal  4.713966e-001  8.819214e-001  -0.000000e+000
    outer loop
      vertex  3.612084e+000 -1.154849e+000  2.442424e+001
      vertex  3.395975e+000 -1.039337e+000  2.292424e+001
      vertex  3.395975e+000 -1.039337e+000  2.442424e+001
    endloop
  endfacet
  facet normal  6.343933e-001  7.730104e-001  0.000000e+000
    outer loop
      vertex  3.395975e+000 -1.039337e+000  2.442424e+001
      vertex  3.395975e+000 -1.039337e+000  2.292424e+001
      vertex  3.206554e+000 -8.838835e-001  2.292424e+001
    endloop
  endfacet
  facet normal  6.343933e-001  7.730104e-001  -0.000000e+000
    outer loop
      vertex  3.395975e+000 -1.039337e+000  2.442424e+001
      vertex  3.206554e+000 -8.838835e-001  2.292424e+001
      vertex  3.206554e+000 -8.838835e-001  2.442424e+001
    endloop
  endfacet
  facet normal  7.730107e-001  6.343930e-001  0.000000e+000
    outer loop
      vertex  3.206554e+000 -8.838835e-001  2.442424e+001
      vertex  3.206554e+000 -8.838835e-001  2.292424e+001
      vertex  3.051101e+000 -6.944628e-001  2.292424e+001
    endloop
  endfacet
  facet normal  7.730107e-001  6.343930e-001  -0.000000e+000
    outer loop
      vertex  3.206554e+000 -8.838835e-001  2.442424e+001
      vertex  3.051101e+000 -6.944628e-001  2.292424e+001
      vertex  3.051101e+000 -6.944628e-001  2.442424e+001
    endloop
  endfacet
  facet normal  8.819209e-001  4.713975e-001  0.000000e+000
    outer loop
      vertex  3.051101e+000 -6.944628e-001  2.442424e+001
      vertex  3.051101e+000 -6.944628e-001  2.292424e+001
      vertex  2.935588e+000 -4.783543e-001  2.292424e+001
    endloop
  endfacet
  facet normal  8.819209e-001  4.713975e-001  -0.000000e+000
    outer loop
      vertex  3.051101e+000 -6.944628e-001  2.442424e+001
      vertex  2.935588e+000 -4.783543e-001  2.292424e+001
      vertex  2.935588e+000 -4.783543e-001  2.442424e+001
    endloop
  endfacet
  facet normal  9.569403e-001  2.902846e-001  0.000000e+000
    outer loop
      vertex  2.935588e+000 -4.783543e-001  2.442424e+001
      vertex  2.935588e+000 -4.783543e-001  2.292424e+001
      vertex  2.864456e+000 -2.438629e-001  2.292424e+001
    endloop
  endfacet
  facet normal  9.569403e-001  2.902846e-001  -0.000000e+000
    outer loop
      vertex  2.935588e+000 -4.783543e-001  2.442424e+001
      vertex  2.864456e+000 -2.438629e-001  2.292424e+001
      vertex  2.864456e+000 -2.438629e-001  2.442424e+001
    endloop
  endfacet
  facet normal  9.951848e-001  9.801669e-002  0.000000e+000
    outer loop
      vertex  2.864456e+000 -2.438629e-001  2.442424e+001
      vertex  2.864456e+000 -2.438629e-001  2.292424e+001
      vertex  2.840438e+000  1.530758e-016  2.292424e+001
    endloop
  endfacet
  facet normal  9.951848e-001  9.801669e-002  -0.000000e+000
    outer loop
      vertex  2.864456e+000 -2.438629e-001  2.442424e+001
      vertex  2.840438e+000  1.530758e-016  2.292424e+001
      vertex  2.840438e+000  1.530758e-016  2.442424e+001
    endloop
  endfacet
endsolid CATIA STL
