solid CATIA STL
  facet normal -9.951848e-001  0.000000e+000  9.801671e-002
    outer loop
      vertex -8.000000e+000  1.587700e+001 -6.200000e+000
      vertex -8.000000e+000  3.300000e+000 -6.200000e+000
      vertex -7.980785e+000  1.587700e+001 -6.004910e+000
    endloop
  endfacet
  facet normal -9.951848e-001  0.000000e+000  9.801671e-002
    outer loop
      vertex -7.980785e+000  1.587700e+001 -6.004910e+000
      vertex -8.000000e+000  3.300000e+000 -6.200000e+000
      vertex -7.980785e+000  3.300000e+000 -6.004910e+000
    endloop
  endfacet
  facet normal -9.569403e-001  0.000000e+000  2.902848e-001
    outer loop
      vertex -7.980785e+000  1.587700e+001 -6.004910e+000
      vertex -7.980785e+000  3.300000e+000 -6.004910e+000
      vertex -7.923880e+000  1.587700e+001 -5.817317e+000
    endloop
  endfacet
  facet normal -9.569403e-001  0.000000e+000  2.902848e-001
    outer loop
      vertex -7.923880e+000  1.587700e+001 -5.817317e+000
      vertex -7.980785e+000  3.300000e+000 -6.004910e+000
      vertex -7.923880e+000  3.300000e+000 -5.817317e+000
    endloop
  endfacet
  facet normal -8.819209e-001  0.000000e+000  4.713973e-001
    outer loop
      vertex -7.923880e+000  1.587700e+001 -5.817317e+000
      vertex -7.923880e+000  3.300000e+000 -5.817317e+000
      vertex -7.831470e+000  1.587700e+001 -5.644430e+000
    endloop
  endfacet
  facet normal -8.819209e-001  0.000000e+000  4.713973e-001
    outer loop
      vertex -7.831470e+000  1.587700e+001 -5.644430e+000
      vertex -7.923880e+000  3.300000e+000 -5.817317e+000
      vertex -7.831470e+000  3.300000e+000 -5.644430e+000
    endloop
  endfacet
  facet normal -7.730100e-001  0.000000e+000  6.343938e-001
    outer loop
      vertex -7.831470e+000  1.587700e+001 -5.644430e+000
      vertex -7.831470e+000  3.300000e+000 -5.644430e+000
      vertex -7.707107e+000  1.587700e+001 -5.492893e+000
    endloop
  endfacet
  facet normal -7.730100e-001  0.000000e+000  6.343938e-001
    outer loop
      vertex -7.707107e+000  1.587700e+001 -5.492893e+000
      vertex -7.831470e+000  3.300000e+000 -5.644430e+000
      vertex -7.707107e+000  3.300000e+000 -5.492893e+000
    endloop
  endfacet
  facet normal -6.343938e-001  0.000000e+000  7.730100e-001
    outer loop
      vertex -7.707107e+000  1.587700e+001 -5.492893e+000
      vertex -7.707107e+000  3.300000e+000 -5.492893e+000
      vertex -7.555570e+000  1.587700e+001 -5.368530e+000
    endloop
  endfacet
  facet normal -6.343938e-001  0.000000e+000  7.730100e-001
    outer loop
      vertex -7.555570e+000  1.587700e+001 -5.368530e+000
      vertex -7.707107e+000  3.300000e+000 -5.492893e+000
      vertex -7.555570e+000  3.300000e+000 -5.368530e+000
    endloop
  endfacet
  facet normal -4.713954e-001  0.000000e+000  8.819219e-001
    outer loop
      vertex -7.555570e+000  1.587700e+001 -5.368530e+000
      vertex -7.555570e+000  3.300000e+000 -5.368530e+000
      vertex -7.382683e+000  1.587700e+001 -5.276121e+000
    endloop
  endfacet
  facet normal -4.713954e-001  0.000000e+000  8.819219e-001
    outer loop
      vertex -7.382683e+000  1.587700e+001 -5.276121e+000
      vertex -7.555570e+000  3.300000e+000 -5.368530e+000
      vertex -7.382683e+000  3.300000e+000 -5.276121e+000
    endloop
  endfacet
  facet normal -2.902848e-001  0.000000e+000  9.569403e-001
    outer loop
      vertex -7.382683e+000  1.587700e+001 -5.276121e+000
      vertex -7.382683e+000  3.300000e+000 -5.276121e+000
      vertex -7.195090e+000  1.587700e+001 -5.219215e+000
    endloop
  endfacet
  facet normal -2.902848e-001  0.000000e+000  9.569403e-001
    outer loop
      vertex -7.195090e+000  1.587700e+001 -5.219215e+000
      vertex -7.382683e+000  3.300000e+000 -5.276121e+000
      vertex -7.195090e+000  3.300000e+000 -5.219215e+000
    endloop
  endfacet
  facet normal -9.801911e-002  0.000000e+000  9.951845e-001
    outer loop
      vertex -7.195090e+000  1.587700e+001 -5.219215e+000
      vertex -7.195090e+000  3.300000e+000 -5.219215e+000
      vertex -7.000000e+000  1.587700e+001 -5.200000e+000
    endloop
  endfacet
  facet normal -9.801911e-002  0.000000e+000  9.951845e-001
    outer loop
      vertex -7.000000e+000  1.587700e+001 -5.200000e+000
      vertex -7.195090e+000  3.300000e+000 -5.219215e+000
      vertex -7.000000e+000  3.300000e+000 -5.200000e+000
    endloop
  endfacet
  facet normal  -0.000000e+000  0.000000e+000  9.999999e-001
    outer loop
      vertex -2.900000e+000  1.587700e+001 -5.200000e+000
      vertex -7.000000e+000  1.587700e+001 -5.200000e+000
      vertex -2.900000e+000  3.300000e+000 -5.200000e+000
    endloop
  endfacet
  facet normal  0.000000e+000  0.000000e+000  9.999999e-001
    outer loop
      vertex -2.900000e+000  3.300000e+000 -5.200000e+000
      vertex -7.000000e+000  1.587700e+001 -5.200000e+000
      vertex -7.000000e+000  3.300000e+000 -5.200000e+000
    endloop
  endfacet
  facet normal  0.000000e+000  1.000000e+000  0.000000e+000
    outer loop
      vertex -6.500000e+000  1.800000e+000 -1.200000e+000
      vertex -2.900000e+000  1.800000e+000 -1.200000e+000
      vertex -2.900000e+000  1.800000e+000 -3.700000e+000
    endloop
  endfacet
  facet normal  0.000000e+000  1.000000e+000  0.000000e+000
    outer loop
      vertex -8.000000e+000  1.800000e+000 -1.200000e+000
      vertex -7.480785e+000  1.800000e+000  3.950903e-001
      vertex -7.500000e+000  1.800000e+000  2.000000e-001
    endloop
  endfacet
  facet normal  0.000000e+000  1.000000e+000  0.000000e+000
    outer loop
      vertex -8.000000e+000  1.800000e+000 -1.200000e+000
      vertex -7.500000e+000  1.800000e+000  2.000000e-001
      vertex -7.500000e+000  1.800000e+000 -2.000000e-001
    endloop
  endfacet
  facet normal  0.000000e+000  9.999999e-001  0.000000e+000
    outer loop
      vertex -8.000000e+000  1.800000e+000 -1.200000e+000
      vertex -7.500000e+000  1.800000e+000 -2.000000e-001
      vertex -7.480785e+000  1.800000e+000 -3.950903e-001
    endloop
  endfacet
  facet normal  0.000000e+000  1.000000e+000  0.000000e+000
    outer loop
      vertex -8.000000e+000  1.800000e+000 -1.200000e+000
      vertex -7.480785e+000  1.800000e+000 -3.950903e-001
      vertex -7.423880e+000  1.800000e+000 -5.826834e-001
    endloop
  endfacet
  facet normal  0.000000e+000  9.999999e-001  0.000000e+000
    outer loop
      vertex -8.000000e+000  1.800000e+000 -1.200000e+000
      vertex -7.423880e+000  1.800000e+000 -5.826834e-001
      vertex -7.331470e+000  1.800000e+000 -7.555702e-001
    endloop
  endfacet
  facet normal  0.000000e+000  1.000000e+000  0.000000e+000
    outer loop
      vertex -8.000000e+000  1.800000e+000 -1.200000e+000
      vertex -7.331470e+000  1.800000e+000 -7.555702e-001
      vertex -7.207107e+000  1.800000e+000 -9.071068e-001
    endloop
  endfacet
  facet normal  0.000000e+000  9.999999e-001  0.000000e+000
    outer loop
      vertex -8.000000e+000  1.800000e+000 -1.200000e+000
      vertex -7.207107e+000  1.800000e+000 -9.071068e-001
      vertex -7.055570e+000  1.800000e+000 -1.031470e+000
    endloop
  endfacet
  facet normal  0.000000e+000  1.000000e+000  0.000000e+000
    outer loop
      vertex -8.000000e+000  1.800000e+000 -1.200000e+000
      vertex -7.055570e+000  1.800000e+000 -1.031470e+000
      vertex -6.882683e+000  1.800000e+000 -1.123880e+000
    endloop
  endfacet
  facet normal  0.000000e+000  1.000000e+000  0.000000e+000
    outer loop
      vertex -8.000000e+000  1.800000e+000 -1.200000e+000
      vertex -6.882683e+000  1.800000e+000 -1.123880e+000
      vertex -6.695090e+000  1.800000e+000 -1.180785e+000
    endloop
  endfacet
  facet normal  0.000000e+000  9.999999e-001  0.000000e+000
    outer loop
      vertex -8.000000e+000  1.800000e+000 -1.200000e+000
      vertex -6.695090e+000  1.800000e+000 -1.180785e+000
      vertex -6.500000e+000  1.800000e+000 -1.200000e+000
    endloop
  endfacet
  facet normal  0.000000e+000  1.000000e+000  0.000000e+000
    outer loop
      vertex -8.000000e+000  1.800000e+000 -1.200000e+000
      vertex -6.500000e+000  1.800000e+000 -1.200000e+000
      vertex -2.900000e+000  1.800000e+000 -3.700000e+000
    endloop
  endfacet
  facet normal  0.000000e+000  9.999999e-001  0.000000e+000
    outer loop
      vertex -8.000000e+000  1.800000e+000 -1.200000e+000
      vertex -2.900000e+000  1.800000e+000 -3.700000e+000
      vertex -7.000000e+000  1.800000e+000 -3.700000e+000
    endloop
  endfacet
  facet normal  0.000000e+000  1.000000e+000  0.000000e+000
    outer loop
      vertex -8.000000e+000  1.800000e+000 -1.200000e+000
      vertex -7.000000e+000  1.800000e+000 -3.700000e+000
      vertex -7.341856e+000  1.800000e+000 -3.723483e+000
    endloop
  endfacet
  facet normal  0.000000e+000  1.000000e+000  0.000000e+000
    outer loop
      vertex -8.000000e+000  1.800000e+000 -1.200000e+000
      vertex -7.341856e+000  1.800000e+000 -3.723483e+000
      vertex -7.677290e+000  1.800000e+000 -3.793493e+000
    endloop
  endfacet
  facet normal  0.000000e+000  1.000000e+000  0.000000e+000
    outer loop
      vertex -8.000000e+000  1.800000e+000 -1.200000e+000
      vertex -7.677290e+000  1.800000e+000 -3.793493e+000
      vertex -8.000000e+000  1.800000e+000 -3.908712e+000
    endloop
  endfacet
  facet normal  0.000000e+000  1.000000e+000  0.000000e+000
    outer loop
      vertex -8.000000e+000  1.800000e+000  1.200000e+000
      vertex -8.000000e+000  1.800000e+000  2.336625e+000
      vertex -6.500000e+000  1.800000e+000  1.200000e+000
    endloop
  endfacet
  facet normal  0.000000e+000  9.999999e-001  0.000000e+000
    outer loop
      vertex -8.000000e+000  1.800000e+000  1.200000e+000
      vertex -6.500000e+000  1.800000e+000  1.200000e+000
      vertex -6.695090e+000  1.800000e+000  1.180785e+000
    endloop
  endfacet
  facet normal  0.000000e+000  1.000000e+000  0.000000e+000
    outer loop
      vertex -8.000000e+000  1.800000e+000  1.200000e+000
      vertex -6.695090e+000  1.800000e+000  1.180785e+000
      vertex -6.882683e+000  1.800000e+000  1.123880e+000
    endloop
  endfacet
  facet normal  0.000000e+000  1.000000e+000  0.000000e+000
    outer loop
      vertex -8.000000e+000  1.800000e+000  1.200000e+000
      vertex -6.882683e+000  1.800000e+000  1.123880e+000
      vertex -7.055570e+000  1.800000e+000  1.031470e+000
    endloop
  endfacet
  facet normal  0.000000e+000  9.999999e-001  0.000000e+000
    outer loop
      vertex -8.000000e+000  1.800000e+000  1.200000e+000
      vertex -7.055570e+000  1.800000e+000  1.031470e+000
      vertex -7.207107e+000  1.800000e+000  9.071068e-001
    endloop
  endfacet
  facet normal  0.000000e+000  1.000000e+000  0.000000e+000
    outer loop
      vertex -8.000000e+000  1.800000e+000  1.200000e+000
      vertex -7.207107e+000  1.800000e+000  9.071068e-001
      vertex -7.331470e+000  1.800000e+000  7.555702e-001
    endloop
  endfacet
  facet normal  0.000000e+000  9.999999e-001  0.000000e+000
    outer loop
      vertex -8.000000e+000  1.800000e+000  1.200000e+000
      vertex -7.331470e+000  1.800000e+000  7.555702e-001
      vertex -7.423880e+000  1.800000e+000  5.826834e-001
    endloop
  endfacet
  facet normal  0.000000e+000  1.000000e+000  0.000000e+000
    outer loop
      vertex -8.000000e+000  1.800000e+000  1.200000e+000
      vertex -7.423880e+000  1.800000e+000  5.826834e-001
      vertex -7.480785e+000  1.800000e+000  3.950903e-001
    endloop
  endfacet
  facet normal  0.000000e+000  9.999999e-001  0.000000e+000
    outer loop
      vertex -8.000000e+000  1.800000e+000  1.200000e+000
      vertex -7.480785e+000  1.800000e+000  3.950903e-001
      vertex -8.000000e+000  1.800000e+000 -1.200000e+000
    endloop
  endfacet
  facet normal  0.000000e+000  1.000000e+000  -0.000000e+000
    outer loop
      vertex -2.900000e+000  1.800000e+000  1.200000e+000
      vertex -6.500000e+000  1.800000e+000  1.200000e+000
      vertex -8.000000e+000  1.800000e+000  2.336625e+000
    endloop
  endfacet
  facet normal  -0.000000e+000  1.000000e+000  0.000000e+000
    outer loop
      vertex -2.900000e+000  1.800000e+000  1.200000e+000
      vertex -8.000000e+000  1.800000e+000  2.336625e+000
      vertex -7.980785e+000  1.800000e+000  2.531716e+000
    endloop
  endfacet
  facet normal  -0.000000e+000  1.000000e+000  0.000000e+000
    outer loop
      vertex -2.900000e+000  1.800000e+000  1.200000e+000
      vertex -7.980785e+000  1.800000e+000  2.531716e+000
      vertex -7.923880e+000  1.800000e+000  2.719309e+000
    endloop
  endfacet
  facet normal  -0.000000e+000  1.000000e+000  0.000000e+000
    outer loop
      vertex -2.900000e+000  1.800000e+000  1.200000e+000
      vertex -7.923880e+000  1.800000e+000  2.719309e+000
      vertex -7.831470e+000  1.800000e+000  2.892195e+000
    endloop
  endfacet
  facet normal  -0.000000e+000  1.000000e+000  0.000000e+000
    outer loop
      vertex -2.900000e+000  1.800000e+000  1.200000e+000
      vertex -7.831470e+000  1.800000e+000  2.892195e+000
      vertex -7.707107e+000  1.800000e+000  3.043732e+000
    endloop
  endfacet
  facet normal  -0.000000e+000  1.000000e+000  0.000000e+000
    outer loop
      vertex -2.900000e+000  1.800000e+000  1.200000e+000
      vertex -7.707107e+000  1.800000e+000  3.043732e+000
      vertex -7.555570e+000  1.800000e+000  3.168095e+000
    endloop
  endfacet
  facet normal  -0.000000e+000  1.000000e+000  0.000000e+000
    outer loop
      vertex -2.900000e+000  1.800000e+000  1.200000e+000
      vertex -7.555570e+000  1.800000e+000  3.168095e+000
      vertex -7.382683e+000  1.800000e+000  3.260505e+000
    endloop
  endfacet
  facet normal  -0.000000e+000  1.000000e+000  0.000000e+000
    outer loop
      vertex -2.900000e+000  1.800000e+000  1.200000e+000
      vertex -7.382683e+000  1.800000e+000  3.260505e+000
      vertex -7.195090e+000  1.800000e+000  3.317410e+000
    endloop
  endfacet
  facet normal  -0.000000e+000  1.000000e+000  0.000000e+000
    outer loop
      vertex -2.900000e+000  1.800000e+000  1.200000e+000
      vertex -7.195090e+000  1.800000e+000  3.317410e+000
      vertex -7.000000e+000  1.800000e+000  3.336625e+000
    endloop
  endfacet
  facet normal  -0.000000e+000  1.000000e+000  0.000000e+000
    outer loop
      vertex -2.900000e+000  1.800000e+000  1.200000e+000
      vertex -7.000000e+000  1.800000e+000  3.336625e+000
      vertex -2.900000e+000  1.800000e+000  3.336625e+000
    endloop
  endfacet
  facet normal -1.000000e+000  0.000000e+000  0.000000e+000
    outer loop
      vertex -8.000000e+000 -2.992275e+000 -4.091547e+000
      vertex -8.000000e+000 -2.992275e+000  2.336625e+000
      vertex -8.000000e+000  1.800000e+000  2.336625e+000
    endloop
  endfacet
  facet normal -1.000000e+000  0.000000e+000  -0.000000e+000
    outer loop
      vertex -8.000000e+000 -2.992275e+000 -4.091547e+000
      vertex -8.000000e+000  1.800000e+000  2.336625e+000
      vertex -8.000000e+000  1.800000e+000  1.200000e+000
    endloop
  endfacet
  facet normal -1.000000e+000  0.000000e+000  -0.000000e+000
    outer loop
      vertex -8.000000e+000 -2.992275e+000 -4.091547e+000
      vertex -8.000000e+000  1.800000e+000  1.200000e+000
      vertex -8.000000e+000  1.800000e+000 -1.200000e+000
    endloop
  endfacet
  facet normal -1.000000e+000  0.000000e+000  -0.000000e+000
    outer loop
      vertex -8.000000e+000 -2.992275e+000 -4.091547e+000
      vertex -8.000000e+000  1.800000e+000 -1.200000e+000
      vertex -8.000000e+000  1.800000e+000 -3.908712e+000
    endloop
  endfacet
  facet normal -1.000000e+000  0.000000e+000  -0.000000e+000
    outer loop
      vertex -8.000000e+000 -2.992275e+000 -4.091547e+000
      vertex -8.000000e+000  1.800000e+000 -3.908712e+000
      vertex -8.000000e+000  1.808625e+000 -4.085124e+000
    endloop
  endfacet
  facet normal -1.000000e+000  0.000000e+000  -0.000000e+000
    outer loop
      vertex -8.000000e+000 -2.992275e+000 -4.091547e+000
      vertex -8.000000e+000  1.808625e+000 -4.085124e+000
      vertex -8.000000e+000  1.833701e+000 -4.258578e+000
    endloop
  endfacet
  facet normal -1.000000e+000  -0.000000e+000  0.000000e+000
    outer loop
      vertex -8.000000e+000 -2.992275e+000 -4.091547e+000
      vertex -8.000000e+000  1.833701e+000 -4.258578e+000
      vertex -8.000000e+000 -2.992275e+000 -4.685146e+000
    endloop
  endfacet
  facet normal -1.000000e+000  0.000000e+000  -0.000000e+000
    outer loop
      vertex -8.000000e+000 -2.992275e+000 -4.685146e+000
      vertex -8.000000e+000  1.833701e+000 -4.258578e+000
      vertex -8.000000e+000  1.886285e+000 -4.469571e+000
    endloop
  endfacet
  facet normal -1.000000e+000  0.000000e+000  -0.000000e+000
    outer loop
      vertex -8.000000e+000 -2.992275e+000 -4.685146e+000
      vertex -8.000000e+000  1.886285e+000 -4.469571e+000
      vertex -8.000000e+000  1.959149e+000 -4.670252e+000
    endloop
  endfacet
  facet normal -1.000000e+000  0.000000e+000  -0.000000e+000
    outer loop
      vertex -8.000000e+000 -2.992275e+000 -4.685146e+000
      vertex -8.000000e+000  1.959149e+000 -4.670252e+000
      vertex -8.000000e+000  2.081576e+000 -4.919001e+000
    endloop
  endfacet
  facet normal -9.999999e-001  -0.000000e+000  0.000000e+000
    outer loop
      vertex -8.000000e+000 -2.992275e+000 -4.685146e+000
      vertex -8.000000e+000  2.081576e+000 -4.919001e+000
      vertex -8.000000e+000 -1.030754e+000 -8.748230e+000
    endloop
  endfacet
  facet normal -1.000000e+000  0.000000e+000  0.000000e+000
    outer loop
      vertex -8.000000e+000  1.587700e+001 -6.200000e+000
      vertex -8.000000e+000  1.587700e+001 -1.211705e+001
      vertex -8.000000e+000 -7.933010e-001 -1.211705e+001
    endloop
  endfacet
  facet normal -1.000000e+000  0.000000e+000  0.000000e+000
    outer loop
      vertex -8.000000e+000  1.587700e+001 -6.200000e+000
      vertex -8.000000e+000 -7.933010e-001 -1.211705e+001
      vertex -8.000000e+000 -7.933010e-001 -1.191705e+001
    endloop
  endfacet
  facet normal -1.000000e+000  0.000000e+000  0.000000e+000
    outer loop
      vertex -8.000000e+000  1.587700e+001 -6.200000e+000
      vertex -8.000000e+000 -7.933010e-001 -1.191705e+001
      vertex -8.000000e+000 -8.526986e-001 -9.117052e+000
    endloop
  endfacet
  facet normal -1.000000e+000  0.000000e+000  0.000000e+000
    outer loop
      vertex -8.000000e+000  1.587700e+001 -6.200000e+000
      vertex -8.000000e+000 -8.526986e-001 -9.117052e+000
      vertex -8.000000e+000 -1.030754e+000 -8.748230e+000
    endloop
  endfacet
  facet normal -1.000000e+000  0.000000e+000  -0.000000e+000
    outer loop
      vertex -8.000000e+000 -1.030754e+000 -8.748230e+000
      vertex -8.000000e+000  2.081576e+000 -4.919001e+000
      vertex -8.000000e+000  2.224282e+000 -5.143636e+000
    endloop
  endfacet
  facet normal -9.999999e-001  0.000000e+000  -0.000000e+000
    outer loop
      vertex -8.000000e+000 -1.030754e+000 -8.748230e+000
      vertex -8.000000e+000  2.224282e+000 -5.143636e+000
      vertex -8.000000e+000  2.408682e+000 -5.379495e+000
    endloop
  endfacet
  facet normal -1.000000e+000  0.000000e+000  -0.000000e+000
    outer loop
      vertex -8.000000e+000 -1.030754e+000 -8.748230e+000
      vertex -8.000000e+000  2.408682e+000 -5.379495e+000
      vertex -8.000000e+000  2.600699e+000 -5.586911e+000
    endloop
  endfacet
  facet normal -1.000000e+000  0.000000e+000  -0.000000e+000
    outer loop
      vertex -8.000000e+000 -1.030754e+000 -8.748230e+000
      vertex -8.000000e+000  2.600699e+000 -5.586911e+000
      vertex -8.000000e+000  2.794276e+000 -5.771795e+000
    endloop
  endfacet
  facet normal -1.000000e+000  0.000000e+000  -0.000000e+000
    outer loop
      vertex -8.000000e+000 -1.030754e+000 -8.748230e+000
      vertex -8.000000e+000  2.794276e+000 -5.771795e+000
      vertex -8.000000e+000  3.300000e+000 -6.200000e+000
    endloop
  endfacet
  facet normal -1.000000e+000  0.000000e+000  -0.000000e+000
    outer loop
      vertex -8.000000e+000 -1.030754e+000 -8.748230e+000
      vertex -8.000000e+000  3.300000e+000 -6.200000e+000
      vertex -8.000000e+000  1.587700e+001 -6.200000e+000
    endloop
  endfacet
  facet normal  1.000000e+000  0.000000e+000  0.000000e+000
    outer loop
      vertex -2.900000e+000  1.000000e+000 -4.769911e+000
      vertex -2.900000e+000  2.619644e+000 -6.389555e+000
      vertex -2.900000e+000  2.466645e+000 -4.947205e+000
    endloop
  endfacet
  facet normal  1.000000e+000  0.000000e+000  0.000000e+000
    outer loop
      vertex -2.900000e+000  1.000000e+000 -4.769911e+000
      vertex -2.900000e+000  2.466645e+000 -4.947205e+000
      vertex -2.900000e+000  2.239340e+000 -4.760660e+000
    endloop
  endfacet
  facet normal  1.000000e+000  0.000000e+000  0.000000e+000
    outer loop
      vertex -2.900000e+000  1.000000e+000 -4.769911e+000
      vertex -2.900000e+000  2.239340e+000 -4.760660e+000
      vertex -2.900000e+000  2.052796e+000 -4.533355e+000
    endloop
  endfacet
  facet normal  1.000000e+000  0.000000e+000  0.000000e+000
    outer loop
      vertex -2.900000e+000  1.000000e+000 -4.769911e+000
      vertex -2.900000e+000  2.052796e+000 -4.533355e+000
      vertex -2.900000e+000  1.914181e+000 -4.274025e+000
    endloop
  endfacet
  facet normal  1.000000e+000  0.000000e+000  0.000000e+000
    outer loop
      vertex -2.900000e+000  1.000000e+000 -4.769911e+000
      vertex -2.900000e+000  1.914181e+000 -4.274025e+000
      vertex -2.900000e+000  1.828822e+000 -3.992635e+000
    endloop
  endfacet
  facet normal  1.000000e+000  0.000000e+000  0.000000e+000
    outer loop
      vertex -2.900000e+000  1.000000e+000 -4.769911e+000
      vertex -2.900000e+000  1.828822e+000 -3.992635e+000
      vertex -2.900000e+000  1.800000e+000 -3.700000e+000
    endloop
  endfacet
  facet normal  1.000000e+000  0.000000e+000  0.000000e+000
    outer loop
      vertex -2.900000e+000  1.000000e+000 -4.769911e+000
      vertex -2.900000e+000  1.800000e+000 -3.700000e+000
      vertex -2.900000e+000  1.000000e+000 -3.701847e+000
    endloop
  endfacet
  facet normal  1.000000e+000  0.000000e+000  -0.000000e+000
    outer loop
      vertex -2.900000e+000  2.619644e+000 -6.389555e+000
      vertex -2.900000e+000  1.444000e+001 -6.389555e+000
      vertex -2.900000e+000  1.587700e+001 -5.200000e+000
    endloop
  endfacet
  facet normal  1.000000e+000  0.000000e+000  0.000000e+000
    outer loop
      vertex -2.900000e+000  2.619644e+000 -6.389555e+000
      vertex -2.900000e+000  1.587700e+001 -5.200000e+000
      vertex -2.900000e+000  3.300000e+000 -5.200000e+000
    endloop
  endfacet
  facet normal  9.999999e-001  0.000000e+000  0.000000e+000
    outer loop
      vertex -2.900000e+000  2.619644e+000 -6.389555e+000
      vertex -2.900000e+000  3.300000e+000 -5.200000e+000
      vertex -2.900000e+000  3.007365e+000 -5.171178e+000
    endloop
  endfacet
  facet normal  1.000000e+000  0.000000e+000  0.000000e+000
    outer loop
      vertex -2.900000e+000  2.619644e+000 -6.389555e+000
      vertex -2.900000e+000  3.007365e+000 -5.171178e+000
      vertex -2.900000e+000  2.725975e+000 -5.085819e+000
    endloop
  endfacet
  facet normal  1.000000e+000  0.000000e+000  0.000000e+000
    outer loop
      vertex -2.900000e+000  2.619644e+000 -6.389555e+000
      vertex -2.900000e+000  2.725975e+000 -5.085819e+000
      vertex -2.900000e+000  2.466645e+000 -4.947205e+000
    endloop
  endfacet
  facet normal  1.000000e+000  0.000000e+000  0.000000e+000
    outer loop
      vertex -2.900000e+000 -7.933010e-001 -1.311705e+001
      vertex -2.900000e+000  1.587700e+001 -1.311705e+001
      vertex -2.900000e+000  1.444000e+001 -1.211705e+001
    endloop
  endfacet
  facet normal  1.000000e+000  0.000000e+000  0.000000e+000
    outer loop
      vertex -2.900000e+000 -7.933010e-001 -1.311705e+001
      vertex -2.900000e+000  1.444000e+001 -1.211705e+001
      vertex -2.900000e+000 -1.199378e-001 -1.211705e+001
    endloop
  endfacet
  facet normal  9.999999e-001  0.000000e+000  -0.000000e+000
    outer loop
      vertex -2.900000e+000 -7.933010e-001 -1.311705e+001
      vertex -2.900000e+000 -1.199378e-001 -1.211705e+001
      vertex -2.900000e+000 -1.199378e-001 -1.191705e+001
    endloop
  endfacet
  facet normal  1.000000e+000  0.000000e+000  0.000000e+000
    outer loop
      vertex -2.900000e+000 -7.933010e-001 -1.311705e+001
      vertex -2.900000e+000 -1.199378e-001 -1.191705e+001
      vertex -2.900000e+000 -7.933010e-001 -1.191705e+001
    endloop
  endfacet
  facet normal  1.000000e+000  0.000000e+000  0.000000e+000
    outer loop
      vertex -2.900000e+000  1.000000e+000 -1.200000e+000
      vertex -2.900000e+000  1.000000e+000 -3.701847e+000
      vertex -2.900000e+000  1.800000e+000 -1.200000e+000
    endloop
  endfacet
  facet normal  1.000000e+000  0.000000e+000  0.000000e+000
    outer loop
      vertex -2.900000e+000  1.800000e+000 -1.200000e+000
      vertex -2.900000e+000  1.000000e+000 -3.701847e+000
      vertex -2.900000e+000  1.800000e+000 -3.700000e+000
    endloop
  endfacet
  facet normal  1.000000e+000  0.000000e+000  0.000000e+000
    outer loop
      vertex -2.900000e+000  1.444000e+001 -6.389555e+000
      vertex -2.900000e+000  1.444000e+001 -1.211705e+001
      vertex -2.900000e+000  1.587700e+001 -5.200000e+000
    endloop
  endfacet
  facet normal  1.000000e+000  0.000000e+000  0.000000e+000
    outer loop
      vertex -2.900000e+000  1.587700e+001 -5.200000e+000
      vertex -2.900000e+000  1.444000e+001 -1.211705e+001
      vertex -2.900000e+000  1.587700e+001 -1.311705e+001
    endloop
  endfacet
  facet normal  0.000000e+000  6.343935e-001  7.730103e-001
    outer loop
      vertex -7.000000e+000  2.239340e+000 -4.760660e+000
      vertex -2.900000e+000  2.466645e+000 -4.947205e+000
      vertex -7.000000e+000  2.466645e+000 -4.947205e+000
    endloop
  endfacet
  facet normal  -0.000000e+000  4.713964e-001  8.819215e-001
    outer loop
      vertex -7.000000e+000  2.466645e+000 -4.947205e+000
      vertex -2.900000e+000  2.466645e+000 -4.947205e+000
      vertex -2.900000e+000  2.725975e+000 -5.085819e+000
    endloop
  endfacet
  facet normal  0.000000e+000  4.713964e-001  8.819215e-001
    outer loop
      vertex -7.000000e+000  2.466645e+000 -4.947205e+000
      vertex -2.900000e+000  2.725975e+000 -5.085819e+000
      vertex -7.000000e+000  2.725975e+000 -5.085819e+000
    endloop
  endfacet
  facet normal  -0.000000e+000  2.902846e-001  9.569402e-001
    outer loop
      vertex -7.000000e+000  2.725975e+000 -5.085819e+000
      vertex -2.900000e+000  2.725975e+000 -5.085819e+000
      vertex -2.900000e+000  3.007365e+000 -5.171178e+000
    endloop
  endfacet
  facet normal  0.000000e+000  2.902846e-001  9.569402e-001
    outer loop
      vertex -7.000000e+000  2.725975e+000 -5.085819e+000
      vertex -2.900000e+000  3.007365e+000 -5.171178e+000
      vertex -7.000000e+000  3.007365e+000 -5.171178e+000
    endloop
  endfacet
  facet normal  -0.000000e+000  9.801670e-002  9.951848e-001
    outer loop
      vertex -7.000000e+000  3.007365e+000 -5.171178e+000
      vertex -2.900000e+000  3.007365e+000 -5.171178e+000
      vertex -2.900000e+000  3.300000e+000 -5.200000e+000
    endloop
  endfacet
  facet normal  0.000000e+000  9.801670e-002  9.951848e-001
    outer loop
      vertex -7.000000e+000  3.007365e+000 -5.171178e+000
      vertex -2.900000e+000  3.300000e+000 -5.200000e+000
      vertex -7.000000e+000  3.300000e+000 -5.200000e+000
    endloop
  endfacet
  facet normal  -0.000000e+000  6.343935e-001  7.730103e-001
    outer loop
      vertex -2.900000e+000  2.466645e+000 -4.947205e+000
      vertex -7.000000e+000  2.239340e+000 -4.760660e+000
      vertex -2.900000e+000  2.239340e+000 -4.760660e+000
    endloop
  endfacet
  facet normal  0.000000e+000  7.730107e-001  6.343930e-001
    outer loop
      vertex -2.900000e+000  2.239340e+000 -4.760660e+000
      vertex -7.000000e+000  2.239340e+000 -4.760660e+000
      vertex -7.000000e+000  2.052796e+000 -4.533355e+000
    endloop
  endfacet
  facet normal  -0.000000e+000  7.730107e-001  6.343930e-001
    outer loop
      vertex -2.900000e+000  2.239340e+000 -4.760660e+000
      vertex -7.000000e+000  2.052796e+000 -4.533355e+000
      vertex -2.900000e+000  2.052796e+000 -4.533355e+000
    endloop
  endfacet
  facet normal  0.000000e+000  8.819213e-001  4.713967e-001
    outer loop
      vertex -2.900000e+000  2.052796e+000 -4.533355e+000
      vertex -7.000000e+000  2.052796e+000 -4.533355e+000
      vertex -7.000000e+000  1.914181e+000 -4.274025e+000
    endloop
  endfacet
  facet normal  -0.000000e+000  8.819213e-001  4.713967e-001
    outer loop
      vertex -2.900000e+000  2.052796e+000 -4.533355e+000
      vertex -7.000000e+000  1.914181e+000 -4.274025e+000
      vertex -2.900000e+000  1.914181e+000 -4.274025e+000
    endloop
  endfacet
  facet normal  0.000000e+000  9.569403e-001  2.902849e-001
    outer loop
      vertex -2.900000e+000  1.914181e+000 -4.274025e+000
      vertex -7.000000e+000  1.914181e+000 -4.274025e+000
      vertex -7.000000e+000  1.828822e+000 -3.992635e+000
    endloop
  endfacet
  facet normal  -0.000000e+000  9.569403e-001  2.902849e-001
    outer loop
      vertex -2.900000e+000  1.914181e+000 -4.274025e+000
      vertex -7.000000e+000  1.828822e+000 -3.992635e+000
      vertex -2.900000e+000  1.828822e+000 -3.992635e+000
    endloop
  endfacet
  facet normal  0.000000e+000  9.951847e-001  9.801751e-002
    outer loop
      vertex -2.900000e+000  1.828822e+000 -3.992635e+000
      vertex -7.000000e+000  1.828822e+000 -3.992635e+000
      vertex -7.000000e+000  1.800000e+000 -3.700000e+000
    endloop
  endfacet
  facet normal  -0.000000e+000  9.951847e-001  9.801751e-002
    outer loop
      vertex -2.900000e+000  1.828822e+000 -3.992635e+000
      vertex -7.000000e+000  1.800000e+000 -3.700000e+000
      vertex -2.900000e+000  1.800000e+000 -3.700000e+000
    endloop
  endfacet
  facet normal -9.739854e-002  1.123478e-001  9.888840e-001
    outer loop
      vertex -7.195090e+000  3.300000e+000 -5.219215e+000
      vertex -7.134288e+000  3.007365e+000 -5.179980e+000
      vertex -7.000000e+000  3.300000e+000 -5.200000e+000
    endloop
  endfacet
  facet normal -3.331273e-002  9.950804e-001  9.330317e-002
    outer loop
      vertex -7.677290e+000  1.800000e+000 -3.793493e+000
      vertex -7.844722e+000  1.828822e+000 -4.160661e+000
      vertex -8.000000e+000  1.800000e+000 -3.908712e+000
    endloop
  endfacet
  facet normal -1.055692e-001  9.932256e-001  4.855875e-002
    outer loop
      vertex -7.844722e+000  1.828822e+000 -4.160661e+000
      vertex -8.000000e+000  1.808625e+000 -4.085124e+000
      vertex -8.000000e+000  1.800000e+000 -3.908712e+000
    endloop
  endfacet
  facet normal -9.928927e-001  6.783113e-002  9.779096e-002
    outer loop
      vertex -7.993766e+000  3.007365e+000 -5.933721e+000
      vertex -7.980785e+000  3.300000e+000 -6.004910e+000
      vertex -8.000000e+000  3.300000e+000 -6.200000e+000
    endloop
  endfacet
  facet normal -9.423895e-001  9.780893e-002  3.198988e-001
    outer loop
      vertex -7.993766e+000  3.007365e+000 -5.933721e+000
      vertex -7.950508e+000  3.007365e+000 -5.806287e+000
      vertex -7.923880e+000  3.300000e+000 -5.817317e+000
    endloop
  endfacet
  facet normal -9.508818e-001  1.123479e-001  2.884470e-001
    outer loop
      vertex -7.980785e+000  3.300000e+000 -6.004910e+000
      vertex -7.993766e+000  3.007365e+000 -5.933721e+000
      vertex -7.923880e+000  3.300000e+000 -5.817317e+000
    endloop
  endfacet
  facet normal -8.280505e-001  9.058989e-002  5.532863e-001
    outer loop
      vertex -7.890986e+000  3.007365e+000 -5.685589e+000
      vertex -7.816219e+000  3.007365e+000 -5.573693e+000
      vertex -7.831470e+000  3.300000e+000 -5.644430e+000
    endloop
  endfacet
  facet normal -8.763375e-001  1.123480e-001  4.684129e-001
    outer loop
      vertex -7.923880e+000  3.300000e+000 -5.817317e+000
      vertex -7.890986e+000  3.007365e+000 -5.685589e+000
      vertex -7.831470e+000  3.300000e+000 -5.644430e+000
    endloop
  endfacet
  facet normal -7.492230e-001  4.336454e-001  5.006161e-001
    outer loop
      vertex -8.000000e+000  2.600699e+000 -5.586911e+000
      vertex -7.883939e+000  2.725975e+000 -5.521730e+000
      vertex -7.964909e+000  2.725975e+000 -5.642910e+000
    endloop
  endfacet
  facet normal -7.482359e-001  9.781029e-002  6.561831e-001
    outer loop
      vertex -7.816219e+000  3.007365e+000 -5.573693e+000
      vertex -7.727487e+000  3.007365e+000 -5.472513e+000
      vertex -7.707107e+000  3.300000e+000 -5.492893e+000
    endloop
  endfacet
  facet normal -7.681160e-001  1.123480e-001  6.303775e-001
    outer loop
      vertex -7.831470e+000  3.300000e+000 -5.644430e+000
      vertex -7.816219e+000  3.007365e+000 -5.573693e+000
      vertex -7.707107e+000  3.300000e+000 -5.492893e+000
    endloop
  endfacet
  facet normal -6.073585e-001  4.991971e-001  6.179951e-001
    outer loop
      vertex -8.000000e+000  2.408682e+000 -5.379495e+000
      vertex -7.885860e+000  2.466645e+000 -5.314140e+000
      vertex -7.883939e+000  2.725975e+000 -5.521730e+000
    endloop
  endfacet
  facet normal -7.611594e-001  4.759316e-001  4.405969e-001
    outer loop
      vertex -7.883939e+000  2.725975e+000 -5.521730e+000
      vertex -8.000000e+000  2.600699e+000 -5.586911e+000
      vertex -8.000000e+000  2.408682e+000 -5.379495e+000
    endloop
  endfacet
  facet normal -6.013972e-001  6.294161e-001  4.920943e-001
    outer loop
      vertex -7.885860e+000  2.466645e+000 -5.314140e+000
      vertex -8.000000e+000  2.408682e+000 -5.379495e+000
      vertex -8.000000e+000  2.224282e+000 -5.143636e+000
    endloop
  endfacet
  facet normal -6.303775e-001  1.123480e-001  7.681160e-001
    outer loop
      vertex -7.707107e+000  3.300000e+000 -5.492893e+000
      vertex -7.626307e+000  3.007365e+000 -5.383780e+000
      vertex -7.555570e+000  3.300000e+000 -5.368530e+000
    endloop
  endfacet
  facet normal -5.433952e-001  7.531949e-001  3.707009e-001
    outer loop
      vertex -7.876215e+000  2.239340e+000 -5.058095e+000
      vertex -8.000000e+000  2.081576e+000 -4.919001e+000
      vertex -8.000000e+000  1.959149e+000 -4.670252e+000
    endloop
  endfacet
  facet normal -4.684110e-001  1.123484e-001  8.763384e-001
    outer loop
      vertex -7.555570e+000  3.300000e+000 -5.368530e+000
      vertex -7.514411e+000  3.007365e+000 -5.309014e+000
      vertex -7.382683e+000  3.300000e+000 -5.276121e+000
    endloop
  endfacet
  facet normal -2.884470e-001  1.123495e-001  9.508817e-001
    outer loop
      vertex -7.382683e+000  3.300000e+000 -5.276121e+000
      vertex -7.266279e+000  3.007365e+000 -5.206234e+000
      vertex -7.195090e+000  3.300000e+000 -5.219215e+000
    endloop
  endfacet
  facet normal -2.019082e-002  9.951049e-001  9.673975e-002
    outer loop
      vertex -7.677290e+000  1.800000e+000 -3.793493e+000
      vertex -7.341856e+000  1.800000e+000 -3.723483e+000
      vertex -7.571308e+000  1.828822e+000 -4.067850e+000
    endloop
  endfacet
  facet normal -3.137631e-002  9.952245e-001  9.243146e-002
    outer loop
      vertex -7.844722e+000  1.828822e+000 -4.160661e+000
      vertex -7.677290e+000  1.800000e+000 -3.793493e+000
      vertex -7.571308e+000  1.828822e+000 -4.067850e+000
    endloop
  endfacet
  facet normal -1.909958e-002  9.951961e-001  9.602030e-002
    outer loop
      vertex -7.571308e+000  1.828822e+000 -4.067850e+000
      vertex -7.341856e+000  1.800000e+000 -3.723483e+000
      vertex -7.288119e+000  1.828822e+000 -4.011520e+000
    endloop
  endfacet
  facet normal -8.925723e-001  9.780895e-002  4.401681e-001
    outer loop
      vertex -7.950508e+000  3.007365e+000 -5.806287e+000
      vertex -7.890986e+000  3.007365e+000 -5.685589e+000
      vertex -7.923880e+000  3.300000e+000 -5.817317e+000
    endloop
  endfacet
  facet normal -6.633798e-001  4.706115e-001  5.817662e-001
    outer loop
      vertex -7.787845e+000  2.725975e+000 -5.412155e+000
      vertex -7.883939e+000  2.725975e+000 -5.521730e+000
      vertex -7.885860e+000  2.466645e+000 -5.314140e+000
    endloop
  endfacet
  facet normal -4.277522e-001  7.629578e-001  4.846892e-001
    outer loop
      vertex -8.000000e+000  2.224282e+000 -5.143636e+000
      vertex -8.000000e+000  2.081576e+000 -4.919001e+000
      vertex -7.876215e+000  2.239340e+000 -5.058095e+000
    endloop
  endfacet
  facet normal -1.311290e-001  9.318428e-001  3.383402e-001
    outer loop
      vertex -7.962987e+000  1.914181e+000 -4.532057e+000
      vertex -8.000000e+000  1.959149e+000 -4.670252e+000
      vertex -8.000000e+000  1.886285e+000 -4.469571e+000
    endloop
  endfacet
  facet normal -3.035321e-001  8.791520e-001  3.673690e-001
    outer loop
      vertex -7.833323e+000  2.052796e+000 -4.756643e+000
      vertex -8.000000e+000  1.959149e+000 -4.670252e+000
      vertex -7.962987e+000  1.914181e+000 -4.532057e+000
    endloop
  endfacet
  facet normal -5.902771e-002  9.879853e-001  1.428313e-001
    outer loop
      vertex -7.844722e+000  1.828822e+000 -4.160661e+000
      vertex -8.000000e+000  1.833701e+000 -4.258578e+000
      vertex -8.000000e+000  1.808625e+000 -4.085124e+000
    endloop
  endfacet
  facet normal -1.332220e-001  9.566649e-001  2.589290e-001
    outer loop
      vertex -7.844722e+000  1.828822e+000 -4.160661e+000
      vertex -7.737039e+000  1.914181e+000 -4.420631e+000
      vertex -8.000000e+000  1.833701e+000 -4.258578e+000
    endloop
  endfacet
  facet normal -7.952574e-001  4.187425e-001  4.384296e-001
    outer loop
      vertex -8.000000e+000  2.794276e+000 -5.771795e+000
      vertex -8.000000e+000  2.600699e+000 -5.586911e+000
      vertex -7.964909e+000  2.725975e+000 -5.642910e+000
    endloop
  endfacet
  facet normal -8.738745e-001  2.888782e-001  3.910150e-001
    outer loop
      vertex -8.000000e+000  2.794276e+000 -5.771795e+000
      vertex -7.964909e+000  2.725975e+000 -5.642910e+000
      vertex -7.890986e+000  3.007365e+000 -5.685589e+000
    endloop
  endfacet
  facet normal -8.636783e-001  2.695413e-001  4.259192e-001
    outer loop
      vertex -8.000000e+000  2.794276e+000 -5.771795e+000
      vertex -7.890986e+000  3.007365e+000 -5.685589e+000
      vertex -7.950508e+000  3.007365e+000 -5.806287e+000
    endloop
  endfacet
  facet normal -9.137401e-001  2.624334e-001  3.101736e-001
    outer loop
      vertex -8.000000e+000  2.794276e+000 -5.771795e+000
      vertex -7.950508e+000  3.007365e+000 -5.806287e+000
      vertex -7.993766e+000  3.007365e+000 -5.933721e+000
    endloop
  endfacet
  facet normal -9.147873e-001  2.610202e-001  3.082735e-001
    outer loop
      vertex -8.000000e+000  2.794276e+000 -5.771795e+000
      vertex -7.993766e+000  3.007365e+000 -5.933721e+000
      vertex -8.000000e+000  3.300000e+000 -6.200000e+000
    endloop
  endfacet
  facet normal -6.509113e-002  9.780885e-002  9.930743e-001
    outer loop
      vertex -7.000000e+000  3.300000e+000 -5.200000e+000
      vertex -7.134288e+000  3.007365e+000 -5.179980e+000
      vertex -7.000000e+000  3.007365e+000 -5.171178e+000
    endloop
  endfacet
  facet normal -6.259970e-002  2.897160e-001  9.550633e-001
    outer loop
      vertex -7.000000e+000  3.007365e+000 -5.171178e+000
      vertex -7.134288e+000  3.007365e+000 -5.179980e+000
      vertex -7.145430e+000  2.725975e+000 -5.095351e+000
    endloop
  endfacet
  facet normal -6.259827e-002  2.897153e-001  9.550636e-001
    outer loop
      vertex -7.000000e+000  3.007365e+000 -5.171178e+000
      vertex -7.145430e+000  2.725975e+000 -5.095351e+000
      vertex -7.000000e+000  2.725975e+000 -5.085819e+000
    endloop
  endfacet
  facet normal -5.770794e-002  4.706108e-001  8.804517e-001
    outer loop
      vertex -7.000000e+000  2.725975e+000 -5.085819e+000
      vertex -7.145430e+000  2.725975e+000 -5.095351e+000
      vertex -7.163523e+000  2.466645e+000 -4.957922e+000
    endloop
  endfacet
  facet normal -5.770797e-002  4.706108e-001  8.804517e-001
    outer loop
      vertex -7.000000e+000  2.725975e+000 -5.085819e+000
      vertex -7.163523e+000  2.466645e+000 -4.957922e+000
      vertex -7.000000e+000  2.466645e+000 -4.947205e+000
    endloop
  endfacet
  facet normal -5.060099e-002  6.335806e-001  7.720202e-001
    outer loop
      vertex -7.000000e+000  2.466645e+000 -4.947205e+000
      vertex -7.163523e+000  2.466645e+000 -4.957922e+000
      vertex -7.187871e+000  2.239340e+000 -4.772974e+000
    endloop
  endfacet
  facet normal -5.060126e-002  6.335807e-001  7.720200e-001
    outer loop
      vertex -7.000000e+000  2.466645e+000 -4.947205e+000
      vertex -7.187871e+000  2.239340e+000 -4.772974e+000
      vertex -7.000000e+000  2.239340e+000 -4.760660e+000
    endloop
  endfacet
  facet normal -4.154473e-002  7.723435e-001  6.338451e-001
    outer loop
      vertex -7.000000e+000  2.239340e+000 -4.760660e+000
      vertex -7.187871e+000  2.239340e+000 -4.772974e+000
      vertex -7.217541e+000  2.052796e+000 -4.547614e+000
    endloop
  endfacet
  facet normal -4.154445e-002  7.723434e-001  6.338453e-001
    outer loop
      vertex -7.000000e+000  2.239340e+000 -4.760660e+000
      vertex -7.217541e+000  2.052796e+000 -4.547614e+000
      vertex -7.000000e+000  2.052796e+000 -4.533355e+000
    endloop
  endfacet
  facet normal -3.088227e-002  8.815006e-001  4.711720e-001
    outer loop
      vertex -7.000000e+000  2.052796e+000 -4.533355e+000
      vertex -7.217541e+000  2.052796e+000 -4.547614e+000
      vertex -7.251390e+000  1.914181e+000 -4.290502e+000
    endloop
  endfacet
  facet normal -3.088249e-002  8.815006e-001  4.711718e-001
    outer loop
      vertex -7.000000e+000  2.052796e+000 -4.533355e+000
      vertex -7.251390e+000  1.914181e+000 -4.290502e+000
      vertex -7.000000e+000  1.914181e+000 -4.274025e+000
    endloop
  endfacet
  facet normal -1.902299e-002  9.567671e-001  2.902323e-001
    outer loop
      vertex -7.000000e+000  1.914181e+000 -4.274025e+000
      vertex -7.251390e+000  1.914181e+000 -4.290502e+000
      vertex -7.288119e+000  1.828822e+000 -4.011520e+000
    endloop
  endfacet
  facet normal -1.902294e-002  9.567671e-001  2.902323e-001
    outer loop
      vertex -7.000000e+000  1.914181e+000 -4.274025e+000
      vertex -7.288119e+000  1.828822e+000 -4.011520e+000
      vertex -7.000000e+000  1.828822e+000 -3.992635e+000
    endloop
  endfacet
  facet normal -6.447807e-003  9.951287e-001  9.837393e-002
    outer loop
      vertex -7.000000e+000  1.828822e+000 -3.992635e+000
      vertex -7.288119e+000  1.828822e+000 -4.011520e+000
      vertex -7.341856e+000  1.800000e+000 -3.723483e+000
    endloop
  endfacet
  facet normal -6.733001e-003  9.951621e-001  9.801529e-002
    outer loop
      vertex -7.000000e+000  1.828822e+000 -3.992635e+000
      vertex -7.341856e+000  1.800000e+000 -3.723483e+000
      vertex -7.000000e+000  1.800000e+000 -3.700000e+000
    endloop
  endfacet
  facet normal -6.561831e-001  9.781029e-002  7.482359e-001
    outer loop
      vertex -7.707107e+000  3.300000e+000 -5.492893e+000
      vertex -7.727487e+000  3.007365e+000 -5.472513e+000
      vertex -7.626307e+000  3.007365e+000 -5.383780e+000
    endloop
  endfacet
  facet normal -6.310672e-001  2.897149e-001  7.195967e-001
    outer loop
      vertex -7.626307e+000  3.007365e+000 -5.383780e+000
      vertex -7.727487e+000  3.007365e+000 -5.472513e+000
      vertex -7.787845e+000  2.725975e+000 -5.412155e+000
    endloop
  endfacet
  facet normal -6.310684e-001  2.897157e-001  7.195954e-001
    outer loop
      vertex -7.626307e+000  3.007365e+000 -5.383780e+000
      vertex -7.787845e+000  2.725975e+000 -5.412155e+000
      vertex -7.678270e+000  2.725975e+000 -5.316061e+000
    endloop
  endfacet
  facet normal -5.817677e-001  4.706114e-001  6.633787e-001
    outer loop
      vertex -7.678270e+000  2.725975e+000 -5.316061e+000
      vertex -7.787845e+000  2.725975e+000 -5.412155e+000
      vertex -7.885860e+000  2.466645e+000 -5.314140e+000
    endloop
  endfacet
  facet normal -5.817679e-001  4.706116e-001  6.633785e-001
    outer loop
      vertex -7.678270e+000  2.725975e+000 -5.316061e+000
      vertex -7.885860e+000  2.466645e+000 -5.314140e+000
      vertex -7.762654e+000  2.466645e+000 -5.206090e+000
    endloop
  endfacet
  facet normal -5.050040e-001  6.429403e-001  5.758462e-001
    outer loop
      vertex -7.762654e+000  2.466645e+000 -5.206090e+000
      vertex -7.885860e+000  2.466645e+000 -5.314140e+000
      vertex -8.000000e+000  2.224282e+000 -5.143636e+000
    endloop
  endfacet
  facet normal -4.902840e-001  6.341941e-001  5.978457e-001
    outer loop
      vertex -7.762654e+000  2.466645e+000 -5.206090e+000
      vertex -8.000000e+000  2.224282e+000 -5.143636e+000
      vertex -7.876215e+000  2.239340e+000 -5.058095e+000
    endloop
  endfacet
  facet normal -5.532863e-001  9.058989e-002  8.280505e-001
    outer loop
      vertex -7.555570e+000  3.300000e+000 -5.368530e+000
      vertex -7.626307e+000  3.007365e+000 -5.383780e+000
      vertex -7.514411e+000  3.007365e+000 -5.309014e+000
    endloop
  endfacet
  facet normal -5.317438e-001  2.897156e-001  7.958099e-001
    outer loop
      vertex -7.514411e+000  3.007365e+000 -5.309014e+000
      vertex -7.626307e+000  3.007365e+000 -5.383780e+000
      vertex -7.678270e+000  2.725975e+000 -5.316061e+000
    endloop
  endfacet
  facet normal -5.317429e-001  2.897151e-001  7.958106e-001
    outer loop
      vertex -7.514411e+000  3.007365e+000 -5.309014e+000
      vertex -7.678270e+000  2.725975e+000 -5.316061e+000
      vertex -7.557090e+000  2.725975e+000 -5.235091e+000
    endloop
  endfacet
  facet normal -4.902017e-001  4.706115e-001  7.336397e-001
    outer loop
      vertex -7.557090e+000  2.725975e+000 -5.235091e+000
      vertex -7.678270e+000  2.725975e+000 -5.316061e+000
      vertex -7.762654e+000  2.466645e+000 -5.206090e+000
    endloop
  endfacet
  facet normal -4.902020e-001  4.706117e-001  7.336392e-001
    outer loop
      vertex -7.557090e+000  2.725975e+000 -5.235091e+000
      vertex -7.762654e+000  2.466645e+000 -5.206090e+000
      vertex -7.626398e+000  2.466645e+000 -5.115047e+000
    endloop
  endfacet
  facet normal -4.298319e-001  6.335800e-001  6.432891e-001
    outer loop
      vertex -7.626398e+000  2.466645e+000 -5.115047e+000
      vertex -7.762654e+000  2.466645e+000 -5.206090e+000
      vertex -7.876215e+000  2.239340e+000 -5.058095e+000
    endloop
  endfacet
  facet normal -4.298323e-001  6.335803e-001  6.432886e-001
    outer loop
      vertex -7.626398e+000  2.466645e+000 -5.115047e+000
      vertex -7.876215e+000  2.239340e+000 -5.058095e+000
      vertex -7.719670e+000  2.239340e+000 -4.953495e+000
    endloop
  endfacet
  facet normal -3.234733e-001  8.130197e-001  4.841114e-001
    outer loop
      vertex -7.719670e+000  2.239340e+000 -4.953495e+000
      vertex -7.876215e+000  2.239340e+000 -5.058095e+000
      vertex -8.000000e+000  1.959149e+000 -4.670252e+000
    endloop
  endfacet
  facet normal -7.514158e-002  7.451021e-001  6.627039e-001
    outer loop
      vertex -7.719670e+000  2.239340e+000 -4.953495e+000
      vertex -8.000000e+000  1.959149e+000 -4.670252e+000
      vertex -7.833323e+000  2.052796e+000 -4.756643e+000
    endloop
  endfacet
  facet normal -4.401681e-001  9.781039e-002  8.925722e-001
    outer loop
      vertex -7.382683e+000  3.300000e+000 -5.276121e+000
      vertex -7.514411e+000  3.007365e+000 -5.309014e+000
      vertex -7.393713e+000  3.007365e+000 -5.249492e+000
    endloop
  endfacet
  facet normal -4.233203e-001  2.897150e-001  8.584084e-001
    outer loop
      vertex -7.393713e+000  3.007365e+000 -5.249492e+000
      vertex -7.514411e+000  3.007365e+000 -5.309014e+000
      vertex -7.557090e+000  2.725975e+000 -5.235091e+000
    endloop
  endfacet
  facet normal -4.233202e-001  2.897150e-001  8.584085e-001
    outer loop
      vertex -7.393713e+000  3.007365e+000 -5.249492e+000
      vertex -7.557090e+000  2.725975e+000 -5.235091e+000
      vertex -7.426379e+000  2.725975e+000 -5.170631e+000
    endloop
  endfacet
  facet normal -3.902491e-001  4.706118e-001  7.913470e-001
    outer loop
      vertex -7.426379e+000  2.725975e+000 -5.170631e+000
      vertex -7.557090e+000  2.725975e+000 -5.235091e+000
      vertex -7.626398e+000  2.466645e+000 -5.115047e+000
    endloop
  endfacet
  facet normal -3.902487e-001  4.706115e-001  7.913474e-001
    outer loop
      vertex -7.426379e+000  2.725975e+000 -5.170631e+000
      vertex -7.626398e+000  2.466645e+000 -5.115047e+000
      vertex -7.479424e+000  2.466645e+000 -5.042568e+000
    endloop
  endfacet
  facet normal -3.421881e-001  6.335803e-001  6.938900e-001
    outer loop
      vertex -7.479424e+000  2.466645e+000 -5.042568e+000
      vertex -7.626398e+000  2.466645e+000 -5.115047e+000
      vertex -7.719670e+000  2.239340e+000 -4.953495e+000
    endloop
  endfacet
  facet normal -3.421876e-001  6.335800e-001  6.938905e-001
    outer loop
      vertex -7.479424e+000  2.466645e+000 -5.042568e+000
      vertex -7.719670e+000  2.239340e+000 -4.953495e+000
      vertex -7.550811e+000  2.239340e+000 -4.870224e+000
    endloop
  endfacet
  facet normal -2.809433e-001  7.723433e-001  5.696988e-001
    outer loop
      vertex -7.550811e+000  2.239340e+000 -4.870224e+000
      vertex -7.719670e+000  2.239340e+000 -4.953495e+000
      vertex -7.833323e+000  2.052796e+000 -4.756643e+000
    endloop
  endfacet
  facet normal -2.809437e-001  7.723436e-001  5.696983e-001
    outer loop
      vertex -7.550811e+000  2.239340e+000 -4.870224e+000
      vertex -7.833323e+000  2.052796e+000 -4.756643e+000
      vertex -7.637797e+000  2.052796e+000 -4.660221e+000
    endloop
  endfacet
  facet normal -2.088410e-001  8.815005e-001  4.234883e-001
    outer loop
      vertex -7.637797e+000  2.052796e+000 -4.660221e+000
      vertex -7.833323e+000  2.052796e+000 -4.756643e+000
      vertex -7.962987e+000  1.914181e+000 -4.532057e+000
    endloop
  endfacet
  facet normal -2.088409e-001  8.815004e-001  4.234884e-001
    outer loop
      vertex -7.637797e+000  2.052796e+000 -4.660221e+000
      vertex -7.962987e+000  1.914181e+000 -4.532057e+000
      vertex -7.737039e+000  1.914181e+000 -4.420631e+000
    endloop
  endfacet
  facet normal -1.589976e-001  9.331493e-001  3.224159e-001
    outer loop
      vertex -7.737039e+000  1.914181e+000 -4.420631e+000
      vertex -7.962987e+000  1.914181e+000 -4.532057e+000
      vertex -8.000000e+000  1.886285e+000 -4.469571e+000
    endloop
  endfacet
  facet normal -1.463491e-001  9.598725e-001  2.392208e-001
    outer loop
      vertex -7.737039e+000  1.914181e+000 -4.420631e+000
      vertex -8.000000e+000  1.886285e+000 -4.469571e+000
      vertex -8.000000e+000  1.833701e+000 -4.258578e+000
    endloop
  endfacet
  facet normal -7.958097e-001  2.897151e-001  5.317444e-001
    outer loop
      vertex -7.964909e+000  2.725975e+000 -5.642910e+000
      vertex -7.883939e+000  2.725975e+000 -5.521730e+000
      vertex -7.890986e+000  3.007365e+000 -5.685589e+000
    endloop
  endfacet
  facet normal -7.958101e-001  2.897148e-001  5.317439e-001
    outer loop
      vertex -7.890986e+000  3.007365e+000 -5.685589e+000
      vertex -7.883939e+000  2.725975e+000 -5.521730e+000
      vertex -7.816219e+000  3.007365e+000 -5.573693e+000
    endloop
  endfacet
  facet normal -7.195969e-001  2.897148e-001  6.310670e-001
    outer loop
      vertex -7.883939e+000  2.725975e+000 -5.521730e+000
      vertex -7.787845e+000  2.725975e+000 -5.412155e+000
      vertex -7.816219e+000  3.007365e+000 -5.573693e+000
    endloop
  endfacet
  facet normal -7.195967e-001  2.897149e-001  6.310672e-001
    outer loop
      vertex -7.816219e+000  3.007365e+000 -5.573693e+000
      vertex -7.787845e+000  2.725975e+000 -5.412155e+000
      vertex -7.727487e+000  3.007365e+000 -5.472513e+000
    endloop
  endfacet
  facet normal -3.198988e-001  9.781045e-002  9.423895e-001
    outer loop
      vertex -7.382683e+000  3.300000e+000 -5.276121e+000
      vertex -7.393713e+000  3.007365e+000 -5.249492e+000
      vertex -7.266279e+000  3.007365e+000 -5.206234e+000
    endloop
  endfacet
  facet normal -3.076545e-001  2.897148e-001  9.063190e-001
    outer loop
      vertex -7.266279e+000  3.007365e+000 -5.206234e+000
      vertex -7.393713e+000  3.007365e+000 -5.249492e+000
      vertex -7.426379e+000  2.725975e+000 -5.170631e+000
    endloop
  endfacet
  facet normal -3.076543e-001  2.897147e-001  9.063191e-001
    outer loop
      vertex -7.266279e+000  3.007365e+000 -5.206234e+000
      vertex -7.426379e+000  2.725975e+000 -5.170631e+000
      vertex -7.288371e+000  2.725975e+000 -5.123784e+000
    endloop
  endfacet
  facet normal -2.836194e-001  4.706117e-001  8.355147e-001
    outer loop
      vertex -7.288371e+000  2.725975e+000 -5.123784e+000
      vertex -7.426379e+000  2.725975e+000 -5.170631e+000
      vertex -7.479424e+000  2.466645e+000 -5.042568e+000
    endloop
  endfacet
  facet normal -2.836185e-001  4.706112e-001  8.355152e-001
    outer loop
      vertex -7.288371e+000  2.725975e+000 -5.123784e+000
      vertex -7.479424e+000  2.466645e+000 -5.042568e+000
      vertex -7.324247e+000  2.466645e+000 -4.989892e+000
    endloop
  endfacet
  facet normal -2.486899e-001  6.335799e-001  7.326185e-001
    outer loop
      vertex -7.324247e+000  2.466645e+000 -4.989892e+000
      vertex -7.479424e+000  2.466645e+000 -5.042568e+000
      vertex -7.550811e+000  2.239340e+000 -4.870224e+000
    endloop
  endfacet
  facet normal -2.486916e-001  6.335809e-001  7.326171e-001
    outer loop
      vertex -7.324247e+000  2.466645e+000 -4.989892e+000
      vertex -7.550811e+000  2.239340e+000 -4.870224e+000
      vertex -7.372529e+000  2.239340e+000 -4.809704e+000
    endloop
  endfacet
  facet normal -2.041811e-001  7.723435e-001  6.014944e-001
    outer loop
      vertex -7.372529e+000  2.239340e+000 -4.809704e+000
      vertex -7.550811e+000  2.239340e+000 -4.870224e+000
      vertex -7.637797e+000  2.052796e+000 -4.660221e+000
    endloop
  endfacet
  facet normal -2.041795e-001  7.723426e-001  6.014960e-001
    outer loop
      vertex -7.372529e+000  2.239340e+000 -4.809704e+000
      vertex -7.637797e+000  2.052796e+000 -4.660221e+000
      vertex -7.431359e+000  2.052796e+000 -4.590145e+000
    endloop
  endfacet
  facet normal -1.517778e-001  8.815004e-001  4.471247e-001
    outer loop
      vertex -7.431359e+000  2.052796e+000 -4.590145e+000
      vertex -7.637797e+000  2.052796e+000 -4.660221e+000
      vertex -7.737039e+000  1.914181e+000 -4.420631e+000
    endloop
  endfacet
  facet normal -1.517784e-001  8.815008e-001  4.471238e-001
    outer loop
      vertex -7.431359e+000  2.052796e+000 -4.590145e+000
      vertex -7.737039e+000  1.914181e+000 -4.420631e+000
      vertex -7.498479e+000  1.914181e+000 -4.339651e+000
    endloop
  endfacet
  facet normal -9.349241e-002  9.567672e-001  2.754191e-001
    outer loop
      vertex -7.498479e+000  1.914181e+000 -4.339651e+000
      vertex -7.737039e+000  1.914181e+000 -4.420631e+000
      vertex -7.844722e+000  1.828822e+000 -4.160661e+000
    endloop
  endfacet
  facet normal -9.349237e-002  9.567671e-001  2.754192e-001
    outer loop
      vertex -7.498479e+000  1.914181e+000 -4.339651e+000
      vertex -7.844722e+000  1.828822e+000 -4.160661e+000
      vertex -7.571308e+000  1.828822e+000 -4.067850e+000
    endloop
  endfacet
  facet normal -1.942856e-001  9.059074e-002  9.767529e-001
    outer loop
      vertex -7.195090e+000  3.300000e+000 -5.219215e+000
      vertex -7.266279e+000  3.007365e+000 -5.206234e+000
      vertex -7.134288e+000  3.007365e+000 -5.179980e+000
    endloop
  endfacet
  facet normal -1.867211e-001  2.897147e-001  9.387228e-001
    outer loop
      vertex -7.134288e+000  3.007365e+000 -5.179980e+000
      vertex -7.266279e+000  3.007365e+000 -5.206234e+000
      vertex -7.288371e+000  2.725975e+000 -5.123784e+000
    endloop
  endfacet
  facet normal -1.867235e-001  2.897158e-001  9.387220e-001
    outer loop
      vertex -7.134288e+000  3.007365e+000 -5.179980e+000
      vertex -7.288371e+000  2.725975e+000 -5.123784e+000
      vertex -7.145430e+000  2.725975e+000 -5.095351e+000
    endloop
  endfacet
  facet normal -1.721362e-001  4.706112e-001  8.653868e-001
    outer loop
      vertex -7.145430e+000  2.725975e+000 -5.095351e+000
      vertex -7.288371e+000  2.725975e+000 -5.123784e+000
      vertex -7.324247e+000  2.466645e+000 -4.989892e+000
    endloop
  endfacet
  facet normal -1.721357e-001  4.706109e-001  8.653871e-001
    outer loop
      vertex -7.145430e+000  2.725975e+000 -5.095351e+000
      vertex -7.324247e+000  2.466645e+000 -4.989892e+000
      vertex -7.163523e+000  2.466645e+000 -4.957922e+000
    endloop
  endfacet
  facet normal -1.509364e-001  6.335809e-001  7.588105e-001
    outer loop
      vertex -7.163523e+000  2.466645e+000 -4.957922e+000
      vertex -7.324247e+000  2.466645e+000 -4.989892e+000
      vertex -7.372529e+000  2.239340e+000 -4.809704e+000
    endloop
  endfacet
  facet normal -1.509357e-001  6.335807e-001  7.588109e-001
    outer loop
      vertex -7.163523e+000  2.466645e+000 -4.957922e+000
      vertex -7.372529e+000  2.239340e+000 -4.809704e+000
      vertex -7.187871e+000  2.239340e+000 -4.772974e+000
    endloop
  endfacet
  facet normal -1.239216e-001  7.723426e-001  6.230010e-001
    outer loop
      vertex -7.187871e+000  2.239340e+000 -4.772974e+000
      vertex -7.372529e+000  2.239340e+000 -4.809704e+000
      vertex -7.431359e+000  2.052796e+000 -4.590145e+000
    endloop
  endfacet
  facet normal -1.239233e-001  7.723435e-001  6.229997e-001
    outer loop
      vertex -7.187871e+000  2.239340e+000 -4.772974e+000
      vertex -7.431359e+000  2.052796e+000 -4.590145e+000
      vertex -7.217541e+000  2.052796e+000 -4.547614e+000
    endloop
  endfacet
  facet normal -9.211893e-002  8.815008e-001  4.631095e-001
    outer loop
      vertex -7.217541e+000  2.052796e+000 -4.547614e+000
      vertex -7.431359e+000  2.052796e+000 -4.590145e+000
      vertex -7.498479e+000  1.914181e+000 -4.339651e+000
    endloop
  endfacet
  facet normal -9.211832e-002  8.815005e-001  4.631101e-001
    outer loop
      vertex -7.217541e+000  2.052796e+000 -4.547614e+000
      vertex -7.498479e+000  1.914181e+000 -4.339651e+000
      vertex -7.251390e+000  1.914181e+000 -4.290502e+000
    endloop
  endfacet
  facet normal -5.674298e-002  9.567672e-001  2.852663e-001
    outer loop
      vertex -7.251390e+000  1.914181e+000 -4.290502e+000
      vertex -7.498479e+000  1.914181e+000 -4.339651e+000
      vertex -7.571308e+000  1.828822e+000 -4.067850e+000
    endloop
  endfacet
  facet normal -5.674288e-002  9.567671e-001  2.852663e-001
    outer loop
      vertex -7.251390e+000  1.914181e+000 -4.290502e+000
      vertex -7.571308e+000  1.828822e+000 -4.067850e+000
      vertex -7.288119e+000  1.828822e+000 -4.011520e+000
    endloop
  endfacet
  facet normal  -0.000000e+000  1.000000e+000  0.000000e+000
    outer loop
      vertex -8.000000e+000  1.587700e+001 -6.200000e+000
      vertex -7.980785e+000  1.587700e+001 -6.004910e+000
      vertex -7.923880e+000  1.587700e+001 -5.817317e+000
    endloop
  endfacet
  facet normal  -0.000000e+000  1.000000e+000  0.000000e+000
    outer loop
      vertex -8.000000e+000  1.587700e+001 -6.200000e+000
      vertex -7.923880e+000  1.587700e+001 -5.817317e+000
      vertex -7.831470e+000  1.587700e+001 -5.644430e+000
    endloop
  endfacet
  facet normal  -0.000000e+000  1.000000e+000  0.000000e+000
    outer loop
      vertex -8.000000e+000  1.587700e+001 -6.200000e+000
      vertex -7.831470e+000  1.587700e+001 -5.644430e+000
      vertex -7.707107e+000  1.587700e+001 -5.492893e+000
    endloop
  endfacet
  facet normal  -0.000000e+000  1.000000e+000  0.000000e+000
    outer loop
      vertex -8.000000e+000  1.587700e+001 -6.200000e+000
      vertex -7.707107e+000  1.587700e+001 -5.492893e+000
      vertex -7.555570e+000  1.587700e+001 -5.368530e+000
    endloop
  endfacet
  facet normal  -0.000000e+000  1.000000e+000  0.000000e+000
    outer loop
      vertex -8.000000e+000  1.587700e+001 -6.200000e+000
      vertex -7.555570e+000  1.587700e+001 -5.368530e+000
      vertex -7.382683e+000  1.587700e+001 -5.276121e+000
    endloop
  endfacet
  facet normal  -0.000000e+000  1.000000e+000  0.000000e+000
    outer loop
      vertex -8.000000e+000  1.587700e+001 -6.200000e+000
      vertex -7.382683e+000  1.587700e+001 -5.276121e+000
      vertex -7.195090e+000  1.587700e+001 -5.219215e+000
    endloop
  endfacet
  facet normal  -0.000000e+000  1.000000e+000  0.000000e+000
    outer loop
      vertex -8.000000e+000  1.587700e+001 -6.200000e+000
      vertex -7.195090e+000  1.587700e+001 -5.219215e+000
      vertex -7.000000e+000  1.587700e+001 -5.200000e+000
    endloop
  endfacet
  facet normal  -0.000000e+000  1.000000e+000  0.000000e+000
    outer loop
      vertex -8.000000e+000  1.587700e+001 -6.200000e+000
      vertex -7.000000e+000  1.587700e+001 -5.200000e+000
      vertex -2.900000e+000  1.587700e+001 -5.200000e+000
    endloop
  endfacet
  facet normal  0.000000e+000  1.000000e+000  0.000000e+000
    outer loop
      vertex -8.000000e+000  1.587700e+001 -6.200000e+000
      vertex -2.900000e+000  1.587700e+001 -5.200000e+000
      vertex -2.900000e+000  1.587700e+001 -1.311705e+001
    endloop
  endfacet
  facet normal  0.000000e+000  1.000000e+000  0.000000e+000
    outer loop
      vertex -8.000000e+000  1.587700e+001 -6.200000e+000
      vertex -2.900000e+000  1.587700e+001 -1.311705e+001
      vertex -8.000000e+000  1.587700e+001 -1.211705e+001
    endloop
  endfacet
  facet normal  0.000000e+000  1.000000e+000  -0.000000e+000
    outer loop
      vertex -2.900000e+000  1.587700e+001 -1.311705e+001
      vertex -7.000000e+000  1.587700e+001 -1.311705e+001
      vertex -7.195090e+000  1.587700e+001 -1.309784e+001
    endloop
  endfacet
  facet normal  -0.000000e+000  1.000000e+000  -0.000000e+000
    outer loop
      vertex -2.900000e+000  1.587700e+001 -1.311705e+001
      vertex -7.195090e+000  1.587700e+001 -1.309784e+001
      vertex -7.382683e+000  1.587700e+001 -1.304093e+001
    endloop
  endfacet
  facet normal  -0.000000e+000  1.000000e+000  -0.000000e+000
    outer loop
      vertex -2.900000e+000  1.587700e+001 -1.311705e+001
      vertex -7.382683e+000  1.587700e+001 -1.304093e+001
      vertex -7.555570e+000  1.587700e+001 -1.294852e+001
    endloop
  endfacet
  facet normal  -0.000000e+000  1.000000e+000  -0.000000e+000
    outer loop
      vertex -2.900000e+000  1.587700e+001 -1.311705e+001
      vertex -7.555570e+000  1.587700e+001 -1.294852e+001
      vertex -7.707107e+000  1.587700e+001 -1.282416e+001
    endloop
  endfacet
  facet normal  -0.000000e+000  1.000000e+000  -0.000000e+000
    outer loop
      vertex -2.900000e+000  1.587700e+001 -1.311705e+001
      vertex -7.707107e+000  1.587700e+001 -1.282416e+001
      vertex -7.831470e+000  1.587700e+001 -1.267262e+001
    endloop
  endfacet
  facet normal  -0.000000e+000  1.000000e+000  -0.000000e+000
    outer loop
      vertex -2.900000e+000  1.587700e+001 -1.311705e+001
      vertex -7.831470e+000  1.587700e+001 -1.267262e+001
      vertex -7.923880e+000  1.587700e+001 -1.249974e+001
    endloop
  endfacet
  facet normal  -0.000000e+000  1.000000e+000  -0.000000e+000
    outer loop
      vertex -2.900000e+000  1.587700e+001 -1.311705e+001
      vertex -7.923880e+000  1.587700e+001 -1.249974e+001
      vertex -7.980785e+000  1.587700e+001 -1.231214e+001
    endloop
  endfacet
  facet normal  -0.000000e+000  1.000000e+000  -0.000000e+000
    outer loop
      vertex -2.900000e+000  1.587700e+001 -1.311705e+001
      vertex -7.980785e+000  1.587700e+001 -1.231214e+001
      vertex -8.000000e+000  1.587700e+001 -1.211705e+001
    endloop
  endfacet
  facet normal  0.000000e+000 -9.005488e-001 -4.347550e-001
    outer loop
      vertex -8.000000e+000 -2.992275e+000 -4.685146e+000
      vertex -8.000000e+000 -1.030754e+000 -8.748230e+000
      vertex -2.900000e+000 -2.992275e+000 -4.685146e+000
    endloop
  endfacet
  facet normal  0.000000e+000 -9.005488e-001 -4.347550e-001
    outer loop
      vertex -2.900000e+000 -2.992275e+000 -4.685146e+000
      vertex -8.000000e+000 -1.030754e+000 -8.748230e+000
      vertex -2.900000e+000 -1.030754e+000 -8.748230e+000
    endloop
  endfacet
  facet normal  0.000000e+000  0.000000e+000 -1.000000e+000
    outer loop
      vertex -2.900000e+000 -7.933010e-001 -1.311705e+001
      vertex -7.000000e+000 -7.933010e-001 -1.311705e+001
      vertex -2.900000e+000  1.587700e+001 -1.311705e+001
    endloop
  endfacet
  facet normal  -0.000000e+000  0.000000e+000 -1.000000e+000
    outer loop
      vertex -2.900000e+000  1.587700e+001 -1.311705e+001
      vertex -7.000000e+000 -7.933010e-001 -1.311705e+001
      vertex -7.000000e+000  1.587700e+001 -1.311705e+001
    endloop
  endfacet
  facet normal  0.000000e+000 -1.000000e+000  0.000000e+000
    outer loop
      vertex -8.000000e+000 -7.933010e-001 -1.191705e+001
      vertex -8.000000e+000 -7.933010e-001 -1.211705e+001
      vertex -7.980785e+000 -7.933010e-001 -1.231214e+001
    endloop
  endfacet
  facet normal  0.000000e+000 -1.000000e+000  0.000000e+000
    outer loop
      vertex -8.000000e+000 -7.933010e-001 -1.191705e+001
      vertex -7.980785e+000 -7.933010e-001 -1.231214e+001
      vertex -7.923880e+000 -7.933010e-001 -1.249974e+001
    endloop
  endfacet
  facet normal  0.000000e+000 -1.000000e+000  0.000000e+000
    outer loop
      vertex -8.000000e+000 -7.933010e-001 -1.191705e+001
      vertex -7.923880e+000 -7.933010e-001 -1.249974e+001
      vertex -7.831470e+000 -7.933010e-001 -1.267262e+001
    endloop
  endfacet
  facet normal  0.000000e+000 -1.000000e+000  0.000000e+000
    outer loop
      vertex -8.000000e+000 -7.933010e-001 -1.191705e+001
      vertex -7.831470e+000 -7.933010e-001 -1.267262e+001
      vertex -7.707107e+000 -7.933010e-001 -1.282416e+001
    endloop
  endfacet
  facet normal  0.000000e+000 -1.000000e+000  0.000000e+000
    outer loop
      vertex -8.000000e+000 -7.933010e-001 -1.191705e+001
      vertex -7.707107e+000 -7.933010e-001 -1.282416e+001
      vertex -7.555570e+000 -7.933010e-001 -1.294852e+001
    endloop
  endfacet
  facet normal  0.000000e+000 -1.000000e+000  0.000000e+000
    outer loop
      vertex -8.000000e+000 -7.933010e-001 -1.191705e+001
      vertex -7.555570e+000 -7.933010e-001 -1.294852e+001
      vertex -7.500000e+000 -7.933010e-001 -1.191705e+001
    endloop
  endfacet
  facet normal  0.000000e+000 -9.999999e-001  -0.000000e+000
    outer loop
      vertex -2.900000e+000 -7.933010e-001 -1.311705e+001
      vertex -2.900000e+000 -7.933010e-001 -1.191705e+001
      vertex -7.000000e+000 -7.933010e-001 -1.311705e+001
    endloop
  endfacet
  facet normal  0.000000e+000 -1.000000e+000  0.000000e+000
    outer loop
      vertex -7.000000e+000 -7.933010e-001 -1.311705e+001
      vertex -2.900000e+000 -7.933010e-001 -1.191705e+001
      vertex -6.500000e+000 -7.933010e-001 -1.191705e+001
    endloop
  endfacet
  facet normal  -0.000000e+000 -1.000000e+000  0.000000e+000
    outer loop
      vertex -7.000000e+000 -7.933010e-001 -1.311705e+001
      vertex -6.500000e+000 -7.933010e-001 -1.191705e+001
      vertex -7.500000e+000 -7.933010e-001 -1.191705e+001
    endloop
  endfacet
  facet normal  0.000000e+000 -1.000000e+000  0.000000e+000
    outer loop
      vertex -7.195090e+000 -7.933010e-001 -1.309784e+001
      vertex -7.000000e+000 -7.933010e-001 -1.311705e+001
      vertex -7.382683e+000 -7.933010e-001 -1.304093e+001
    endloop
  endfacet
  facet normal  0.000000e+000 -1.000000e+000  0.000000e+000
    outer loop
      vertex -7.382683e+000 -7.933010e-001 -1.304093e+001
      vertex -7.000000e+000 -7.933010e-001 -1.311705e+001
      vertex -7.500000e+000 -7.933010e-001 -1.191705e+001
    endloop
  endfacet
  facet normal  0.000000e+000 -1.000000e+000  -0.000000e+000
    outer loop
      vertex -7.382683e+000 -7.933010e-001 -1.304093e+001
      vertex -7.500000e+000 -7.933010e-001 -1.191705e+001
      vertex -7.555570e+000 -7.933010e-001 -1.294852e+001
    endloop
  endfacet
  facet normal -9.951847e-001  -0.000000e+000 -9.801670e-002
    outer loop
      vertex -8.000000e+000 -7.933010e-001 -1.211705e+001
      vertex -8.000000e+000  1.587700e+001 -1.211705e+001
      vertex -7.980785e+000 -7.933010e-001 -1.231214e+001
    endloop
  endfacet
  facet normal -9.951847e-001  0.000000e+000 -9.801670e-002
    outer loop
      vertex -7.980785e+000 -7.933010e-001 -1.231214e+001
      vertex -8.000000e+000  1.587700e+001 -1.211705e+001
      vertex -7.980785e+000  1.587700e+001 -1.231214e+001
    endloop
  endfacet
  facet normal -9.569405e-001  -0.000000e+000 -2.902842e-001
    outer loop
      vertex -7.980785e+000 -7.933010e-001 -1.231214e+001
      vertex -7.980785e+000  1.587700e+001 -1.231214e+001
      vertex -7.923880e+000 -7.933010e-001 -1.249974e+001
    endloop
  endfacet
  facet normal -9.569405e-001  0.000000e+000 -2.902842e-001
    outer loop
      vertex -7.923880e+000 -7.933010e-001 -1.249974e+001
      vertex -7.980785e+000  1.587700e+001 -1.231214e+001
      vertex -7.923880e+000  1.587700e+001 -1.249974e+001
    endloop
  endfacet
  facet normal -8.819209e-001  -0.000000e+000 -4.713973e-001
    outer loop
      vertex -7.923880e+000 -7.933010e-001 -1.249974e+001
      vertex -7.923880e+000  1.587700e+001 -1.249974e+001
      vertex -7.831470e+000 -7.933010e-001 -1.267262e+001
    endloop
  endfacet
  facet normal -8.819209e-001  0.000000e+000 -4.713973e-001
    outer loop
      vertex -7.831470e+000 -7.933010e-001 -1.267262e+001
      vertex -7.923880e+000  1.587700e+001 -1.249974e+001
      vertex -7.831470e+000  1.587700e+001 -1.267262e+001
    endloop
  endfacet
  facet normal -7.730090e-001  -0.000000e+000 -6.343951e-001
    outer loop
      vertex -7.831470e+000 -7.933010e-001 -1.267262e+001
      vertex -7.831470e+000  1.587700e+001 -1.267262e+001
      vertex -7.707107e+000 -7.933010e-001 -1.282416e+001
    endloop
  endfacet
  facet normal -7.730090e-001  0.000000e+000 -6.343951e-001
    outer loop
      vertex -7.707107e+000 -7.933010e-001 -1.282416e+001
      vertex -7.831470e+000  1.587700e+001 -1.267262e+001
      vertex -7.707107e+000  1.587700e+001 -1.282416e+001
    endloop
  endfacet
  facet normal -6.343938e-001  -0.000000e+000 -7.730099e-001
    outer loop
      vertex -7.707107e+000 -7.933010e-001 -1.282416e+001
      vertex -7.707107e+000  1.587700e+001 -1.282416e+001
      vertex -7.555570e+000 -7.933010e-001 -1.294852e+001
    endloop
  endfacet
  facet normal -6.343938e-001  0.000000e+000 -7.730099e-001
    outer loop
      vertex -7.555570e+000 -7.933010e-001 -1.294852e+001
      vertex -7.707107e+000  1.587700e+001 -1.282416e+001
      vertex -7.555570e+000  1.587700e+001 -1.294852e+001
    endloop
  endfacet
  facet normal -4.713973e-001  -0.000000e+000 -8.819209e-001
    outer loop
      vertex -7.555570e+000 -7.933010e-001 -1.294852e+001
      vertex -7.555570e+000  1.587700e+001 -1.294852e+001
      vertex -7.382683e+000 -7.933010e-001 -1.304093e+001
    endloop
  endfacet
  facet normal -4.713973e-001  0.000000e+000 -8.819209e-001
    outer loop
      vertex -7.382683e+000 -7.933010e-001 -1.304093e+001
      vertex -7.555570e+000  1.587700e+001 -1.294852e+001
      vertex -7.382683e+000  1.587700e+001 -1.304093e+001
    endloop
  endfacet
  facet normal -2.902848e-001  -0.000000e+000 -9.569402e-001
    outer loop
      vertex -7.382683e+000 -7.933010e-001 -1.304093e+001
      vertex -7.382683e+000  1.587700e+001 -1.304093e+001
      vertex -7.195090e+000 -7.933010e-001 -1.309784e+001
    endloop
  endfacet
  facet normal -2.902848e-001  0.000000e+000 -9.569402e-001
    outer loop
      vertex -7.195090e+000 -7.933010e-001 -1.309784e+001
      vertex -7.382683e+000  1.587700e+001 -1.304093e+001
      vertex -7.195090e+000  1.587700e+001 -1.309784e+001
    endloop
  endfacet
  facet normal -9.801670e-002  -0.000000e+000 -9.951847e-001
    outer loop
      vertex -7.195090e+000 -7.933010e-001 -1.309784e+001
      vertex -7.195090e+000  1.587700e+001 -1.309784e+001
      vertex -7.000000e+000 -7.933010e-001 -1.311705e+001
    endloop
  endfacet
  facet normal -9.801670e-002  0.000000e+000 -9.951847e-001
    outer loop
      vertex -7.000000e+000 -7.933010e-001 -1.311705e+001
      vertex -7.195090e+000  1.587700e+001 -1.309784e+001
      vertex -7.000000e+000  1.587700e+001 -1.311705e+001
    endloop
  endfacet
  facet normal  0.000000e+000 -1.000000e+000  -0.000000e+000
    outer loop
      vertex -2.900000e+000 -2.992275e+000  3.336625e+000
      vertex -7.000000e+000 -2.992275e+000  3.336625e+000
      vertex -7.195090e+000 -2.992275e+000  3.317410e+000
    endloop
  endfacet
  facet normal  0.000000e+000 -1.000000e+000  -0.000000e+000
    outer loop
      vertex -2.900000e+000 -2.992275e+000  3.336625e+000
      vertex -7.195090e+000 -2.992275e+000  3.317410e+000
      vertex -7.382683e+000 -2.992275e+000  3.260505e+000
    endloop
  endfacet
  facet normal  0.000000e+000 -1.000000e+000  -0.000000e+000
    outer loop
      vertex -2.900000e+000 -2.992275e+000  3.336625e+000
      vertex -7.382683e+000 -2.992275e+000  3.260505e+000
      vertex -7.555570e+000 -2.992275e+000  3.168095e+000
    endloop
  endfacet
  facet normal  0.000000e+000 -1.000000e+000  -0.000000e+000
    outer loop
      vertex -2.900000e+000 -2.992275e+000  3.336625e+000
      vertex -7.555570e+000 -2.992275e+000  3.168095e+000
      vertex -7.707107e+000 -2.992275e+000  3.043732e+000
    endloop
  endfacet
  facet normal  0.000000e+000 -1.000000e+000  -0.000000e+000
    outer loop
      vertex -2.900000e+000 -2.992275e+000  3.336625e+000
      vertex -7.707107e+000 -2.992275e+000  3.043732e+000
      vertex -7.831470e+000 -2.992275e+000  2.892195e+000
    endloop
  endfacet
  facet normal  0.000000e+000 -9.999999e-001  -0.000000e+000
    outer loop
      vertex -2.900000e+000 -2.992275e+000  3.336625e+000
      vertex -7.831470e+000 -2.992275e+000  2.892195e+000
      vertex -7.923880e+000 -2.992275e+000  2.719309e+000
    endloop
  endfacet
  facet normal  0.000000e+000 -1.000000e+000  -0.000000e+000
    outer loop
      vertex -2.900000e+000 -2.992275e+000  3.336625e+000
      vertex -7.923880e+000 -2.992275e+000  2.719309e+000
      vertex -7.980785e+000 -2.992275e+000  2.531716e+000
    endloop
  endfacet
  facet normal  0.000000e+000 -1.000000e+000  -0.000000e+000
    outer loop
      vertex -2.900000e+000 -2.992275e+000  3.336625e+000
      vertex -7.980785e+000 -2.992275e+000  2.531716e+000
      vertex -8.000000e+000 -2.992275e+000  2.336625e+000
    endloop
  endfacet
  facet normal  0.000000e+000 -1.000000e+000  0.000000e+000
    outer loop
      vertex -2.900000e+000 -2.992275e+000  3.336625e+000
      vertex -8.000000e+000 -2.992275e+000  2.336625e+000
      vertex -8.000000e+000 -2.992275e+000 -4.091547e+000
    endloop
  endfacet
  facet normal  0.000000e+000 -1.000000e+000  0.000000e+000
    outer loop
      vertex -2.900000e+000 -2.992275e+000  3.336625e+000
      vertex -8.000000e+000 -2.992275e+000 -4.091547e+000
      vertex -2.900000e+000 -2.992275e+000 -4.091547e+000
    endloop
  endfacet
  facet normal  0.000000e+000  0.000000e+000  1.000000e+000
    outer loop
      vertex -7.000000e+000  1.800000e+000  3.336625e+000
      vertex -7.000000e+000 -2.992275e+000  3.336625e+000
      vertex -2.900000e+000  1.800000e+000  3.336625e+000
    endloop
  endfacet
  facet normal  0.000000e+000  0.000000e+000  1.000000e+000
    outer loop
      vertex -2.900000e+000  1.800000e+000  3.336625e+000
      vertex -7.000000e+000 -2.992275e+000  3.336625e+000
      vertex -2.900000e+000 -2.992275e+000  3.336625e+000
    endloop
  endfacet
  facet normal -9.951848e-001  0.000000e+000  9.801670e-002
    outer loop
      vertex -8.000000e+000  1.800000e+000  2.336625e+000
      vertex -8.000000e+000 -2.992275e+000  2.336625e+000
      vertex -7.980785e+000  1.800000e+000  2.531716e+000
    endloop
  endfacet
  facet normal -9.951848e-001  0.000000e+000  9.801670e-002
    outer loop
      vertex -7.980785e+000  1.800000e+000  2.531716e+000
      vertex -8.000000e+000 -2.992275e+000  2.336625e+000
      vertex -7.980785e+000 -2.992275e+000  2.531716e+000
    endloop
  endfacet
  facet normal -9.569403e-001  0.000000e+000  2.902848e-001
    outer loop
      vertex -7.980785e+000  1.800000e+000  2.531716e+000
      vertex -7.980785e+000 -2.992275e+000  2.531716e+000
      vertex -7.923880e+000  1.800000e+000  2.719309e+000
    endloop
  endfacet
  facet normal -9.569403e-001  0.000000e+000  2.902848e-001
    outer loop
      vertex -7.923880e+000  1.800000e+000  2.719309e+000
      vertex -7.980785e+000 -2.992275e+000  2.531716e+000
      vertex -7.923880e+000 -2.992275e+000  2.719309e+000
    endloop
  endfacet
  facet normal -8.819210e-001  0.000000e+000  4.713973e-001
    outer loop
      vertex -7.923880e+000  1.800000e+000  2.719309e+000
      vertex -7.923880e+000 -2.992275e+000  2.719309e+000
      vertex -7.831470e+000  1.800000e+000  2.892195e+000
    endloop
  endfacet
  facet normal -8.819210e-001  0.000000e+000  4.713973e-001
    outer loop
      vertex -7.831470e+000  1.800000e+000  2.892195e+000
      vertex -7.923880e+000 -2.992275e+000  2.719309e+000
      vertex -7.831470e+000 -2.992275e+000  2.892195e+000
    endloop
  endfacet
  facet normal -7.730105e-001  0.000000e+000  6.343932e-001
    outer loop
      vertex -7.831470e+000  1.800000e+000  2.892195e+000
      vertex -7.831470e+000 -2.992275e+000  2.892195e+000
      vertex -7.707107e+000  1.800000e+000  3.043732e+000
    endloop
  endfacet
  facet normal -7.730105e-001  0.000000e+000  6.343932e-001
    outer loop
      vertex -7.707107e+000  1.800000e+000  3.043732e+000
      vertex -7.831470e+000 -2.992275e+000  2.892195e+000
      vertex -7.707107e+000 -2.992275e+000  3.043732e+000
    endloop
  endfacet
  facet normal -6.343932e-001  0.000000e+000  7.730106e-001
    outer loop
      vertex -7.707107e+000  1.800000e+000  3.043732e+000
      vertex -7.707107e+000 -2.992275e+000  3.043732e+000
      vertex -7.555570e+000  1.800000e+000  3.168095e+000
    endloop
  endfacet
  facet normal -6.343932e-001  0.000000e+000  7.730106e-001
    outer loop
      vertex -7.555570e+000  1.800000e+000  3.168095e+000
      vertex -7.707107e+000 -2.992275e+000  3.043732e+000
      vertex -7.555570e+000 -2.992275e+000  3.168095e+000
    endloop
  endfacet
  facet normal -4.713964e-001  0.000000e+000  8.819215e-001
    outer loop
      vertex -7.555570e+000  1.800000e+000  3.168095e+000
      vertex -7.555570e+000 -2.992275e+000  3.168095e+000
      vertex -7.382683e+000  1.800000e+000  3.260505e+000
    endloop
  endfacet
  facet normal -4.713964e-001  0.000000e+000  8.819215e-001
    outer loop
      vertex -7.382683e+000  1.800000e+000  3.260505e+000
      vertex -7.555570e+000 -2.992275e+000  3.168095e+000
      vertex -7.382683e+000 -2.992275e+000  3.260505e+000
    endloop
  endfacet
  facet normal -2.902848e-001  0.000000e+000  9.569403e-001
    outer loop
      vertex -7.382683e+000  1.800000e+000  3.260505e+000
      vertex -7.382683e+000 -2.992275e+000  3.260505e+000
      vertex -7.195090e+000  1.800000e+000  3.317410e+000
    endloop
  endfacet
  facet normal -2.902848e-001  0.000000e+000  9.569403e-001
    outer loop
      vertex -7.195090e+000  1.800000e+000  3.317410e+000
      vertex -7.382683e+000 -2.992275e+000  3.260505e+000
      vertex -7.195090e+000 -2.992275e+000  3.317410e+000
    endloop
  endfacet
  facet normal -9.801789e-002  0.000000e+000  9.951846e-001
    outer loop
      vertex -7.195090e+000  1.800000e+000  3.317410e+000
      vertex -7.195090e+000 -2.992275e+000  3.317410e+000
      vertex -7.000000e+000  1.800000e+000  3.336625e+000
    endloop
  endfacet
  facet normal -9.801789e-002  0.000000e+000  9.951846e-001
    outer loop
      vertex -7.000000e+000  1.800000e+000  3.336625e+000
      vertex -7.195090e+000 -2.992275e+000  3.317410e+000
      vertex -7.000000e+000 -2.992275e+000  3.336625e+000
    endloop
  endfacet
  facet normal  0.000000e+000 -1.000000e+000  0.000000e+000
    outer loop
      vertex -7.500000e+000  1.000000e+000 -3.701847e+000
      vertex -7.500000e+000  1.000000e+000 -4.769911e+000
      vertex -2.900000e+000  1.000000e+000 -4.769911e+000
    endloop
  endfacet
  facet normal  0.000000e+000 -1.000000e+000  0.000000e+000
    outer loop
      vertex -7.500000e+000  1.000000e+000 -3.701847e+000
      vertex -2.900000e+000  1.000000e+000 -4.769911e+000
      vertex -2.900000e+000  1.000000e+000 -3.701847e+000
    endloop
  endfacet
  facet normal  0.000000e+000 -9.999999e-001  0.000000e+000
    outer loop
      vertex -7.500000e+000  1.000000e+000 -3.701847e+000
      vertex -2.900000e+000  1.000000e+000 -3.701847e+000
      vertex -2.900000e+000  1.000000e+000 -1.200000e+000
    endloop
  endfacet
  facet normal  -0.000000e+000 -1.000000e+000  0.000000e+000
    outer loop
      vertex -7.500000e+000  1.000000e+000 -3.701847e+000
      vertex -2.900000e+000  1.000000e+000 -1.200000e+000
      vertex -6.500000e+000  1.000000e+000 -1.200000e+000
    endloop
  endfacet
  facet normal  -0.000000e+000 -1.000000e+000  0.000000e+000
    outer loop
      vertex -7.500000e+000  1.000000e+000 -3.701847e+000
      vertex -6.500000e+000  1.000000e+000 -1.200000e+000
      vertex -6.695090e+000  1.000000e+000 -1.180785e+000
    endloop
  endfacet
  facet normal  -0.000000e+000 -1.000000e+000  0.000000e+000
    outer loop
      vertex -7.500000e+000  1.000000e+000 -3.701847e+000
      vertex -6.695090e+000  1.000000e+000 -1.180785e+000
      vertex -6.882683e+000  1.000000e+000 -1.123880e+000
    endloop
  endfacet
  facet normal  -0.000000e+000 -1.000000e+000  0.000000e+000
    outer loop
      vertex -7.500000e+000  1.000000e+000 -3.701847e+000
      vertex -6.882683e+000  1.000000e+000 -1.123880e+000
      vertex -7.055570e+000  1.000000e+000 -1.031470e+000
    endloop
  endfacet
  facet normal  -0.000000e+000 -1.000000e+000  0.000000e+000
    outer loop
      vertex -7.500000e+000  1.000000e+000 -3.701847e+000
      vertex -7.055570e+000  1.000000e+000 -1.031470e+000
      vertex -7.207107e+000  1.000000e+000 -9.071068e-001
    endloop
  endfacet
  facet normal  -0.000000e+000 -9.999999e-001  0.000000e+000
    outer loop
      vertex -7.500000e+000  1.000000e+000 -3.701847e+000
      vertex -7.207107e+000  1.000000e+000 -9.071068e-001
      vertex -7.331470e+000  1.000000e+000 -7.555702e-001
    endloop
  endfacet
  facet normal  -0.000000e+000 -1.000000e+000  0.000000e+000
    outer loop
      vertex -7.500000e+000  1.000000e+000 -3.701847e+000
      vertex -7.331470e+000  1.000000e+000 -7.555702e-001
      vertex -7.423880e+000  1.000000e+000 -5.826834e-001
    endloop
  endfacet
  facet normal  -0.000000e+000 -1.000000e+000  0.000000e+000
    outer loop
      vertex -7.500000e+000  1.000000e+000 -3.701847e+000
      vertex -7.423880e+000  1.000000e+000 -5.826834e-001
      vertex -7.480785e+000  1.000000e+000 -3.950903e-001
    endloop
  endfacet
  facet normal  -0.000000e+000 -1.000000e+000  0.000000e+000
    outer loop
      vertex -7.500000e+000  1.000000e+000 -3.701847e+000
      vertex -7.480785e+000  1.000000e+000 -3.950903e-001
      vertex -7.500000e+000  1.000000e+000 -2.000000e-001
    endloop
  endfacet
  facet normal  9.999999e-001  0.000000e+000  0.000000e+000
    outer loop
      vertex -7.500000e+000 -1.199378e-001 -1.091705e+001
      vertex -7.500000e+000 -8.314852e-001 -1.011705e+001
      vertex -7.500000e+000 -8.145145e-001 -1.091705e+001
    endloop
  endfacet
  facet normal  1.000000e+000  -0.000000e+000  0.000000e+000
    outer loop
      vertex -7.500000e+000 -9.000000e-001 -1.417511e+000
      vertex -7.500000e+000 -1.699999e+000 -1.417511e+000
      vertex -7.500000e+000 -1.700000e+000 -3.860000e+000
    endloop
  endfacet
  facet normal  1.000000e+000  0.000000e+000  0.000000e+000
    outer loop
      vertex -7.500000e+000 -9.000000e-001 -1.417511e+000
      vertex -7.500000e+000 -1.700000e+000 -3.860000e+000
      vertex -7.500000e+000  1.000000e+000 -3.701847e+000
    endloop
  endfacet
  facet normal  1.000000e+000  0.000000e+000  -0.000000e+000
    outer loop
      vertex -7.500000e+000 -9.000000e-001 -1.417511e+000
      vertex -7.500000e+000  1.000000e+000 -3.701847e+000
      vertex -7.500000e+000  1.000000e+000 -2.000000e-001
    endloop
  endfacet
  facet normal  1.000000e+000  0.000000e+000  -0.000000e+000
    outer loop
      vertex -7.500000e+000 -9.000000e-001 -1.417511e+000
      vertex -7.500000e+000  1.000000e+000 -2.000000e-001
      vertex -7.500000e+000  1.000000e+000  2.000000e-001
    endloop
  endfacet
  facet normal  1.000000e+000  0.000000e+000  -0.000000e+000
    outer loop
      vertex -7.500000e+000 -9.000000e-001 -1.417511e+000
      vertex -7.500000e+000  1.000000e+000  2.000000e-001
      vertex -7.500000e+000  1.000000e+000  2.180000e+000
    endloop
  endfacet
  facet normal  1.000000e+000  0.000000e+000  0.000000e+000
    outer loop
      vertex -7.500000e+000 -9.000000e-001 -1.417511e+000
      vertex -7.500000e+000  1.000000e+000  2.180000e+000
      vertex -7.500000e+000 -9.000000e-001  2.180000e+000
    endloop
  endfacet
  facet normal  1.000000e+000  0.000000e+000  0.000000e+000
    outer loop
      vertex -7.500000e+000  1.444000e+001 -1.211705e+001
      vertex -7.500000e+000  6.989013e+000 -7.917052e+000
      vertex -7.500000e+000  6.989013e+000 -8.917052e+000
    endloop
  endfacet
  facet normal  9.999999e-001  0.000000e+000  0.000000e+000
    outer loop
      vertex -7.500000e+000  1.444000e+001 -1.211705e+001
      vertex -7.500000e+000  6.989013e+000 -8.917052e+000
      vertex -7.500000e+000 -2.241474e-001 -8.917052e+000
    endloop
  endfacet
  facet normal  1.000000e+000  0.000000e+000  0.000000e+000
    outer loop
      vertex -7.500000e+000  1.444000e+001 -1.211705e+001
      vertex -7.500000e+000 -2.241474e-001 -8.917052e+000
      vertex -7.500000e+000 -2.241474e-001 -1.011705e+001
    endloop
  endfacet
  facet normal  1.000000e+000  0.000000e+000  0.000000e+000
    outer loop
      vertex -7.500000e+000  1.444000e+001 -1.211705e+001
      vertex -7.500000e+000 -2.241474e-001 -1.011705e+001
      vertex -7.500000e+000 -8.314852e-001 -1.011705e+001
    endloop
  endfacet
  facet normal  1.000000e+000  0.000000e+000  0.000000e+000
    outer loop
      vertex -7.500000e+000  1.444000e+001 -1.211705e+001
      vertex -7.500000e+000 -8.314852e-001 -1.011705e+001
      vertex -7.500000e+000 -1.199378e-001 -1.091705e+001
    endloop
  endfacet
  facet normal  1.000000e+000  0.000000e+000  0.000000e+000
    outer loop
      vertex -7.500000e+000  1.444000e+001 -1.211705e+001
      vertex -7.500000e+000 -1.199378e-001 -1.091705e+001
      vertex -7.500000e+000 -1.199378e-001 -1.211705e+001
    endloop
  endfacet
  facet normal  1.000000e+000  -0.000000e+000  0.000000e+000
    outer loop
      vertex -7.500000e+000  1.444000e+001 -6.389555e+000
      vertex -7.500000e+000  2.619644e+000 -6.389555e+000
      vertex -7.500000e+000 -3.659868e-001 -7.917052e+000
    endloop
  endfacet
  facet normal  1.000000e+000  0.000000e+000  0.000000e+000
    outer loop
      vertex -7.500000e+000  1.444000e+001 -6.389555e+000
      vertex -7.500000e+000 -3.659868e-001 -7.917052e+000
      vertex -7.500000e+000 -2.241474e-001 -7.917052e+000
    endloop
  endfacet
  facet normal  1.000000e+000  0.000000e+000  0.000000e+000
    outer loop
      vertex -7.500000e+000  1.444000e+001 -6.389555e+000
      vertex -7.500000e+000 -2.241474e-001 -7.917052e+000
      vertex -7.500000e+000  6.989013e+000 -7.917052e+000
    endloop
  endfacet
  facet normal  1.000000e+000  -0.000000e+000  0.000000e+000
    outer loop
      vertex -7.500000e+000  1.444000e+001 -6.389555e+000
      vertex -7.500000e+000  6.989013e+000 -7.917052e+000
      vertex -7.500000e+000  1.444000e+001 -1.211705e+001
    endloop
  endfacet
  facet normal  1.000000e+000  0.000000e+000  0.000000e+000
    outer loop
      vertex -7.500000e+000  1.000000e+000 -2.000000e-001
      vertex -7.500000e+000  1.800000e+000 -2.000000e-001
      vertex -7.500000e+000  1.000000e+000  2.000000e-001
    endloop
  endfacet
  facet normal  1.000000e+000  -0.000000e+000  0.000000e+000
    outer loop
      vertex -7.500000e+000  1.000000e+000  2.000000e-001
      vertex -7.500000e+000  1.800000e+000 -2.000000e-001
      vertex -7.500000e+000  1.800000e+000  2.000000e-001
    endloop
  endfacet
  facet normal  1.000000e+000  -0.000000e+000  0.000000e+000
    outer loop
      vertex -7.500000e+000  1.000000e+000 -3.701847e+000
      vertex -7.500000e+000 -1.700000e+000 -3.860000e+000
      vertex -7.500000e+000  1.000000e+000 -4.769911e+000
    endloop
  endfacet
  facet normal  1.000000e+000  0.000000e+000  0.000000e+000
    outer loop
      vertex -7.500000e+000  1.000000e+000 -4.769911e+000
      vertex -7.500000e+000 -1.700000e+000 -3.860000e+000
      vertex -7.500000e+000 -1.700000e+000 -5.153786e+000
    endloop
  endfacet
  facet normal  1.000000e+000  -0.000000e+000  0.000000e+000
    outer loop
      vertex -7.500000e+000  1.000000e+000 -4.769911e+000
      vertex -7.500000e+000 -1.700000e+000 -5.153786e+000
      vertex -7.500000e+000  2.619644e+000 -6.389555e+000
    endloop
  endfacet
  facet normal  1.000000e+000  0.000000e+000  0.000000e+000
    outer loop
      vertex -7.500000e+000  2.619644e+000 -6.389555e+000
      vertex -7.500000e+000 -1.700000e+000 -5.153786e+000
      vertex -7.500000e+000 -3.659868e-001 -7.917052e+000
    endloop
  endfacet
  facet normal  0.000000e+000  0.000000e+000  1.000000e+000
    outer loop
      vertex -6.500000e+000  1.000000e+000 -1.200000e+000
      vertex -2.900000e+000  1.000000e+000 -1.200000e+000
      vertex -6.500000e+000  1.800000e+000 -1.200000e+000
    endloop
  endfacet
  facet normal  -0.000000e+000  0.000000e+000  1.000000e+000
    outer loop
      vertex -6.500000e+000  1.800000e+000 -1.200000e+000
      vertex -2.900000e+000  1.000000e+000 -1.200000e+000
      vertex -2.900000e+000  1.800000e+000 -1.200000e+000
    endloop
  endfacet
  facet normal  7.730101e-001  0.000000e+000  6.343938e-001
    outer loop
      vertex -7.207107e+000  1.000000e+000 -9.071068e-001
      vertex -7.331470e+000  1.800000e+000 -7.555702e-001
      vertex -7.331470e+000  1.000000e+000 -7.555702e-001
    endloop
  endfacet
  facet normal  8.819209e-001  -0.000000e+000  4.713975e-001
    outer loop
      vertex -7.331470e+000  1.000000e+000 -7.555702e-001
      vertex -7.331470e+000  1.800000e+000 -7.555702e-001
      vertex -7.423880e+000  1.800000e+000 -5.826834e-001
    endloop
  endfacet
  facet normal  8.819209e-001  0.000000e+000  4.713975e-001
    outer loop
      vertex -7.331470e+000  1.000000e+000 -7.555702e-001
      vertex -7.423880e+000  1.800000e+000 -5.826834e-001
      vertex -7.423880e+000  1.000000e+000 -5.826834e-001
    endloop
  endfacet
  facet normal  9.569403e-001  -0.000000e+000  2.902846e-001
    outer loop
      vertex -7.423880e+000  1.000000e+000 -5.826834e-001
      vertex -7.423880e+000  1.800000e+000 -5.826834e-001
      vertex -7.480785e+000  1.800000e+000 -3.950903e-001
    endloop
  endfacet
  facet normal  9.569403e-001  0.000000e+000  2.902846e-001
    outer loop
      vertex -7.423880e+000  1.000000e+000 -5.826834e-001
      vertex -7.480785e+000  1.800000e+000 -3.950903e-001
      vertex -7.480785e+000  1.000000e+000 -3.950903e-001
    endloop
  endfacet
  facet normal  9.951848e-001  -0.000000e+000  9.801669e-002
    outer loop
      vertex -7.480785e+000  1.000000e+000 -3.950903e-001
      vertex -7.480785e+000  1.800000e+000 -3.950903e-001
      vertex -7.500000e+000  1.800000e+000 -2.000000e-001
    endloop
  endfacet
  facet normal  9.951848e-001  0.000000e+000  9.801669e-002
    outer loop
      vertex -7.480785e+000  1.000000e+000 -3.950903e-001
      vertex -7.500000e+000  1.800000e+000 -2.000000e-001
      vertex -7.500000e+000  1.000000e+000 -2.000000e-001
    endloop
  endfacet
  facet normal  7.730101e-001  -0.000000e+000  6.343938e-001
    outer loop
      vertex -7.331470e+000  1.800000e+000 -7.555702e-001
      vertex -7.207107e+000  1.000000e+000 -9.071068e-001
      vertex -7.207107e+000  1.800000e+000 -9.071068e-001
    endloop
  endfacet
  facet normal  6.343935e-001  0.000000e+000  7.730103e-001
    outer loop
      vertex -7.207107e+000  1.800000e+000 -9.071068e-001
      vertex -7.207107e+000  1.000000e+000 -9.071068e-001
      vertex -7.055570e+000  1.000000e+000 -1.031470e+000
    endloop
  endfacet
  facet normal  6.343935e-001  -0.000000e+000  7.730103e-001
    outer loop
      vertex -7.207107e+000  1.800000e+000 -9.071068e-001
      vertex -7.055570e+000  1.000000e+000 -1.031470e+000
      vertex -7.055570e+000  1.800000e+000 -1.031470e+000
    endloop
  endfacet
  facet normal  4.713968e-001  0.000000e+000  8.819212e-001
    outer loop
      vertex -7.055570e+000  1.800000e+000 -1.031470e+000
      vertex -7.055570e+000  1.000000e+000 -1.031470e+000
      vertex -6.882683e+000  1.000000e+000 -1.123880e+000
    endloop
  endfacet
  facet normal  4.713968e-001  -0.000000e+000  8.819212e-001
    outer loop
      vertex -7.055570e+000  1.800000e+000 -1.031470e+000
      vertex -6.882683e+000  1.000000e+000 -1.123880e+000
      vertex -6.882683e+000  1.800000e+000 -1.123880e+000
    endloop
  endfacet
  facet normal  2.902848e-001  0.000000e+000  9.569403e-001
    outer loop
      vertex -6.882683e+000  1.800000e+000 -1.123880e+000
      vertex -6.882683e+000  1.000000e+000 -1.123880e+000
      vertex -6.695090e+000  1.000000e+000 -1.180785e+000
    endloop
  endfacet
  facet normal  2.902848e-001  -0.000000e+000  9.569403e-001
    outer loop
      vertex -6.882683e+000  1.800000e+000 -1.123880e+000
      vertex -6.695090e+000  1.000000e+000 -1.180785e+000
      vertex -6.695090e+000  1.800000e+000 -1.180785e+000
    endloop
  endfacet
  facet normal  9.801731e-002  0.000000e+000  9.951848e-001
    outer loop
      vertex -6.695090e+000  1.800000e+000 -1.180785e+000
      vertex -6.695090e+000  1.000000e+000 -1.180785e+000
      vertex -6.500000e+000  1.000000e+000 -1.200000e+000
    endloop
  endfacet
  facet normal  9.801731e-002  -0.000000e+000  9.951848e-001
    outer loop
      vertex -6.695090e+000  1.800000e+000 -1.180785e+000
      vertex -6.500000e+000  1.000000e+000 -1.200000e+000
      vertex -6.500000e+000  1.800000e+000 -1.200000e+000
    endloop
  endfacet
  facet normal  -0.000000e+000  0.000000e+000 -1.000000e+000
    outer loop
      vertex -7.500000e+000  1.000000e+000  2.180000e+000
      vertex -2.900000e+000  1.000000e+000  2.180000e+000
      vertex -7.500000e+000 -9.000000e-001  2.180000e+000
    endloop
  endfacet
  facet normal  0.000000e+000  0.000000e+000 -1.000000e+000
    outer loop
      vertex -7.500000e+000 -9.000000e-001  2.180000e+000
      vertex -2.900000e+000  1.000000e+000  2.180000e+000
      vertex -2.900000e+000 -9.000000e-001  2.180000e+000
    endloop
  endfacet
  facet normal  -0.000000e+000  0.000000e+000 -1.000000e+000
    outer loop
      vertex -6.500000e+000  1.800000e+000  1.200000e+000
      vertex -2.900000e+000  1.800000e+000  1.200000e+000
      vertex -6.500000e+000  1.000000e+000  1.200000e+000
    endloop
  endfacet
  facet normal  0.000000e+000  0.000000e+000 -1.000000e+000
    outer loop
      vertex -6.500000e+000  1.000000e+000  1.200000e+000
      vertex -2.900000e+000  1.800000e+000  1.200000e+000
      vertex -2.900000e+000  1.000000e+000  1.200000e+000
    endloop
  endfacet
  facet normal  0.000000e+000 -1.000000e+000  0.000000e+000
    outer loop
      vertex -7.500000e+000  1.000000e+000  2.180000e+000
      vertex -7.500000e+000  1.000000e+000  2.000000e-001
      vertex -7.480785e+000  1.000000e+000  3.950903e-001
    endloop
  endfacet
  facet normal  0.000000e+000 -1.000000e+000  0.000000e+000
    outer loop
      vertex -7.500000e+000  1.000000e+000  2.180000e+000
      vertex -7.480785e+000  1.000000e+000  3.950903e-001
      vertex -7.423880e+000  1.000000e+000  5.826834e-001
    endloop
  endfacet
  facet normal  0.000000e+000 -1.000000e+000  0.000000e+000
    outer loop
      vertex -7.500000e+000  1.000000e+000  2.180000e+000
      vertex -7.423880e+000  1.000000e+000  5.826834e-001
      vertex -7.331470e+000  1.000000e+000  7.555702e-001
    endloop
  endfacet
  facet normal  0.000000e+000 -1.000000e+000  0.000000e+000
    outer loop
      vertex -7.500000e+000  1.000000e+000  2.180000e+000
      vertex -7.331470e+000  1.000000e+000  7.555702e-001
      vertex -7.207107e+000  1.000000e+000  9.071068e-001
    endloop
  endfacet
  facet normal  0.000000e+000 -1.000000e+000  0.000000e+000
    outer loop
      vertex -7.500000e+000  1.000000e+000  2.180000e+000
      vertex -7.207107e+000  1.000000e+000  9.071068e-001
      vertex -7.055570e+000  1.000000e+000  1.031470e+000
    endloop
  endfacet
  facet normal  0.000000e+000 -1.000000e+000  0.000000e+000
    outer loop
      vertex -7.500000e+000  1.000000e+000  2.180000e+000
      vertex -7.055570e+000  1.000000e+000  1.031470e+000
      vertex -6.882683e+000  1.000000e+000  1.123880e+000
    endloop
  endfacet
  facet normal  0.000000e+000 -9.999999e-001  0.000000e+000
    outer loop
      vertex -7.500000e+000  1.000000e+000  2.180000e+000
      vertex -6.882683e+000  1.000000e+000  1.123880e+000
      vertex -6.695090e+000  1.000000e+000  1.180785e+000
    endloop
  endfacet
  facet normal  0.000000e+000 -1.000000e+000  0.000000e+000
    outer loop
      vertex -7.500000e+000  1.000000e+000  2.180000e+000
      vertex -6.695090e+000  1.000000e+000  1.180785e+000
      vertex -6.500000e+000  1.000000e+000  1.200000e+000
    endloop
  endfacet
  facet normal  0.000000e+000 -1.000000e+000  0.000000e+000
    outer loop
      vertex -7.500000e+000  1.000000e+000  2.180000e+000
      vertex -6.500000e+000  1.000000e+000  1.200000e+000
      vertex -2.900000e+000  1.000000e+000  1.200000e+000
    endloop
  endfacet
  facet normal  0.000000e+000 -1.000000e+000  0.000000e+000
    outer loop
      vertex -7.500000e+000  1.000000e+000  2.180000e+000
      vertex -2.900000e+000  1.000000e+000  1.200000e+000
      vertex -2.900000e+000  1.000000e+000  2.180000e+000
    endloop
  endfacet
  facet normal  0.000000e+000  1.000000e+000  0.000000e+000
    outer loop
      vertex -7.500000e+000 -9.000000e-001  2.180000e+000
      vertex -2.900000e+000 -9.000000e-001  2.180000e+000
      vertex -7.500000e+000 -9.000000e-001 -1.417511e+000
    endloop
  endfacet
  facet normal  0.000000e+000  1.000000e+000  0.000000e+000
    outer loop
      vertex -7.500000e+000 -9.000000e-001 -1.417511e+000
      vertex -2.900000e+000 -9.000000e-001  2.180000e+000
      vertex -2.900000e+000 -9.000000e-001 -1.417511e+000
    endloop
  endfacet
  facet normal  7.730101e-001  0.000000e+000 -6.343938e-001
    outer loop
      vertex -7.207107e+000  1.800000e+000  9.071068e-001
      vertex -7.331470e+000  1.000000e+000  7.555702e-001
      vertex -7.331470e+000  1.800000e+000  7.555702e-001
    endloop
  endfacet
  facet normal  8.819209e-001  0.000000e+000 -4.713975e-001
    outer loop
      vertex -7.331470e+000  1.800000e+000  7.555702e-001
      vertex -7.331470e+000  1.000000e+000  7.555702e-001
      vertex -7.423880e+000  1.000000e+000  5.826834e-001
    endloop
  endfacet
  facet normal  8.819209e-001  0.000000e+000 -4.713975e-001
    outer loop
      vertex -7.331470e+000  1.800000e+000  7.555702e-001
      vertex -7.423880e+000  1.000000e+000  5.826834e-001
      vertex -7.423880e+000  1.800000e+000  5.826834e-001
    endloop
  endfacet
  facet normal  9.569403e-001  0.000000e+000 -2.902846e-001
    outer loop
      vertex -7.423880e+000  1.800000e+000  5.826834e-001
      vertex -7.423880e+000  1.000000e+000  5.826834e-001
      vertex -7.480785e+000  1.000000e+000  3.950903e-001
    endloop
  endfacet
  facet normal  9.569403e-001  0.000000e+000 -2.902846e-001
    outer loop
      vertex -7.423880e+000  1.800000e+000  5.826834e-001
      vertex -7.480785e+000  1.000000e+000  3.950903e-001
      vertex -7.480785e+000  1.800000e+000  3.950903e-001
    endloop
  endfacet
  facet normal  9.951848e-001  0.000000e+000 -9.801669e-002
    outer loop
      vertex -7.480785e+000  1.800000e+000  3.950903e-001
      vertex -7.480785e+000  1.000000e+000  3.950903e-001
      vertex -7.500000e+000  1.000000e+000  2.000000e-001
    endloop
  endfacet
  facet normal  9.951848e-001  0.000000e+000 -9.801669e-002
    outer loop
      vertex -7.480785e+000  1.800000e+000  3.950903e-001
      vertex -7.500000e+000  1.000000e+000  2.000000e-001
      vertex -7.500000e+000  1.800000e+000  2.000000e-001
    endloop
  endfacet
  facet normal  7.730101e-001  0.000000e+000 -6.343938e-001
    outer loop
      vertex -7.331470e+000  1.000000e+000  7.555702e-001
      vertex -7.207107e+000  1.800000e+000  9.071068e-001
      vertex -7.207107e+000  1.000000e+000  9.071068e-001
    endloop
  endfacet
  facet normal  6.343935e-001  0.000000e+000 -7.730103e-001
    outer loop
      vertex -7.207107e+000  1.000000e+000  9.071068e-001
      vertex -7.207107e+000  1.800000e+000  9.071068e-001
      vertex -7.055570e+000  1.800000e+000  1.031470e+000
    endloop
  endfacet
  facet normal  6.343935e-001  0.000000e+000 -7.730103e-001
    outer loop
      vertex -7.207107e+000  1.000000e+000  9.071068e-001
      vertex -7.055570e+000  1.800000e+000  1.031470e+000
      vertex -7.055570e+000  1.000000e+000  1.031470e+000
    endloop
  endfacet
  facet normal  4.713968e-001  0.000000e+000 -8.819212e-001
    outer loop
      vertex -7.055570e+000  1.000000e+000  1.031470e+000
      vertex -7.055570e+000  1.800000e+000  1.031470e+000
      vertex -6.882683e+000  1.800000e+000  1.123880e+000
    endloop
  endfacet
  facet normal  4.713968e-001  0.000000e+000 -8.819212e-001
    outer loop
      vertex -7.055570e+000  1.000000e+000  1.031470e+000
      vertex -6.882683e+000  1.800000e+000  1.123880e+000
      vertex -6.882683e+000  1.000000e+000  1.123880e+000
    endloop
  endfacet
  facet normal  2.902848e-001  0.000000e+000 -9.569403e-001
    outer loop
      vertex -6.882683e+000  1.000000e+000  1.123880e+000
      vertex -6.882683e+000  1.800000e+000  1.123880e+000
      vertex -6.695090e+000  1.800000e+000  1.180785e+000
    endloop
  endfacet
  facet normal  2.902848e-001  0.000000e+000 -9.569403e-001
    outer loop
      vertex -6.882683e+000  1.000000e+000  1.123880e+000
      vertex -6.695090e+000  1.800000e+000  1.180785e+000
      vertex -6.695090e+000  1.000000e+000  1.180785e+000
    endloop
  endfacet
  facet normal  9.801731e-002  0.000000e+000 -9.951848e-001
    outer loop
      vertex -6.695090e+000  1.000000e+000  1.180785e+000
      vertex -6.695090e+000  1.800000e+000  1.180785e+000
      vertex -6.500000e+000  1.800000e+000  1.200000e+000
    endloop
  endfacet
  facet normal  9.801731e-002  0.000000e+000 -9.951848e-001
    outer loop
      vertex -6.695090e+000  1.000000e+000  1.180785e+000
      vertex -6.500000e+000  1.800000e+000  1.200000e+000
      vertex -6.500000e+000  1.000000e+000  1.200000e+000
    endloop
  endfacet
  facet normal  0.000000e+000  0.000000e+000 -9.999999e-001
    outer loop
      vertex -2.900000e+000 -2.241474e-001 -8.917052e+000
      vertex -7.500000e+000 -2.241474e-001 -8.917052e+000
      vertex -2.900000e+000  6.989013e+000 -8.917052e+000
    endloop
  endfacet
  facet normal  -0.000000e+000  0.000000e+000 -9.999999e-001
    outer loop
      vertex -2.900000e+000  6.989013e+000 -8.917052e+000
      vertex -7.500000e+000 -2.241474e-001 -8.917052e+000
      vertex -7.500000e+000  6.989013e+000 -8.917052e+000
    endloop
  endfacet
  facet normal  0.000000e+000  0.000000e+000 -1.000000e+000
    outer loop
      vertex -6.500000e+000 -8.526986e-001 -9.117052e+000
      vertex -6.500000e+000 -2.241474e-001 -9.117052e+000
      vertex -2.900000e+000 -8.526986e-001 -9.117052e+000
    endloop
  endfacet
  facet normal  0.000000e+000  0.000000e+000 -1.000000e+000
    outer loop
      vertex -2.900000e+000 -8.526986e-001 -9.117052e+000
      vertex -6.500000e+000 -2.241474e-001 -9.117052e+000
      vertex -2.900000e+000 -2.241474e-001 -9.117052e+000
    endloop
  endfacet
  facet normal  0.000000e+000  1.000000e+000  0.000000e+000
    outer loop
      vertex -7.500000e+000 -2.241474e-001 -8.917052e+000
      vertex -2.900000e+000 -2.241474e-001 -8.917052e+000
      vertex -2.900000e+000 -2.241474e-001 -9.117052e+000
    endloop
  endfacet
  facet normal  0.000000e+000  1.000000e+000  0.000000e+000
    outer loop
      vertex -7.500000e+000 -2.241474e-001 -8.917052e+000
      vertex -2.900000e+000 -2.241474e-001 -9.117052e+000
      vertex -6.500000e+000 -2.241474e-001 -9.117052e+000
    endloop
  endfacet
  facet normal  0.000000e+000  1.000000e+000  0.000000e+000
    outer loop
      vertex -7.500000e+000 -2.241474e-001 -8.917052e+000
      vertex -6.500000e+000 -2.241474e-001 -9.117052e+000
      vertex -6.695090e+000 -2.241474e-001 -9.136267e+000
    endloop
  endfacet
  facet normal  0.000000e+000  9.999999e-001  0.000000e+000
    outer loop
      vertex -7.500000e+000 -2.241474e-001 -8.917052e+000
      vertex -6.695090e+000 -2.241474e-001 -9.136267e+000
      vertex -6.882683e+000 -2.241474e-001 -9.193172e+000
    endloop
  endfacet
  facet normal  0.000000e+000  1.000000e+000  0.000000e+000
    outer loop
      vertex -7.500000e+000 -2.241474e-001 -8.917052e+000
      vertex -6.882683e+000 -2.241474e-001 -9.193172e+000
      vertex -7.055570e+000 -2.241474e-001 -9.285583e+000
    endloop
  endfacet
  facet normal  0.000000e+000  1.000000e+000  0.000000e+000
    outer loop
      vertex -7.500000e+000 -2.241474e-001 -8.917052e+000
      vertex -7.055570e+000 -2.241474e-001 -9.285583e+000
      vertex -7.207107e+000 -2.241474e-001 -9.409945e+000
    endloop
  endfacet
  facet normal  0.000000e+000  1.000000e+000  0.000000e+000
    outer loop
      vertex -7.500000e+000 -2.241474e-001 -8.917052e+000
      vertex -7.207107e+000 -2.241474e-001 -9.409945e+000
      vertex -7.331470e+000 -2.241474e-001 -9.561482e+000
    endloop
  endfacet
  facet normal  0.000000e+000  1.000000e+000  0.000000e+000
    outer loop
      vertex -7.500000e+000 -2.241474e-001 -8.917052e+000
      vertex -7.331470e+000 -2.241474e-001 -9.561482e+000
      vertex -7.423880e+000 -2.241474e-001 -9.734369e+000
    endloop
  endfacet
  facet normal  0.000000e+000  9.999999e-001  0.000000e+000
    outer loop
      vertex -7.500000e+000 -2.241474e-001 -8.917052e+000
      vertex -7.423880e+000 -2.241474e-001 -9.734369e+000
      vertex -7.480785e+000 -2.241474e-001 -9.921962e+000
    endloop
  endfacet
  facet normal  0.000000e+000  1.000000e+000  0.000000e+000
    outer loop
      vertex -7.500000e+000 -2.241474e-001 -8.917052e+000
      vertex -7.480785e+000 -2.241474e-001 -9.921962e+000
      vertex -7.500000e+000 -2.241474e-001 -1.011705e+001
    endloop
  endfacet
  facet normal  0.000000e+000 -9.997750e-001 -2.121267e-002
    outer loop
      vertex -6.500000e+000 -7.933010e-001 -1.191705e+001
      vertex -6.657080e+000 -7.935644e-001 -1.190464e+001
      vertex -7.500000e+000 -7.933010e-001 -1.191705e+001
    endloop
  endfacet
  facet normal  -0.000000e+000 -9.997751e-001 -2.120976e-002
    outer loop
      vertex -6.649632e+000 -8.524598e-001 -9.128310e+000
      vertex -6.500000e+000 -8.526986e-001 -9.117052e+000
      vertex -7.500000e+000 -8.526986e-001 -9.117052e+000
    endloop
  endfacet
  facet normal  -0.000000e+000 -9.997750e-001 -2.121267e-002
    outer loop
      vertex -8.000000e+000 -7.933010e-001 -1.191705e+001
      vertex -7.500000e+000 -7.933010e-001 -1.191705e+001
      vertex -6.657080e+000 -7.935644e-001 -1.190464e+001
    endloop
  endfacet
  facet normal -3.860572e-008 -9.997751e-001 -2.120850e-002
    outer loop
      vertex -8.000000e+000 -7.933010e-001 -1.191705e+001
      vertex -6.657080e+000 -7.935644e-001 -1.190464e+001
      vertex -6.810260e+000 -7.943479e-001 -1.186770e+001
    endloop
  endfacet
  facet normal -4.239092e-008 -9.997751e-001 -2.120841e-002
    outer loop
      vertex -8.000000e+000 -7.933010e-001 -1.191705e+001
      vertex -6.810260e+000 -7.943479e-001 -1.186770e+001
      vertex -6.955733e+000 -7.956320e-001 -1.180717e+001
    endloop
  endfacet
  facet normal  1.243534e-008 -9.997751e-001 -2.120893e-002
    outer loop
      vertex -8.000000e+000 -7.933010e-001 -1.191705e+001
      vertex -6.955733e+000 -7.956320e-001 -1.180717e+001
      vertex -7.090029e+000 -7.973871e-001 -1.172443e+001
    endloop
  endfacet
  facet normal -3.721666e-008 -9.997751e-001 -2.120869e-002
    outer loop
      vertex -8.000000e+000 -7.933010e-001 -1.191705e+001
      vertex -7.090029e+000 -7.973871e-001 -1.172443e+001
      vertex -7.209643e+000 -7.995683e-001 -1.162161e+001
    endloop
  endfacet
  facet normal -1.454027e-007 -9.997751e-001 -2.120840e-002
    outer loop
      vertex -8.000000e+000 -7.933010e-001 -1.191705e+001
      vertex -7.209643e+000 -7.995683e-001 -1.162161e+001
      vertex -7.311597e+000 -8.021212e-001 -1.150127e+001
    endloop
  endfacet
  facet normal  1.700153e-007 -9.997751e-001 -2.120893e-002
    outer loop
      vertex -8.000000e+000 -7.933010e-001 -1.191705e+001
      vertex -7.311597e+000 -8.021212e-001 -1.150127e+001
      vertex -7.393365e+000 -8.049826e-001 -1.136638e+001
    endloop
  endfacet
  facet normal -8.113917e-008 -9.997751e-001 -2.120865e-002
    outer loop
      vertex -8.000000e+000 -7.933010e-001 -1.191705e+001
      vertex -7.393365e+000 -8.049826e-001 -1.136638e+001
      vertex -7.452905e+000 -8.080811e-001 -1.122032e+001
    endloop
  endfacet
  facet normal  9.296154e-010 -9.997751e-001 -2.120871e-002
    outer loop
      vertex -8.000000e+000 -7.933010e-001 -1.191705e+001
      vertex -7.452905e+000 -8.080811e-001 -1.122032e+001
      vertex -7.488737e+000 -8.113396e-001 -1.106672e+001
    endloop
  endfacet
  facet normal -1.241549e-007 -9.997751e-001 -2.120864e-002
    outer loop
      vertex -8.000000e+000 -7.933010e-001 -1.191705e+001
      vertex -7.488737e+000 -8.113396e-001 -1.106672e+001
      vertex -7.500000e+000 -8.145145e-001 -1.091705e+001
    endloop
  endfacet
  facet normal -6.970432e-008 -9.997751e-001 -2.120867e-002
    outer loop
      vertex -8.000000e+000 -7.933010e-001 -1.191705e+001
      vertex -7.500000e+000 -8.145145e-001 -1.091705e+001
      vertex -7.500000e+000 -8.314852e-001 -1.011705e+001
    endloop
  endfacet
  facet normal -5.670179e-008 -9.997751e-001 -2.120867e-002
    outer loop
      vertex -8.000000e+000 -7.933010e-001 -1.191705e+001
      vertex -7.500000e+000 -8.314852e-001 -1.011705e+001
      vertex -8.000000e+000 -8.526986e-001 -9.117052e+000
    endloop
  endfacet
  facet normal -2.623700e-008 -9.997750e-001 -2.120865e-002
    outer loop
      vertex -8.000000e+000 -8.526986e-001 -9.117052e+000
      vertex -7.500000e+000 -8.314852e-001 -1.011705e+001
      vertex -7.487586e+000 -8.348173e-001 -9.959975e+000
    endloop
  endfacet
  facet normal  2.034677e-007 -9.997751e-001 -2.120851e-002
    outer loop
      vertex -8.000000e+000 -8.526986e-001 -9.117052e+000
      vertex -7.487586e+000 -8.348173e-001 -9.959975e+000
      vertex -7.450652e+000 -8.380668e-001 -9.806794e+000
    endloop
  endfacet
  facet normal -1.939719e-007 -9.997751e-001 -2.120883e-002
    outer loop
      vertex -8.000000e+000 -8.526986e-001 -9.117052e+000
      vertex -7.450652e+000 -8.380668e-001 -9.806794e+000
      vertex -7.390114e+000 -8.411530e-001 -9.661315e+000
    endloop
  endfacet
  facet normal  6.781438e-008 -9.997751e-001 -2.120854e-002
    outer loop
      vertex -8.000000e+000 -8.526986e-001 -9.117052e+000
      vertex -7.390114e+000 -8.411530e-001 -9.661315e+000
      vertex -7.307382e+000 -8.440017e-001 -9.527024e+000
    endloop
  endfacet
  facet normal  2.278429e-008 -9.997751e-001 -2.120861e-002
    outer loop
      vertex -8.000000e+000 -8.526986e-001 -9.117052e+000
      vertex -7.307382e+000 -8.440017e-001 -9.527024e+000
      vertex -7.204559e+000 -8.465392e-001 -9.407407e+000
    endloop
  endfacet
  facet normal -1.324297e-008 -9.997751e-001 -2.120871e-002
    outer loop
      vertex -8.000000e+000 -8.526986e-001 -9.117052e+000
      vertex -7.204559e+000 -8.465392e-001 -9.407407e+000
      vertex -7.084202e+000 -8.487022e-001 -9.305444e+000
    endloop
  endfacet
  facet normal -3.132804e-008 -9.997751e-001 -2.120880e-002
    outer loop
      vertex -8.000000e+000 -8.526986e-001 -9.117052e+000
      vertex -7.084202e+000 -8.487022e-001 -9.305444e+000
      vertex -6.949317e+000 -8.504367e-001 -9.223680e+000
    endloop
  endfacet
  facet normal  1.487310e-008 -9.997751e-001 -2.120835e-002
    outer loop
      vertex -8.000000e+000 -8.526986e-001 -9.117052e+000
      vertex -6.949317e+000 -8.504367e-001 -9.223680e+000
      vertex -6.803248e+000 -8.516997e-001 -9.164141e+000
    endloop
  endfacet
  facet normal  1.092867e-008 -9.997752e-001 -2.120845e-002
    outer loop
      vertex -8.000000e+000 -8.526986e-001 -9.117052e+000
      vertex -6.803248e+000 -8.516997e-001 -9.164141e+000
      vertex -6.649632e+000 -8.524598e-001 -9.128310e+000
    endloop
  endfacet
  facet normal  0.000000e+000 -9.997751e-001 -2.120976e-002
    outer loop
      vertex -8.000000e+000 -8.526986e-001 -9.117052e+000
      vertex -6.649632e+000 -8.524598e-001 -9.128310e+000
      vertex -7.500000e+000 -8.526986e-001 -9.117052e+000
    endloop
  endfacet
  facet normal  0.000000e+000 -9.005489e-001 -4.347549e-001
    outer loop
      vertex -7.500000e+000 -8.526986e-001 -9.117052e+000
      vertex -8.000000e+000 -1.030754e+000 -8.748230e+000
      vertex -8.000000e+000 -8.526986e-001 -9.117052e+000
    endloop
  endfacet
  facet normal  0.000000e+000 -9.005489e-001 -4.347549e-001
    outer loop
      vertex -2.900000e+000 -8.526986e-001 -9.117052e+000
      vertex -2.900000e+000 -1.030754e+000 -8.748230e+000
      vertex -6.500000e+000 -8.526986e-001 -9.117052e+000
    endloop
  endfacet
  facet normal  0.000000e+000 -9.005488e-001 -4.347549e-001
    outer loop
      vertex -6.500000e+000 -8.526986e-001 -9.117052e+000
      vertex -2.900000e+000 -1.030754e+000 -8.748230e+000
      vertex -8.000000e+000 -1.030754e+000 -8.748230e+000
    endloop
  endfacet
  facet normal  0.000000e+000 -9.005489e-001 -4.347549e-001
    outer loop
      vertex -6.500000e+000 -8.526986e-001 -9.117052e+000
      vertex -8.000000e+000 -1.030754e+000 -8.748230e+000
      vertex -7.500000e+000 -8.526986e-001 -9.117052e+000
    endloop
  endfacet
  facet normal  2.902766e-001 -7.525716e-003 -9.569132e-001
    outer loop
      vertex -6.803248e+000 -8.516997e-001 -9.164141e+000
      vertex -6.882683e+000 -2.241474e-001 -9.193172e+000
      vertex -6.695090e+000 -2.241474e-001 -9.136267e+000
    endloop
  endfacet
  facet normal  3.774930e-001  4.944176e-003 -9.259992e-001
    outer loop
      vertex -6.803248e+000 -8.516997e-001 -9.164141e+000
      vertex -6.949317e+000 -8.504367e-001 -9.223680e+000
      vertex -6.882683e+000 -2.241474e-001 -9.193172e+000
    endloop
  endfacet
  facet normal  4.713851e-001 -7.193760e-003 -8.818982e-001
    outer loop
      vertex -7.055570e+000 -2.241474e-001 -9.285583e+000
      vertex -6.882683e+000 -2.241474e-001 -9.193172e+000
      vertex -6.949317e+000 -8.504367e-001 -9.223680e+000
    endloop
  endfacet
  facet normal  7.583395e-001  4.453603e-004 -6.518597e-001
    outer loop
      vertex -7.207107e+000 -2.241474e-001 -9.409945e+000
      vertex -7.204559e+000 -8.465392e-001 -9.407407e+000
      vertex -7.307382e+000 -8.440017e-001 -9.527024e+000
    endloop
  endfacet
  facet normal  7.730004e-001 -5.227217e-003 -6.343840e-001
    outer loop
      vertex -7.307382e+000 -8.440017e-001 -9.527024e+000
      vertex -7.331470e+000 -2.241474e-001 -9.561482e+000
      vertex -7.207107e+000 -2.241474e-001 -9.409945e+000
    endloop
  endfacet
  facet normal  8.514291e-001  3.931552e-003 -5.244548e-001
    outer loop
      vertex -7.331470e+000 -2.241474e-001 -9.561482e+000
      vertex -7.307382e+000 -8.440017e-001 -9.527024e+000
      vertex -7.390114e+000 -8.411530e-001 -9.661315e+000
    endloop
  endfacet
  facet normal  8.818958e-001 -7.551202e-003 -4.713839e-001
    outer loop
      vertex -7.390114e+000 -8.411530e-001 -9.661315e+000
      vertex -7.423880e+000 -2.241474e-001 -9.734369e+000
      vertex -7.331470e+000 -2.241474e-001 -9.561482e+000
    endloop
  endfacet
  facet normal  9.232799e-001  5.048698e-003 -3.840945e-001
    outer loop
      vertex -7.450652e+000 -8.380668e-001 -9.806794e+000
      vertex -7.423880e+000 -2.241474e-001 -9.734369e+000
      vertex -7.390114e+000 -8.411530e-001 -9.661315e+000
    endloop
  endfacet
  facet normal  9.569133e-001 -7.485758e-003 -2.902774e-001
    outer loop
      vertex -7.480785e+000 -2.241474e-001 -9.921962e+000
      vertex -7.423880e+000 -2.241474e-001 -9.734369e+000
      vertex -7.450652e+000 -8.380668e-001 -9.806794e+000
    endloop
  endfacet
  facet normal  2.271674e-001  4.103250e-003 -9.738470e-001
    outer loop
      vertex -6.803248e+000 -8.516997e-001 -9.164141e+000
      vertex -6.695090e+000 -2.241474e-001 -9.136267e+000
      vertex -6.649632e+000 -8.524598e-001 -9.128310e+000
    endloop
  endfacet
  facet normal  9.801522e-002 -5.510814e-003 -9.951696e-001
    outer loop
      vertex -6.649632e+000 -8.524598e-001 -9.128310e+000
      vertex -6.695090e+000 -2.241474e-001 -9.136267e+000
      vertex -6.500000e+000 -2.241474e-001 -9.117052e+000
    endloop
  endfacet
  facet normal  7.502647e-002  0.000000e+000 -9.971815e-001
    outer loop
      vertex -6.649632e+000 -8.524598e-001 -9.128310e+000
      vertex -6.500000e+000 -2.241474e-001 -9.117052e+000
      vertex -6.500000e+000 -8.526986e-001 -9.117052e+000
    endloop
  endfacet
  facet normal  5.184013e-001  3.428420e-003 -8.551306e-001
    outer loop
      vertex -6.949317e+000 -8.504367e-001 -9.223680e+000
      vertex -7.084202e+000 -8.487022e-001 -9.305444e+000
      vertex -7.055570e+000 -2.241474e-001 -9.285583e+000
    endloop
  endfacet
  facet normal  6.463292e-001 -5.364767e-003 -7.630399e-001
    outer loop
      vertex -7.055570e+000 -2.241474e-001 -9.285583e+000
      vertex -7.084202e+000 -8.487022e-001 -9.305444e+000
      vertex -7.204559e+000 -8.465392e-001 -9.407407e+000
    endloop
  endfacet
  facet normal  6.343938e-001 -5.561684e-004 -7.730099e-001
    outer loop
      vertex -7.055570e+000 -2.241474e-001 -9.285583e+000
      vertex -7.204559e+000 -8.465392e-001 -9.407407e+000
      vertex -7.207107e+000 -2.241474e-001 -9.409945e+000
    endloop
  endfacet
  facet normal  9.721527e-001  3.759785e-003 -2.343186e-001
    outer loop
      vertex -7.450652e+000 -8.380668e-001 -9.806794e+000
      vertex -7.487586e+000 -8.348173e-001 -9.959975e+000
      vertex -7.480785e+000 -2.241474e-001 -9.921962e+000
    endloop
  endfacet
  facet normal  9.968622e-001 -6.189100e-003 -7.891455e-002
    outer loop
      vertex -7.480785e+000 -2.241474e-001 -9.921962e+000
      vertex -7.487586e+000 -8.348173e-001 -9.959975e+000
      vertex -7.500000e+000 -8.314852e-001 -1.011705e+001
    endloop
  endfacet
  facet normal  9.951848e-001  0.000000e+000 -9.801671e-002
    outer loop
      vertex -7.480785e+000 -2.241474e-001 -9.921962e+000
      vertex -7.500000e+000 -8.314852e-001 -1.011705e+001
      vertex -7.500000e+000 -2.241474e-001 -1.011705e+001
    endloop
  endfacet
  facet normal  -0.000000e+000  0.000000e+000  1.000000e+000
    outer loop
      vertex -2.900000e+000  1.444000e+001 -1.211705e+001
      vertex -7.500000e+000  1.444000e+001 -1.211705e+001
      vertex -2.900000e+000 -1.199378e-001 -1.211705e+001
    endloop
  endfacet
  facet normal  0.000000e+000  0.000000e+000  1.000000e+000
    outer loop
      vertex -2.900000e+000 -1.199378e-001 -1.211705e+001
      vertex -7.500000e+000  1.444000e+001 -1.211705e+001
      vertex -7.500000e+000 -1.199378e-001 -1.211705e+001
    endloop
  endfacet
  facet normal  0.000000e+000  0.000000e+000  1.000000e+000
    outer loop
      vertex -6.500000e+000 -7.933010e-001 -1.191705e+001
      vertex -2.900000e+000 -7.933010e-001 -1.191705e+001
      vertex -6.500000e+000 -1.199378e-001 -1.191705e+001
    endloop
  endfacet
  facet normal  -0.000000e+000  0.000000e+000  1.000000e+000
    outer loop
      vertex -6.500000e+000 -1.199378e-001 -1.191705e+001
      vertex -2.900000e+000 -7.933010e-001 -1.191705e+001
      vertex -2.900000e+000 -1.199378e-001 -1.191705e+001
    endloop
  endfacet
  facet normal  0.000000e+000  1.000000e+000  0.000000e+000
    outer loop
      vertex -7.500000e+000 -1.199378e-001 -1.211705e+001
      vertex -7.500000e+000 -1.199378e-001 -1.091705e+001
      vertex -7.480785e+000 -1.199378e-001 -1.111214e+001
    endloop
  endfacet
  facet normal  0.000000e+000  1.000000e+000  0.000000e+000
    outer loop
      vertex -7.500000e+000 -1.199378e-001 -1.211705e+001
      vertex -7.480785e+000 -1.199378e-001 -1.111214e+001
      vertex -7.423880e+000 -1.199378e-001 -1.129974e+001
    endloop
  endfacet
  facet normal  0.000000e+000  1.000000e+000  0.000000e+000
    outer loop
      vertex -7.500000e+000 -1.199378e-001 -1.211705e+001
      vertex -7.423880e+000 -1.199378e-001 -1.129974e+001
      vertex -7.331470e+000 -1.199378e-001 -1.147262e+001
    endloop
  endfacet
  facet normal  0.000000e+000  1.000000e+000  0.000000e+000
    outer loop
      vertex -7.500000e+000 -1.199378e-001 -1.211705e+001
      vertex -7.331470e+000 -1.199378e-001 -1.147262e+001
      vertex -7.207107e+000 -1.199378e-001 -1.162416e+001
    endloop
  endfacet
  facet normal  0.000000e+000  1.000000e+000  0.000000e+000
    outer loop
      vertex -7.500000e+000 -1.199378e-001 -1.211705e+001
      vertex -7.207107e+000 -1.199378e-001 -1.162416e+001
      vertex -7.055570e+000 -1.199378e-001 -1.174852e+001
    endloop
  endfacet
  facet normal  0.000000e+000  1.000000e+000  0.000000e+000
    outer loop
      vertex -7.500000e+000 -1.199378e-001 -1.211705e+001
      vertex -7.055570e+000 -1.199378e-001 -1.174852e+001
      vertex -6.882683e+000 -1.199378e-001 -1.184093e+001
    endloop
  endfacet
  facet normal  0.000000e+000  9.999999e-001  0.000000e+000
    outer loop
      vertex -7.500000e+000 -1.199378e-001 -1.211705e+001
      vertex -6.882683e+000 -1.199378e-001 -1.184093e+001
      vertex -6.695090e+000 -1.199378e-001 -1.189784e+001
    endloop
  endfacet
  facet normal  0.000000e+000  1.000000e+000  0.000000e+000
    outer loop
      vertex -7.500000e+000 -1.199378e-001 -1.211705e+001
      vertex -6.695090e+000 -1.199378e-001 -1.189784e+001
      vertex -6.500000e+000 -1.199378e-001 -1.191705e+001
    endloop
  endfacet
  facet normal  -0.000000e+000  1.000000e+000  0.000000e+000
    outer loop
      vertex -7.500000e+000 -1.199378e-001 -1.211705e+001
      vertex -6.500000e+000 -1.199378e-001 -1.191705e+001
      vertex -2.900000e+000 -1.199378e-001 -1.191705e+001
    endloop
  endfacet
  facet normal  0.000000e+000  1.000000e+000  0.000000e+000
    outer loop
      vertex -7.500000e+000 -1.199378e-001 -1.211705e+001
      vertex -2.900000e+000 -1.199378e-001 -1.191705e+001
      vertex -2.900000e+000 -1.199378e-001 -1.211705e+001
    endloop
  endfacet
  facet normal  0.000000e+000 -1.000000e+000  0.000000e+000
    outer loop
      vertex -7.500000e+000  1.444000e+001 -6.389555e+000
      vertex -7.500000e+000  1.444000e+001 -1.211705e+001
      vertex -2.900000e+000  1.444000e+001 -6.389555e+000
    endloop
  endfacet
  facet normal  0.000000e+000 -1.000000e+000  -0.000000e+000
    outer loop
      vertex -2.900000e+000  1.444000e+001 -6.389555e+000
      vertex -7.500000e+000  1.444000e+001 -1.211705e+001
      vertex -2.900000e+000  1.444000e+001 -1.211705e+001
    endloop
  endfacet
  facet normal  9.569179e-001 -6.862160e-003  2.902773e-001
    outer loop
      vertex -7.452905e+000 -8.080811e-001 -1.122032e+001
      vertex -7.423880e+000 -1.199378e-001 -1.129974e+001
      vertex -7.480785e+000 -1.199378e-001 -1.111214e+001
    endloop
  endfacet
  facet normal  9.259770e-001  4.514960e-003  3.775530e-001
    outer loop
      vertex -7.393365e+000 -8.049826e-001 -1.136638e+001
      vertex -7.423880e+000 -1.199378e-001 -1.129974e+001
      vertex -7.452905e+000 -8.080811e-001 -1.122032e+001
    endloop
  endfacet
  facet normal  8.819019e-001 -6.577379e-003  4.713871e-001
    outer loop
      vertex -7.331470e+000 -1.199378e-001 -1.147262e+001
      vertex -7.423880e+000 -1.199378e-001 -1.129974e+001
      vertex -7.393365e+000 -8.049826e-001 -1.136638e+001
    endloop
  endfacet
  facet normal  6.518623e-001  4.074597e-004  7.583371e-001
    outer loop
      vertex -7.207107e+000 -1.199378e-001 -1.162416e+001
      vertex -7.209643e+000 -7.995683e-001 -1.162161e+001
      vertex -7.090029e+000 -7.973871e-001 -1.172443e+001
    endloop
  endfacet
  facet normal  6.343865e-001 -4.783266e-003  7.730011e-001
    outer loop
      vertex -7.090029e+000 -7.973871e-001 -1.172443e+001
      vertex -7.055570e+000 -1.199378e-001 -1.174852e+001
      vertex -7.207107e+000 -1.199378e-001 -1.162416e+001
    endloop
  endfacet
  facet normal  5.244803e-001  3.595371e-003  8.514151e-001
    outer loop
      vertex -7.055570e+000 -1.199378e-001 -1.174852e+001
      vertex -7.090029e+000 -7.973871e-001 -1.172443e+001
      vertex -6.955733e+000 -7.956320e-001 -1.180717e+001
    endloop
  endfacet
  facet normal  4.713861e-001 -6.895479e-003  8.819000e-001
    outer loop
      vertex -6.955733e+000 -7.956320e-001 -1.180717e+001
      vertex -6.882683e+000 -1.199378e-001 -1.184093e+001
      vertex -7.055570e+000 -1.199378e-001 -1.174852e+001
    endloop
  endfacet
  facet normal  3.841480e-001  4.602601e-003  9.232601e-001
    outer loop
      vertex -6.810260e+000 -7.943479e-001 -1.186770e+001
      vertex -6.882683e+000 -1.199378e-001 -1.184093e+001
      vertex -6.955733e+000 -7.956320e-001 -1.180717e+001
    endloop
  endfacet
  facet normal  2.902781e-001 -6.813909e-003  9.569181e-001
    outer loop
      vertex -6.695090e+000 -1.199378e-001 -1.189784e+001
      vertex -6.882683e+000 -1.199378e-001 -1.184093e+001
      vertex -6.810260e+000 -7.943479e-001 -1.186770e+001
    endloop
  endfacet
  facet normal  9.738294e-001  3.731168e-003  2.272496e-001
    outer loop
      vertex -7.452905e+000 -8.080811e-001 -1.122032e+001
      vertex -7.480785e+000 -1.199378e-001 -1.111214e+001
      vertex -7.488737e+000 -8.113396e-001 -1.106672e+001
    endloop
  endfacet
  facet normal  9.951723e-001 -5.005020e-003  9.801548e-002
    outer loop
      vertex -7.488737e+000 -8.113396e-001 -1.106672e+001
      vertex -7.480785e+000 -1.199378e-001 -1.111214e+001
      vertex -7.500000e+000 -1.199378e-001 -1.091705e+001
    endloop
  endfacet
  facet normal  9.971801e-001  0.000000e+000  7.504506e-002
    outer loop
      vertex -7.488737e+000 -8.113396e-001 -1.106672e+001
      vertex -7.500000e+000 -1.199378e-001 -1.091705e+001
      vertex -7.500000e+000 -8.145145e-001 -1.091705e+001
    endloop
  endfacet
  facet normal  8.551118e-001  3.139387e-003  5.184341e-001
    outer loop
      vertex -7.393365e+000 -8.049826e-001 -1.136638e+001
      vertex -7.311597e+000 -8.021212e-001 -1.150127e+001
      vertex -7.331470e+000 -1.199378e-001 -1.147262e+001
    endloop
  endfacet
  facet normal  7.630382e-001 -4.913587e-003  6.463346e-001
    outer loop
      vertex -7.331470e+000 -1.199378e-001 -1.147262e+001
      vertex -7.311597e+000 -8.021212e-001 -1.150127e+001
      vertex -7.209643e+000 -7.995683e-001 -1.162161e+001
    endloop
  endfacet
  facet normal  7.730089e-001 -5.088333e-004  6.343949e-001
    outer loop
      vertex -7.331470e+000 -1.199378e-001 -1.147262e+001
      vertex -7.209643e+000 -7.995683e-001 -1.162161e+001
      vertex -7.207107e+000 -1.199378e-001 -1.162416e+001
    endloop
  endfacet
  facet normal  2.343848e-001  3.411125e-003  9.721379e-001
    outer loop
      vertex -6.810260e+000 -7.943479e-001 -1.186770e+001
      vertex -6.657080e+000 -7.935644e-001 -1.190464e+001
      vertex -6.695090e+000 -1.199378e-001 -1.189784e+001
    endloop
  endfacet
  facet normal  7.879204e-002 -5.618107e-003  9.968753e-001
    outer loop
      vertex -6.695090e+000 -1.199378e-001 -1.189784e+001
      vertex -6.657080e+000 -7.935644e-001 -1.190464e+001
      vertex -6.500000e+000 -7.933010e-001 -1.191705e+001
    endloop
  endfacet
  facet normal  9.801670e-002  -0.000000e+000  9.951847e-001
    outer loop
      vertex -6.695090e+000 -1.199378e-001 -1.189784e+001
      vertex -6.500000e+000 -7.933010e-001 -1.191705e+001
      vertex -6.500000e+000 -1.199378e-001 -1.191705e+001
    endloop
  endfacet
  facet normal  1.000000e+000  0.000000e+000  0.000000e+000
    outer loop
      vertex -2.900000e+000 -9.000000e-001  2.180000e+000
      vertex -2.900000e+000 -1.700000e+000 -1.417511e+000
      vertex -2.900000e+000 -9.000000e-001 -1.417511e+000
    endloop
  endfacet
  facet normal  1.000000e+000  0.000000e+000  -0.000000e+000
    outer loop
      vertex -2.900000e+000 -1.030754e+000 -8.748230e+000
      vertex -2.900000e+000 -8.526986e-001 -9.117052e+000
      vertex -2.900000e+000 -2.241474e-001 -9.117052e+000
    endloop
  endfacet
  facet normal  1.000000e+000  0.000000e+000  -0.000000e+000
    outer loop
      vertex -2.900000e+000 -1.030754e+000 -8.748230e+000
      vertex -2.900000e+000 -2.241474e-001 -9.117052e+000
      vertex -2.900000e+000 -2.241474e-001 -8.917052e+000
    endloop
  endfacet
  facet normal  1.000000e+000  0.000000e+000  -0.000000e+000
    outer loop
      vertex -2.900000e+000 -1.030754e+000 -8.748230e+000
      vertex -2.900000e+000 -2.241474e-001 -8.917052e+000
      vertex -2.900000e+000  6.989013e+000 -8.917052e+000
    endloop
  endfacet
  facet normal  1.000000e+000  0.000000e+000  -0.000000e+000
    outer loop
      vertex -2.900000e+000 -1.030754e+000 -8.748230e+000
      vertex -2.900000e+000  6.989013e+000 -8.917052e+000
      vertex -2.900000e+000  6.989013e+000 -7.917052e+000
    endloop
  endfacet
  facet normal  1.000000e+000  0.000000e+000  0.000000e+000
    outer loop
      vertex -2.900000e+000 -1.030754e+000 -8.748230e+000
      vertex -2.900000e+000  6.989013e+000 -7.917052e+000
      vertex -2.900000e+000 -2.241474e-001 -7.917052e+000
    endloop
  endfacet
  facet normal  1.000000e+000  0.000000e+000  0.000000e+000
    outer loop
      vertex -2.900000e+000 -1.030754e+000 -8.748230e+000
      vertex -2.900000e+000 -2.241474e-001 -7.917052e+000
      vertex -2.900000e+000 -3.659868e-001 -7.917052e+000
    endloop
  endfacet
  facet normal  1.000000e+000  0.000000e+000  0.000000e+000
    outer loop
      vertex -2.900000e+000 -1.030754e+000 -8.748230e+000
      vertex -2.900000e+000 -3.659868e-001 -7.917052e+000
      vertex -2.900000e+000 -1.700000e+000 -5.153786e+000
    endloop
  endfacet
  facet normal  1.000000e+000  0.000000e+000  0.000000e+000
    outer loop
      vertex -2.900000e+000 -1.030754e+000 -8.748230e+000
      vertex -2.900000e+000 -1.700000e+000 -5.153786e+000
      vertex -2.900000e+000 -2.992275e+000 -4.685146e+000
    endloop
  endfacet
  facet normal  1.000000e+000  0.000000e+000  0.000000e+000
    outer loop
      vertex -2.900000e+000 -2.992275e+000  3.336625e+000
      vertex -2.900000e+000 -2.992275e+000 -4.091547e+000
      vertex -2.900000e+000 -1.700000e+000 -3.860000e+000
    endloop
  endfacet
  facet normal  9.999999e-001  0.000000e+000  -0.000000e+000
    outer loop
      vertex -2.900000e+000 -2.992275e+000  3.336625e+000
      vertex -2.900000e+000 -1.700000e+000 -3.860000e+000
      vertex -2.900000e+000 -1.700000e+000 -1.417511e+000
    endloop
  endfacet
  facet normal  1.000000e+000  0.000000e+000  -0.000000e+000
    outer loop
      vertex -2.900000e+000 -2.992275e+000  3.336625e+000
      vertex -2.900000e+000 -1.700000e+000 -1.417511e+000
      vertex -2.900000e+000 -9.000000e-001  2.180000e+000
    endloop
  endfacet
  facet normal  1.000000e+000  0.000000e+000  -0.000000e+000
    outer loop
      vertex -2.900000e+000 -2.992275e+000  3.336625e+000
      vertex -2.900000e+000 -9.000000e-001  2.180000e+000
      vertex -2.900000e+000  1.000000e+000  2.180000e+000
    endloop
  endfacet
  facet normal  9.999999e-001  0.000000e+000  -0.000000e+000
    outer loop
      vertex -2.900000e+000 -2.992275e+000  3.336625e+000
      vertex -2.900000e+000  1.000000e+000  2.180000e+000
      vertex -2.900000e+000  1.800000e+000  3.336625e+000
    endloop
  endfacet
  facet normal  9.999999e-001  0.000000e+000  0.000000e+000
    outer loop
      vertex -2.900000e+000 -2.992275e+000 -4.091547e+000
      vertex -2.900000e+000 -2.992275e+000 -4.685146e+000
      vertex -2.900000e+000 -1.700000e+000 -3.860000e+000
    endloop
  endfacet
  facet normal  1.000000e+000  0.000000e+000  0.000000e+000
    outer loop
      vertex -2.900000e+000 -1.700000e+000 -3.860000e+000
      vertex -2.900000e+000 -2.992275e+000 -4.685146e+000
      vertex -2.900000e+000 -1.700000e+000 -5.153786e+000
    endloop
  endfacet
  facet normal  9.999999e-001  0.000000e+000  0.000000e+000
    outer loop
      vertex -2.900000e+000  1.000000e+000  1.200000e+000
      vertex -2.900000e+000  1.800000e+000  1.200000e+000
      vertex -2.900000e+000  1.000000e+000  2.180000e+000
    endloop
  endfacet
  facet normal  9.999999e-001  -0.000000e+000  0.000000e+000
    outer loop
      vertex -2.900000e+000  1.000000e+000  2.180000e+000
      vertex -2.900000e+000  1.800000e+000  1.200000e+000
      vertex -2.900000e+000  1.800000e+000  3.336625e+000
    endloop
  endfacet
  facet normal  0.000000e+000 -1.000000e+000  0.000000e+000
    outer loop
      vertex -2.900000e+000 -2.992275e+000 -4.091547e+000
      vertex -8.000000e+000 -2.992275e+000 -4.091547e+000
      vertex -2.900000e+000 -2.992275e+000 -4.685146e+000
    endloop
  endfacet
  facet normal  0.000000e+000 -1.000000e+000  0.000000e+000
    outer loop
      vertex -2.900000e+000 -2.992275e+000 -4.685146e+000
      vertex -8.000000e+000 -2.992275e+000 -4.091547e+000
      vertex -8.000000e+000 -2.992275e+000 -4.685146e+000
    endloop
  endfacet
  facet normal  0.000000e+000  1.000000e+000  0.000000e+000
    outer loop
      vertex -7.500000e+000  6.989013e+000 -7.917052e+000
      vertex -2.900000e+000  6.989013e+000 -7.917052e+000
      vertex -7.500000e+000  6.989013e+000 -8.917052e+000
    endloop
  endfacet
  facet normal  0.000000e+000  1.000000e+000  0.000000e+000
    outer loop
      vertex -7.500000e+000  6.989013e+000 -8.917052e+000
      vertex -2.900000e+000  6.989013e+000 -7.917052e+000
      vertex -2.900000e+000  6.989013e+000 -8.917052e+000
    endloop
  endfacet
  facet normal  0.000000e+000  0.000000e+000  9.999999e-001
    outer loop
      vertex -2.900000e+000 -2.241474e-001 -7.917052e+000
      vertex -2.900000e+000  6.989013e+000 -7.917052e+000
      vertex -7.500000e+000 -2.241474e-001 -7.917052e+000
    endloop
  endfacet
  facet normal  0.000000e+000  0.000000e+000  9.999999e-001
    outer loop
      vertex -7.500000e+000 -2.241474e-001 -7.917052e+000
      vertex -2.900000e+000  6.989013e+000 -7.917052e+000
      vertex -7.500000e+000  6.989013e+000 -7.917052e+000
    endloop
  endfacet
  facet normal  0.000000e+000  0.000000e+000  1.000000e+000
    outer loop
      vertex -2.900000e+000 -3.659868e-001 -7.917052e+000
      vertex -2.900000e+000 -2.241474e-001 -7.917052e+000
      vertex -7.500000e+000 -3.659868e-001 -7.917052e+000
    endloop
  endfacet
  facet normal  0.000000e+000  0.000000e+000  1.000000e+000
    outer loop
      vertex -7.500000e+000 -3.659868e-001 -7.917052e+000
      vertex -2.900000e+000 -2.241474e-001 -7.917052e+000
      vertex -7.500000e+000 -2.241474e-001 -7.917052e+000
    endloop
  endfacet
  facet normal  0.000000e+000  9.005488e-001  4.347550e-001
    outer loop
      vertex -7.500000e+000 -1.700000e+000 -5.153786e+000
      vertex -2.900000e+000 -1.700000e+000 -5.153786e+000
      vertex -7.500000e+000 -3.659868e-001 -7.917052e+000
    endloop
  endfacet
  facet normal  -0.000000e+000  9.005488e-001  4.347550e-001
    outer loop
      vertex -7.500000e+000 -3.659868e-001 -7.917052e+000
      vertex -2.900000e+000 -1.700000e+000 -5.153786e+000
      vertex -2.900000e+000 -3.659868e-001 -7.917052e+000
    endloop
  endfacet
  facet normal  0.000000e+000  1.000000e+000  0.000000e+000
    outer loop
      vertex -7.500000e+000 -1.700000e+000 -3.860000e+000
      vertex -2.900000e+000 -1.700000e+000 -3.860000e+000
      vertex -7.500000e+000 -1.700000e+000 -5.153786e+000
    endloop
  endfacet
  facet normal  0.000000e+000  1.000000e+000  0.000000e+000
    outer loop
      vertex -7.500000e+000 -1.700000e+000 -5.153786e+000
      vertex -2.900000e+000 -1.700000e+000 -3.860000e+000
      vertex -2.900000e+000 -1.700000e+000 -5.153786e+000
    endloop
  endfacet
  facet normal  1.554904e-007  1.000000e+000 -2.928388e-007
    outer loop
      vertex -7.500000e+000 -1.699999e+000 -1.417511e+000
      vertex -2.900000e+000 -1.700000e+000 -1.417511e+000
      vertex -7.500000e+000 -1.700000e+000 -3.860000e+000
    endloop
  endfacet
  facet normal  0.000000e+000  1.000000e+000  0.000000e+000
    outer loop
      vertex -7.500000e+000 -1.700000e+000 -3.860000e+000
      vertex -2.900000e+000 -1.700000e+000 -1.417511e+000
      vertex -2.900000e+000 -1.700000e+000 -3.860000e+000
    endloop
  endfacet
  facet normal  -0.000000e+000  0.000000e+000 -1.000000e+000
    outer loop
      vertex -7.500000e+000 -9.000000e-001 -1.417511e+000
      vertex -2.900000e+000 -9.000000e-001 -1.417511e+000
      vertex -7.500000e+000 -1.699999e+000 -1.417511e+000
    endloop
  endfacet
  facet normal  0.000000e+000  0.000000e+000 -9.999999e-001
    outer loop
      vertex -7.500000e+000 -1.699999e+000 -1.417511e+000
      vertex -2.900000e+000 -9.000000e-001 -1.417511e+000
      vertex -2.900000e+000 -1.700000e+000 -1.417511e+000
    endloop
  endfacet
  facet normal  0.000000e+000 -7.071068e-001 -7.071068e-001
    outer loop
      vertex -7.500000e+000  1.000000e+000 -4.769911e+000
      vertex -7.500000e+000  2.619644e+000 -6.389555e+000
      vertex -2.900000e+000  1.000000e+000 -4.769911e+000
    endloop
  endfacet
  facet normal  0.000000e+000 -7.071068e-001 -7.071068e-001
    outer loop
      vertex -2.900000e+000  1.000000e+000 -4.769911e+000
      vertex -7.500000e+000  2.619644e+000 -6.389555e+000
      vertex -2.900000e+000  2.619644e+000 -6.389555e+000
    endloop
  endfacet
  facet normal  0.000000e+000  0.000000e+000 -1.000000e+000
    outer loop
      vertex -2.900000e+000  2.619644e+000 -6.389555e+000
      vertex -7.500000e+000  2.619644e+000 -6.389555e+000
      vertex -2.900000e+000  1.444000e+001 -6.389555e+000
    endloop
  endfacet
  facet normal  -0.000000e+000  0.000000e+000 -1.000000e+000
    outer loop
      vertex -2.900000e+000  1.444000e+001 -6.389555e+000
      vertex -7.500000e+000  2.619644e+000 -6.389555e+000
      vertex -7.500000e+000  1.444000e+001 -6.389555e+000
    endloop
  endfacet
endsolid CATIA STL
