solid CATIA STL
  facet normal  1.000000e+000  0.000000e+000  0.000000e+000
    outer loop
      vertex  1.100000e+001  6.000000e+000  2.592424e+001
      vertex  1.100000e+001  6.000000e+000  4.792424e+001
      vertex  1.100000e+001  2.725715e+000  4.792424e+001
    endloop
  endfacet
  facet normal  1.000000e+000  0.000000e+000  0.000000e+000
    outer loop
      vertex  1.100000e+001  6.000000e+000  2.592424e+001
      vertex  1.100000e+001  2.725715e+000  4.792424e+001
      vertex  1.100000e+001  1.500000e+000  4.792424e+001
    endloop
  endfacet
  facet normal  1.000000e+000  0.000000e+000  0.000000e+000
    outer loop
      vertex  1.100000e+001  6.000000e+000  2.592424e+001
      vertex  1.100000e+001  1.500000e+000  4.792424e+001
      vertex  1.100000e+001 -1.500000e+000  4.792424e+001
    endloop
  endfacet
  facet normal  1.000000e+000  0.000000e+000  0.000000e+000
    outer loop
      vertex  1.100000e+001  6.000000e+000  2.592424e+001
      vertex  1.100000e+001 -1.500000e+000  4.792424e+001
      vertex  1.100000e+001  1.385819e+000  3.507429e+001
    endloop
  endfacet
  facet normal  1.000000e+000  0.000000e+000  0.000000e+000
    outer loop
      vertex  1.100000e+001  6.000000e+000  2.592424e+001
      vertex  1.100000e+001  1.385819e+000  3.507429e+001
      vertex  1.100000e+001  1.471178e+000  3.479290e+001
    endloop
  endfacet
  facet normal  9.999999e-001  0.000000e+000  0.000000e+000
    outer loop
      vertex  1.100000e+001  6.000000e+000  2.592424e+001
      vertex  1.100000e+001  1.471178e+000  3.479290e+001
      vertex  1.100000e+001  1.500000e+000  3.450027e+001
    endloop
  endfacet
  facet normal  9.999999e-001  0.000000e+000  0.000000e+000
    outer loop
      vertex  1.100000e+001  6.000000e+000  2.592424e+001
      vertex  1.100000e+001  1.500000e+000  3.450027e+001
      vertex  1.100000e+001  1.471178e+000  3.420763e+001
    endloop
  endfacet
  facet normal  1.000000e+000  0.000000e+000  0.000000e+000
    outer loop
      vertex  1.100000e+001  6.000000e+000  2.592424e+001
      vertex  1.100000e+001  1.471178e+000  3.420763e+001
      vertex  1.100000e+001  1.385819e+000  3.392624e+001
    endloop
  endfacet
  facet normal  1.000000e+000  0.000000e+000  0.000000e+000
    outer loop
      vertex  1.100000e+001  6.000000e+000  2.592424e+001
      vertex  1.100000e+001  1.385819e+000  3.392624e+001
      vertex  1.100000e+001  1.247204e+000  3.366691e+001
    endloop
  endfacet
  facet normal  1.000000e+000  0.000000e+000  0.000000e+000
    outer loop
      vertex  1.100000e+001  6.000000e+000  2.592424e+001
      vertex  1.100000e+001  1.247204e+000  3.366691e+001
      vertex  1.100000e+001  1.060660e+000  3.343961e+001
    endloop
  endfacet
  facet normal  1.000000e+000  0.000000e+000  0.000000e+000
    outer loop
      vertex  1.100000e+001  6.000000e+000  2.592424e+001
      vertex  1.100000e+001  1.060660e+000  3.343961e+001
      vertex  1.100000e+001  8.333554e-001  3.325306e+001
    endloop
  endfacet
  facet normal  1.000000e+000  0.000000e+000  0.000000e+000
    outer loop
      vertex  1.100000e+001  6.000000e+000  2.592424e+001
      vertex  1.100000e+001  8.333554e-001  3.325306e+001
      vertex  1.100000e+001  5.740252e-001  3.311445e+001
    endloop
  endfacet
  facet normal  1.000000e+000  0.000000e+000  0.000000e+000
    outer loop
      vertex  1.100000e+001  6.000000e+000  2.592424e+001
      vertex  1.100000e+001  5.740252e-001  3.311445e+001
      vertex  1.100000e+001  2.926355e-001  3.302909e+001
    endloop
  endfacet
  facet normal  1.000000e+000  0.000000e+000  0.000000e+000
    outer loop
      vertex  1.100000e+001  6.000000e+000  2.592424e+001
      vertex  1.100000e+001  2.926355e-001  3.302909e+001
      vertex  1.100000e+001 -5.971989e-015  3.300027e+001
    endloop
  endfacet
  facet normal  9.999999e-001  0.000000e+000  0.000000e+000
    outer loop
      vertex  1.100000e+001  6.000000e+000  2.592424e+001
      vertex  1.100000e+001 -5.971989e-015  3.300027e+001
      vertex  1.100000e+001 -1.500000e+000  2.442424e+001
    endloop
  endfacet
  facet normal  1.000000e+000  0.000000e+000  0.000000e+000
    outer loop
      vertex  1.100000e+001  6.000000e+000  2.592424e+001
      vertex  1.100000e+001 -1.500000e+000  2.442424e+001
      vertex  1.100000e+001  1.500000e+000  2.442424e+001
    endloop
  endfacet
  facet normal  1.000000e+000  0.000000e+000  0.000000e+000
    outer loop
      vertex  1.100000e+001  6.000000e+000  2.592424e+001
      vertex  1.100000e+001  1.500000e+000  2.442424e+001
      vertex  1.100000e+001  2.725715e+000  2.442424e+001
    endloop
  endfacet
  facet normal  1.000000e+000  0.000000e+000  0.000000e+000
    outer loop
      vertex  1.100000e+001  6.000000e+000  2.592424e+001
      vertex  1.100000e+001  2.725715e+000  2.442424e+001
      vertex  1.100000e+001  6.000000e+000  2.442424e+001
    endloop
  endfacet
  facet normal  1.000000e+000  0.000000e+000  0.000000e+000
    outer loop
      vertex  1.100000e+001 -2.725715e+000  2.442424e+001
      vertex  1.100000e+001 -2.725715e+000  2.192424e+001
      vertex  1.100000e+001 -1.500000e+000  2.292424e+001
    endloop
  endfacet
  facet normal  1.000000e+000  0.000000e+000  -0.000000e+000
    outer loop
      vertex  1.100000e+001 -2.725715e+000  2.442424e+001
      vertex  1.100000e+001 -1.500000e+000  2.292424e+001
      vertex  1.100000e+001 -1.500000e+000  2.442424e+001
    endloop
  endfacet
  facet normal  1.000000e+000  0.000000e+000  -0.000000e+000
    outer loop
      vertex  1.100000e+001 -2.725715e+000  2.442424e+001
      vertex  1.100000e+001 -1.500000e+000  2.442424e+001
      vertex  1.100000e+001 -5.971989e-015  3.300027e+001
    endloop
  endfacet
  facet normal  1.000000e+000  0.000000e+000  0.000000e+000
    outer loop
      vertex  1.100000e+001 -2.725715e+000  2.442424e+001
      vertex  1.100000e+001 -5.971989e-015  3.300027e+001
      vertex  1.100000e+001 -6.000000e+000  2.442424e+001
    endloop
  endfacet
  facet normal  1.000000e+000  -0.000000e+000  0.000000e+000
    outer loop
      vertex  1.100000e+001 -2.725715e+000  4.792424e+001
      vertex  1.100000e+001 -6.000000e+000  4.792424e+001
      vertex  1.100000e+001 -6.000000e+000  2.442424e+001
    endloop
  endfacet
  facet normal  9.999999e-001  0.000000e+000  0.000000e+000
    outer loop
      vertex  1.100000e+001 -2.725715e+000  4.792424e+001
      vertex  1.100000e+001 -6.000000e+000  2.442424e+001
      vertex  1.100000e+001 -1.500000e+000  4.792424e+001
    endloop
  endfacet
  facet normal  1.000000e+000  0.000000e+000  -0.000000e+000
    outer loop
      vertex  1.100000e+001 -2.725715e+000  4.792424e+001
      vertex  1.100000e+001 -1.500000e+000  4.792424e+001
      vertex  1.100000e+001 -1.500000e+000  4.942424e+001
    endloop
  endfacet
  facet normal  1.000000e+000  0.000000e+000  0.000000e+000
    outer loop
      vertex  1.100000e+001 -2.725715e+000  4.792424e+001
      vertex  1.100000e+001 -1.500000e+000  4.942424e+001
      vertex  1.100000e+001 -2.725715e+000  5.042424e+001
    endloop
  endfacet
  facet normal  1.000000e+000  0.000000e+000  0.000000e+000
    outer loop
      vertex  1.100000e+001 -1.500000e+000  4.792424e+001
      vertex  1.100000e+001 -6.000000e+000  2.442424e+001
      vertex  1.100000e+001 -1.385819e+000  3.507429e+001
    endloop
  endfacet
  facet normal  1.000000e+000  0.000000e+000  -0.000000e+000
    outer loop
      vertex  1.100000e+001 -1.500000e+000  4.792424e+001
      vertex  1.100000e+001 -1.385819e+000  3.507429e+001
      vertex  1.100000e+001 -1.247204e+000  3.533362e+001
    endloop
  endfacet
  facet normal  1.000000e+000  0.000000e+000  -0.000000e+000
    outer loop
      vertex  1.100000e+001 -1.500000e+000  4.792424e+001
      vertex  1.100000e+001 -1.247204e+000  3.533362e+001
      vertex  1.100000e+001 -1.060660e+000  3.556093e+001
    endloop
  endfacet
  facet normal  1.000000e+000  0.000000e+000  -0.000000e+000
    outer loop
      vertex  1.100000e+001 -1.500000e+000  4.792424e+001
      vertex  1.100000e+001 -1.060660e+000  3.556093e+001
      vertex  1.100000e+001 -8.333554e-001  3.574747e+001
    endloop
  endfacet
  facet normal  9.999999e-001  0.000000e+000  -0.000000e+000
    outer loop
      vertex  1.100000e+001 -1.500000e+000  4.792424e+001
      vertex  1.100000e+001 -8.333554e-001  3.574747e+001
      vertex  1.100000e+001 -5.740252e-001  3.588609e+001
    endloop
  endfacet
  facet normal  1.000000e+000  0.000000e+000  -0.000000e+000
    outer loop
      vertex  1.100000e+001 -1.500000e+000  4.792424e+001
      vertex  1.100000e+001 -5.740252e-001  3.588609e+001
      vertex  1.100000e+001 -2.926355e-001  3.597144e+001
    endloop
  endfacet
  facet normal  1.000000e+000  0.000000e+000  -0.000000e+000
    outer loop
      vertex  1.100000e+001 -1.500000e+000  4.792424e+001
      vertex  1.100000e+001 -2.926355e-001  3.597144e+001
      vertex  1.100000e+001  3.123763e-015  3.600027e+001
    endloop
  endfacet
  facet normal  1.000000e+000  -0.000000e+000  -0.000000e+000
    outer loop
      vertex  1.100000e+001 -1.500000e+000  4.792424e+001
      vertex  1.100000e+001  3.123763e-015  3.600027e+001
      vertex  1.100000e+001  2.926355e-001  3.597144e+001
    endloop
  endfacet
  facet normal  1.000000e+000  -0.000000e+000  -0.000000e+000
    outer loop
      vertex  1.100000e+001 -1.500000e+000  4.792424e+001
      vertex  1.100000e+001  2.926355e-001  3.597144e+001
      vertex  1.100000e+001  5.740252e-001  3.588609e+001
    endloop
  endfacet
  facet normal  1.000000e+000  -0.000000e+000  -0.000000e+000
    outer loop
      vertex  1.100000e+001 -1.500000e+000  4.792424e+001
      vertex  1.100000e+001  5.740252e-001  3.588609e+001
      vertex  1.100000e+001  8.333554e-001  3.574747e+001
    endloop
  endfacet
  facet normal  1.000000e+000  -0.000000e+000  -0.000000e+000
    outer loop
      vertex  1.100000e+001 -1.500000e+000  4.792424e+001
      vertex  1.100000e+001  8.333554e-001  3.574747e+001
      vertex  1.100000e+001  1.060660e+000  3.556093e+001
    endloop
  endfacet
  facet normal  1.000000e+000  -0.000000e+000  -0.000000e+000
    outer loop
      vertex  1.100000e+001 -1.500000e+000  4.792424e+001
      vertex  1.100000e+001  1.060660e+000  3.556093e+001
      vertex  1.100000e+001  1.247204e+000  3.533362e+001
    endloop
  endfacet
  facet normal  1.000000e+000  -0.000000e+000  -0.000000e+000
    outer loop
      vertex  1.100000e+001 -1.500000e+000  4.792424e+001
      vertex  1.100000e+001  1.247204e+000  3.533362e+001
      vertex  1.100000e+001  1.385819e+000  3.507429e+001
    endloop
  endfacet
  facet normal  9.999999e-001  0.000000e+000  0.000000e+000
    outer loop
      vertex  1.100000e+001 -6.000000e+000  2.442424e+001
      vertex  1.100000e+001 -5.971989e-015  3.300027e+001
      vertex  1.100000e+001 -2.926355e-001  3.302909e+001
    endloop
  endfacet
  facet normal  1.000000e+000  0.000000e+000  0.000000e+000
    outer loop
      vertex  1.100000e+001 -6.000000e+000  2.442424e+001
      vertex  1.100000e+001 -2.926355e-001  3.302909e+001
      vertex  1.100000e+001 -5.740252e-001  3.311445e+001
    endloop
  endfacet
  facet normal  9.999999e-001  0.000000e+000  0.000000e+000
    outer loop
      vertex  1.100000e+001 -6.000000e+000  2.442424e+001
      vertex  1.100000e+001 -5.740252e-001  3.311445e+001
      vertex  1.100000e+001 -8.333554e-001  3.325306e+001
    endloop
  endfacet
  facet normal  9.999999e-001  0.000000e+000  0.000000e+000
    outer loop
      vertex  1.100000e+001 -6.000000e+000  2.442424e+001
      vertex  1.100000e+001 -8.333554e-001  3.325306e+001
      vertex  1.100000e+001 -1.060660e+000  3.343961e+001
    endloop
  endfacet
  facet normal  1.000000e+000  0.000000e+000  0.000000e+000
    outer loop
      vertex  1.100000e+001 -6.000000e+000  2.442424e+001
      vertex  1.100000e+001 -1.060660e+000  3.343961e+001
      vertex  1.100000e+001 -1.247204e+000  3.366691e+001
    endloop
  endfacet
  facet normal  1.000000e+000  0.000000e+000  0.000000e+000
    outer loop
      vertex  1.100000e+001 -6.000000e+000  2.442424e+001
      vertex  1.100000e+001 -1.247204e+000  3.366691e+001
      vertex  1.100000e+001 -1.385819e+000  3.392624e+001
    endloop
  endfacet
  facet normal  1.000000e+000  0.000000e+000  0.000000e+000
    outer loop
      vertex  1.100000e+001 -6.000000e+000  2.442424e+001
      vertex  1.100000e+001 -1.385819e+000  3.392624e+001
      vertex  1.100000e+001 -1.471178e+000  3.420763e+001
    endloop
  endfacet
  facet normal  1.000000e+000  0.000000e+000  0.000000e+000
    outer loop
      vertex  1.100000e+001 -6.000000e+000  2.442424e+001
      vertex  1.100000e+001 -1.471178e+000  3.420763e+001
      vertex  1.100000e+001 -1.500000e+000  3.450027e+001
    endloop
  endfacet
  facet normal  1.000000e+000  0.000000e+000  -0.000000e+000
    outer loop
      vertex  1.100000e+001 -6.000000e+000  2.442424e+001
      vertex  1.100000e+001 -1.500000e+000  3.450027e+001
      vertex  1.100000e+001 -1.471178e+000  3.479290e+001
    endloop
  endfacet
  facet normal  1.000000e+000  0.000000e+000  -0.000000e+000
    outer loop
      vertex  1.100000e+001 -6.000000e+000  2.442424e+001
      vertex  1.100000e+001 -1.471178e+000  3.479290e+001
      vertex  1.100000e+001 -1.385819e+000  3.507429e+001
    endloop
  endfacet
  facet normal  1.000000e+000  -0.000000e+000  0.000000e+000
    outer loop
      vertex  1.100000e+001  2.725715e+000  2.442424e+001
      vertex  1.100000e+001  1.500000e+000  2.442424e+001
      vertex  1.100000e+001  2.725715e+000  2.192424e+001
    endloop
  endfacet
  facet normal  1.000000e+000  0.000000e+000  0.000000e+000
    outer loop
      vertex  1.100000e+001  2.725715e+000  2.192424e+001
      vertex  1.100000e+001  1.500000e+000  2.442424e+001
      vertex  1.100000e+001  1.500000e+000  2.292424e+001
    endloop
  endfacet
  facet normal  1.000000e+000  0.000000e+000  0.000000e+000
    outer loop
      vertex  1.100000e+001  2.725715e+000  2.192424e+001
      vertex  1.100000e+001  1.500000e+000  2.292424e+001
      vertex  1.100000e+001 -2.725715e+000  2.192424e+001
    endloop
  endfacet
  facet normal  1.000000e+000  0.000000e+000  0.000000e+000
    outer loop
      vertex  1.100000e+001 -2.725715e+000  2.192424e+001
      vertex  1.100000e+001  1.500000e+000  2.292424e+001
      vertex  1.100000e+001 -1.500000e+000  2.292424e+001
    endloop
  endfacet
  facet normal  1.000000e+000  0.000000e+000  0.000000e+000
    outer loop
      vertex  1.100000e+001  1.500000e+000  4.792424e+001
      vertex  1.100000e+001  2.725715e+000  4.792424e+001
      vertex  1.100000e+001  1.500000e+000  4.942424e+001
    endloop
  endfacet
  facet normal  1.000000e+000  -0.000000e+000  0.000000e+000
    outer loop
      vertex  1.100000e+001  1.500000e+000  4.942424e+001
      vertex  1.100000e+001  2.725715e+000  4.792424e+001
      vertex  1.100000e+001  2.725715e+000  5.042424e+001
    endloop
  endfacet
  facet normal  1.000000e+000  0.000000e+000  0.000000e+000
    outer loop
      vertex  1.100000e+001  1.500000e+000  4.942424e+001
      vertex  1.100000e+001  2.725715e+000  5.042424e+001
      vertex  1.100000e+001 -1.500000e+000  4.942424e+001
    endloop
  endfacet
  facet normal  1.000000e+000  0.000000e+000  -0.000000e+000
    outer loop
      vertex  1.100000e+001 -1.500000e+000  4.942424e+001
      vertex  1.100000e+001  2.725715e+000  5.042424e+001
      vertex  1.100000e+001 -2.725715e+000  5.042424e+001
    endloop
  endfacet
  facet normal  0.000000e+000 -1.000000e+000  0.000000e+000
    outer loop
      vertex  1.060000e+001 -2.725715e+000  2.192424e+001
      vertex  1.100000e+001 -2.725715e+000  2.192424e+001
      vertex  1.060000e+001 -2.725715e+000  2.442424e+001
    endloop
  endfacet
  facet normal  0.000000e+000 -1.000000e+000  0.000000e+000
    outer loop
      vertex  1.060000e+001 -2.725715e+000  2.442424e+001
      vertex  1.100000e+001 -2.725715e+000  2.192424e+001
      vertex  1.100000e+001 -2.725715e+000  2.442424e+001
    endloop
  endfacet
  facet normal  0.000000e+000  1.000000e+000  0.000000e+000
    outer loop
      vertex  1.060000e+001  2.725715e+000  2.442424e+001
      vertex  1.100000e+001  2.725715e+000  2.442424e+001
      vertex  1.060000e+001  2.725715e+000  2.192424e+001
    endloop
  endfacet
  facet normal  0.000000e+000  1.000000e+000  0.000000e+000
    outer loop
      vertex  1.060000e+001  2.725715e+000  2.192424e+001
      vertex  1.100000e+001  2.725715e+000  2.442424e+001
      vertex  1.100000e+001  2.725715e+000  2.192424e+001
    endloop
  endfacet
  facet normal  0.000000e+000  1.000000e+000  0.000000e+000
    outer loop
      vertex  1.060000e+001 -1.500000e+000  2.292424e+001
      vertex  1.060000e+001 -1.500000e+000  2.442424e+001
      vertex  1.100000e+001 -1.500000e+000  2.292424e+001
    endloop
  endfacet
  facet normal  0.000000e+000  1.000000e+000  -0.000000e+000
    outer loop
      vertex  1.100000e+001 -1.500000e+000  2.292424e+001
      vertex  1.060000e+001 -1.500000e+000  2.442424e+001
      vertex  1.100000e+001 -1.500000e+000  2.442424e+001
    endloop
  endfacet
  facet normal  0.000000e+000 -1.000000e+000  0.000000e+000
    outer loop
      vertex  1.060000e+001  1.500000e+000  2.442424e+001
      vertex  1.060000e+001  1.500000e+000  2.292424e+001
      vertex  1.100000e+001  1.500000e+000  2.442424e+001
    endloop
  endfacet
  facet normal  0.000000e+000 -1.000000e+000  -0.000000e+000
    outer loop
      vertex  1.100000e+001  1.500000e+000  2.442424e+001
      vertex  1.060000e+001  1.500000e+000  2.292424e+001
      vertex  1.100000e+001  1.500000e+000  2.292424e+001
    endloop
  endfacet
  facet normal  0.000000e+000  0.000000e+000 -1.000000e+000
    outer loop
      vertex -1.847759e+000  7.653669e-001  2.442424e+001
      vertex -4.177220e+000  8.680363e-001  2.442424e+001
      vertex -1.662939e+000  1.111140e+000  2.442424e+001
    endloop
  endfacet
  facet normal  0.000000e+000  0.000000e+000 -1.000000e+000
    outer loop
      vertex  7.000000e+000 -6.000000e+000  2.442424e+001
      vertex -7.837095e-016 -4.266457e+000  2.442424e+001
      vertex  1.100000e+001 -6.000000e+000  2.442424e+001
    endloop
  endfacet
  facet normal  0.000000e+000  0.000000e+000 -1.000000e+000
    outer loop
      vertex  1.060000e+001 -1.500000e+000  2.442424e+001
      vertex -3.673819e-016 -2.000000e+000  2.442424e+001
      vertex  3.901806e-001 -1.961571e+000  2.442424e+001
    endloop
  endfacet
  facet normal  0.000000e+000  0.000000e+000 -9.999999e-001
    outer loop
      vertex  1.060000e+001 -1.500000e+000  2.442424e+001
      vertex  3.901806e-001 -1.961571e+000  2.442424e+001
      vertex  7.653669e-001 -1.847759e+000  2.442424e+001
    endloop
  endfacet
  facet normal  0.000000e+000  0.000000e+000 -9.999999e-001
    outer loop
      vertex  1.060000e+001 -1.500000e+000  2.442424e+001
      vertex  7.653669e-001 -1.847759e+000  2.442424e+001
      vertex  1.111140e+000 -1.662939e+000  2.442424e+001
    endloop
  endfacet
  facet normal  0.000000e+000  0.000000e+000 -1.000000e+000
    outer loop
      vertex  1.060000e+001 -1.500000e+000  2.442424e+001
      vertex  1.111140e+000 -1.662939e+000  2.442424e+001
      vertex  1.414214e+000 -1.414214e+000  2.442424e+001
    endloop
  endfacet
  facet normal  0.000000e+000  0.000000e+000 -1.000000e+000
    outer loop
      vertex  1.060000e+001 -1.500000e+000  2.442424e+001
      vertex  1.414214e+000 -1.414214e+000  2.442424e+001
      vertex  1.662939e+000 -1.111140e+000  2.442424e+001
    endloop
  endfacet
  facet normal  0.000000e+000  0.000000e+000 -1.000000e+000
    outer loop
      vertex  1.060000e+001  2.725715e+000  2.442424e+001
      vertex  1.060000e+001  1.500000e+000  2.442424e+001
      vertex  1.224606e-016  2.000000e+000  2.442424e+001
    endloop
  endfacet
  facet normal  0.000000e+000  0.000000e+000 -1.000000e+000
    outer loop
      vertex  1.060000e+001  2.725715e+000  2.442424e+001
      vertex  1.224606e-016  2.000000e+000  2.442424e+001
      vertex  0.000000e+000  4.266457e+000  2.442424e+001
    endloop
  endfacet
  facet normal  0.000000e+000  0.000000e+000 -1.000000e+000
    outer loop
      vertex  1.060000e+001  2.725715e+000  2.442424e+001
      vertex  0.000000e+000  4.266457e+000  2.442424e+001
      vertex  1.100000e+001  2.725715e+000  2.442424e+001
    endloop
  endfacet
  facet normal  0.000000e+000  0.000000e+000 -1.000000e+000
    outer loop
      vertex  1.224606e-016  2.000000e+000  2.442424e+001
      vertex -3.901806e-001  1.961571e+000  2.442424e+001
      vertex -3.788124e+000  1.962848e+000  2.442424e+001
    endloop
  endfacet
  facet normal  0.000000e+000  0.000000e+000 -1.000000e+000
    outer loop
      vertex  1.224606e-016  2.000000e+000  2.442424e+001
      vertex -3.788124e+000  1.962848e+000  2.442424e+001
      vertex -3.485567e+000  2.460382e+000  2.442424e+001
    endloop
  endfacet
  facet normal  0.000000e+000  0.000000e+000 -1.000000e+000
    outer loop
      vertex  1.224606e-016  2.000000e+000  2.442424e+001
      vertex -3.485567e+000  2.460382e+000  2.442424e+001
      vertex -3.118080e+000  2.912084e+000  2.442424e+001
    endloop
  endfacet
  facet normal  0.000000e+000  0.000000e+000 -1.000000e+000
    outer loop
      vertex  1.224606e-016  2.000000e+000  2.442424e+001
      vertex -3.118080e+000  2.912084e+000  2.442424e+001
      vertex -2.692509e+000  3.309539e+000  2.442424e+001
    endloop
  endfacet
  facet normal  0.000000e+000  0.000000e+000 -1.000000e+000
    outer loop
      vertex  1.224606e-016  2.000000e+000  2.442424e+001
      vertex -2.692509e+000  3.309539e+000  2.442424e+001
      vertex -2.216783e+000  3.645344e+000  2.442424e+001
    endloop
  endfacet
  facet normal  0.000000e+000  0.000000e+000 -1.000000e+000
    outer loop
      vertex  1.224606e-016  2.000000e+000  2.442424e+001
      vertex -2.216783e+000  3.645344e+000  2.442424e+001
      vertex -1.699761e+000  3.913242e+000  2.442424e+001
    endloop
  endfacet
  facet normal  0.000000e+000  0.000000e+000 -1.000000e+000
    outer loop
      vertex  1.224606e-016  2.000000e+000  2.442424e+001
      vertex -1.699761e+000  3.913242e+000  2.442424e+001
      vertex -1.151076e+000  4.108245e+000  2.442424e+001
    endloop
  endfacet
  facet normal  0.000000e+000  0.000000e+000 -1.000000e+000
    outer loop
      vertex  1.224606e-016  2.000000e+000  2.442424e+001
      vertex -1.151076e+000  4.108245e+000  2.442424e+001
      vertex -5.809491e-001  4.226719e+000  2.442424e+001
    endloop
  endfacet
  facet normal  0.000000e+000  0.000000e+000 -1.000000e+000
    outer loop
      vertex  1.224606e-016  2.000000e+000  2.442424e+001
      vertex -5.809491e-001  4.226719e+000  2.442424e+001
      vertex  0.000000e+000  4.266457e+000  2.442424e+001
    endloop
  endfacet
  facet normal  0.000000e+000  -0.000000e+000 -1.000000e+000
    outer loop
      vertex -4.020115e+000  1.428749e+000  2.442424e+001
      vertex -3.788124e+000  1.962848e+000  2.442424e+001
      vertex -3.901806e-001  1.961571e+000  2.442424e+001
    endloop
  endfacet
  facet normal  0.000000e+000  0.000000e+000 -1.000000e+000
    outer loop
      vertex -4.020115e+000  1.428749e+000  2.442424e+001
      vertex -3.901806e-001  1.961571e+000  2.442424e+001
      vertex -7.653669e-001  1.847759e+000  2.442424e+001
    endloop
  endfacet
  facet normal  0.000000e+000  0.000000e+000 -1.000000e+000
    outer loop
      vertex -4.020115e+000  1.428749e+000  2.442424e+001
      vertex -7.653669e-001  1.847759e+000  2.442424e+001
      vertex -1.111140e+000  1.662939e+000  2.442424e+001
    endloop
  endfacet
  facet normal  0.000000e+000  0.000000e+000 -1.000000e+000
    outer loop
      vertex -4.020115e+000  1.428749e+000  2.442424e+001
      vertex -1.111140e+000  1.662939e+000  2.442424e+001
      vertex -1.414214e+000  1.414214e+000  2.442424e+001
    endloop
  endfacet
  facet normal  -0.000000e+000  0.000000e+000 -1.000000e+000
    outer loop
      vertex -4.020115e+000  1.428749e+000  2.442424e+001
      vertex -1.414214e+000  1.414214e+000  2.442424e+001
      vertex -1.662939e+000  1.111140e+000  2.442424e+001
    endloop
  endfacet
  facet normal  -0.000000e+000  0.000000e+000 -1.000000e+000
    outer loop
      vertex -4.020115e+000  1.428749e+000  2.442424e+001
      vertex -1.662939e+000  1.111140e+000  2.442424e+001
      vertex -4.177220e+000  8.680363e-001  2.442424e+001
    endloop
  endfacet
  facet normal  0.000000e+000  0.000000e+000 -1.000000e+000
    outer loop
      vertex -7.837095e-016 -4.266457e+000  2.442424e+001
      vertex -5.809491e-001 -4.226719e+000  2.442424e+001
      vertex -1.151076e+000 -4.108245e+000  2.442424e+001
    endloop
  endfacet
  facet normal  0.000000e+000  0.000000e+000 -1.000000e+000
    outer loop
      vertex -7.837095e-016 -4.266457e+000  2.442424e+001
      vertex -1.151076e+000 -4.108245e+000  2.442424e+001
      vertex -1.699761e+000 -3.913242e+000  2.442424e+001
    endloop
  endfacet
  facet normal  0.000000e+000  0.000000e+000 -1.000000e+000
    outer loop
      vertex -7.837095e-016 -4.266457e+000  2.442424e+001
      vertex -1.699761e+000 -3.913242e+000  2.442424e+001
      vertex -2.216783e+000 -3.645344e+000  2.442424e+001
    endloop
  endfacet
  facet normal  0.000000e+000  0.000000e+000 -1.000000e+000
    outer loop
      vertex -7.837095e-016 -4.266457e+000  2.442424e+001
      vertex -2.216783e+000 -3.645344e+000  2.442424e+001
      vertex -2.692509e+000 -3.309539e+000  2.442424e+001
    endloop
  endfacet
  facet normal  0.000000e+000  0.000000e+000 -1.000000e+000
    outer loop
      vertex -7.837095e-016 -4.266457e+000  2.442424e+001
      vertex -2.692509e+000 -3.309539e+000  2.442424e+001
      vertex -3.118080e+000 -2.912084e+000  2.442424e+001
    endloop
  endfacet
  facet normal  0.000000e+000  0.000000e+000 -1.000000e+000
    outer loop
      vertex -7.837095e-016 -4.266457e+000  2.442424e+001
      vertex -3.118080e+000 -2.912084e+000  2.442424e+001
      vertex -3.485567e+000 -2.460382e+000  2.442424e+001
    endloop
  endfacet
  facet normal  0.000000e+000  0.000000e+000 -9.999999e-001
    outer loop
      vertex -7.837095e-016 -4.266457e+000  2.442424e+001
      vertex -3.485567e+000 -2.460382e+000  2.442424e+001
      vertex -3.673819e-016 -2.000000e+000  2.442424e+001
    endloop
  endfacet
  facet normal  -0.000000e+000  -0.000000e+000 -1.000000e+000
    outer loop
      vertex  1.060000e+001  1.500000e+000  2.442424e+001
      vertex  1.100000e+001  1.500000e+000  2.442424e+001
      vertex  1.100000e+001 -1.500000e+000  2.442424e+001
    endloop
  endfacet
  facet normal  0.000000e+000  0.000000e+000 -1.000000e+000
    outer loop
      vertex  1.060000e+001  1.500000e+000  2.442424e+001
      vertex  1.100000e+001 -1.500000e+000  2.442424e+001
      vertex  1.414214e+000  1.414214e+000  2.442424e+001
    endloop
  endfacet
  facet normal  0.000000e+000  0.000000e+000 -1.000000e+000
    outer loop
      vertex  1.060000e+001  1.500000e+000  2.442424e+001
      vertex  1.414214e+000  1.414214e+000  2.442424e+001
      vertex  1.111140e+000  1.662939e+000  2.442424e+001
    endloop
  endfacet
  facet normal  0.000000e+000  0.000000e+000 -9.999999e-001
    outer loop
      vertex  1.060000e+001  1.500000e+000  2.442424e+001
      vertex  1.111140e+000  1.662939e+000  2.442424e+001
      vertex  7.653669e-001  1.847759e+000  2.442424e+001
    endloop
  endfacet
  facet normal  0.000000e+000  0.000000e+000 -9.999999e-001
    outer loop
      vertex  1.060000e+001  1.500000e+000  2.442424e+001
      vertex  7.653669e-001  1.847759e+000  2.442424e+001
      vertex  3.901806e-001  1.961571e+000  2.442424e+001
    endloop
  endfacet
  facet normal  0.000000e+000  0.000000e+000 -1.000000e+000
    outer loop
      vertex  1.060000e+001  1.500000e+000  2.442424e+001
      vertex  3.901806e-001  1.961571e+000  2.442424e+001
      vertex  1.224606e-016  2.000000e+000  2.442424e+001
    endloop
  endfacet
  facet normal  0.000000e+000  0.000000e+000 -1.000000e+000
    outer loop
      vertex  1.100000e+001 -1.500000e+000  2.442424e+001
      vertex  1.060000e+001 -1.500000e+000  2.442424e+001
      vertex  1.662939e+000 -1.111140e+000  2.442424e+001
    endloop
  endfacet
  facet normal  0.000000e+000  0.000000e+000 -9.999999e-001
    outer loop
      vertex  1.100000e+001 -1.500000e+000  2.442424e+001
      vertex  1.662939e+000 -1.111140e+000  2.442424e+001
      vertex  1.847759e+000 -7.653669e-001  2.442424e+001
    endloop
  endfacet
  facet normal  0.000000e+000  0.000000e+000 -9.999999e-001
    outer loop
      vertex  1.100000e+001 -1.500000e+000  2.442424e+001
      vertex  1.847759e+000 -7.653669e-001  2.442424e+001
      vertex  1.961571e+000 -3.901806e-001  2.442424e+001
    endloop
  endfacet
  facet normal  0.000000e+000  0.000000e+000 -1.000000e+000
    outer loop
      vertex  1.100000e+001 -1.500000e+000  2.442424e+001
      vertex  1.961571e+000 -3.901806e-001  2.442424e+001
      vertex  2.000000e+000  0.000000e+000  2.442424e+001
    endloop
  endfacet
  facet normal  0.000000e+000  0.000000e+000 -1.000000e+000
    outer loop
      vertex  1.100000e+001 -1.500000e+000  2.442424e+001
      vertex  2.000000e+000  0.000000e+000  2.442424e+001
      vertex  1.961571e+000  3.901806e-001  2.442424e+001
    endloop
  endfacet
  facet normal  0.000000e+000  0.000000e+000 -1.000000e+000
    outer loop
      vertex  1.100000e+001 -1.500000e+000  2.442424e+001
      vertex  1.961571e+000  3.901806e-001  2.442424e+001
      vertex  1.847759e+000  7.653669e-001  2.442424e+001
    endloop
  endfacet
  facet normal  0.000000e+000  0.000000e+000 -1.000000e+000
    outer loop
      vertex  1.100000e+001 -1.500000e+000  2.442424e+001
      vertex  1.847759e+000  7.653669e-001  2.442424e+001
      vertex  1.662939e+000  1.111140e+000  2.442424e+001
    endloop
  endfacet
  facet normal  0.000000e+000  0.000000e+000 -1.000000e+000
    outer loop
      vertex  1.100000e+001 -1.500000e+000  2.442424e+001
      vertex  1.662939e+000  1.111140e+000  2.442424e+001
      vertex  1.414214e+000  1.414214e+000  2.442424e+001
    endloop
  endfacet
  facet normal  0.000000e+000  0.000000e+000 -1.000000e+000
    outer loop
      vertex -1.961571e+000 -3.901806e-001  2.442424e+001
      vertex -4.256511e+000 -2.911533e-001  2.442424e+001
      vertex -2.000000e+000  2.449213e-016  2.442424e+001
    endloop
  endfacet
  facet normal  -0.000000e+000  0.000000e+000 -1.000000e+000
    outer loop
      vertex -2.000000e+000  2.449213e-016  2.442424e+001
      vertex -4.256511e+000 -2.911533e-001  2.442424e+001
      vertex -4.256511e+000  2.911533e-001  2.442424e+001
    endloop
  endfacet
  facet normal  0.000000e+000  0.000000e+000 -1.000000e+000
    outer loop
      vertex -2.000000e+000  2.449213e-016  2.442424e+001
      vertex -4.256511e+000  2.911533e-001  2.442424e+001
      vertex -1.961571e+000  3.901806e-001  2.442424e+001
    endloop
  endfacet
  facet normal  -0.000000e+000  0.000000e+000 -1.000000e+000
    outer loop
      vertex -1.961571e+000  3.901806e-001  2.442424e+001
      vertex -4.256511e+000  2.911533e-001  2.442424e+001
      vertex -4.177220e+000  8.680363e-001  2.442424e+001
    endloop
  endfacet
  facet normal  0.000000e+000  0.000000e+000 -1.000000e+000
    outer loop
      vertex -1.961571e+000  3.901806e-001  2.442424e+001
      vertex -4.177220e+000  8.680363e-001  2.442424e+001
      vertex -1.847759e+000  7.653669e-001  2.442424e+001
    endloop
  endfacet
  facet normal  0.000000e+000  0.000000e+000 -1.000000e+000
    outer loop
      vertex -1.414214e+000 -1.414214e+000  2.442424e+001
      vertex -4.020115e+000 -1.428749e+000  2.442424e+001
      vertex -1.662939e+000 -1.111140e+000  2.442424e+001
    endloop
  endfacet
  facet normal  -0.000000e+000  0.000000e+000 -1.000000e+000
    outer loop
      vertex -1.662939e+000 -1.111140e+000  2.442424e+001
      vertex -4.020115e+000 -1.428749e+000  2.442424e+001
      vertex -4.177220e+000 -8.680363e-001  2.442424e+001
    endloop
  endfacet
  facet normal  0.000000e+000  0.000000e+000 -1.000000e+000
    outer loop
      vertex -1.662939e+000 -1.111140e+000  2.442424e+001
      vertex -4.177220e+000 -8.680363e-001  2.442424e+001
      vertex -1.847759e+000 -7.653669e-001  2.442424e+001
    endloop
  endfacet
  facet normal  -0.000000e+000  0.000000e+000 -1.000000e+000
    outer loop
      vertex -1.847759e+000 -7.653669e-001  2.442424e+001
      vertex -4.177220e+000 -8.680363e-001  2.442424e+001
      vertex -4.256511e+000 -2.911533e-001  2.442424e+001
    endloop
  endfacet
  facet normal  0.000000e+000  0.000000e+000 -1.000000e+000
    outer loop
      vertex -1.847759e+000 -7.653669e-001  2.442424e+001
      vertex -4.256511e+000 -2.911533e-001  2.442424e+001
      vertex -1.961571e+000 -3.901806e-001  2.442424e+001
    endloop
  endfacet
  facet normal  0.000000e+000  0.000000e+000 -1.000000e+000
    outer loop
      vertex -7.653669e-001 -1.847759e+000  2.442424e+001
      vertex -3.788124e+000 -1.962848e+000  2.442424e+001
      vertex -1.111140e+000 -1.662939e+000  2.442424e+001
    endloop
  endfacet
  facet normal  -0.000000e+000  0.000000e+000 -1.000000e+000
    outer loop
      vertex -1.111140e+000 -1.662939e+000  2.442424e+001
      vertex -3.788124e+000 -1.962848e+000  2.442424e+001
      vertex -4.020115e+000 -1.428749e+000  2.442424e+001
    endloop
  endfacet
  facet normal  0.000000e+000  0.000000e+000 -1.000000e+000
    outer loop
      vertex -1.111140e+000 -1.662939e+000  2.442424e+001
      vertex -4.020115e+000 -1.428749e+000  2.442424e+001
      vertex -1.414214e+000 -1.414214e+000  2.442424e+001
    endloop
  endfacet
  facet normal  -0.000000e+000  0.000000e+000 -1.000000e+000
    outer loop
      vertex -7.653669e-001 -1.847759e+000  2.442424e+001
      vertex -3.901806e-001 -1.961571e+000  2.442424e+001
      vertex -3.788124e+000 -1.962848e+000  2.442424e+001
    endloop
  endfacet
  facet normal  0.000000e+000  0.000000e+000 -1.000000e+000
    outer loop
      vertex -3.788124e+000 -1.962848e+000  2.442424e+001
      vertex -3.901806e-001 -1.961571e+000  2.442424e+001
      vertex -3.673819e-016 -2.000000e+000  2.442424e+001
    endloop
  endfacet
  facet normal  -0.000000e+000  0.000000e+000 -1.000000e+000
    outer loop
      vertex -3.788124e+000 -1.962848e+000  2.442424e+001
      vertex -3.673819e-016 -2.000000e+000  2.442424e+001
      vertex -3.485567e+000 -2.460382e+000  2.442424e+001
    endloop
  endfacet
  facet normal  0.000000e+000  -0.000000e+000 -1.000000e+000
    outer loop
      vertex  0.000000e+000  4.266457e+000  2.442424e+001
      vertex  7.000000e+000  6.000000e+000  2.442424e+001
      vertex  1.100000e+001  2.725715e+000  2.442424e+001
    endloop
  endfacet
  facet normal  0.000000e+000  0.000000e+000 -1.000000e+000
    outer loop
      vertex  1.100000e+001  2.725715e+000  2.442424e+001
      vertex  7.000000e+000  6.000000e+000  2.442424e+001
      vertex  1.100000e+001  6.000000e+000  2.442424e+001
    endloop
  endfacet
  facet normal  0.000000e+000  0.000000e+000 -1.000000e+000
    outer loop
      vertex  1.060000e+001 -1.500000e+000  2.442424e+001
      vertex  1.060000e+001 -2.725715e+000  2.442424e+001
      vertex -3.673819e-016 -2.000000e+000  2.442424e+001
    endloop
  endfacet
  facet normal  0.000000e+000  -0.000000e+000 -1.000000e+000
    outer loop
      vertex -3.673819e-016 -2.000000e+000  2.442424e+001
      vertex  1.060000e+001 -2.725715e+000  2.442424e+001
      vertex -7.837095e-016 -4.266457e+000  2.442424e+001
    endloop
  endfacet
  facet normal  -0.000000e+000  0.000000e+000 -1.000000e+000
    outer loop
      vertex  1.060000e+001 -2.725715e+000  2.442424e+001
      vertex  1.100000e+001 -2.725715e+000  2.442424e+001
      vertex -7.837095e-016 -4.266457e+000  2.442424e+001
    endloop
  endfacet
  facet normal  0.000000e+000  0.000000e+000 -1.000000e+000
    outer loop
      vertex -7.837095e-016 -4.266457e+000  2.442424e+001
      vertex  1.100000e+001 -2.725715e+000  2.442424e+001
      vertex  1.100000e+001 -6.000000e+000  2.442424e+001
    endloop
  endfacet
  facet normal -1.000000e+000  0.000000e+000  0.000000e+000
    outer loop
      vertex  1.060000e+001  2.725715e+000  2.192424e+001
      vertex  1.060000e+001  1.500000e+000  2.442424e+001
      vertex  1.060000e+001  2.725715e+000  2.442424e+001
    endloop
  endfacet
  facet normal -1.000000e+000  0.000000e+000  0.000000e+000
    outer loop
      vertex  1.060000e+001  1.500000e+000  2.442424e+001
      vertex  1.060000e+001  2.725715e+000  2.192424e+001
      vertex  1.060000e+001  1.500000e+000  2.292424e+001
    endloop
  endfacet
  facet normal -1.000000e+000  0.000000e+000  -0.000000e+000
    outer loop
      vertex  1.060000e+001  1.500000e+000  2.292424e+001
      vertex  1.060000e+001  2.725715e+000  2.192424e+001
      vertex  1.060000e+001 -2.725715e+000  2.192424e+001
    endloop
  endfacet
  facet normal -1.000000e+000  0.000000e+000  0.000000e+000
    outer loop
      vertex  1.060000e+001  1.500000e+000  2.292424e+001
      vertex  1.060000e+001 -2.725715e+000  2.192424e+001
      vertex  1.060000e+001 -1.500000e+000  2.292424e+001
    endloop
  endfacet
  facet normal -1.000000e+000  -0.000000e+000  0.000000e+000
    outer loop
      vertex  1.060000e+001 -1.500000e+000  2.292424e+001
      vertex  1.060000e+001 -2.725715e+000  2.192424e+001
      vertex  1.060000e+001 -2.725715e+000  2.442424e+001
    endloop
  endfacet
  facet normal -1.000000e+000  0.000000e+000  0.000000e+000
    outer loop
      vertex  1.060000e+001 -1.500000e+000  2.292424e+001
      vertex  1.060000e+001 -2.725715e+000  2.442424e+001
      vertex  1.060000e+001 -1.500000e+000  2.442424e+001
    endloop
  endfacet
  facet normal  0.000000e+000  0.000000e+000  1.000000e+000
    outer loop
      vertex  1.060000e+001 -1.500000e+000  2.292424e+001
      vertex  1.100000e+001 -1.500000e+000  2.292424e+001
      vertex  1.060000e+001  1.500000e+000  2.292424e+001
    endloop
  endfacet
  facet normal  -0.000000e+000  0.000000e+000  1.000000e+000
    outer loop
      vertex  1.060000e+001  1.500000e+000  2.292424e+001
      vertex  1.100000e+001 -1.500000e+000  2.292424e+001
      vertex  1.100000e+001  1.500000e+000  2.292424e+001
    endloop
  endfacet
  facet normal  0.000000e+000  0.000000e+000 -1.000000e+000
    outer loop
      vertex  1.060000e+001 -2.725715e+000  2.192424e+001
      vertex  1.060000e+001  2.725715e+000  2.192424e+001
      vertex  1.100000e+001 -2.725715e+000  2.192424e+001
    endloop
  endfacet
  facet normal  0.000000e+000  0.000000e+000 -1.000000e+000
    outer loop
      vertex  1.100000e+001 -2.725715e+000  2.192424e+001
      vertex  1.060000e+001  2.725715e+000  2.192424e+001
      vertex  1.100000e+001  2.725715e+000  2.192424e+001
    endloop
  endfacet
  facet normal  0.000000e+000 -1.000000e+000  0.000000e+000
    outer loop
      vertex  1.060000e+001 -2.725715e+000  4.792424e+001
      vertex  1.100000e+001 -2.725715e+000  4.792424e+001
      vertex  1.060000e+001 -2.725715e+000  5.042424e+001
    endloop
  endfacet
  facet normal  0.000000e+000 -1.000000e+000  0.000000e+000
    outer loop
      vertex  1.060000e+001 -2.725715e+000  5.042424e+001
      vertex  1.100000e+001 -2.725715e+000  4.792424e+001
      vertex  1.100000e+001 -2.725715e+000  5.042424e+001
    endloop
  endfacet
  facet normal  0.000000e+000  1.000000e+000  0.000000e+000
    outer loop
      vertex  1.060000e+001  2.725715e+000  5.042424e+001
      vertex  1.100000e+001  2.725715e+000  5.042424e+001
      vertex  1.060000e+001  2.725715e+000  4.792424e+001
    endloop
  endfacet
  facet normal  0.000000e+000  1.000000e+000  0.000000e+000
    outer loop
      vertex  1.060000e+001  2.725715e+000  4.792424e+001
      vertex  1.100000e+001  2.725715e+000  5.042424e+001
      vertex  1.100000e+001  2.725715e+000  4.792424e+001
    endloop
  endfacet
  facet normal  0.000000e+000  1.000000e+000  0.000000e+000
    outer loop
      vertex  1.060000e+001 -1.500000e+000  4.792424e+001
      vertex  1.060000e+001 -1.500000e+000  4.942424e+001
      vertex  1.100000e+001 -1.500000e+000  4.792424e+001
    endloop
  endfacet
  facet normal  0.000000e+000  1.000000e+000  -0.000000e+000
    outer loop
      vertex  1.100000e+001 -1.500000e+000  4.792424e+001
      vertex  1.060000e+001 -1.500000e+000  4.942424e+001
      vertex  1.100000e+001 -1.500000e+000  4.942424e+001
    endloop
  endfacet
  facet normal  0.000000e+000 -1.000000e+000  0.000000e+000
    outer loop
      vertex  1.060000e+001  1.500000e+000  4.942424e+001
      vertex  1.060000e+001  1.500000e+000  4.792424e+001
      vertex  1.100000e+001  1.500000e+000  4.942424e+001
    endloop
  endfacet
  facet normal  0.000000e+000 -1.000000e+000  -0.000000e+000
    outer loop
      vertex  1.100000e+001  1.500000e+000  4.942424e+001
      vertex  1.060000e+001  1.500000e+000  4.792424e+001
      vertex  1.100000e+001  1.500000e+000  4.792424e+001
    endloop
  endfacet
  facet normal  -0.000000e+000  0.000000e+000  1.000000e+000
    outer loop
      vertex -1.662939e+000  1.111140e+000  4.792424e+001
      vertex -4.177220e+000  8.680363e-001  4.792424e+001
      vertex -1.847759e+000  7.653669e-001  4.792424e+001
    endloop
  endfacet
  facet normal  0.000000e+000  0.000000e+000  1.000000e+000
    outer loop
      vertex  1.100000e+001 -6.000000e+000  4.792424e+001
      vertex -4.573084e-015 -4.266457e+000  4.792424e+001
      vertex  7.000000e+000 -6.000000e+000  4.792424e+001
    endloop
  endfacet
  facet normal  0.000000e+000  0.000000e+000  1.000000e+000
    outer loop
      vertex  1.060000e+001 -1.500000e+000  4.792424e+001
      vertex  1.662939e+000 -1.111140e+000  4.792424e+001
      vertex  1.414214e+000 -1.414214e+000  4.792424e+001
    endloop
  endfacet
  facet normal  0.000000e+000  0.000000e+000  1.000000e+000
    outer loop
      vertex  1.060000e+001 -1.500000e+000  4.792424e+001
      vertex  1.414214e+000 -1.414214e+000  4.792424e+001
      vertex  1.111140e+000 -1.662939e+000  4.792424e+001
    endloop
  endfacet
  facet normal  -0.000000e+000  0.000000e+000  9.999999e-001
    outer loop
      vertex  1.060000e+001 -1.500000e+000  4.792424e+001
      vertex  1.111140e+000 -1.662939e+000  4.792424e+001
      vertex  7.653669e-001 -1.847759e+000  4.792424e+001
    endloop
  endfacet
  facet normal  -0.000000e+000  0.000000e+000  9.999999e-001
    outer loop
      vertex  1.060000e+001 -1.500000e+000  4.792424e+001
      vertex  7.653669e-001 -1.847759e+000  4.792424e+001
      vertex  3.901806e-001 -1.961571e+000  4.792424e+001
    endloop
  endfacet
  facet normal  -0.000000e+000  0.000000e+000  1.000000e+000
    outer loop
      vertex  1.060000e+001 -1.500000e+000  4.792424e+001
      vertex  3.901806e-001 -1.961571e+000  4.792424e+001
      vertex -3.673819e-016 -2.000000e+000  4.792424e+001
    endloop
  endfacet
  facet normal  0.000000e+000  0.000000e+000  1.000000e+000
    outer loop
      vertex  1.060000e+001  2.725715e+000  4.792424e+001
      vertex  1.100000e+001  2.725715e+000  4.792424e+001
      vertex  0.000000e+000  4.266457e+000  4.792424e+001
    endloop
  endfacet
  facet normal  0.000000e+000  0.000000e+000  1.000000e+000
    outer loop
      vertex  1.060000e+001  2.725715e+000  4.792424e+001
      vertex  0.000000e+000  4.266457e+000  4.792424e+001
      vertex  2.388660e-015  2.000000e+000  4.792424e+001
    endloop
  endfacet
  facet normal  -0.000000e+000  0.000000e+000  1.000000e+000
    outer loop
      vertex  1.060000e+001  2.725715e+000  4.792424e+001
      vertex  2.388660e-015  2.000000e+000  4.792424e+001
      vertex  1.060000e+001  1.500000e+000  4.792424e+001
    endloop
  endfacet
  facet normal  0.000000e+000  0.000000e+000  1.000000e+000
    outer loop
      vertex  2.388660e-015  2.000000e+000  4.792424e+001
      vertex  0.000000e+000  4.266457e+000  4.792424e+001
      vertex -5.809491e-001  4.226719e+000  4.792424e+001
    endloop
  endfacet
  facet normal  0.000000e+000  0.000000e+000  1.000000e+000
    outer loop
      vertex  2.388660e-015  2.000000e+000  4.792424e+001
      vertex -5.809491e-001  4.226719e+000  4.792424e+001
      vertex -1.151076e+000  4.108245e+000  4.792424e+001
    endloop
  endfacet
  facet normal  0.000000e+000  0.000000e+000  1.000000e+000
    outer loop
      vertex  2.388660e-015  2.000000e+000  4.792424e+001
      vertex -1.151076e+000  4.108245e+000  4.792424e+001
      vertex -1.699761e+000  3.913242e+000  4.792424e+001
    endloop
  endfacet
  facet normal  0.000000e+000  0.000000e+000  1.000000e+000
    outer loop
      vertex  2.388660e-015  2.000000e+000  4.792424e+001
      vertex -1.699761e+000  3.913242e+000  4.792424e+001
      vertex -2.216783e+000  3.645344e+000  4.792424e+001
    endloop
  endfacet
  facet normal  0.000000e+000  0.000000e+000  1.000000e+000
    outer loop
      vertex  2.388660e-015  2.000000e+000  4.792424e+001
      vertex -2.216783e+000  3.645344e+000  4.792424e+001
      vertex -2.692509e+000  3.309539e+000  4.792424e+001
    endloop
  endfacet
  facet normal  0.000000e+000  0.000000e+000  1.000000e+000
    outer loop
      vertex  2.388660e-015  2.000000e+000  4.792424e+001
      vertex -2.692509e+000  3.309539e+000  4.792424e+001
      vertex -3.118080e+000  2.912084e+000  4.792424e+001
    endloop
  endfacet
  facet normal  0.000000e+000  0.000000e+000  1.000000e+000
    outer loop
      vertex  2.388660e-015  2.000000e+000  4.792424e+001
      vertex -3.118080e+000  2.912084e+000  4.792424e+001
      vertex -3.485567e+000  2.460382e+000  4.792424e+001
    endloop
  endfacet
  facet normal  0.000000e+000  0.000000e+000  1.000000e+000
    outer loop
      vertex  2.388660e-015  2.000000e+000  4.792424e+001
      vertex -3.485567e+000  2.460382e+000  4.792424e+001
      vertex -3.788124e+000  1.962848e+000  4.792424e+001
    endloop
  endfacet
  facet normal  -0.000000e+000  0.000000e+000  1.000000e+000
    outer loop
      vertex  2.388660e-015  2.000000e+000  4.792424e+001
      vertex -3.788124e+000  1.962848e+000  4.792424e+001
      vertex -3.901806e-001  1.961571e+000  4.792424e+001
    endloop
  endfacet
  facet normal  0.000000e+000  0.000000e+000  1.000000e+000
    outer loop
      vertex -4.020115e+000  1.428749e+000  4.792424e+001
      vertex -4.177220e+000  8.680363e-001  4.792424e+001
      vertex -1.662939e+000  1.111140e+000  4.792424e+001
    endloop
  endfacet
  facet normal  0.000000e+000  -0.000000e+000  1.000000e+000
    outer loop
      vertex -4.020115e+000  1.428749e+000  4.792424e+001
      vertex -1.662939e+000  1.111140e+000  4.792424e+001
      vertex -1.414214e+000  1.414214e+000  4.792424e+001
    endloop
  endfacet
  facet normal  0.000000e+000  -0.000000e+000  1.000000e+000
    outer loop
      vertex -4.020115e+000  1.428749e+000  4.792424e+001
      vertex -1.414214e+000  1.414214e+000  4.792424e+001
      vertex -1.111140e+000  1.662939e+000  4.792424e+001
    endloop
  endfacet
  facet normal  0.000000e+000  -0.000000e+000  9.999999e-001
    outer loop
      vertex -4.020115e+000  1.428749e+000  4.792424e+001
      vertex -1.111140e+000  1.662939e+000  4.792424e+001
      vertex -7.653669e-001  1.847759e+000  4.792424e+001
    endloop
  endfacet
  facet normal  0.000000e+000  -0.000000e+000  1.000000e+000
    outer loop
      vertex -4.020115e+000  1.428749e+000  4.792424e+001
      vertex -7.653669e-001  1.847759e+000  4.792424e+001
      vertex -3.901806e-001  1.961571e+000  4.792424e+001
    endloop
  endfacet
  facet normal  0.000000e+000  0.000000e+000  1.000000e+000
    outer loop
      vertex -4.020115e+000  1.428749e+000  4.792424e+001
      vertex -3.901806e-001  1.961571e+000  4.792424e+001
      vertex -3.788124e+000  1.962848e+000  4.792424e+001
    endloop
  endfacet
  facet normal  0.000000e+000  0.000000e+000  9.999999e-001
    outer loop
      vertex -4.573084e-015 -4.266457e+000  4.792424e+001
      vertex -3.673819e-016 -2.000000e+000  4.792424e+001
      vertex -3.485567e+000 -2.460382e+000  4.792424e+001
    endloop
  endfacet
  facet normal  0.000000e+000  0.000000e+000  1.000000e+000
    outer loop
      vertex -4.573084e-015 -4.266457e+000  4.792424e+001
      vertex -3.485567e+000 -2.460382e+000  4.792424e+001
      vertex -3.118080e+000 -2.912084e+000  4.792424e+001
    endloop
  endfacet
  facet normal  0.000000e+000  0.000000e+000  1.000000e+000
    outer loop
      vertex -4.573084e-015 -4.266457e+000  4.792424e+001
      vertex -3.118080e+000 -2.912084e+000  4.792424e+001
      vertex -2.692509e+000 -3.309539e+000  4.792424e+001
    endloop
  endfacet
  facet normal  0.000000e+000  0.000000e+000  1.000000e+000
    outer loop
      vertex -4.573084e-015 -4.266457e+000  4.792424e+001
      vertex -2.692509e+000 -3.309539e+000  4.792424e+001
      vertex -2.216783e+000 -3.645344e+000  4.792424e+001
    endloop
  endfacet
  facet normal  0.000000e+000  0.000000e+000  1.000000e+000
    outer loop
      vertex -4.573084e-015 -4.266457e+000  4.792424e+001
      vertex -2.216783e+000 -3.645344e+000  4.792424e+001
      vertex -1.699761e+000 -3.913242e+000  4.792424e+001
    endloop
  endfacet
  facet normal  0.000000e+000  0.000000e+000  1.000000e+000
    outer loop
      vertex -4.573084e-015 -4.266457e+000  4.792424e+001
      vertex -1.699761e+000 -3.913242e+000  4.792424e+001
      vertex -1.151076e+000 -4.108245e+000  4.792424e+001
    endloop
  endfacet
  facet normal  0.000000e+000  0.000000e+000  1.000000e+000
    outer loop
      vertex -4.573084e-015 -4.266457e+000  4.792424e+001
      vertex -1.151076e+000 -4.108245e+000  4.792424e+001
      vertex -5.809491e-001 -4.226719e+000  4.792424e+001
    endloop
  endfacet
  facet normal  0.000000e+000  0.000000e+000  1.000000e+000
    outer loop
      vertex  1.060000e+001  1.500000e+000  4.792424e+001
      vertex  2.388660e-015  2.000000e+000  4.792424e+001
      vertex  3.901806e-001  1.961571e+000  4.792424e+001
    endloop
  endfacet
  facet normal  0.000000e+000  0.000000e+000  9.999999e-001
    outer loop
      vertex  1.060000e+001  1.500000e+000  4.792424e+001
      vertex  3.901806e-001  1.961571e+000  4.792424e+001
      vertex  7.653669e-001  1.847759e+000  4.792424e+001
    endloop
  endfacet
  facet normal  0.000000e+000  0.000000e+000  9.999999e-001
    outer loop
      vertex  1.060000e+001  1.500000e+000  4.792424e+001
      vertex  7.653669e-001  1.847759e+000  4.792424e+001
      vertex  1.111140e+000  1.662939e+000  4.792424e+001
    endloop
  endfacet
  facet normal  0.000000e+000  0.000000e+000  1.000000e+000
    outer loop
      vertex  1.060000e+001  1.500000e+000  4.792424e+001
      vertex  1.111140e+000  1.662939e+000  4.792424e+001
      vertex  1.414214e+000  1.414214e+000  4.792424e+001
    endloop
  endfacet
  facet normal  -0.000000e+000  0.000000e+000  1.000000e+000
    outer loop
      vertex  1.060000e+001  1.500000e+000  4.792424e+001
      vertex  1.414214e+000  1.414214e+000  4.792424e+001
      vertex  1.100000e+001 -1.500000e+000  4.792424e+001
    endloop
  endfacet
  facet normal  0.000000e+000  -0.000000e+000  1.000000e+000
    outer loop
      vertex  1.060000e+001  1.500000e+000  4.792424e+001
      vertex  1.100000e+001 -1.500000e+000  4.792424e+001
      vertex  1.100000e+001  1.500000e+000  4.792424e+001
    endloop
  endfacet
  facet normal  0.000000e+000  0.000000e+000  1.000000e+000
    outer loop
      vertex  1.100000e+001 -1.500000e+000  4.792424e+001
      vertex  1.414214e+000  1.414214e+000  4.792424e+001
      vertex  1.662939e+000  1.111140e+000  4.792424e+001
    endloop
  endfacet
  facet normal  0.000000e+000  0.000000e+000  1.000000e+000
    outer loop
      vertex  1.100000e+001 -1.500000e+000  4.792424e+001
      vertex  1.662939e+000  1.111140e+000  4.792424e+001
      vertex  1.847759e+000  7.653669e-001  4.792424e+001
    endloop
  endfacet
  facet normal  0.000000e+000  0.000000e+000  1.000000e+000
    outer loop
      vertex  1.100000e+001 -1.500000e+000  4.792424e+001
      vertex  1.847759e+000  7.653669e-001  4.792424e+001
      vertex  1.961571e+000  3.901806e-001  4.792424e+001
    endloop
  endfacet
  facet normal  0.000000e+000  0.000000e+000  1.000000e+000
    outer loop
      vertex  1.100000e+001 -1.500000e+000  4.792424e+001
      vertex  1.961571e+000  3.901806e-001  4.792424e+001
      vertex  2.000000e+000 -4.898425e-016  4.792424e+001
    endloop
  endfacet
  facet normal  0.000000e+000  0.000000e+000  1.000000e+000
    outer loop
      vertex  1.100000e+001 -1.500000e+000  4.792424e+001
      vertex  2.000000e+000 -4.898425e-016  4.792424e+001
      vertex  1.961571e+000 -3.901806e-001  4.792424e+001
    endloop
  endfacet
  facet normal  0.000000e+000  0.000000e+000  9.999999e-001
    outer loop
      vertex  1.100000e+001 -1.500000e+000  4.792424e+001
      vertex  1.961571e+000 -3.901806e-001  4.792424e+001
      vertex  1.847759e+000 -7.653669e-001  4.792424e+001
    endloop
  endfacet
  facet normal  0.000000e+000  0.000000e+000  1.000000e+000
    outer loop
      vertex  1.100000e+001 -1.500000e+000  4.792424e+001
      vertex  1.847759e+000 -7.653669e-001  4.792424e+001
      vertex  1.662939e+000 -1.111140e+000  4.792424e+001
    endloop
  endfacet
  facet normal  0.000000e+000  0.000000e+000  1.000000e+000
    outer loop
      vertex  1.100000e+001 -1.500000e+000  4.792424e+001
      vertex  1.662939e+000 -1.111140e+000  4.792424e+001
      vertex  1.060000e+001 -1.500000e+000  4.792424e+001
    endloop
  endfacet
  facet normal  0.000000e+000  0.000000e+000  1.000000e+000
    outer loop
      vertex -1.847759e+000  7.653669e-001  4.792424e+001
      vertex -4.177220e+000  8.680363e-001  4.792424e+001
      vertex -1.961571e+000  3.901806e-001  4.792424e+001
    endloop
  endfacet
  facet normal  0.000000e+000  0.000000e+000  1.000000e+000
    outer loop
      vertex -1.961571e+000  3.901806e-001  4.792424e+001
      vertex -4.177220e+000  8.680363e-001  4.792424e+001
      vertex -4.256511e+000  2.911533e-001  4.792424e+001
    endloop
  endfacet
  facet normal  -0.000000e+000  0.000000e+000  1.000000e+000
    outer loop
      vertex -1.961571e+000  3.901806e-001  4.792424e+001
      vertex -4.256511e+000  2.911533e-001  4.792424e+001
      vertex -2.000000e+000 -1.531436e-015  4.792424e+001
    endloop
  endfacet
  facet normal  0.000000e+000  0.000000e+000  1.000000e+000
    outer loop
      vertex -2.000000e+000 -1.531436e-015  4.792424e+001
      vertex -4.256511e+000  2.911533e-001  4.792424e+001
      vertex -4.256511e+000 -2.911533e-001  4.792424e+001
    endloop
  endfacet
  facet normal  -0.000000e+000  0.000000e+000  1.000000e+000
    outer loop
      vertex -2.000000e+000 -1.531436e-015  4.792424e+001
      vertex -4.256511e+000 -2.911533e-001  4.792424e+001
      vertex -1.961571e+000 -3.901806e-001  4.792424e+001
    endloop
  endfacet
  facet normal  0.000000e+000  0.000000e+000  1.000000e+000
    outer loop
      vertex -1.961571e+000 -3.901806e-001  4.792424e+001
      vertex -4.256511e+000 -2.911533e-001  4.792424e+001
      vertex -1.847759e+000 -7.653669e-001  4.792424e+001
    endloop
  endfacet
  facet normal  0.000000e+000  0.000000e+000  1.000000e+000
    outer loop
      vertex -1.847759e+000 -7.653669e-001  4.792424e+001
      vertex -4.256511e+000 -2.911533e-001  4.792424e+001
      vertex -4.177220e+000 -8.680363e-001  4.792424e+001
    endloop
  endfacet
  facet normal  -0.000000e+000  0.000000e+000  1.000000e+000
    outer loop
      vertex -1.847759e+000 -7.653669e-001  4.792424e+001
      vertex -4.177220e+000 -8.680363e-001  4.792424e+001
      vertex -1.662939e+000 -1.111140e+000  4.792424e+001
    endloop
  endfacet
  facet normal  0.000000e+000  0.000000e+000  1.000000e+000
    outer loop
      vertex -1.662939e+000 -1.111140e+000  4.792424e+001
      vertex -4.177220e+000 -8.680363e-001  4.792424e+001
      vertex -4.020115e+000 -1.428749e+000  4.792424e+001
    endloop
  endfacet
  facet normal  0.000000e+000  0.000000e+000  1.000000e+000
    outer loop
      vertex -1.662939e+000 -1.111140e+000  4.792424e+001
      vertex -4.020115e+000 -1.428749e+000  4.792424e+001
      vertex -1.414214e+000 -1.414214e+000  4.792424e+001
    endloop
  endfacet
  facet normal  -0.000000e+000  0.000000e+000  1.000000e+000
    outer loop
      vertex -1.414214e+000 -1.414214e+000  4.792424e+001
      vertex -4.020115e+000 -1.428749e+000  4.792424e+001
      vertex -1.111140e+000 -1.662939e+000  4.792424e+001
    endloop
  endfacet
  facet normal  0.000000e+000  0.000000e+000  1.000000e+000
    outer loop
      vertex -1.111140e+000 -1.662939e+000  4.792424e+001
      vertex -4.020115e+000 -1.428749e+000  4.792424e+001
      vertex -3.788124e+000 -1.962848e+000  4.792424e+001
    endloop
  endfacet
  facet normal  0.000000e+000  0.000000e+000  1.000000e+000
    outer loop
      vertex -1.111140e+000 -1.662939e+000  4.792424e+001
      vertex -3.788124e+000 -1.962848e+000  4.792424e+001
      vertex -7.653669e-001 -1.847759e+000  4.792424e+001
    endloop
  endfacet
  facet normal  0.000000e+000  0.000000e+000  1.000000e+000
    outer loop
      vertex -3.485567e+000 -2.460382e+000  4.792424e+001
      vertex -3.673819e-016 -2.000000e+000  4.792424e+001
      vertex -3.788124e+000 -1.962848e+000  4.792424e+001
    endloop
  endfacet
  facet normal  -0.000000e+000  0.000000e+000  1.000000e+000
    outer loop
      vertex -3.788124e+000 -1.962848e+000  4.792424e+001
      vertex -3.673819e-016 -2.000000e+000  4.792424e+001
      vertex -3.901806e-001 -1.961571e+000  4.792424e+001
    endloop
  endfacet
  facet normal  0.000000e+000  0.000000e+000  1.000000e+000
    outer loop
      vertex -3.788124e+000 -1.962848e+000  4.792424e+001
      vertex -3.901806e-001 -1.961571e+000  4.792424e+001
      vertex -7.653669e-001 -1.847759e+000  4.792424e+001
    endloop
  endfacet
  facet normal  0.000000e+000  0.000000e+000  1.000000e+000
    outer loop
      vertex  0.000000e+000  4.266457e+000  4.792424e+001
      vertex  1.100000e+001  2.725715e+000  4.792424e+001
      vertex  7.000000e+000  6.000000e+000  4.792424e+001
    endloop
  endfacet
  facet normal  -0.000000e+000  0.000000e+000  1.000000e+000
    outer loop
      vertex  7.000000e+000  6.000000e+000  4.792424e+001
      vertex  1.100000e+001  2.725715e+000  4.792424e+001
      vertex  1.100000e+001  6.000000e+000  4.792424e+001
    endloop
  endfacet
  facet normal  -0.000000e+000  0.000000e+000  1.000000e+000
    outer loop
      vertex  1.060000e+001 -1.500000e+000  4.792424e+001
      vertex -3.673819e-016 -2.000000e+000  4.792424e+001
      vertex  1.060000e+001 -2.725715e+000  4.792424e+001
    endloop
  endfacet
  facet normal  0.000000e+000  0.000000e+000  1.000000e+000
    outer loop
      vertex  1.060000e+001 -2.725715e+000  4.792424e+001
      vertex -3.673819e-016 -2.000000e+000  4.792424e+001
      vertex -4.573084e-015 -4.266457e+000  4.792424e+001
    endloop
  endfacet
  facet normal  0.000000e+000  0.000000e+000  1.000000e+000
    outer loop
      vertex  1.060000e+001 -2.725715e+000  4.792424e+001
      vertex -4.573084e-015 -4.266457e+000  4.792424e+001
      vertex  1.100000e+001 -2.725715e+000  4.792424e+001
    endloop
  endfacet
  facet normal  0.000000e+000  0.000000e+000  1.000000e+000
    outer loop
      vertex  1.100000e+001 -2.725715e+000  4.792424e+001
      vertex -4.573084e-015 -4.266457e+000  4.792424e+001
      vertex  1.100000e+001 -6.000000e+000  4.792424e+001
    endloop
  endfacet
  facet normal -1.000000e+000  0.000000e+000  0.000000e+000
    outer loop
      vertex  1.060000e+001  1.500000e+000  4.942424e+001
      vertex  1.060000e+001  2.725715e+000  4.792424e+001
      vertex  1.060000e+001  1.500000e+000  4.792424e+001
    endloop
  endfacet
  facet normal -1.000000e+000  0.000000e+000  0.000000e+000
    outer loop
      vertex  1.060000e+001  2.725715e+000  4.792424e+001
      vertex  1.060000e+001  1.500000e+000  4.942424e+001
      vertex  1.060000e+001  2.725715e+000  5.042424e+001
    endloop
  endfacet
  facet normal -1.000000e+000  0.000000e+000  0.000000e+000
    outer loop
      vertex  1.060000e+001  2.725715e+000  5.042424e+001
      vertex  1.060000e+001  1.500000e+000  4.942424e+001
      vertex  1.060000e+001 -1.500000e+000  4.942424e+001
    endloop
  endfacet
  facet normal -1.000000e+000  0.000000e+000  0.000000e+000
    outer loop
      vertex  1.060000e+001  2.725715e+000  5.042424e+001
      vertex  1.060000e+001 -1.500000e+000  4.942424e+001
      vertex  1.060000e+001 -2.725715e+000  5.042424e+001
    endloop
  endfacet
  facet normal -1.000000e+000  0.000000e+000  0.000000e+000
    outer loop
      vertex  1.060000e+001 -2.725715e+000  5.042424e+001
      vertex  1.060000e+001 -1.500000e+000  4.942424e+001
      vertex  1.060000e+001 -1.500000e+000  4.792424e+001
    endloop
  endfacet
  facet normal -1.000000e+000  0.000000e+000  0.000000e+000
    outer loop
      vertex  1.060000e+001 -2.725715e+000  5.042424e+001
      vertex  1.060000e+001 -1.500000e+000  4.792424e+001
      vertex  1.060000e+001 -2.725715e+000  4.792424e+001
    endloop
  endfacet
  facet normal  0.000000e+000  0.000000e+000 -1.000000e+000
    outer loop
      vertex  1.060000e+001 -1.500000e+000  4.942424e+001
      vertex  1.060000e+001  1.500000e+000  4.942424e+001
      vertex  1.100000e+001 -1.500000e+000  4.942424e+001
    endloop
  endfacet
  facet normal  0.000000e+000  0.000000e+000 -1.000000e+000
    outer loop
      vertex  1.100000e+001 -1.500000e+000  4.942424e+001
      vertex  1.060000e+001  1.500000e+000  4.942424e+001
      vertex  1.100000e+001  1.500000e+000  4.942424e+001
    endloop
  endfacet
  facet normal  0.000000e+000  0.000000e+000  1.000000e+000
    outer loop
      vertex  1.060000e+001 -2.725715e+000  5.042424e+001
      vertex  1.100000e+001 -2.725715e+000  5.042424e+001
      vertex  1.060000e+001  2.725715e+000  5.042424e+001
    endloop
  endfacet
  facet normal  -0.000000e+000  0.000000e+000  1.000000e+000
    outer loop
      vertex  1.060000e+001  2.725715e+000  5.042424e+001
      vertex  1.100000e+001 -2.725715e+000  5.042424e+001
      vertex  1.100000e+001  2.725715e+000  5.042424e+001
    endloop
  endfacet
  facet normal -2.403873e-001 -9.706770e-001  0.000000e+000
    outer loop
      vertex  7.000000e+000 -6.000000e+000  4.792424e+001
      vertex -4.573084e-015 -4.266457e+000  4.792424e+001
      vertex  7.000000e+000 -6.000000e+000  4.642424e+001
    endloop
  endfacet
  facet normal -2.403873e-001 -9.706770e-001  0.000000e+000
    outer loop
      vertex  7.000000e+000 -6.000000e+000  4.642424e+001
      vertex -4.573084e-015 -4.266457e+000  4.792424e+001
      vertex -4.573084e-015 -4.266457e+000  4.642424e+001
    endloop
  endfacet
  facet normal -2.403873e-001  9.706770e-001  0.000000e+000
    outer loop
      vertex  0.000000e+000  4.266457e+000  4.792424e+001
      vertex  7.000000e+000  6.000000e+000  4.792424e+001
      vertex  0.000000e+000  4.266457e+000  4.642424e+001
    endloop
  endfacet
  facet normal -2.403873e-001  9.706770e-001  0.000000e+000
    outer loop
      vertex  0.000000e+000  4.266457e+000  4.642424e+001
      vertex  7.000000e+000  6.000000e+000  4.792424e+001
      vertex  7.000000e+000  6.000000e+000  4.642424e+001
    endloop
  endfacet
  facet normal -2.403873e-001 -9.706770e-001  0.000000e+000
    outer loop
      vertex  7.000000e+000 -6.000000e+000  2.592424e+001
      vertex -7.837095e-016 -4.266457e+000  2.592424e+001
      vertex  7.000000e+000 -6.000000e+000  2.442424e+001
    endloop
  endfacet
  facet normal -2.403873e-001 -9.706770e-001  0.000000e+000
    outer loop
      vertex  7.000000e+000 -6.000000e+000  2.442424e+001
      vertex -7.837095e-016 -4.266457e+000  2.592424e+001
      vertex -7.837095e-016 -4.266457e+000  2.442424e+001
    endloop
  endfacet
  facet normal -2.403873e-001  9.706770e-001  0.000000e+000
    outer loop
      vertex  0.000000e+000  4.266457e+000  2.592424e+001
      vertex  7.000000e+000  6.000000e+000  2.592424e+001
      vertex  0.000000e+000  4.266457e+000  2.442424e+001
    endloop
  endfacet
  facet normal -2.403873e-001  9.706770e-001  0.000000e+000
    outer loop
      vertex  0.000000e+000  4.266457e+000  2.442424e+001
      vertex  7.000000e+000  6.000000e+000  2.592424e+001
      vertex  7.000000e+000  6.000000e+000  2.442424e+001
    endloop
  endfacet
  facet normal  0.000000e+000  1.000000e+000  0.000000e+000
    outer loop
      vertex  7.000000e+000  6.000000e+000  2.442424e+001
      vertex  7.000000e+000  6.000000e+000  2.592424e+001
      vertex  1.100000e+001  6.000000e+000  2.442424e+001
    endloop
  endfacet
  facet normal  0.000000e+000  1.000000e+000  0.000000e+000
    outer loop
      vertex  1.100000e+001  6.000000e+000  2.442424e+001
      vertex  7.000000e+000  6.000000e+000  2.592424e+001
      vertex  9.500000e+000  6.000000e+000  2.592424e+001
    endloop
  endfacet
  facet normal  -0.000000e+000  1.000000e+000  0.000000e+000
    outer loop
      vertex  1.100000e+001  6.000000e+000  2.442424e+001
      vertex  9.500000e+000  6.000000e+000  2.592424e+001
      vertex  1.100000e+001  6.000000e+000  2.592424e+001
    endloop
  endfacet
  facet normal  0.000000e+000 -9.802312e-002  9.951842e-001
    outer loop
      vertex  8.000000e+000  2.021617e-015  3.300027e+001
      vertex  1.100000e+001  2.926355e-001  3.302909e+001
      vertex  8.000000e+000  2.926355e-001  3.302909e+001
    endloop
  endfacet
  facet normal  0.000000e+000 -2.902817e-001  9.569412e-001
    outer loop
      vertex  8.000000e+000  2.926355e-001  3.302909e+001
      vertex  1.100000e+001  2.926355e-001  3.302909e+001
      vertex  1.100000e+001  5.740252e-001  3.311445e+001
    endloop
  endfacet
  facet normal  0.000000e+000 -2.902817e-001  9.569412e-001
    outer loop
      vertex  8.000000e+000  2.926355e-001  3.302909e+001
      vertex  1.100000e+001  5.740252e-001  3.311445e+001
      vertex  8.000000e+000  5.740252e-001  3.311445e+001
    endloop
  endfacet
  facet normal  0.000000e+000 -4.713961e-001  8.819216e-001
    outer loop
      vertex  8.000000e+000  5.740252e-001  3.311445e+001
      vertex  1.100000e+001  5.740252e-001  3.311445e+001
      vertex  1.100000e+001  8.333554e-001  3.325306e+001
    endloop
  endfacet
  facet normal  0.000000e+000 -4.713961e-001  8.819216e-001
    outer loop
      vertex  8.000000e+000  5.740252e-001  3.311445e+001
      vertex  1.100000e+001  8.333554e-001  3.325306e+001
      vertex  8.000000e+000  8.333554e-001  3.325306e+001
    endloop
  endfacet
  facet normal  0.000000e+000 -6.343898e-001  7.730132e-001
    outer loop
      vertex  8.000000e+000  8.333554e-001  3.325306e+001
      vertex  1.100000e+001  8.333554e-001  3.325306e+001
      vertex  1.100000e+001  1.060660e+000  3.343961e+001
    endloop
  endfacet
  facet normal  0.000000e+000 -6.343898e-001  7.730132e-001
    outer loop
      vertex  8.000000e+000  8.333554e-001  3.325306e+001
      vertex  1.100000e+001  1.060660e+000  3.343961e+001
      vertex  8.000000e+000  1.060660e+000  3.343961e+001
    endloop
  endfacet
  facet normal  0.000000e+000 -7.730125e-001  6.343908e-001
    outer loop
      vertex  8.000000e+000  1.060660e+000  3.343961e+001
      vertex  1.100000e+001  1.060660e+000  3.343961e+001
      vertex  1.100000e+001  1.247204e+000  3.366691e+001
    endloop
  endfacet
  facet normal  0.000000e+000 -7.730125e-001  6.343908e-001
    outer loop
      vertex  8.000000e+000  1.060660e+000  3.343961e+001
      vertex  1.100000e+001  1.247204e+000  3.366691e+001
      vertex  8.000000e+000  1.247204e+000  3.366691e+001
    endloop
  endfacet
  facet normal  0.000000e+000 -8.819217e-001  4.713960e-001
    outer loop
      vertex  8.000000e+000  1.247204e+000  3.366691e+001
      vertex  1.100000e+001  1.247204e+000  3.366691e+001
      vertex  1.100000e+001  1.385819e+000  3.392624e+001
    endloop
  endfacet
  facet normal  0.000000e+000 -8.819217e-001  4.713960e-001
    outer loop
      vertex  8.000000e+000  1.247204e+000  3.366691e+001
      vertex  1.100000e+001  1.385819e+000  3.392624e+001
      vertex  8.000000e+000  1.385819e+000  3.392624e+001
    endloop
  endfacet
  facet normal  0.000000e+000 -9.569397e-001  2.902869e-001
    outer loop
      vertex  8.000000e+000  1.385819e+000  3.392624e+001
      vertex  1.100000e+001  1.385819e+000  3.392624e+001
      vertex  1.100000e+001  1.471178e+000  3.420763e+001
    endloop
  endfacet
  facet normal  0.000000e+000 -9.569397e-001  2.902869e-001
    outer loop
      vertex  8.000000e+000  1.385819e+000  3.392624e+001
      vertex  1.100000e+001  1.471178e+000  3.420763e+001
      vertex  8.000000e+000  1.471178e+000  3.420763e+001
    endloop
  endfacet
  facet normal  0.000000e+000 -9.951848e-001  9.801663e-002
    outer loop
      vertex  8.000000e+000  1.471178e+000  3.420763e+001
      vertex  1.100000e+001  1.471178e+000  3.420763e+001
      vertex  1.100000e+001  1.500000e+000  3.450027e+001
    endloop
  endfacet
  facet normal  0.000000e+000 -9.951848e-001  9.801663e-002
    outer loop
      vertex  8.000000e+000  1.471178e+000  3.420763e+001
      vertex  1.100000e+001  1.500000e+000  3.450027e+001
      vertex  8.000000e+000  1.500000e+000  3.450027e+001
    endloop
  endfacet
  facet normal -2.611861e-016 -9.802312e-002  9.951842e-001
    outer loop
      vertex  1.100000e+001  2.926355e-001  3.302909e+001
      vertex  8.000000e+000  2.021617e-015  3.300027e+001
      vertex  1.100000e+001 -5.971989e-015  3.300027e+001
    endloop
  endfacet
  facet normal  2.611861e-016  9.802312e-002  9.951842e-001
    outer loop
      vertex  1.100000e+001 -5.971989e-015  3.300027e+001
      vertex  8.000000e+000  2.021617e-015  3.300027e+001
      vertex  8.000000e+000 -2.926355e-001  3.302909e+001
    endloop
  endfacet
  facet normal  -0.000000e+000  9.802312e-002  9.951842e-001
    outer loop
      vertex  1.100000e+001 -5.971989e-015  3.300027e+001
      vertex  8.000000e+000 -2.926355e-001  3.302909e+001
      vertex  1.100000e+001 -2.926355e-001  3.302909e+001
    endloop
  endfacet
  facet normal  0.000000e+000  2.902817e-001  9.569412e-001
    outer loop
      vertex  1.100000e+001 -2.926355e-001  3.302909e+001
      vertex  8.000000e+000 -2.926355e-001  3.302909e+001
      vertex  8.000000e+000 -5.740252e-001  3.311445e+001
    endloop
  endfacet
  facet normal  -0.000000e+000  2.902817e-001  9.569412e-001
    outer loop
      vertex  1.100000e+001 -2.926355e-001  3.302909e+001
      vertex  8.000000e+000 -5.740252e-001  3.311445e+001
      vertex  1.100000e+001 -5.740252e-001  3.311445e+001
    endloop
  endfacet
  facet normal  0.000000e+000  4.713961e-001  8.819216e-001
    outer loop
      vertex  1.100000e+001 -5.740252e-001  3.311445e+001
      vertex  8.000000e+000 -5.740252e-001  3.311445e+001
      vertex  8.000000e+000 -8.333554e-001  3.325306e+001
    endloop
  endfacet
  facet normal  -0.000000e+000  4.713961e-001  8.819216e-001
    outer loop
      vertex  1.100000e+001 -5.740252e-001  3.311445e+001
      vertex  8.000000e+000 -8.333554e-001  3.325306e+001
      vertex  1.100000e+001 -8.333554e-001  3.325306e+001
    endloop
  endfacet
  facet normal  0.000000e+000  6.343898e-001  7.730132e-001
    outer loop
      vertex  1.100000e+001 -8.333554e-001  3.325306e+001
      vertex  8.000000e+000 -8.333554e-001  3.325306e+001
      vertex  8.000000e+000 -1.060660e+000  3.343961e+001
    endloop
  endfacet
  facet normal  -0.000000e+000  6.343898e-001  7.730132e-001
    outer loop
      vertex  1.100000e+001 -8.333554e-001  3.325306e+001
      vertex  8.000000e+000 -1.060660e+000  3.343961e+001
      vertex  1.100000e+001 -1.060660e+000  3.343961e+001
    endloop
  endfacet
  facet normal  0.000000e+000  7.730125e-001  6.343908e-001
    outer loop
      vertex  1.100000e+001 -1.060660e+000  3.343961e+001
      vertex  8.000000e+000 -1.060660e+000  3.343961e+001
      vertex  8.000000e+000 -1.247204e+000  3.366691e+001
    endloop
  endfacet
  facet normal  -0.000000e+000  7.730125e-001  6.343908e-001
    outer loop
      vertex  1.100000e+001 -1.060660e+000  3.343961e+001
      vertex  8.000000e+000 -1.247204e+000  3.366691e+001
      vertex  1.100000e+001 -1.247204e+000  3.366691e+001
    endloop
  endfacet
  facet normal  0.000000e+000  8.819217e-001  4.713960e-001
    outer loop
      vertex  1.100000e+001 -1.247204e+000  3.366691e+001
      vertex  8.000000e+000 -1.247204e+000  3.366691e+001
      vertex  8.000000e+000 -1.385819e+000  3.392624e+001
    endloop
  endfacet
  facet normal  -0.000000e+000  8.819217e-001  4.713960e-001
    outer loop
      vertex  1.100000e+001 -1.247204e+000  3.366691e+001
      vertex  8.000000e+000 -1.385819e+000  3.392624e+001
      vertex  1.100000e+001 -1.385819e+000  3.392624e+001
    endloop
  endfacet
  facet normal  0.000000e+000  9.569397e-001  2.902869e-001
    outer loop
      vertex  1.100000e+001 -1.385819e+000  3.392624e+001
      vertex  8.000000e+000 -1.385819e+000  3.392624e+001
      vertex  8.000000e+000 -1.471178e+000  3.420763e+001
    endloop
  endfacet
  facet normal  -0.000000e+000  9.569397e-001  2.902869e-001
    outer loop
      vertex  1.100000e+001 -1.385819e+000  3.392624e+001
      vertex  8.000000e+000 -1.471178e+000  3.420763e+001
      vertex  1.100000e+001 -1.471178e+000  3.420763e+001
    endloop
  endfacet
  facet normal  0.000000e+000  9.951848e-001  9.801663e-002
    outer loop
      vertex  1.100000e+001 -1.471178e+000  3.420763e+001
      vertex  8.000000e+000 -1.471178e+000  3.420763e+001
      vertex  8.000000e+000 -1.500000e+000  3.450027e+001
    endloop
  endfacet
  facet normal  -0.000000e+000  9.951848e-001  9.801663e-002
    outer loop
      vertex  1.100000e+001 -1.471178e+000  3.420763e+001
      vertex  8.000000e+000 -1.500000e+000  3.450027e+001
      vertex  1.100000e+001 -1.500000e+000  3.450027e+001
    endloop
  endfacet
  facet normal  0.000000e+000  9.802312e-002 -9.951842e-001
    outer loop
      vertex  8.000000e+000  4.592274e-016  3.600027e+001
      vertex  1.100000e+001 -2.926355e-001  3.597144e+001
      vertex  8.000000e+000 -2.926355e-001  3.597144e+001
    endloop
  endfacet
  facet normal  0.000000e+000  2.902817e-001 -9.569412e-001
    outer loop
      vertex  8.000000e+000 -2.926355e-001  3.597144e+001
      vertex  1.100000e+001 -2.926355e-001  3.597144e+001
      vertex  1.100000e+001 -5.740252e-001  3.588609e+001
    endloop
  endfacet
  facet normal  0.000000e+000  2.902817e-001 -9.569412e-001
    outer loop
      vertex  8.000000e+000 -2.926355e-001  3.597144e+001
      vertex  1.100000e+001 -5.740252e-001  3.588609e+001
      vertex  8.000000e+000 -5.740252e-001  3.588609e+001
    endloop
  endfacet
  facet normal  0.000000e+000  4.713961e-001 -8.819216e-001
    outer loop
      vertex  8.000000e+000 -5.740252e-001  3.588609e+001
      vertex  1.100000e+001 -5.740252e-001  3.588609e+001
      vertex  1.100000e+001 -8.333554e-001  3.574747e+001
    endloop
  endfacet
  facet normal  0.000000e+000  4.713961e-001 -8.819216e-001
    outer loop
      vertex  8.000000e+000 -5.740252e-001  3.588609e+001
      vertex  1.100000e+001 -8.333554e-001  3.574747e+001
      vertex  8.000000e+000 -8.333554e-001  3.574747e+001
    endloop
  endfacet
  facet normal  0.000000e+000  6.343898e-001 -7.730132e-001
    outer loop
      vertex  8.000000e+000 -8.333554e-001  3.574747e+001
      vertex  1.100000e+001 -8.333554e-001  3.574747e+001
      vertex  1.100000e+001 -1.060660e+000  3.556093e+001
    endloop
  endfacet
  facet normal  0.000000e+000  6.343898e-001 -7.730132e-001
    outer loop
      vertex  8.000000e+000 -8.333554e-001  3.574747e+001
      vertex  1.100000e+001 -1.060660e+000  3.556093e+001
      vertex  8.000000e+000 -1.060660e+000  3.556093e+001
    endloop
  endfacet
  facet normal  0.000000e+000  7.730125e-001 -6.343908e-001
    outer loop
      vertex  8.000000e+000 -1.060660e+000  3.556093e+001
      vertex  1.100000e+001 -1.060660e+000  3.556093e+001
      vertex  1.100000e+001 -1.247204e+000  3.533362e+001
    endloop
  endfacet
  facet normal  0.000000e+000  7.730125e-001 -6.343908e-001
    outer loop
      vertex  8.000000e+000 -1.060660e+000  3.556093e+001
      vertex  1.100000e+001 -1.247204e+000  3.533362e+001
      vertex  8.000000e+000 -1.247204e+000  3.533362e+001
    endloop
  endfacet
  facet normal  0.000000e+000  8.819217e-001 -4.713960e-001
    outer loop
      vertex  8.000000e+000 -1.247204e+000  3.533362e+001
      vertex  1.100000e+001 -1.247204e+000  3.533362e+001
      vertex  1.100000e+001 -1.385819e+000  3.507429e+001
    endloop
  endfacet
  facet normal  0.000000e+000  8.819217e-001 -4.713960e-001
    outer loop
      vertex  8.000000e+000 -1.247204e+000  3.533362e+001
      vertex  1.100000e+001 -1.385819e+000  3.507429e+001
      vertex  8.000000e+000 -1.385819e+000  3.507429e+001
    endloop
  endfacet
  facet normal  0.000000e+000  9.569397e-001 -2.902869e-001
    outer loop
      vertex  8.000000e+000 -1.385819e+000  3.507429e+001
      vertex  1.100000e+001 -1.385819e+000  3.507429e+001
      vertex  1.100000e+001 -1.471178e+000  3.479290e+001
    endloop
  endfacet
  facet normal  0.000000e+000  9.569397e-001 -2.902869e-001
    outer loop
      vertex  8.000000e+000 -1.385819e+000  3.507429e+001
      vertex  1.100000e+001 -1.471178e+000  3.479290e+001
      vertex  8.000000e+000 -1.471178e+000  3.479290e+001
    endloop
  endfacet
  facet normal  0.000000e+000  9.951848e-001 -9.801663e-002
    outer loop
      vertex  8.000000e+000 -1.471178e+000  3.479290e+001
      vertex  1.100000e+001 -1.471178e+000  3.479290e+001
      vertex  1.100000e+001 -1.500000e+000  3.450027e+001
    endloop
  endfacet
  facet normal  0.000000e+000  9.951848e-001 -9.801663e-002
    outer loop
      vertex  8.000000e+000 -1.471178e+000  3.479290e+001
      vertex  1.100000e+001 -1.500000e+000  3.450027e+001
      vertex  8.000000e+000 -1.500000e+000  3.450027e+001
    endloop
  endfacet
  facet normal -8.706202e-017  9.802312e-002 -9.951842e-001
    outer loop
      vertex  1.100000e+001 -2.926355e-001  3.597144e+001
      vertex  8.000000e+000  4.592274e-016  3.600027e+001
      vertex  1.100000e+001  3.123763e-015  3.600027e+001
    endloop
  endfacet
  facet normal  8.706202e-017 -9.802312e-002 -9.951842e-001
    outer loop
      vertex  1.100000e+001  3.123763e-015  3.600027e+001
      vertex  8.000000e+000  4.592274e-016  3.600027e+001
      vertex  8.000000e+000  2.926355e-001  3.597144e+001
    endloop
  endfacet
  facet normal  0.000000e+000 -9.802312e-002 -9.951842e-001
    outer loop
      vertex  1.100000e+001  3.123763e-015  3.600027e+001
      vertex  8.000000e+000  2.926355e-001  3.597144e+001
      vertex  1.100000e+001  2.926355e-001  3.597144e+001
    endloop
  endfacet
  facet normal  -0.000000e+000 -2.902817e-001 -9.569412e-001
    outer loop
      vertex  1.100000e+001  2.926355e-001  3.597144e+001
      vertex  8.000000e+000  2.926355e-001  3.597144e+001
      vertex  8.000000e+000  5.740252e-001  3.588609e+001
    endloop
  endfacet
  facet normal  0.000000e+000 -2.902817e-001 -9.569412e-001
    outer loop
      vertex  1.100000e+001  2.926355e-001  3.597144e+001
      vertex  8.000000e+000  5.740252e-001  3.588609e+001
      vertex  1.100000e+001  5.740252e-001  3.588609e+001
    endloop
  endfacet
  facet normal  -0.000000e+000 -4.713961e-001 -8.819216e-001
    outer loop
      vertex  1.100000e+001  5.740252e-001  3.588609e+001
      vertex  8.000000e+000  5.740252e-001  3.588609e+001
      vertex  8.000000e+000  8.333554e-001  3.574747e+001
    endloop
  endfacet
  facet normal  0.000000e+000 -4.713961e-001 -8.819216e-001
    outer loop
      vertex  1.100000e+001  5.740252e-001  3.588609e+001
      vertex  8.000000e+000  8.333554e-001  3.574747e+001
      vertex  1.100000e+001  8.333554e-001  3.574747e+001
    endloop
  endfacet
  facet normal  -0.000000e+000 -6.343898e-001 -7.730132e-001
    outer loop
      vertex  1.100000e+001  8.333554e-001  3.574747e+001
      vertex  8.000000e+000  8.333554e-001  3.574747e+001
      vertex  8.000000e+000  1.060660e+000  3.556093e+001
    endloop
  endfacet
  facet normal  0.000000e+000 -6.343898e-001 -7.730132e-001
    outer loop
      vertex  1.100000e+001  8.333554e-001  3.574747e+001
      vertex  8.000000e+000  1.060660e+000  3.556093e+001
      vertex  1.100000e+001  1.060660e+000  3.556093e+001
    endloop
  endfacet
  facet normal  -0.000000e+000 -7.730125e-001 -6.343908e-001
    outer loop
      vertex  1.100000e+001  1.060660e+000  3.556093e+001
      vertex  8.000000e+000  1.060660e+000  3.556093e+001
      vertex  8.000000e+000  1.247204e+000  3.533362e+001
    endloop
  endfacet
  facet normal  0.000000e+000 -7.730125e-001 -6.343908e-001
    outer loop
      vertex  1.100000e+001  1.060660e+000  3.556093e+001
      vertex  8.000000e+000  1.247204e+000  3.533362e+001
      vertex  1.100000e+001  1.247204e+000  3.533362e+001
    endloop
  endfacet
  facet normal  -0.000000e+000 -8.819217e-001 -4.713960e-001
    outer loop
      vertex  1.100000e+001  1.247204e+000  3.533362e+001
      vertex  8.000000e+000  1.247204e+000  3.533362e+001
      vertex  8.000000e+000  1.385819e+000  3.507429e+001
    endloop
  endfacet
  facet normal  0.000000e+000 -8.819217e-001 -4.713960e-001
    outer loop
      vertex  1.100000e+001  1.247204e+000  3.533362e+001
      vertex  8.000000e+000  1.385819e+000  3.507429e+001
      vertex  1.100000e+001  1.385819e+000  3.507429e+001
    endloop
  endfacet
  facet normal  -0.000000e+000 -9.569397e-001 -2.902869e-001
    outer loop
      vertex  1.100000e+001  1.385819e+000  3.507429e+001
      vertex  8.000000e+000  1.385819e+000  3.507429e+001
      vertex  8.000000e+000  1.471178e+000  3.479290e+001
    endloop
  endfacet
  facet normal  0.000000e+000 -9.569397e-001 -2.902869e-001
    outer loop
      vertex  1.100000e+001  1.385819e+000  3.507429e+001
      vertex  8.000000e+000  1.471178e+000  3.479290e+001
      vertex  1.100000e+001  1.471178e+000  3.479290e+001
    endloop
  endfacet
  facet normal  -0.000000e+000 -9.951848e-001 -9.801663e-002
    outer loop
      vertex  1.100000e+001  1.471178e+000  3.479290e+001
      vertex  8.000000e+000  1.471178e+000  3.479290e+001
      vertex  8.000000e+000  1.500000e+000  3.450027e+001
    endloop
  endfacet
  facet normal  0.000000e+000 -9.951848e-001 -9.801663e-002
    outer loop
      vertex  1.100000e+001  1.471178e+000  3.479290e+001
      vertex  8.000000e+000  1.500000e+000  3.450027e+001
      vertex  1.100000e+001  1.500000e+000  3.450027e+001
    endloop
  endfacet
  facet normal  0.000000e+000 -1.000000e+000  0.000000e+000
    outer loop
      vertex  1.100000e+001 -6.000000e+000  4.792424e+001
      vertex  7.000000e+000 -6.000000e+000  4.792424e+001
      vertex  7.000000e+000 -6.000000e+000  4.642424e+001
    endloop
  endfacet
  facet normal  0.000000e+000 -1.000000e+000  0.000000e+000
    outer loop
      vertex  1.100000e+001 -6.000000e+000  4.792424e+001
      vertex  7.000000e+000 -6.000000e+000  4.642424e+001
      vertex  9.500000e+000 -6.000000e+000  4.642424e+001
    endloop
  endfacet
  facet normal  0.000000e+000 -1.000000e+000  0.000000e+000
    outer loop
      vertex  1.100000e+001 -6.000000e+000  4.792424e+001
      vertex  9.500000e+000 -6.000000e+000  4.642424e+001
      vertex  9.500000e+000 -6.000000e+000  3.843419e+001
    endloop
  endfacet
  facet normal  0.000000e+000 -1.000000e+000  0.000000e+000
    outer loop
      vertex  1.100000e+001 -6.000000e+000  4.792424e+001
      vertex  9.500000e+000 -6.000000e+000  3.843419e+001
      vertex  9.500000e+000 -6.000000e+000  3.043419e+001
    endloop
  endfacet
  facet normal  0.000000e+000 -1.000000e+000  0.000000e+000
    outer loop
      vertex  1.100000e+001 -6.000000e+000  4.792424e+001
      vertex  9.500000e+000 -6.000000e+000  3.043419e+001
      vertex  9.500000e+000 -6.000000e+000  2.592424e+001
    endloop
  endfacet
  facet normal  0.000000e+000 -9.999999e-001  0.000000e+000
    outer loop
      vertex  1.100000e+001 -6.000000e+000  4.792424e+001
      vertex  9.500000e+000 -6.000000e+000  2.592424e+001
      vertex  1.100000e+001 -6.000000e+000  2.442424e+001
    endloop
  endfacet
  facet normal  0.000000e+000 -1.000000e+000  0.000000e+000
    outer loop
      vertex  2.100124e+000 -6.000000e+000  3.843419e+001
      vertex  2.100124e+000 -6.000000e+000  3.043419e+001
      vertex  9.500000e+000 -6.000000e+000  3.843419e+001
    endloop
  endfacet
  facet normal  0.000000e+000 -1.000000e+000  -0.000000e+000
    outer loop
      vertex  9.500000e+000 -6.000000e+000  3.843419e+001
      vertex  2.100124e+000 -6.000000e+000  3.043419e+001
      vertex  9.500000e+000 -6.000000e+000  3.043419e+001
    endloop
  endfacet
  facet normal  0.000000e+000 -1.000000e+000  0.000000e+000
    outer loop
      vertex  7.000000e+000 -6.000000e+000  2.442424e+001
      vertex  1.100000e+001 -6.000000e+000  2.442424e+001
      vertex  7.000000e+000 -6.000000e+000  2.592424e+001
    endloop
  endfacet
  facet normal  0.000000e+000 -1.000000e+000  0.000000e+000
    outer loop
      vertex  7.000000e+000 -6.000000e+000  2.592424e+001
      vertex  1.100000e+001 -6.000000e+000  2.442424e+001
      vertex  9.500000e+000 -6.000000e+000  2.592424e+001
    endloop
  endfacet
  facet normal  0.000000e+000  1.000000e+000  0.000000e+000
    outer loop
      vertex  1.100000e+001  6.000000e+000  2.592424e+001
      vertex  9.500000e+000  6.000000e+000  2.592424e+001
      vertex  1.100000e+001  6.000000e+000  4.792424e+001
    endloop
  endfacet
  facet normal  0.000000e+000  9.999999e-001  0.000000e+000
    outer loop
      vertex  1.100000e+001  6.000000e+000  4.792424e+001
      vertex  9.500000e+000  6.000000e+000  2.592424e+001
      vertex  9.500000e+000  6.000000e+000  4.642424e+001
    endloop
  endfacet
  facet normal  0.000000e+000  1.000000e+000  -0.000000e+000
    outer loop
      vertex  1.100000e+001  6.000000e+000  4.792424e+001
      vertex  9.500000e+000  6.000000e+000  4.642424e+001
      vertex  7.000000e+000  6.000000e+000  4.792424e+001
    endloop
  endfacet
  facet normal  0.000000e+000  1.000000e+000  0.000000e+000
    outer loop
      vertex  7.000000e+000  6.000000e+000  4.792424e+001
      vertex  9.500000e+000  6.000000e+000  4.642424e+001
      vertex  7.000000e+000  6.000000e+000  4.642424e+001
    endloop
  endfacet
  facet normal  1.000000e+000  0.000000e+000  0.000000e+000
    outer loop
      vertex  8.000000e+000 -2.926355e-001  3.597144e+001
      vertex  8.000000e+000  2.926355e-001  3.597144e+001
      vertex  8.000000e+000  4.592274e-016  3.600027e+001
    endloop
  endfacet
  facet normal  1.000000e+000  -0.000000e+000  0.000000e+000
    outer loop
      vertex  8.000000e+000  2.926355e-001  3.597144e+001
      vertex  8.000000e+000 -2.926355e-001  3.597144e+001
      vertex  8.000000e+000  5.740252e-001  3.588609e+001
    endloop
  endfacet
  facet normal  1.000000e+000  0.000000e+000  0.000000e+000
    outer loop
      vertex  8.000000e+000  5.740252e-001  3.588609e+001
      vertex  8.000000e+000 -2.926355e-001  3.597144e+001
      vertex  8.000000e+000 -5.740252e-001  3.588609e+001
    endloop
  endfacet
  facet normal  1.000000e+000  -0.000000e+000  0.000000e+000
    outer loop
      vertex  8.000000e+000  5.740252e-001  3.588609e+001
      vertex  8.000000e+000 -5.740252e-001  3.588609e+001
      vertex  8.000000e+000  8.333554e-001  3.574747e+001
    endloop
  endfacet
  facet normal  1.000000e+000  0.000000e+000  0.000000e+000
    outer loop
      vertex  8.000000e+000  8.333554e-001  3.574747e+001
      vertex  8.000000e+000 -5.740252e-001  3.588609e+001
      vertex  8.000000e+000 -8.333554e-001  3.574747e+001
    endloop
  endfacet
  facet normal  1.000000e+000  -0.000000e+000  0.000000e+000
    outer loop
      vertex  8.000000e+000  8.333554e-001  3.574747e+001
      vertex  8.000000e+000 -8.333554e-001  3.574747e+001
      vertex  8.000000e+000  1.060660e+000  3.556093e+001
    endloop
  endfacet
  facet normal  1.000000e+000  0.000000e+000  0.000000e+000
    outer loop
      vertex  8.000000e+000  1.060660e+000  3.556093e+001
      vertex  8.000000e+000 -8.333554e-001  3.574747e+001
      vertex  8.000000e+000 -1.060660e+000  3.556093e+001
    endloop
  endfacet
  facet normal  1.000000e+000  -0.000000e+000  0.000000e+000
    outer loop
      vertex  8.000000e+000  1.060660e+000  3.556093e+001
      vertex  8.000000e+000 -1.060660e+000  3.556093e+001
      vertex  8.000000e+000  1.247204e+000  3.533362e+001
    endloop
  endfacet
  facet normal  1.000000e+000  0.000000e+000  0.000000e+000
    outer loop
      vertex  8.000000e+000  1.247204e+000  3.533362e+001
      vertex  8.000000e+000 -1.060660e+000  3.556093e+001
      vertex  8.000000e+000 -1.247204e+000  3.533362e+001
    endloop
  endfacet
  facet normal  1.000000e+000  -0.000000e+000  0.000000e+000
    outer loop
      vertex  8.000000e+000  1.247204e+000  3.533362e+001
      vertex  8.000000e+000 -1.247204e+000  3.533362e+001
      vertex  8.000000e+000  1.385819e+000  3.507429e+001
    endloop
  endfacet
  facet normal  1.000000e+000  0.000000e+000  0.000000e+000
    outer loop
      vertex  8.000000e+000  1.385819e+000  3.507429e+001
      vertex  8.000000e+000 -1.247204e+000  3.533362e+001
      vertex  8.000000e+000 -1.385819e+000  3.507429e+001
    endloop
  endfacet
  facet normal  9.999999e-001  -0.000000e+000  0.000000e+000
    outer loop
      vertex  8.000000e+000  1.385819e+000  3.507429e+001
      vertex  8.000000e+000 -1.385819e+000  3.507429e+001
      vertex  8.000000e+000  1.471178e+000  3.479290e+001
    endloop
  endfacet
  facet normal  1.000000e+000  0.000000e+000  0.000000e+000
    outer loop
      vertex  8.000000e+000  1.471178e+000  3.479290e+001
      vertex  8.000000e+000 -1.385819e+000  3.507429e+001
      vertex  8.000000e+000 -1.471178e+000  3.479290e+001
    endloop
  endfacet
  facet normal  1.000000e+000  -0.000000e+000  0.000000e+000
    outer loop
      vertex  8.000000e+000  1.471178e+000  3.479290e+001
      vertex  8.000000e+000 -1.471178e+000  3.479290e+001
      vertex  8.000000e+000  1.500000e+000  3.450027e+001
    endloop
  endfacet
  facet normal  1.000000e+000  0.000000e+000  0.000000e+000
    outer loop
      vertex  8.000000e+000  1.500000e+000  3.450027e+001
      vertex  8.000000e+000 -1.471178e+000  3.479290e+001
      vertex  8.000000e+000 -1.500000e+000  3.450027e+001
    endloop
  endfacet
  facet normal  1.000000e+000  -0.000000e+000  0.000000e+000
    outer loop
      vertex  8.000000e+000  1.500000e+000  3.450027e+001
      vertex  8.000000e+000 -1.500000e+000  3.450027e+001
      vertex  8.000000e+000  1.471178e+000  3.420763e+001
    endloop
  endfacet
  facet normal  1.000000e+000  0.000000e+000  0.000000e+000
    outer loop
      vertex  8.000000e+000  1.471178e+000  3.420763e+001
      vertex  8.000000e+000 -1.500000e+000  3.450027e+001
      vertex  8.000000e+000 -1.471178e+000  3.420763e+001
    endloop
  endfacet
  facet normal  1.000000e+000  -0.000000e+000  0.000000e+000
    outer loop
      vertex  8.000000e+000  1.471178e+000  3.420763e+001
      vertex  8.000000e+000 -1.471178e+000  3.420763e+001
      vertex  8.000000e+000  1.385819e+000  3.392624e+001
    endloop
  endfacet
  facet normal  9.999999e-001  0.000000e+000  0.000000e+000
    outer loop
      vertex  8.000000e+000  1.385819e+000  3.392624e+001
      vertex  8.000000e+000 -1.471178e+000  3.420763e+001
      vertex  8.000000e+000 -1.385819e+000  3.392624e+001
    endloop
  endfacet
  facet normal  1.000000e+000  -0.000000e+000  0.000000e+000
    outer loop
      vertex  8.000000e+000  1.385819e+000  3.392624e+001
      vertex  8.000000e+000 -1.385819e+000  3.392624e+001
      vertex  8.000000e+000  1.247204e+000  3.366691e+001
    endloop
  endfacet
  facet normal  1.000000e+000  0.000000e+000  0.000000e+000
    outer loop
      vertex  8.000000e+000  1.247204e+000  3.366691e+001
      vertex  8.000000e+000 -1.385819e+000  3.392624e+001
      vertex  8.000000e+000 -1.247204e+000  3.366691e+001
    endloop
  endfacet
  facet normal  1.000000e+000  -0.000000e+000  0.000000e+000
    outer loop
      vertex  8.000000e+000  1.247204e+000  3.366691e+001
      vertex  8.000000e+000 -1.247204e+000  3.366691e+001
      vertex  8.000000e+000  1.060660e+000  3.343961e+001
    endloop
  endfacet
  facet normal  1.000000e+000  0.000000e+000  0.000000e+000
    outer loop
      vertex  8.000000e+000  1.060660e+000  3.343961e+001
      vertex  8.000000e+000 -1.247204e+000  3.366691e+001
      vertex  8.000000e+000 -1.060660e+000  3.343961e+001
    endloop
  endfacet
  facet normal  1.000000e+000  -0.000000e+000  0.000000e+000
    outer loop
      vertex  8.000000e+000  1.060660e+000  3.343961e+001
      vertex  8.000000e+000 -1.060660e+000  3.343961e+001
      vertex  8.000000e+000  8.333554e-001  3.325306e+001
    endloop
  endfacet
  facet normal  1.000000e+000  0.000000e+000  0.000000e+000
    outer loop
      vertex  8.000000e+000  8.333554e-001  3.325306e+001
      vertex  8.000000e+000 -1.060660e+000  3.343961e+001
      vertex  8.000000e+000 -8.333554e-001  3.325306e+001
    endloop
  endfacet
  facet normal  1.000000e+000  -0.000000e+000  0.000000e+000
    outer loop
      vertex  8.000000e+000  8.333554e-001  3.325306e+001
      vertex  8.000000e+000 -8.333554e-001  3.325306e+001
      vertex  8.000000e+000  5.740252e-001  3.311445e+001
    endloop
  endfacet
  facet normal  1.000000e+000  0.000000e+000  0.000000e+000
    outer loop
      vertex  8.000000e+000  5.740252e-001  3.311445e+001
      vertex  8.000000e+000 -8.333554e-001  3.325306e+001
      vertex  8.000000e+000 -5.740252e-001  3.311445e+001
    endloop
  endfacet
  facet normal  1.000000e+000  -0.000000e+000  0.000000e+000
    outer loop
      vertex  8.000000e+000  5.740252e-001  3.311445e+001
      vertex  8.000000e+000 -5.740252e-001  3.311445e+001
      vertex  8.000000e+000  2.926355e-001  3.302909e+001
    endloop
  endfacet
  facet normal  1.000000e+000  0.000000e+000  0.000000e+000
    outer loop
      vertex  8.000000e+000  2.926355e-001  3.302909e+001
      vertex  8.000000e+000 -5.740252e-001  3.311445e+001
      vertex  8.000000e+000 -2.926355e-001  3.302909e+001
    endloop
  endfacet
  facet normal  1.000000e+000  -0.000000e+000  0.000000e+000
    outer loop
      vertex  8.000000e+000  2.926355e-001  3.302909e+001
      vertex  8.000000e+000 -2.926355e-001  3.302909e+001
      vertex  8.000000e+000  2.021617e-015  3.300027e+001
    endloop
  endfacet
  facet normal -1.000000e+000  0.000000e+000  0.000000e+000
    outer loop
      vertex  9.500000e+000  6.000000e+000  4.642424e+001
      vertex  9.500000e+000 -6.000000e+000  3.843419e+001
      vertex  9.500000e+000 -6.000000e+000  4.642424e+001
    endloop
  endfacet
  facet normal -1.000000e+000  0.000000e+000  0.000000e+000
    outer loop
      vertex  9.500000e+000 -6.000000e+000  3.843419e+001
      vertex  9.500000e+000  6.000000e+000  4.642424e+001
      vertex  9.500000e+000  5.898118e+000  3.843419e+001
    endloop
  endfacet
  facet normal -1.000000e+000  0.000000e+000  0.000000e+000
    outer loop
      vertex  9.500000e+000  5.898118e+000  3.843419e+001
      vertex  9.500000e+000  6.000000e+000  4.642424e+001
      vertex  9.500000e+000  6.000000e+000  2.592424e+001
    endloop
  endfacet
  facet normal -9.999999e-001  0.000000e+000  0.000000e+000
    outer loop
      vertex  9.500000e+000  5.898118e+000  3.843419e+001
      vertex  9.500000e+000  6.000000e+000  2.592424e+001
      vertex  9.500000e+000  5.898118e+000  3.043419e+001
    endloop
  endfacet
  facet normal -9.999999e-001  0.000000e+000  -0.000000e+000
    outer loop
      vertex  9.500000e+000  5.898118e+000  3.043419e+001
      vertex  9.500000e+000  6.000000e+000  2.592424e+001
      vertex  9.500000e+000 -6.000000e+000  2.592424e+001
    endloop
  endfacet
  facet normal -1.000000e+000  0.000000e+000  0.000000e+000
    outer loop
      vertex  9.500000e+000  5.898118e+000  3.043419e+001
      vertex  9.500000e+000 -6.000000e+000  2.592424e+001
      vertex  9.500000e+000 -6.000000e+000  3.043419e+001
    endloop
  endfacet
  facet normal  1.076030e-002  9.999421e-001  0.000000e+000
    outer loop
      vertex  2.154236e+000  5.977166e+000  3.843419e+001
      vertex  9.500000e+000  5.898118e+000  3.843419e+001
      vertex  2.154236e+000  5.977166e+000  3.043419e+001
    endloop
  endfacet
  facet normal  1.076030e-002  9.999421e-001  0.000000e+000
    outer loop
      vertex  2.154236e+000  5.977166e+000  3.043419e+001
      vertex  9.500000e+000  5.898118e+000  3.843419e+001
      vertex  9.500000e+000  5.898118e+000  3.043419e+001
    endloop
  endfacet
  facet normal  0.000000e+000  0.000000e+000 -1.000000e+000
    outer loop
      vertex  9.500000e+000 -6.000000e+000  3.043419e+001
      vertex  2.100124e+000 -6.000000e+000  3.043419e+001
      vertex  2.723746e+000 -5.700262e+000  3.043419e+001
    endloop
  endfacet
  facet normal  0.000000e+000  0.000000e+000 -1.000000e+000
    outer loop
      vertex  9.500000e+000 -6.000000e+000  3.043419e+001
      vertex  2.723746e+000 -5.700262e+000  3.043419e+001
      vertex  3.311973e+000 -5.335933e+000  3.043419e+001
    endloop
  endfacet
  facet normal  0.000000e+000  0.000000e+000 -1.000000e+000
    outer loop
      vertex  9.500000e+000 -6.000000e+000  3.043419e+001
      vertex  3.311973e+000 -5.335933e+000  3.043419e+001
      vertex  3.858140e+000 -4.911140e+000  3.043419e+001
    endloop
  endfacet
  facet normal  0.000000e+000  0.000000e+000 -1.000000e+000
    outer loop
      vertex  9.500000e+000 -6.000000e+000  3.043419e+001
      vertex  3.858140e+000 -4.911140e+000  3.043419e+001
      vertex  4.356058e+000 -4.430699e+000  3.043419e+001
    endloop
  endfacet
  facet normal  0.000000e+000  0.000000e+000 -9.999999e-001
    outer loop
      vertex  9.500000e+000 -6.000000e+000  3.043419e+001
      vertex  4.356058e+000 -4.430699e+000  3.043419e+001
      vertex  4.800086e+000 -3.900051e+000  3.043419e+001
    endloop
  endfacet
  facet normal  0.000000e+000  0.000000e+000 -1.000000e+000
    outer loop
      vertex  9.500000e+000 -6.000000e+000  3.043419e+001
      vertex  4.800086e+000 -3.900051e+000  3.043419e+001
      vertex  5.185191e+000 -3.325211e+000  3.043419e+001
    endloop
  endfacet
  facet normal  0.000000e+000  0.000000e+000 -1.000000e+000
    outer loop
      vertex  9.500000e+000 -6.000000e+000  3.043419e+001
      vertex  5.185191e+000 -3.325211e+000  3.043419e+001
      vertex  5.507010e+000 -2.712692e+000  3.043419e+001
    endloop
  endfacet
  facet normal  0.000000e+000  0.000000e+000 -9.999999e-001
    outer loop
      vertex  9.500000e+000 -6.000000e+000  3.043419e+001
      vertex  5.507010e+000 -2.712692e+000  3.043419e+001
      vertex  5.761896e+000 -2.069435e+000  3.043419e+001
    endloop
  endfacet
  facet normal  0.000000e+000  0.000000e+000 -1.000000e+000
    outer loop
      vertex  9.500000e+000 -6.000000e+000  3.043419e+001
      vertex  5.761896e+000 -2.069435e+000  3.043419e+001
      vertex  5.946962e+000 -1.402729e+000  3.043419e+001
    endloop
  endfacet
  facet normal  0.000000e+000  0.000000e+000 -1.000000e+000
    outer loop
      vertex  9.500000e+000 -6.000000e+000  3.043419e+001
      vertex  5.946962e+000 -1.402729e+000  3.043419e+001
      vertex  6.060110e+000 -7.201276e-001  3.043419e+001
    endloop
  endfacet
  facet normal  0.000000e+000  0.000000e+000 -1.000000e+000
    outer loop
      vertex  9.500000e+000 -6.000000e+000  3.043419e+001
      vertex  6.060110e+000 -7.201276e-001  3.043419e+001
      vertex  6.100058e+000 -2.936634e-002  3.043419e+001
    endloop
  endfacet
  facet normal  0.000000e+000  0.000000e+000 -1.000000e+000
    outer loop
      vertex  9.500000e+000 -6.000000e+000  3.043419e+001
      vertex  6.100058e+000 -2.936634e-002  3.043419e+001
      vertex  6.066353e+000  6.617277e-001  3.043419e+001
    endloop
  endfacet
  facet normal  0.000000e+000  0.000000e+000 -1.000000e+000
    outer loop
      vertex  9.500000e+000 -6.000000e+000  3.043419e+001
      vertex  6.066353e+000  6.617277e-001  3.043419e+001
      vertex  5.959377e+000  1.345323e+000  3.043419e+001
    endloop
  endfacet
  facet normal  0.000000e+000  0.000000e+000 -1.000000e+000
    outer loop
      vertex  9.500000e+000 -6.000000e+000  3.043419e+001
      vertex  5.959377e+000  1.345323e+000  3.043419e+001
      vertex  5.780344e+000  2.013675e+000  3.043419e+001
    endloop
  endfacet
  facet normal  0.000000e+000  0.000000e+000 -1.000000e+000
    outer loop
      vertex  9.500000e+000 -6.000000e+000  3.043419e+001
      vertex  5.780344e+000  2.013675e+000  3.043419e+001
      vertex  5.531280e+000  2.659209e+000  3.043419e+001
    endloop
  endfacet
  facet normal  0.000000e+000  0.000000e+000 -9.999999e-001
    outer loop
      vertex  9.500000e+000  5.898118e+000  3.043419e+001
      vertex  9.500000e+000 -6.000000e+000  3.043419e+001
      vertex  5.531280e+000  2.659209e+000  3.043419e+001
    endloop
  endfacet
  facet normal  0.000000e+000  0.000000e+000 -1.000000e+000
    outer loop
      vertex  9.500000e+000  5.898118e+000  3.043419e+001
      vertex  5.531280e+000  2.659209e+000  3.043419e+001
      vertex  5.215008e+000  3.274611e+000  3.043419e+001
    endloop
  endfacet
  facet normal  0.000000e+000  0.000000e+000 -1.000000e+000
    outer loop
      vertex  9.500000e+000  5.898118e+000  3.043419e+001
      vertex  5.215008e+000  3.274611e+000  3.043419e+001
      vertex  4.835113e+000  3.852907e+000  3.043419e+001
    endloop
  endfacet
  facet normal  0.000000e+000  0.000000e+000 -1.000000e+000
    outer loop
      vertex  9.500000e+000  5.898118e+000  3.043419e+001
      vertex  4.835113e+000  3.852907e+000  3.043419e+001
      vertex  4.395898e+000  4.387545e+000  3.043419e+001
    endloop
  endfacet
  facet normal  0.000000e+000  0.000000e+000 -9.999999e-001
    outer loop
      vertex  9.500000e+000  5.898118e+000  3.043419e+001
      vertex  4.395898e+000  4.387545e+000  3.043419e+001
      vertex  3.902342e+000  4.872466e+000  3.043419e+001
    endloop
  endfacet
  facet normal  0.000000e+000  0.000000e+000 -1.000000e+000
    outer loop
      vertex  9.500000e+000  5.898118e+000  3.043419e+001
      vertex  3.902342e+000  4.872466e+000  3.043419e+001
      vertex  3.360035e+000  5.302176e+000  3.043419e+001
    endloop
  endfacet
  facet normal  0.000000e+000  0.000000e+000 -1.000000e+000
    outer loop
      vertex  9.500000e+000  5.898118e+000  3.043419e+001
      vertex  3.360035e+000  5.302176e+000  3.043419e+001
      vertex  2.775124e+000  5.671805e+000  3.043419e+001
    endloop
  endfacet
  facet normal  0.000000e+000  0.000000e+000 -9.999999e-001
    outer loop
      vertex  9.500000e+000  5.898118e+000  3.043419e+001
      vertex  2.775124e+000  5.671805e+000  3.043419e+001
      vertex  2.154236e+000  5.977166e+000  3.043419e+001
    endloop
  endfacet
  facet normal  0.000000e+000  0.000000e+000  1.000000e+000
    outer loop
      vertex  9.500000e+000 -6.000000e+000  3.843419e+001
      vertex  5.531280e+000  2.659209e+000  3.843419e+001
      vertex  5.780344e+000  2.013675e+000  3.843419e+001
    endloop
  endfacet
  facet normal  0.000000e+000  0.000000e+000  1.000000e+000
    outer loop
      vertex  9.500000e+000 -6.000000e+000  3.843419e+001
      vertex  5.780344e+000  2.013675e+000  3.843419e+001
      vertex  5.959377e+000  1.345323e+000  3.843419e+001
    endloop
  endfacet
  facet normal  0.000000e+000  0.000000e+000  1.000000e+000
    outer loop
      vertex  9.500000e+000 -6.000000e+000  3.843419e+001
      vertex  5.959377e+000  1.345323e+000  3.843419e+001
      vertex  6.066353e+000  6.617277e-001  3.843419e+001
    endloop
  endfacet
  facet normal  0.000000e+000  0.000000e+000  1.000000e+000
    outer loop
      vertex  9.500000e+000 -6.000000e+000  3.843419e+001
      vertex  6.066353e+000  6.617277e-001  3.843419e+001
      vertex  6.100058e+000 -2.936634e-002  3.843419e+001
    endloop
  endfacet
  facet normal  0.000000e+000  0.000000e+000  1.000000e+000
    outer loop
      vertex  9.500000e+000 -6.000000e+000  3.843419e+001
      vertex  6.100058e+000 -2.936634e-002  3.843419e+001
      vertex  6.060110e+000 -7.201276e-001  3.843419e+001
    endloop
  endfacet
  facet normal  0.000000e+000  0.000000e+000  1.000000e+000
    outer loop
      vertex  9.500000e+000 -6.000000e+000  3.843419e+001
      vertex  6.060110e+000 -7.201276e-001  3.843419e+001
      vertex  5.946962e+000 -1.402729e+000  3.843419e+001
    endloop
  endfacet
  facet normal  0.000000e+000  0.000000e+000  1.000000e+000
    outer loop
      vertex  9.500000e+000 -6.000000e+000  3.843419e+001
      vertex  5.946962e+000 -1.402729e+000  3.843419e+001
      vertex  5.761896e+000 -2.069435e+000  3.843419e+001
    endloop
  endfacet
  facet normal  0.000000e+000  0.000000e+000  9.999999e-001
    outer loop
      vertex  9.500000e+000 -6.000000e+000  3.843419e+001
      vertex  5.761896e+000 -2.069435e+000  3.843419e+001
      vertex  5.507010e+000 -2.712692e+000  3.843419e+001
    endloop
  endfacet
  facet normal  0.000000e+000  0.000000e+000  1.000000e+000
    outer loop
      vertex  9.500000e+000 -6.000000e+000  3.843419e+001
      vertex  5.507010e+000 -2.712692e+000  3.843419e+001
      vertex  5.185191e+000 -3.325211e+000  3.843419e+001
    endloop
  endfacet
  facet normal  0.000000e+000  0.000000e+000  1.000000e+000
    outer loop
      vertex  9.500000e+000 -6.000000e+000  3.843419e+001
      vertex  5.185191e+000 -3.325211e+000  3.843419e+001
      vertex  4.800086e+000 -3.900051e+000  3.843419e+001
    endloop
  endfacet
  facet normal  0.000000e+000  0.000000e+000  9.999999e-001
    outer loop
      vertex  9.500000e+000 -6.000000e+000  3.843419e+001
      vertex  4.800086e+000 -3.900051e+000  3.843419e+001
      vertex  4.356058e+000 -4.430699e+000  3.843419e+001
    endloop
  endfacet
  facet normal  0.000000e+000  0.000000e+000  1.000000e+000
    outer loop
      vertex  9.500000e+000 -6.000000e+000  3.843419e+001
      vertex  4.356058e+000 -4.430699e+000  3.843419e+001
      vertex  3.858140e+000 -4.911140e+000  3.843419e+001
    endloop
  endfacet
  facet normal  0.000000e+000  0.000000e+000  1.000000e+000
    outer loop
      vertex  9.500000e+000 -6.000000e+000  3.843419e+001
      vertex  3.858140e+000 -4.911140e+000  3.843419e+001
      vertex  3.311973e+000 -5.335933e+000  3.843419e+001
    endloop
  endfacet
  facet normal  0.000000e+000  0.000000e+000  1.000000e+000
    outer loop
      vertex  9.500000e+000 -6.000000e+000  3.843419e+001
      vertex  3.311973e+000 -5.335933e+000  3.843419e+001
      vertex  2.723746e+000 -5.700262e+000  3.843419e+001
    endloop
  endfacet
  facet normal  0.000000e+000  0.000000e+000  1.000000e+000
    outer loop
      vertex  9.500000e+000 -6.000000e+000  3.843419e+001
      vertex  2.723746e+000 -5.700262e+000  3.843419e+001
      vertex  2.100124e+000 -6.000000e+000  3.843419e+001
    endloop
  endfacet
  facet normal  0.000000e+000  0.000000e+000  1.000000e+000
    outer loop
      vertex  9.500000e+000  5.898118e+000  3.843419e+001
      vertex  2.154236e+000  5.977166e+000  3.843419e+001
      vertex  2.775124e+000  5.671805e+000  3.843419e+001
    endloop
  endfacet
  facet normal  -0.000000e+000  0.000000e+000  1.000000e+000
    outer loop
      vertex  9.500000e+000  5.898118e+000  3.843419e+001
      vertex  2.775124e+000  5.671805e+000  3.843419e+001
      vertex  3.360035e+000  5.302176e+000  3.843419e+001
    endloop
  endfacet
  facet normal  -0.000000e+000  0.000000e+000  1.000000e+000
    outer loop
      vertex  9.500000e+000  5.898118e+000  3.843419e+001
      vertex  3.360035e+000  5.302176e+000  3.843419e+001
      vertex  3.902342e+000  4.872466e+000  3.843419e+001
    endloop
  endfacet
  facet normal  -0.000000e+000  0.000000e+000  1.000000e+000
    outer loop
      vertex  9.500000e+000  5.898118e+000  3.843419e+001
      vertex  3.902342e+000  4.872466e+000  3.843419e+001
      vertex  4.395898e+000  4.387545e+000  3.843419e+001
    endloop
  endfacet
  facet normal  -0.000000e+000  0.000000e+000  1.000000e+000
    outer loop
      vertex  9.500000e+000  5.898118e+000  3.843419e+001
      vertex  4.395898e+000  4.387545e+000  3.843419e+001
      vertex  4.835113e+000  3.852907e+000  3.843419e+001
    endloop
  endfacet
  facet normal  -0.000000e+000  0.000000e+000  1.000000e+000
    outer loop
      vertex  9.500000e+000  5.898118e+000  3.843419e+001
      vertex  4.835113e+000  3.852907e+000  3.843419e+001
      vertex  5.215008e+000  3.274611e+000  3.843419e+001
    endloop
  endfacet
  facet normal  -0.000000e+000  0.000000e+000  1.000000e+000
    outer loop
      vertex  9.500000e+000  5.898118e+000  3.843419e+001
      vertex  5.215008e+000  3.274611e+000  3.843419e+001
      vertex  5.531280e+000  2.659209e+000  3.843419e+001
    endloop
  endfacet
  facet normal  -0.000000e+000  0.000000e+000  9.999999e-001
    outer loop
      vertex  9.500000e+000  5.898118e+000  3.843419e+001
      vertex  5.531280e+000  2.659209e+000  3.843419e+001
      vertex  9.500000e+000 -6.000000e+000  3.843419e+001
    endloop
  endfacet
  facet normal  -0.000000e+000  0.000000e+000  1.000000e+000
    outer loop
      vertex -1.662939e+000  1.111140e+000  2.592424e+001
      vertex -4.177220e+000  8.680363e-001  2.592424e+001
      vertex -1.847759e+000  7.653669e-001  2.592424e+001
    endloop
  endfacet
  facet normal  -0.000000e+000  0.000000e+000  1.000000e+000
    outer loop
      vertex  0.000000e+000  4.266457e+000  2.592424e+001
      vertex -5.809491e-001  4.226719e+000  2.592424e+001
      vertex  1.224606e-016  2.000000e+000  2.592424e+001
    endloop
  endfacet
  facet normal  -0.000000e+000  -0.000000e+000  1.000000e+000
    outer loop
      vertex  0.000000e+000  4.266457e+000  2.592424e+001
      vertex  1.224606e-016  2.000000e+000  2.592424e+001
      vertex  3.901806e-001  1.961571e+000  2.592424e+001
    endloop
  endfacet
  facet normal  -0.000000e+000  -0.000000e+000  1.000000e+000
    outer loop
      vertex  0.000000e+000  4.266457e+000  2.592424e+001
      vertex  3.901806e-001  1.961571e+000  2.592424e+001
      vertex  7.653669e-001  1.847759e+000  2.592424e+001
    endloop
  endfacet
  facet normal  -0.000000e+000  -0.000000e+000  1.000000e+000
    outer loop
      vertex  0.000000e+000  4.266457e+000  2.592424e+001
      vertex  7.653669e-001  1.847759e+000  2.592424e+001
      vertex  1.111140e+000  1.662939e+000  2.592424e+001
    endloop
  endfacet
  facet normal  -0.000000e+000  -0.000000e+000  1.000000e+000
    outer loop
      vertex  0.000000e+000  4.266457e+000  2.592424e+001
      vertex  1.111140e+000  1.662939e+000  2.592424e+001
      vertex  1.414214e+000  1.414214e+000  2.592424e+001
    endloop
  endfacet
  facet normal  -0.000000e+000  -0.000000e+000  9.999999e-001
    outer loop
      vertex  0.000000e+000  4.266457e+000  2.592424e+001
      vertex  1.414214e+000  1.414214e+000  2.592424e+001
      vertex  9.500000e+000 -6.000000e+000  2.592424e+001
    endloop
  endfacet
  facet normal  0.000000e+000  -0.000000e+000  1.000000e+000
    outer loop
      vertex  0.000000e+000  4.266457e+000  2.592424e+001
      vertex  9.500000e+000 -6.000000e+000  2.592424e+001
      vertex  9.500000e+000  6.000000e+000  2.592424e+001
    endloop
  endfacet
  facet normal  0.000000e+000  0.000000e+000  1.000000e+000
    outer loop
      vertex  0.000000e+000  4.266457e+000  2.592424e+001
      vertex  9.500000e+000  6.000000e+000  2.592424e+001
      vertex  7.000000e+000  6.000000e+000  2.592424e+001
    endloop
  endfacet
  facet normal  0.000000e+000  0.000000e+000  1.000000e+000
    outer loop
      vertex  1.224606e-016  2.000000e+000  2.592424e+001
      vertex -5.809491e-001  4.226719e+000  2.592424e+001
      vertex -1.151076e+000  4.108245e+000  2.592424e+001
    endloop
  endfacet
  facet normal  0.000000e+000  0.000000e+000  1.000000e+000
    outer loop
      vertex  1.224606e-016  2.000000e+000  2.592424e+001
      vertex -1.151076e+000  4.108245e+000  2.592424e+001
      vertex -1.699761e+000  3.913242e+000  2.592424e+001
    endloop
  endfacet
  facet normal  0.000000e+000  0.000000e+000  1.000000e+000
    outer loop
      vertex  1.224606e-016  2.000000e+000  2.592424e+001
      vertex -1.699761e+000  3.913242e+000  2.592424e+001
      vertex -2.216783e+000  3.645344e+000  2.592424e+001
    endloop
  endfacet
  facet normal  0.000000e+000  0.000000e+000  1.000000e+000
    outer loop
      vertex  1.224606e-016  2.000000e+000  2.592424e+001
      vertex -2.216783e+000  3.645344e+000  2.592424e+001
      vertex -2.692509e+000  3.309539e+000  2.592424e+001
    endloop
  endfacet
  facet normal  0.000000e+000  0.000000e+000  1.000000e+000
    outer loop
      vertex  1.224606e-016  2.000000e+000  2.592424e+001
      vertex -2.692509e+000  3.309539e+000  2.592424e+001
      vertex -3.118080e+000  2.912084e+000  2.592424e+001
    endloop
  endfacet
  facet normal  0.000000e+000  0.000000e+000  1.000000e+000
    outer loop
      vertex  1.224606e-016  2.000000e+000  2.592424e+001
      vertex -3.118080e+000  2.912084e+000  2.592424e+001
      vertex -3.485567e+000  2.460382e+000  2.592424e+001
    endloop
  endfacet
  facet normal  0.000000e+000  0.000000e+000  1.000000e+000
    outer loop
      vertex  1.224606e-016  2.000000e+000  2.592424e+001
      vertex -3.485567e+000  2.460382e+000  2.592424e+001
      vertex -3.788124e+000  1.962848e+000  2.592424e+001
    endloop
  endfacet
  facet normal  -0.000000e+000  0.000000e+000  1.000000e+000
    outer loop
      vertex  1.224606e-016  2.000000e+000  2.592424e+001
      vertex -3.788124e+000  1.962848e+000  2.592424e+001
      vertex -3.901806e-001  1.961571e+000  2.592424e+001
    endloop
  endfacet
  facet normal  0.000000e+000  0.000000e+000  1.000000e+000
    outer loop
      vertex -4.020115e+000  1.428749e+000  2.592424e+001
      vertex -4.177220e+000  8.680363e-001  2.592424e+001
      vertex -1.662939e+000  1.111140e+000  2.592424e+001
    endloop
  endfacet
  facet normal  0.000000e+000  -0.000000e+000  1.000000e+000
    outer loop
      vertex -4.020115e+000  1.428749e+000  2.592424e+001
      vertex -1.662939e+000  1.111140e+000  2.592424e+001
      vertex -1.414214e+000  1.414214e+000  2.592424e+001
    endloop
  endfacet
  facet normal  0.000000e+000  -0.000000e+000  1.000000e+000
    outer loop
      vertex -4.020115e+000  1.428749e+000  2.592424e+001
      vertex -1.414214e+000  1.414214e+000  2.592424e+001
      vertex -1.111140e+000  1.662939e+000  2.592424e+001
    endloop
  endfacet
  facet normal  0.000000e+000  -0.000000e+000  9.999999e-001
    outer loop
      vertex -4.020115e+000  1.428749e+000  2.592424e+001
      vertex -1.111140e+000  1.662939e+000  2.592424e+001
      vertex -7.653669e-001  1.847759e+000  2.592424e+001
    endloop
  endfacet
  facet normal  0.000000e+000  -0.000000e+000  1.000000e+000
    outer loop
      vertex -4.020115e+000  1.428749e+000  2.592424e+001
      vertex -7.653669e-001  1.847759e+000  2.592424e+001
      vertex -3.901806e-001  1.961571e+000  2.592424e+001
    endloop
  endfacet
  facet normal  0.000000e+000  0.000000e+000  1.000000e+000
    outer loop
      vertex -4.020115e+000  1.428749e+000  2.592424e+001
      vertex -3.901806e-001  1.961571e+000  2.592424e+001
      vertex -3.788124e+000  1.962848e+000  2.592424e+001
    endloop
  endfacet
  facet normal  0.000000e+000  0.000000e+000  9.999999e-001
    outer loop
      vertex -7.837095e-016 -4.266457e+000  2.592424e+001
      vertex -3.673819e-016 -2.000000e+000  2.592424e+001
      vertex -3.485567e+000 -2.460382e+000  2.592424e+001
    endloop
  endfacet
  facet normal  0.000000e+000  0.000000e+000  1.000000e+000
    outer loop
      vertex -7.837095e-016 -4.266457e+000  2.592424e+001
      vertex -3.485567e+000 -2.460382e+000  2.592424e+001
      vertex -3.118080e+000 -2.912084e+000  2.592424e+001
    endloop
  endfacet
  facet normal  0.000000e+000  0.000000e+000  1.000000e+000
    outer loop
      vertex -7.837095e-016 -4.266457e+000  2.592424e+001
      vertex -3.118080e+000 -2.912084e+000  2.592424e+001
      vertex -2.692509e+000 -3.309539e+000  2.592424e+001
    endloop
  endfacet
  facet normal  0.000000e+000  0.000000e+000  1.000000e+000
    outer loop
      vertex -7.837095e-016 -4.266457e+000  2.592424e+001
      vertex -2.692509e+000 -3.309539e+000  2.592424e+001
      vertex -2.216783e+000 -3.645344e+000  2.592424e+001
    endloop
  endfacet
  facet normal  0.000000e+000  0.000000e+000  1.000000e+000
    outer loop
      vertex -7.837095e-016 -4.266457e+000  2.592424e+001
      vertex -2.216783e+000 -3.645344e+000  2.592424e+001
      vertex -1.699761e+000 -3.913242e+000  2.592424e+001
    endloop
  endfacet
  facet normal  0.000000e+000  0.000000e+000  1.000000e+000
    outer loop
      vertex -7.837095e-016 -4.266457e+000  2.592424e+001
      vertex -1.699761e+000 -3.913242e+000  2.592424e+001
      vertex -1.151076e+000 -4.108245e+000  2.592424e+001
    endloop
  endfacet
  facet normal  0.000000e+000  0.000000e+000  1.000000e+000
    outer loop
      vertex -7.837095e-016 -4.266457e+000  2.592424e+001
      vertex -1.151076e+000 -4.108245e+000  2.592424e+001
      vertex -5.809491e-001 -4.226719e+000  2.592424e+001
    endloop
  endfacet
  facet normal  0.000000e+000  0.000000e+000  1.000000e+000
    outer loop
      vertex  9.500000e+000 -6.000000e+000  2.592424e+001
      vertex  1.414214e+000  1.414214e+000  2.592424e+001
      vertex  1.662939e+000  1.111140e+000  2.592424e+001
    endloop
  endfacet
  facet normal  0.000000e+000  0.000000e+000  1.000000e+000
    outer loop
      vertex  9.500000e+000 -6.000000e+000  2.592424e+001
      vertex  1.662939e+000  1.111140e+000  2.592424e+001
      vertex  1.847759e+000  7.653669e-001  2.592424e+001
    endloop
  endfacet
  facet normal  0.000000e+000  0.000000e+000  1.000000e+000
    outer loop
      vertex  9.500000e+000 -6.000000e+000  2.592424e+001
      vertex  1.847759e+000  7.653669e-001  2.592424e+001
      vertex  1.961571e+000  3.901806e-001  2.592424e+001
    endloop
  endfacet
  facet normal  0.000000e+000  0.000000e+000  9.999999e-001
    outer loop
      vertex  9.500000e+000 -6.000000e+000  2.592424e+001
      vertex  1.961571e+000  3.901806e-001  2.592424e+001
      vertex  2.000000e+000  0.000000e+000  2.592424e+001
    endloop
  endfacet
  facet normal  0.000000e+000  0.000000e+000  1.000000e+000
    outer loop
      vertex  9.500000e+000 -6.000000e+000  2.592424e+001
      vertex  2.000000e+000  0.000000e+000  2.592424e+001
      vertex  1.961571e+000 -3.901806e-001  2.592424e+001
    endloop
  endfacet
  facet normal  0.000000e+000  0.000000e+000  1.000000e+000
    outer loop
      vertex  9.500000e+000 -6.000000e+000  2.592424e+001
      vertex  1.961571e+000 -3.901806e-001  2.592424e+001
      vertex  1.847759e+000 -7.653669e-001  2.592424e+001
    endloop
  endfacet
  facet normal  0.000000e+000  0.000000e+000  1.000000e+000
    outer loop
      vertex  9.500000e+000 -6.000000e+000  2.592424e+001
      vertex  1.847759e+000 -7.653669e-001  2.592424e+001
      vertex  1.662939e+000 -1.111140e+000  2.592424e+001
    endloop
  endfacet
  facet normal  0.000000e+000  0.000000e+000  1.000000e+000
    outer loop
      vertex  9.500000e+000 -6.000000e+000  2.592424e+001
      vertex  1.662939e+000 -1.111140e+000  2.592424e+001
      vertex  1.414214e+000 -1.414214e+000  2.592424e+001
    endloop
  endfacet
  facet normal  0.000000e+000  0.000000e+000  1.000000e+000
    outer loop
      vertex  9.500000e+000 -6.000000e+000  2.592424e+001
      vertex  1.414214e+000 -1.414214e+000  2.592424e+001
      vertex  1.111140e+000 -1.662939e+000  2.592424e+001
    endloop
  endfacet
  facet normal  0.000000e+000  0.000000e+000  1.000000e+000
    outer loop
      vertex  9.500000e+000 -6.000000e+000  2.592424e+001
      vertex  1.111140e+000 -1.662939e+000  2.592424e+001
      vertex  7.653669e-001 -1.847759e+000  2.592424e+001
    endloop
  endfacet
  facet normal  0.000000e+000  0.000000e+000  1.000000e+000
    outer loop
      vertex  9.500000e+000 -6.000000e+000  2.592424e+001
      vertex  7.653669e-001 -1.847759e+000  2.592424e+001
      vertex  3.901806e-001 -1.961571e+000  2.592424e+001
    endloop
  endfacet
  facet normal  0.000000e+000  0.000000e+000  1.000000e+000
    outer loop
      vertex  9.500000e+000 -6.000000e+000  2.592424e+001
      vertex  3.901806e-001 -1.961571e+000  2.592424e+001
      vertex -3.673819e-016 -2.000000e+000  2.592424e+001
    endloop
  endfacet
  facet normal  0.000000e+000  0.000000e+000  1.000000e+000
    outer loop
      vertex  9.500000e+000 -6.000000e+000  2.592424e+001
      vertex -3.673819e-016 -2.000000e+000  2.592424e+001
      vertex -7.837095e-016 -4.266457e+000  2.592424e+001
    endloop
  endfacet
  facet normal  0.000000e+000  0.000000e+000  1.000000e+000
    outer loop
      vertex  9.500000e+000 -6.000000e+000  2.592424e+001
      vertex -7.837095e-016 -4.266457e+000  2.592424e+001
      vertex  7.000000e+000 -6.000000e+000  2.592424e+001
    endloop
  endfacet
  facet normal  0.000000e+000  0.000000e+000  1.000000e+000
    outer loop
      vertex -1.847759e+000  7.653669e-001  2.592424e+001
      vertex -4.177220e+000  8.680363e-001  2.592424e+001
      vertex -1.961571e+000  3.901806e-001  2.592424e+001
    endloop
  endfacet
  facet normal  0.000000e+000  0.000000e+000  1.000000e+000
    outer loop
      vertex -1.961571e+000  3.901806e-001  2.592424e+001
      vertex -4.177220e+000  8.680363e-001  2.592424e+001
      vertex -4.256511e+000  2.911533e-001  2.592424e+001
    endloop
  endfacet
  facet normal  -0.000000e+000  0.000000e+000  1.000000e+000
    outer loop
      vertex -1.961571e+000  3.901806e-001  2.592424e+001
      vertex -4.256511e+000  2.911533e-001  2.592424e+001
      vertex -2.000000e+000  2.449213e-016  2.592424e+001
    endloop
  endfacet
  facet normal  0.000000e+000  0.000000e+000  1.000000e+000
    outer loop
      vertex -2.000000e+000  2.449213e-016  2.592424e+001
      vertex -4.256511e+000  2.911533e-001  2.592424e+001
      vertex -4.256511e+000 -2.911533e-001  2.592424e+001
    endloop
  endfacet
  facet normal  -0.000000e+000  0.000000e+000  1.000000e+000
    outer loop
      vertex -2.000000e+000  2.449213e-016  2.592424e+001
      vertex -4.256511e+000 -2.911533e-001  2.592424e+001
      vertex -1.961571e+000 -3.901806e-001  2.592424e+001
    endloop
  endfacet
  facet normal  0.000000e+000  0.000000e+000  1.000000e+000
    outer loop
      vertex -1.961571e+000 -3.901806e-001  2.592424e+001
      vertex -4.256511e+000 -2.911533e-001  2.592424e+001
      vertex -1.847759e+000 -7.653669e-001  2.592424e+001
    endloop
  endfacet
  facet normal  0.000000e+000  0.000000e+000  1.000000e+000
    outer loop
      vertex -1.847759e+000 -7.653669e-001  2.592424e+001
      vertex -4.256511e+000 -2.911533e-001  2.592424e+001
      vertex -4.177220e+000 -8.680363e-001  2.592424e+001
    endloop
  endfacet
  facet normal  -0.000000e+000  0.000000e+000  1.000000e+000
    outer loop
      vertex -1.847759e+000 -7.653669e-001  2.592424e+001
      vertex -4.177220e+000 -8.680363e-001  2.592424e+001
      vertex -1.662939e+000 -1.111140e+000  2.592424e+001
    endloop
  endfacet
  facet normal  0.000000e+000  0.000000e+000  1.000000e+000
    outer loop
      vertex -1.662939e+000 -1.111140e+000  2.592424e+001
      vertex -4.177220e+000 -8.680363e-001  2.592424e+001
      vertex -4.020115e+000 -1.428749e+000  2.592424e+001
    endloop
  endfacet
  facet normal  0.000000e+000  0.000000e+000  1.000000e+000
    outer loop
      vertex -1.662939e+000 -1.111140e+000  2.592424e+001
      vertex -4.020115e+000 -1.428749e+000  2.592424e+001
      vertex -1.414214e+000 -1.414214e+000  2.592424e+001
    endloop
  endfacet
  facet normal  -0.000000e+000  0.000000e+000  1.000000e+000
    outer loop
      vertex -1.414214e+000 -1.414214e+000  2.592424e+001
      vertex -4.020115e+000 -1.428749e+000  2.592424e+001
      vertex -1.111140e+000 -1.662939e+000  2.592424e+001
    endloop
  endfacet
  facet normal  0.000000e+000  0.000000e+000  1.000000e+000
    outer loop
      vertex -1.111140e+000 -1.662939e+000  2.592424e+001
      vertex -4.020115e+000 -1.428749e+000  2.592424e+001
      vertex -3.788124e+000 -1.962848e+000  2.592424e+001
    endloop
  endfacet
  facet normal  0.000000e+000  0.000000e+000  1.000000e+000
    outer loop
      vertex -1.111140e+000 -1.662939e+000  2.592424e+001
      vertex -3.788124e+000 -1.962848e+000  2.592424e+001
      vertex -7.653669e-001 -1.847759e+000  2.592424e+001
    endloop
  endfacet
  facet normal  0.000000e+000  0.000000e+000  1.000000e+000
    outer loop
      vertex -3.485567e+000 -2.460382e+000  2.592424e+001
      vertex -3.673819e-016 -2.000000e+000  2.592424e+001
      vertex -3.788124e+000 -1.962848e+000  2.592424e+001
    endloop
  endfacet
  facet normal  -0.000000e+000  0.000000e+000  1.000000e+000
    outer loop
      vertex -3.788124e+000 -1.962848e+000  2.592424e+001
      vertex -3.673819e-016 -2.000000e+000  2.592424e+001
      vertex -3.901806e-001 -1.961571e+000  2.592424e+001
    endloop
  endfacet
  facet normal  0.000000e+000  0.000000e+000  1.000000e+000
    outer loop
      vertex -3.788124e+000 -1.962848e+000  2.592424e+001
      vertex -3.901806e-001 -1.961571e+000  2.592424e+001
      vertex -7.653669e-001 -1.847759e+000  2.592424e+001
    endloop
  endfacet
  facet normal  0.000000e+000  0.000000e+000 -1.000000e+000
    outer loop
      vertex -1.847759e+000  7.653669e-001  4.642424e+001
      vertex -4.177220e+000  8.680363e-001  4.642424e+001
      vertex -1.662939e+000  1.111140e+000  4.642424e+001
    endloop
  endfacet
  facet normal  0.000000e+000  -0.000000e+000 -1.000000e+000
    outer loop
      vertex  0.000000e+000  4.266457e+000  4.642424e+001
      vertex  7.000000e+000  6.000000e+000  4.642424e+001
      vertex  9.500000e+000  6.000000e+000  4.642424e+001
    endloop
  endfacet
  facet normal  0.000000e+000  -0.000000e+000 -1.000000e+000
    outer loop
      vertex  0.000000e+000  4.266457e+000  4.642424e+001
      vertex  9.500000e+000  6.000000e+000  4.642424e+001
      vertex  9.500000e+000 -6.000000e+000  4.642424e+001
    endloop
  endfacet
  facet normal  0.000000e+000  0.000000e+000 -1.000000e+000
    outer loop
      vertex  0.000000e+000  4.266457e+000  4.642424e+001
      vertex  9.500000e+000 -6.000000e+000  4.642424e+001
      vertex  1.414214e+000  1.414214e+000  4.642424e+001
    endloop
  endfacet
  facet normal  0.000000e+000  0.000000e+000 -1.000000e+000
    outer loop
      vertex  0.000000e+000  4.266457e+000  4.642424e+001
      vertex  1.414214e+000  1.414214e+000  4.642424e+001
      vertex  1.111140e+000  1.662939e+000  4.642424e+001
    endloop
  endfacet
  facet normal  0.000000e+000  0.000000e+000 -1.000000e+000
    outer loop
      vertex  0.000000e+000  4.266457e+000  4.642424e+001
      vertex  1.111140e+000  1.662939e+000  4.642424e+001
      vertex  7.653669e-001  1.847759e+000  4.642424e+001
    endloop
  endfacet
  facet normal  0.000000e+000  0.000000e+000 -1.000000e+000
    outer loop
      vertex  0.000000e+000  4.266457e+000  4.642424e+001
      vertex  7.653669e-001  1.847759e+000  4.642424e+001
      vertex  3.901806e-001  1.961571e+000  4.642424e+001
    endloop
  endfacet
  facet normal  0.000000e+000  0.000000e+000 -1.000000e+000
    outer loop
      vertex  0.000000e+000  4.266457e+000  4.642424e+001
      vertex  3.901806e-001  1.961571e+000  4.642424e+001
      vertex  2.388660e-015  2.000000e+000  4.642424e+001
    endloop
  endfacet
  facet normal  0.000000e+000  0.000000e+000 -1.000000e+000
    outer loop
      vertex  0.000000e+000  4.266457e+000  4.642424e+001
      vertex  2.388660e-015  2.000000e+000  4.642424e+001
      vertex -5.809491e-001  4.226719e+000  4.642424e+001
    endloop
  endfacet
  facet normal  0.000000e+000  0.000000e+000 -1.000000e+000
    outer loop
      vertex  2.388660e-015  2.000000e+000  4.642424e+001
      vertex -3.901806e-001  1.961571e+000  4.642424e+001
      vertex -3.788124e+000  1.962848e+000  4.642424e+001
    endloop
  endfacet
  facet normal  0.000000e+000  0.000000e+000 -1.000000e+000
    outer loop
      vertex  2.388660e-015  2.000000e+000  4.642424e+001
      vertex -3.788124e+000  1.962848e+000  4.642424e+001
      vertex -3.485567e+000  2.460382e+000  4.642424e+001
    endloop
  endfacet
  facet normal  0.000000e+000  0.000000e+000 -1.000000e+000
    outer loop
      vertex  2.388660e-015  2.000000e+000  4.642424e+001
      vertex -3.485567e+000  2.460382e+000  4.642424e+001
      vertex -3.118080e+000  2.912084e+000  4.642424e+001
    endloop
  endfacet
  facet normal  0.000000e+000  0.000000e+000 -1.000000e+000
    outer loop
      vertex  2.388660e-015  2.000000e+000  4.642424e+001
      vertex -3.118080e+000  2.912084e+000  4.642424e+001
      vertex -2.692509e+000  3.309539e+000  4.642424e+001
    endloop
  endfacet
  facet normal  0.000000e+000  0.000000e+000 -1.000000e+000
    outer loop
      vertex  2.388660e-015  2.000000e+000  4.642424e+001
      vertex -2.692509e+000  3.309539e+000  4.642424e+001
      vertex -2.216783e+000  3.645344e+000  4.642424e+001
    endloop
  endfacet
  facet normal  0.000000e+000  0.000000e+000 -1.000000e+000
    outer loop
      vertex  2.388660e-015  2.000000e+000  4.642424e+001
      vertex -2.216783e+000  3.645344e+000  4.642424e+001
      vertex -1.699761e+000  3.913242e+000  4.642424e+001
    endloop
  endfacet
  facet normal  0.000000e+000  0.000000e+000 -1.000000e+000
    outer loop
      vertex  2.388660e-015  2.000000e+000  4.642424e+001
      vertex -1.699761e+000  3.913242e+000  4.642424e+001
      vertex -1.151076e+000  4.108245e+000  4.642424e+001
    endloop
  endfacet
  facet normal  0.000000e+000  0.000000e+000 -1.000000e+000
    outer loop
      vertex  2.388660e-015  2.000000e+000  4.642424e+001
      vertex -1.151076e+000  4.108245e+000  4.642424e+001
      vertex -5.809491e-001  4.226719e+000  4.642424e+001
    endloop
  endfacet
  facet normal  0.000000e+000  -0.000000e+000 -1.000000e+000
    outer loop
      vertex -4.020115e+000  1.428749e+000  4.642424e+001
      vertex -3.788124e+000  1.962848e+000  4.642424e+001
      vertex -3.901806e-001  1.961571e+000  4.642424e+001
    endloop
  endfacet
  facet normal  0.000000e+000  0.000000e+000 -1.000000e+000
    outer loop
      vertex -4.020115e+000  1.428749e+000  4.642424e+001
      vertex -3.901806e-001  1.961571e+000  4.642424e+001
      vertex -7.653669e-001  1.847759e+000  4.642424e+001
    endloop
  endfacet
  facet normal  0.000000e+000  0.000000e+000 -1.000000e+000
    outer loop
      vertex -4.020115e+000  1.428749e+000  4.642424e+001
      vertex -7.653669e-001  1.847759e+000  4.642424e+001
      vertex -1.111140e+000  1.662939e+000  4.642424e+001
    endloop
  endfacet
  facet normal  0.000000e+000  0.000000e+000 -1.000000e+000
    outer loop
      vertex -4.020115e+000  1.428749e+000  4.642424e+001
      vertex -1.111140e+000  1.662939e+000  4.642424e+001
      vertex -1.414214e+000  1.414214e+000  4.642424e+001
    endloop
  endfacet
  facet normal  -0.000000e+000  0.000000e+000 -1.000000e+000
    outer loop
      vertex -4.020115e+000  1.428749e+000  4.642424e+001
      vertex -1.414214e+000  1.414214e+000  4.642424e+001
      vertex -1.662939e+000  1.111140e+000  4.642424e+001
    endloop
  endfacet
  facet normal  -0.000000e+000  0.000000e+000 -1.000000e+000
    outer loop
      vertex -4.020115e+000  1.428749e+000  4.642424e+001
      vertex -1.662939e+000  1.111140e+000  4.642424e+001
      vertex -4.177220e+000  8.680363e-001  4.642424e+001
    endloop
  endfacet
  facet normal  0.000000e+000  0.000000e+000 -1.000000e+000
    outer loop
      vertex -4.573084e-015 -4.266457e+000  4.642424e+001
      vertex -5.809491e-001 -4.226719e+000  4.642424e+001
      vertex -1.151076e+000 -4.108245e+000  4.642424e+001
    endloop
  endfacet
  facet normal  0.000000e+000  0.000000e+000 -1.000000e+000
    outer loop
      vertex -4.573084e-015 -4.266457e+000  4.642424e+001
      vertex -1.151076e+000 -4.108245e+000  4.642424e+001
      vertex -1.699761e+000 -3.913242e+000  4.642424e+001
    endloop
  endfacet
  facet normal  0.000000e+000  0.000000e+000 -1.000000e+000
    outer loop
      vertex -4.573084e-015 -4.266457e+000  4.642424e+001
      vertex -1.699761e+000 -3.913242e+000  4.642424e+001
      vertex -2.216783e+000 -3.645344e+000  4.642424e+001
    endloop
  endfacet
  facet normal  0.000000e+000  0.000000e+000 -1.000000e+000
    outer loop
      vertex -4.573084e-015 -4.266457e+000  4.642424e+001
      vertex -2.216783e+000 -3.645344e+000  4.642424e+001
      vertex -2.692509e+000 -3.309539e+000  4.642424e+001
    endloop
  endfacet
  facet normal  0.000000e+000  0.000000e+000 -1.000000e+000
    outer loop
      vertex -4.573084e-015 -4.266457e+000  4.642424e+001
      vertex -2.692509e+000 -3.309539e+000  4.642424e+001
      vertex -3.118080e+000 -2.912084e+000  4.642424e+001
    endloop
  endfacet
  facet normal  0.000000e+000  0.000000e+000 -1.000000e+000
    outer loop
      vertex -4.573084e-015 -4.266457e+000  4.642424e+001
      vertex -3.118080e+000 -2.912084e+000  4.642424e+001
      vertex -3.485567e+000 -2.460382e+000  4.642424e+001
    endloop
  endfacet
  facet normal  0.000000e+000  0.000000e+000 -9.999999e-001
    outer loop
      vertex -4.573084e-015 -4.266457e+000  4.642424e+001
      vertex -3.485567e+000 -2.460382e+000  4.642424e+001
      vertex -3.673819e-016 -2.000000e+000  4.642424e+001
    endloop
  endfacet
  facet normal  0.000000e+000  0.000000e+000 -1.000000e+000
    outer loop
      vertex  9.500000e+000 -6.000000e+000  4.642424e+001
      vertex  7.000000e+000 -6.000000e+000  4.642424e+001
      vertex -4.573084e-015 -4.266457e+000  4.642424e+001
    endloop
  endfacet
  facet normal  0.000000e+000  0.000000e+000 -1.000000e+000
    outer loop
      vertex  9.500000e+000 -6.000000e+000  4.642424e+001
      vertex -4.573084e-015 -4.266457e+000  4.642424e+001
      vertex -3.673819e-016 -2.000000e+000  4.642424e+001
    endloop
  endfacet
  facet normal  0.000000e+000  0.000000e+000 -1.000000e+000
    outer loop
      vertex  9.500000e+000 -6.000000e+000  4.642424e+001
      vertex -3.673819e-016 -2.000000e+000  4.642424e+001
      vertex  3.901806e-001 -1.961571e+000  4.642424e+001
    endloop
  endfacet
  facet normal  0.000000e+000  0.000000e+000 -1.000000e+000
    outer loop
      vertex  9.500000e+000 -6.000000e+000  4.642424e+001
      vertex  3.901806e-001 -1.961571e+000  4.642424e+001
      vertex  7.653669e-001 -1.847759e+000  4.642424e+001
    endloop
  endfacet
  facet normal  0.000000e+000  0.000000e+000 -1.000000e+000
    outer loop
      vertex  9.500000e+000 -6.000000e+000  4.642424e+001
      vertex  7.653669e-001 -1.847759e+000  4.642424e+001
      vertex  1.111140e+000 -1.662939e+000  4.642424e+001
    endloop
  endfacet
  facet normal  0.000000e+000  0.000000e+000 -1.000000e+000
    outer loop
      vertex  9.500000e+000 -6.000000e+000  4.642424e+001
      vertex  1.111140e+000 -1.662939e+000  4.642424e+001
      vertex  1.414214e+000 -1.414214e+000  4.642424e+001
    endloop
  endfacet
  facet normal  0.000000e+000  0.000000e+000 -1.000000e+000
    outer loop
      vertex  9.500000e+000 -6.000000e+000  4.642424e+001
      vertex  1.414214e+000 -1.414214e+000  4.642424e+001
      vertex  1.662939e+000 -1.111140e+000  4.642424e+001
    endloop
  endfacet
  facet normal  0.000000e+000  0.000000e+000 -1.000000e+000
    outer loop
      vertex  9.500000e+000 -6.000000e+000  4.642424e+001
      vertex  1.662939e+000 -1.111140e+000  4.642424e+001
      vertex  1.847759e+000 -7.653669e-001  4.642424e+001
    endloop
  endfacet
  facet normal  0.000000e+000  0.000000e+000 -1.000000e+000
    outer loop
      vertex  9.500000e+000 -6.000000e+000  4.642424e+001
      vertex  1.847759e+000 -7.653669e-001  4.642424e+001
      vertex  1.961571e+000 -3.901806e-001  4.642424e+001
    endloop
  endfacet
  facet normal  0.000000e+000  0.000000e+000 -1.000000e+000
    outer loop
      vertex  9.500000e+000 -6.000000e+000  4.642424e+001
      vertex  1.961571e+000 -3.901806e-001  4.642424e+001
      vertex  2.000000e+000 -4.898425e-016  4.642424e+001
    endloop
  endfacet
  facet normal  0.000000e+000  0.000000e+000 -1.000000e+000
    outer loop
      vertex  9.500000e+000 -6.000000e+000  4.642424e+001
      vertex  2.000000e+000 -4.898425e-016  4.642424e+001
      vertex  1.961571e+000  3.901806e-001  4.642424e+001
    endloop
  endfacet
  facet normal  0.000000e+000  0.000000e+000 -1.000000e+000
    outer loop
      vertex  9.500000e+000 -6.000000e+000  4.642424e+001
      vertex  1.961571e+000  3.901806e-001  4.642424e+001
      vertex  1.847759e+000  7.653669e-001  4.642424e+001
    endloop
  endfacet
  facet normal  0.000000e+000  0.000000e+000 -1.000000e+000
    outer loop
      vertex  9.500000e+000 -6.000000e+000  4.642424e+001
      vertex  1.847759e+000  7.653669e-001  4.642424e+001
      vertex  1.662939e+000  1.111140e+000  4.642424e+001
    endloop
  endfacet
  facet normal  0.000000e+000  0.000000e+000 -1.000000e+000
    outer loop
      vertex  9.500000e+000 -6.000000e+000  4.642424e+001
      vertex  1.662939e+000  1.111140e+000  4.642424e+001
      vertex  1.414214e+000  1.414214e+000  4.642424e+001
    endloop
  endfacet
  facet normal  0.000000e+000  0.000000e+000 -1.000000e+000
    outer loop
      vertex -1.961571e+000 -3.901806e-001  4.642424e+001
      vertex -4.256511e+000 -2.911533e-001  4.642424e+001
      vertex -2.000000e+000 -1.531436e-015  4.642424e+001
    endloop
  endfacet
  facet normal  -0.000000e+000  0.000000e+000 -1.000000e+000
    outer loop
      vertex -2.000000e+000 -1.531436e-015  4.642424e+001
      vertex -4.256511e+000 -2.911533e-001  4.642424e+001
      vertex -4.256511e+000  2.911533e-001  4.642424e+001
    endloop
  endfacet
  facet normal  0.000000e+000  0.000000e+000 -1.000000e+000
    outer loop
      vertex -2.000000e+000 -1.531436e-015  4.642424e+001
      vertex -4.256511e+000  2.911533e-001  4.642424e+001
      vertex -1.961571e+000  3.901806e-001  4.642424e+001
    endloop
  endfacet
  facet normal  -0.000000e+000  0.000000e+000 -1.000000e+000
    outer loop
      vertex -1.961571e+000  3.901806e-001  4.642424e+001
      vertex -4.256511e+000  2.911533e-001  4.642424e+001
      vertex -4.177220e+000  8.680363e-001  4.642424e+001
    endloop
  endfacet
  facet normal  0.000000e+000  0.000000e+000 -1.000000e+000
    outer loop
      vertex -1.961571e+000  3.901806e-001  4.642424e+001
      vertex -4.177220e+000  8.680363e-001  4.642424e+001
      vertex -1.847759e+000  7.653669e-001  4.642424e+001
    endloop
  endfacet
  facet normal  0.000000e+000  0.000000e+000 -1.000000e+000
    outer loop
      vertex -1.414214e+000 -1.414214e+000  4.642424e+001
      vertex -4.020115e+000 -1.428749e+000  4.642424e+001
      vertex -1.662939e+000 -1.111140e+000  4.642424e+001
    endloop
  endfacet
  facet normal  -0.000000e+000  0.000000e+000 -1.000000e+000
    outer loop
      vertex -1.662939e+000 -1.111140e+000  4.642424e+001
      vertex -4.020115e+000 -1.428749e+000  4.642424e+001
      vertex -4.177220e+000 -8.680363e-001  4.642424e+001
    endloop
  endfacet
  facet normal  0.000000e+000  0.000000e+000 -1.000000e+000
    outer loop
      vertex -1.662939e+000 -1.111140e+000  4.642424e+001
      vertex -4.177220e+000 -8.680363e-001  4.642424e+001
      vertex -1.847759e+000 -7.653669e-001  4.642424e+001
    endloop
  endfacet
  facet normal  -0.000000e+000  0.000000e+000 -1.000000e+000
    outer loop
      vertex -1.847759e+000 -7.653669e-001  4.642424e+001
      vertex -4.177220e+000 -8.680363e-001  4.642424e+001
      vertex -4.256511e+000 -2.911533e-001  4.642424e+001
    endloop
  endfacet
  facet normal  0.000000e+000  0.000000e+000 -1.000000e+000
    outer loop
      vertex -1.847759e+000 -7.653669e-001  4.642424e+001
      vertex -4.256511e+000 -2.911533e-001  4.642424e+001
      vertex -1.961571e+000 -3.901806e-001  4.642424e+001
    endloop
  endfacet
  facet normal  0.000000e+000  0.000000e+000 -1.000000e+000
    outer loop
      vertex -7.653669e-001 -1.847759e+000  4.642424e+001
      vertex -3.788124e+000 -1.962848e+000  4.642424e+001
      vertex -1.111140e+000 -1.662939e+000  4.642424e+001
    endloop
  endfacet
  facet normal  -0.000000e+000  0.000000e+000 -1.000000e+000
    outer loop
      vertex -1.111140e+000 -1.662939e+000  4.642424e+001
      vertex -3.788124e+000 -1.962848e+000  4.642424e+001
      vertex -4.020115e+000 -1.428749e+000  4.642424e+001
    endloop
  endfacet
  facet normal  0.000000e+000  0.000000e+000 -1.000000e+000
    outer loop
      vertex -1.111140e+000 -1.662939e+000  4.642424e+001
      vertex -4.020115e+000 -1.428749e+000  4.642424e+001
      vertex -1.414214e+000 -1.414214e+000  4.642424e+001
    endloop
  endfacet
  facet normal  -0.000000e+000  0.000000e+000 -1.000000e+000
    outer loop
      vertex -7.653669e-001 -1.847759e+000  4.642424e+001
      vertex -3.901806e-001 -1.961571e+000  4.642424e+001
      vertex -3.788124e+000 -1.962848e+000  4.642424e+001
    endloop
  endfacet
  facet normal  0.000000e+000  0.000000e+000 -1.000000e+000
    outer loop
      vertex -3.788124e+000 -1.962848e+000  4.642424e+001
      vertex -3.901806e-001 -1.961571e+000  4.642424e+001
      vertex -3.673819e-016 -2.000000e+000  4.642424e+001
    endloop
  endfacet
  facet normal  -0.000000e+000  0.000000e+000 -1.000000e+000
    outer loop
      vertex -3.788124e+000 -1.962848e+000  4.642424e+001
      vertex -3.673819e-016 -2.000000e+000  4.642424e+001
      vertex -3.485567e+000 -2.460382e+000  4.642424e+001
    endloop
  endfacet
  facet normal -9.801729e-002  9.951848e-001  0.000000e+000
    outer loop
      vertex -3.673819e-016 -2.000000e+000  4.642424e+001
      vertex  3.901806e-001 -1.961571e+000  4.792424e+001
      vertex  3.901806e-001 -1.961571e+000  4.642424e+001
    endloop
  endfacet
  facet normal -2.902847e-001  9.569404e-001  0.000000e+000
    outer loop
      vertex  3.901806e-001 -1.961571e+000  4.642424e+001
      vertex  3.901806e-001 -1.961571e+000  4.792424e+001
      vertex  7.653669e-001 -1.847759e+000  4.792424e+001
    endloop
  endfacet
  facet normal -2.902847e-001  9.569404e-001  0.000000e+000
    outer loop
      vertex  3.901806e-001 -1.961571e+000  4.642424e+001
      vertex  7.653669e-001 -1.847759e+000  4.792424e+001
      vertex  7.653669e-001 -1.847759e+000  4.642424e+001
    endloop
  endfacet
  facet normal -4.713967e-001  8.819214e-001  0.000000e+000
    outer loop
      vertex  7.653669e-001 -1.847759e+000  4.642424e+001
      vertex  7.653669e-001 -1.847759e+000  4.792424e+001
      vertex  1.111140e+000 -1.662939e+000  4.792424e+001
    endloop
  endfacet
  facet normal -4.713967e-001  8.819214e-001  0.000000e+000
    outer loop
      vertex  7.653669e-001 -1.847759e+000  4.642424e+001
      vertex  1.111140e+000 -1.662939e+000  4.792424e+001
      vertex  1.111140e+000 -1.662939e+000  4.642424e+001
    endloop
  endfacet
  facet normal -6.343933e-001  7.730104e-001  0.000000e+000
    outer loop
      vertex  1.111140e+000 -1.662939e+000  4.642424e+001
      vertex  1.111140e+000 -1.662939e+000  4.792424e+001
      vertex  1.414214e+000 -1.414214e+000  4.792424e+001
    endloop
  endfacet
  facet normal -6.343933e-001  7.730104e-001  0.000000e+000
    outer loop
      vertex  1.111140e+000 -1.662939e+000  4.642424e+001
      vertex  1.414214e+000 -1.414214e+000  4.792424e+001
      vertex  1.414214e+000 -1.414214e+000  4.642424e+001
    endloop
  endfacet
  facet normal -7.730104e-001  6.343933e-001  0.000000e+000
    outer loop
      vertex  1.414214e+000 -1.414214e+000  4.642424e+001
      vertex  1.414214e+000 -1.414214e+000  4.792424e+001
      vertex  1.662939e+000 -1.111140e+000  4.792424e+001
    endloop
  endfacet
  facet normal -7.730104e-001  6.343933e-001  0.000000e+000
    outer loop
      vertex  1.414214e+000 -1.414214e+000  4.642424e+001
      vertex  1.662939e+000 -1.111140e+000  4.792424e+001
      vertex  1.662939e+000 -1.111140e+000  4.642424e+001
    endloop
  endfacet
  facet normal -8.819214e-001  4.713967e-001  0.000000e+000
    outer loop
      vertex  1.662939e+000 -1.111140e+000  4.642424e+001
      vertex  1.662939e+000 -1.111140e+000  4.792424e+001
      vertex  1.847759e+000 -7.653669e-001  4.792424e+001
    endloop
  endfacet
  facet normal -8.819214e-001  4.713967e-001  0.000000e+000
    outer loop
      vertex  1.662939e+000 -1.111140e+000  4.642424e+001
      vertex  1.847759e+000 -7.653669e-001  4.792424e+001
      vertex  1.847759e+000 -7.653669e-001  4.642424e+001
    endloop
  endfacet
  facet normal -9.569404e-001  2.902847e-001  0.000000e+000
    outer loop
      vertex  1.847759e+000 -7.653669e-001  4.642424e+001
      vertex  1.847759e+000 -7.653669e-001  4.792424e+001
      vertex  1.961571e+000 -3.901806e-001  4.792424e+001
    endloop
  endfacet
  facet normal -9.569404e-001  2.902847e-001  0.000000e+000
    outer loop
      vertex  1.847759e+000 -7.653669e-001  4.642424e+001
      vertex  1.961571e+000 -3.901806e-001  4.792424e+001
      vertex  1.961571e+000 -3.901806e-001  4.642424e+001
    endloop
  endfacet
  facet normal -9.951848e-001  9.801729e-002  0.000000e+000
    outer loop
      vertex  1.961571e+000 -3.901806e-001  4.642424e+001
      vertex  1.961571e+000 -3.901806e-001  4.792424e+001
      vertex  2.000000e+000 -4.898425e-016  4.792424e+001
    endloop
  endfacet
  facet normal -9.951848e-001  9.801729e-002  0.000000e+000
    outer loop
      vertex  1.961571e+000 -3.901806e-001  4.642424e+001
      vertex  2.000000e+000 -4.898425e-016  4.792424e+001
      vertex  2.000000e+000 -4.898425e-016  4.642424e+001
    endloop
  endfacet
  facet normal -9.801729e-002  9.951848e-001  0.000000e+000
    outer loop
      vertex  3.901806e-001 -1.961571e+000  4.792424e+001
      vertex -3.673819e-016 -2.000000e+000  4.642424e+001
      vertex -3.673819e-016 -2.000000e+000  4.792424e+001
    endloop
  endfacet
  facet normal  9.801729e-002  9.951848e-001  0.000000e+000
    outer loop
      vertex -3.673819e-016 -2.000000e+000  4.792424e+001
      vertex -3.673819e-016 -2.000000e+000  4.642424e+001
      vertex -3.901806e-001 -1.961571e+000  4.642424e+001
    endloop
  endfacet
  facet normal  9.801729e-002  9.951848e-001  -0.000000e+000
    outer loop
      vertex -3.673819e-016 -2.000000e+000  4.792424e+001
      vertex -3.901806e-001 -1.961571e+000  4.642424e+001
      vertex -3.901806e-001 -1.961571e+000  4.792424e+001
    endloop
  endfacet
  facet normal  2.902847e-001  9.569404e-001  0.000000e+000
    outer loop
      vertex -3.901806e-001 -1.961571e+000  4.792424e+001
      vertex -3.901806e-001 -1.961571e+000  4.642424e+001
      vertex -7.653669e-001 -1.847759e+000  4.642424e+001
    endloop
  endfacet
  facet normal  2.902847e-001  9.569404e-001  -0.000000e+000
    outer loop
      vertex -3.901806e-001 -1.961571e+000  4.792424e+001
      vertex -7.653669e-001 -1.847759e+000  4.642424e+001
      vertex -7.653669e-001 -1.847759e+000  4.792424e+001
    endloop
  endfacet
  facet normal  4.713967e-001  8.819214e-001  0.000000e+000
    outer loop
      vertex -7.653669e-001 -1.847759e+000  4.792424e+001
      vertex -7.653669e-001 -1.847759e+000  4.642424e+001
      vertex -1.111140e+000 -1.662939e+000  4.642424e+001
    endloop
  endfacet
  facet normal  4.713967e-001  8.819214e-001  -0.000000e+000
    outer loop
      vertex -7.653669e-001 -1.847759e+000  4.792424e+001
      vertex -1.111140e+000 -1.662939e+000  4.642424e+001
      vertex -1.111140e+000 -1.662939e+000  4.792424e+001
    endloop
  endfacet
  facet normal  6.343933e-001  7.730104e-001  0.000000e+000
    outer loop
      vertex -1.111140e+000 -1.662939e+000  4.792424e+001
      vertex -1.111140e+000 -1.662939e+000  4.642424e+001
      vertex -1.414214e+000 -1.414214e+000  4.642424e+001
    endloop
  endfacet
  facet normal  6.343933e-001  7.730104e-001  -0.000000e+000
    outer loop
      vertex -1.111140e+000 -1.662939e+000  4.792424e+001
      vertex -1.414214e+000 -1.414214e+000  4.642424e+001
      vertex -1.414214e+000 -1.414214e+000  4.792424e+001
    endloop
  endfacet
  facet normal  7.730104e-001  6.343933e-001  0.000000e+000
    outer loop
      vertex -1.414214e+000 -1.414214e+000  4.792424e+001
      vertex -1.414214e+000 -1.414214e+000  4.642424e+001
      vertex -1.662939e+000 -1.111140e+000  4.642424e+001
    endloop
  endfacet
  facet normal  7.730104e-001  6.343933e-001  -0.000000e+000
    outer loop
      vertex -1.414214e+000 -1.414214e+000  4.792424e+001
      vertex -1.662939e+000 -1.111140e+000  4.642424e+001
      vertex -1.662939e+000 -1.111140e+000  4.792424e+001
    endloop
  endfacet
  facet normal  8.819214e-001  4.713967e-001  0.000000e+000
    outer loop
      vertex -1.662939e+000 -1.111140e+000  4.792424e+001
      vertex -1.662939e+000 -1.111140e+000  4.642424e+001
      vertex -1.847759e+000 -7.653669e-001  4.642424e+001
    endloop
  endfacet
  facet normal  8.819214e-001  4.713967e-001  -0.000000e+000
    outer loop
      vertex -1.662939e+000 -1.111140e+000  4.792424e+001
      vertex -1.847759e+000 -7.653669e-001  4.642424e+001
      vertex -1.847759e+000 -7.653669e-001  4.792424e+001
    endloop
  endfacet
  facet normal  9.569404e-001  2.902847e-001  0.000000e+000
    outer loop
      vertex -1.847759e+000 -7.653669e-001  4.792424e+001
      vertex -1.847759e+000 -7.653669e-001  4.642424e+001
      vertex -1.961571e+000 -3.901806e-001  4.642424e+001
    endloop
  endfacet
  facet normal  9.569404e-001  2.902847e-001  -0.000000e+000
    outer loop
      vertex -1.847759e+000 -7.653669e-001  4.792424e+001
      vertex -1.961571e+000 -3.901806e-001  4.642424e+001
      vertex -1.961571e+000 -3.901806e-001  4.792424e+001
    endloop
  endfacet
  facet normal  9.951848e-001  9.801729e-002  0.000000e+000
    outer loop
      vertex -1.961571e+000 -3.901806e-001  4.792424e+001
      vertex -1.961571e+000 -3.901806e-001  4.642424e+001
      vertex -2.000000e+000 -1.531436e-015  4.642424e+001
    endloop
  endfacet
  facet normal  9.951848e-001  9.801729e-002  -0.000000e+000
    outer loop
      vertex -1.961571e+000 -3.901806e-001  4.792424e+001
      vertex -2.000000e+000 -1.531436e-015  4.642424e+001
      vertex -2.000000e+000 -1.531436e-015  4.792424e+001
    endloop
  endfacet
  facet normal  9.801729e-002 -9.951848e-001  0.000000e+000
    outer loop
      vertex  2.388660e-015  2.000000e+000  4.642424e+001
      vertex -3.901806e-001  1.961571e+000  4.792424e+001
      vertex -3.901806e-001  1.961571e+000  4.642424e+001
    endloop
  endfacet
  facet normal  2.902847e-001 -9.569404e-001  0.000000e+000
    outer loop
      vertex -3.901806e-001  1.961571e+000  4.642424e+001
      vertex -3.901806e-001  1.961571e+000  4.792424e+001
      vertex -7.653669e-001  1.847759e+000  4.792424e+001
    endloop
  endfacet
  facet normal  2.902847e-001 -9.569404e-001  0.000000e+000
    outer loop
      vertex -3.901806e-001  1.961571e+000  4.642424e+001
      vertex -7.653669e-001  1.847759e+000  4.792424e+001
      vertex -7.653669e-001  1.847759e+000  4.642424e+001
    endloop
  endfacet
  facet normal  4.713967e-001 -8.819214e-001  0.000000e+000
    outer loop
      vertex -7.653669e-001  1.847759e+000  4.642424e+001
      vertex -7.653669e-001  1.847759e+000  4.792424e+001
      vertex -1.111140e+000  1.662939e+000  4.792424e+001
    endloop
  endfacet
  facet normal  4.713967e-001 -8.819214e-001  0.000000e+000
    outer loop
      vertex -7.653669e-001  1.847759e+000  4.642424e+001
      vertex -1.111140e+000  1.662939e+000  4.792424e+001
      vertex -1.111140e+000  1.662939e+000  4.642424e+001
    endloop
  endfacet
  facet normal  6.343933e-001 -7.730104e-001  0.000000e+000
    outer loop
      vertex -1.111140e+000  1.662939e+000  4.642424e+001
      vertex -1.111140e+000  1.662939e+000  4.792424e+001
      vertex -1.414214e+000  1.414214e+000  4.792424e+001
    endloop
  endfacet
  facet normal  6.343933e-001 -7.730104e-001  0.000000e+000
    outer loop
      vertex -1.111140e+000  1.662939e+000  4.642424e+001
      vertex -1.414214e+000  1.414214e+000  4.792424e+001
      vertex -1.414214e+000  1.414214e+000  4.642424e+001
    endloop
  endfacet
  facet normal  7.730104e-001 -6.343933e-001  0.000000e+000
    outer loop
      vertex -1.414214e+000  1.414214e+000  4.642424e+001
      vertex -1.414214e+000  1.414214e+000  4.792424e+001
      vertex -1.662939e+000  1.111140e+000  4.792424e+001
    endloop
  endfacet
  facet normal  7.730104e-001 -6.343933e-001  0.000000e+000
    outer loop
      vertex -1.414214e+000  1.414214e+000  4.642424e+001
      vertex -1.662939e+000  1.111140e+000  4.792424e+001
      vertex -1.662939e+000  1.111140e+000  4.642424e+001
    endloop
  endfacet
  facet normal  8.819214e-001 -4.713967e-001  0.000000e+000
    outer loop
      vertex -1.662939e+000  1.111140e+000  4.642424e+001
      vertex -1.662939e+000  1.111140e+000  4.792424e+001
      vertex -1.847759e+000  7.653669e-001  4.792424e+001
    endloop
  endfacet
  facet normal  8.819214e-001 -4.713967e-001  0.000000e+000
    outer loop
      vertex -1.662939e+000  1.111140e+000  4.642424e+001
      vertex -1.847759e+000  7.653669e-001  4.792424e+001
      vertex -1.847759e+000  7.653669e-001  4.642424e+001
    endloop
  endfacet
  facet normal  9.569404e-001 -2.902847e-001  0.000000e+000
    outer loop
      vertex -1.847759e+000  7.653669e-001  4.642424e+001
      vertex -1.847759e+000  7.653669e-001  4.792424e+001
      vertex -1.961571e+000  3.901806e-001  4.792424e+001
    endloop
  endfacet
  facet normal  9.569404e-001 -2.902847e-001  0.000000e+000
    outer loop
      vertex -1.847759e+000  7.653669e-001  4.642424e+001
      vertex -1.961571e+000  3.901806e-001  4.792424e+001
      vertex -1.961571e+000  3.901806e-001  4.642424e+001
    endloop
  endfacet
  facet normal  9.951848e-001 -9.801729e-002  0.000000e+000
    outer loop
      vertex -1.961571e+000  3.901806e-001  4.642424e+001
      vertex -1.961571e+000  3.901806e-001  4.792424e+001
      vertex -2.000000e+000 -1.531436e-015  4.792424e+001
    endloop
  endfacet
  facet normal  9.951848e-001 -9.801729e-002  0.000000e+000
    outer loop
      vertex -1.961571e+000  3.901806e-001  4.642424e+001
      vertex -2.000000e+000 -1.531436e-015  4.792424e+001
      vertex -2.000000e+000 -1.531436e-015  4.642424e+001
    endloop
  endfacet
  facet normal  9.801729e-002 -9.951848e-001  0.000000e+000
    outer loop
      vertex -3.901806e-001  1.961571e+000  4.792424e+001
      vertex  2.388660e-015  2.000000e+000  4.642424e+001
      vertex  2.388660e-015  2.000000e+000  4.792424e+001
    endloop
  endfacet
  facet normal -9.801729e-002 -9.951848e-001  -0.000000e+000
    outer loop
      vertex  2.388660e-015  2.000000e+000  4.792424e+001
      vertex  2.388660e-015  2.000000e+000  4.642424e+001
      vertex  3.901806e-001  1.961571e+000  4.642424e+001
    endloop
  endfacet
  facet normal -9.801729e-002 -9.951848e-001  0.000000e+000
    outer loop
      vertex  2.388660e-015  2.000000e+000  4.792424e+001
      vertex  3.901806e-001  1.961571e+000  4.642424e+001
      vertex  3.901806e-001  1.961571e+000  4.792424e+001
    endloop
  endfacet
  facet normal -2.902847e-001 -9.569404e-001  -0.000000e+000
    outer loop
      vertex  3.901806e-001  1.961571e+000  4.792424e+001
      vertex  3.901806e-001  1.961571e+000  4.642424e+001
      vertex  7.653669e-001  1.847759e+000  4.642424e+001
    endloop
  endfacet
  facet normal -2.902847e-001 -9.569404e-001  0.000000e+000
    outer loop
      vertex  3.901806e-001  1.961571e+000  4.792424e+001
      vertex  7.653669e-001  1.847759e+000  4.642424e+001
      vertex  7.653669e-001  1.847759e+000  4.792424e+001
    endloop
  endfacet
  facet normal -4.713967e-001 -8.819214e-001  -0.000000e+000
    outer loop
      vertex  7.653669e-001  1.847759e+000  4.792424e+001
      vertex  7.653669e-001  1.847759e+000  4.642424e+001
      vertex  1.111140e+000  1.662939e+000  4.642424e+001
    endloop
  endfacet
  facet normal -4.713967e-001 -8.819214e-001  0.000000e+000
    outer loop
      vertex  7.653669e-001  1.847759e+000  4.792424e+001
      vertex  1.111140e+000  1.662939e+000  4.642424e+001
      vertex  1.111140e+000  1.662939e+000  4.792424e+001
    endloop
  endfacet
  facet normal -6.343933e-001 -7.730104e-001  -0.000000e+000
    outer loop
      vertex  1.111140e+000  1.662939e+000  4.792424e+001
      vertex  1.111140e+000  1.662939e+000  4.642424e+001
      vertex  1.414214e+000  1.414214e+000  4.642424e+001
    endloop
  endfacet
  facet normal -6.343933e-001 -7.730104e-001  0.000000e+000
    outer loop
      vertex  1.111140e+000  1.662939e+000  4.792424e+001
      vertex  1.414214e+000  1.414214e+000  4.642424e+001
      vertex  1.414214e+000  1.414214e+000  4.792424e+001
    endloop
  endfacet
  facet normal -7.730104e-001 -6.343933e-001  -0.000000e+000
    outer loop
      vertex  1.414214e+000  1.414214e+000  4.792424e+001
      vertex  1.414214e+000  1.414214e+000  4.642424e+001
      vertex  1.662939e+000  1.111140e+000  4.642424e+001
    endloop
  endfacet
  facet normal -7.730104e-001 -6.343933e-001  0.000000e+000
    outer loop
      vertex  1.414214e+000  1.414214e+000  4.792424e+001
      vertex  1.662939e+000  1.111140e+000  4.642424e+001
      vertex  1.662939e+000  1.111140e+000  4.792424e+001
    endloop
  endfacet
  facet normal -8.819214e-001 -4.713967e-001  -0.000000e+000
    outer loop
      vertex  1.662939e+000  1.111140e+000  4.792424e+001
      vertex  1.662939e+000  1.111140e+000  4.642424e+001
      vertex  1.847759e+000  7.653669e-001  4.642424e+001
    endloop
  endfacet
  facet normal -8.819214e-001 -4.713967e-001  0.000000e+000
    outer loop
      vertex  1.662939e+000  1.111140e+000  4.792424e+001
      vertex  1.847759e+000  7.653669e-001  4.642424e+001
      vertex  1.847759e+000  7.653669e-001  4.792424e+001
    endloop
  endfacet
  facet normal -9.569404e-001 -2.902847e-001  -0.000000e+000
    outer loop
      vertex  1.847759e+000  7.653669e-001  4.792424e+001
      vertex  1.847759e+000  7.653669e-001  4.642424e+001
      vertex  1.961571e+000  3.901806e-001  4.642424e+001
    endloop
  endfacet
  facet normal -9.569404e-001 -2.902847e-001  0.000000e+000
    outer loop
      vertex  1.847759e+000  7.653669e-001  4.792424e+001
      vertex  1.961571e+000  3.901806e-001  4.642424e+001
      vertex  1.961571e+000  3.901806e-001  4.792424e+001
    endloop
  endfacet
  facet normal -9.951848e-001 -9.801729e-002  -0.000000e+000
    outer loop
      vertex  1.961571e+000  3.901806e-001  4.792424e+001
      vertex  1.961571e+000  3.901806e-001  4.642424e+001
      vertex  2.000000e+000 -4.898425e-016  4.642424e+001
    endloop
  endfacet
  facet normal -9.951848e-001 -9.801729e-002  0.000000e+000
    outer loop
      vertex  1.961571e+000  3.901806e-001  4.792424e+001
      vertex  2.000000e+000 -4.898425e-016  4.642424e+001
      vertex  2.000000e+000 -4.898425e-016  4.792424e+001
    endloop
  endfacet
  facet normal -6.824189e-002 -9.976688e-001  -0.000000e+000
    outer loop
      vertex -4.573084e-015 -4.266457e+000  4.642424e+001
      vertex -4.573084e-015 -4.266457e+000  4.792424e+001
      vertex -5.809491e-001 -4.226719e+000  4.642424e+001
    endloop
  endfacet
  facet normal -6.824189e-002 -9.976688e-001  0.000000e+000
    outer loop
      vertex -5.809491e-001 -4.226719e+000  4.642424e+001
      vertex -4.573084e-015 -4.266457e+000  4.792424e+001
      vertex -5.809491e-001 -4.226719e+000  4.792424e+001
    endloop
  endfacet
  facet normal -2.034564e-001 -9.790840e-001  -0.000000e+000
    outer loop
      vertex -5.809491e-001 -4.226719e+000  4.642424e+001
      vertex -5.809491e-001 -4.226719e+000  4.792424e+001
      vertex -1.151076e+000 -4.108245e+000  4.642424e+001
    endloop
  endfacet
  facet normal -2.034564e-001 -9.790840e-001  0.000000e+000
    outer loop
      vertex -1.151076e+000 -4.108245e+000  4.642424e+001
      vertex -5.809491e-001 -4.226719e+000  4.792424e+001
      vertex -1.151076e+000 -4.108245e+000  4.792424e+001
    endloop
  endfacet
  facet normal -3.348795e-001 -9.422609e-001  -0.000000e+000
    outer loop
      vertex -1.151076e+000 -4.108245e+000  4.642424e+001
      vertex -1.151076e+000 -4.108245e+000  4.792424e+001
      vertex -1.699761e+000 -3.913242e+000  4.642424e+001
    endloop
  endfacet
  facet normal -3.348795e-001 -9.422609e-001  0.000000e+000
    outer loop
      vertex -1.699761e+000 -3.913242e+000  4.642424e+001
      vertex -1.151076e+000 -4.108245e+000  4.792424e+001
      vertex -1.699761e+000 -3.913242e+000  4.792424e+001
    endloop
  endfacet
  facet normal -4.600648e-001 -8.878854e-001  -0.000000e+000
    outer loop
      vertex -1.699761e+000 -3.913242e+000  4.642424e+001
      vertex -1.699761e+000 -3.913242e+000  4.792424e+001
      vertex -2.216783e+000 -3.645344e+000  4.642424e+001
    endloop
  endfacet
  facet normal -4.600648e-001 -8.878854e-001  0.000000e+000
    outer loop
      vertex -2.216783e+000 -3.645344e+000  4.642424e+001
      vertex -1.699761e+000 -3.913242e+000  4.792424e+001
      vertex -2.216783e+000 -3.645344e+000  4.792424e+001
    endloop
  endfacet
  facet normal -5.766804e-001 -8.169699e-001  -0.000000e+000
    outer loop
      vertex -2.216783e+000 -3.645344e+000  4.642424e+001
      vertex -2.216783e+000 -3.645344e+000  4.792424e+001
      vertex -2.692509e+000 -3.309539e+000  4.642424e+001
    endloop
  endfacet
  facet normal -5.766804e-001 -8.169699e-001  0.000000e+000
    outer loop
      vertex -2.692509e+000 -3.309539e+000  4.642424e+001
      vertex -2.216783e+000 -3.645344e+000  4.792424e+001
      vertex -2.692509e+000 -3.309539e+000  4.792424e+001
    endloop
  endfacet
  facet normal -6.825531e-001 -7.308360e-001  -0.000000e+000
    outer loop
      vertex -2.692509e+000 -3.309539e+000  4.642424e+001
      vertex -2.692509e+000 -3.309539e+000  4.792424e+001
      vertex -3.118080e+000 -2.912084e+000  4.642424e+001
    endloop
  endfacet
  facet normal -6.825531e-001 -7.308360e-001  0.000000e+000
    outer loop
      vertex -3.118080e+000 -2.912084e+000  4.642424e+001
      vertex -2.692509e+000 -3.309539e+000  4.792424e+001
      vertex -3.118080e+000 -2.912084e+000  4.792424e+001
    endloop
  endfacet
  facet normal -7.757113e-001 -6.310879e-001  -0.000000e+000
    outer loop
      vertex -3.118080e+000 -2.912084e+000  4.642424e+001
      vertex -3.118080e+000 -2.912084e+000  4.792424e+001
      vertex -3.485567e+000 -2.460382e+000  4.642424e+001
    endloop
  endfacet
  facet normal -7.757113e-001 -6.310879e-001  0.000000e+000
    outer loop
      vertex -3.485567e+000 -2.460382e+000  4.642424e+001
      vertex -3.118080e+000 -2.912084e+000  4.792424e+001
      vertex -3.485567e+000 -2.460382e+000  4.792424e+001
    endloop
  endfacet
  facet normal -8.544196e-001 -5.195837e-001  -0.000000e+000
    outer loop
      vertex -3.485567e+000 -2.460382e+000  4.642424e+001
      vertex -3.485567e+000 -2.460382e+000  4.792424e+001
      vertex -3.788124e+000 -1.962848e+000  4.642424e+001
    endloop
  endfacet
  facet normal -8.544196e-001 -5.195837e-001  0.000000e+000
    outer loop
      vertex -3.788124e+000 -1.962848e+000  4.642424e+001
      vertex -3.485567e+000 -2.460382e+000  4.792424e+001
      vertex -3.788124e+000 -1.962848e+000  4.792424e+001
    endloop
  endfacet
  facet normal -9.172113e-001 -3.984010e-001  -0.000000e+000
    outer loop
      vertex -3.788124e+000 -1.962848e+000  4.642424e+001
      vertex -3.788124e+000 -1.962848e+000  4.792424e+001
      vertex -4.020115e+000 -1.428749e+000  4.642424e+001
    endloop
  endfacet
  facet normal -9.172113e-001 -3.984010e-001  0.000000e+000
    outer loop
      vertex -4.020115e+000 -1.428749e+000  4.642424e+001
      vertex -3.788124e+000 -1.962848e+000  4.792424e+001
      vertex -4.020115e+000 -1.428749e+000  4.792424e+001
    endloop
  endfacet
  facet normal -9.629173e-001 -2.697968e-001  -0.000000e+000
    outer loop
      vertex -4.020115e+000 -1.428749e+000  4.642424e+001
      vertex -4.020115e+000 -1.428749e+000  4.792424e+001
      vertex -4.177220e+000 -8.680363e-001  4.642424e+001
    endloop
  endfacet
  facet normal -9.629173e-001 -2.697968e-001  0.000000e+000
    outer loop
      vertex -4.177220e+000 -8.680363e-001  4.642424e+001
      vertex -4.020115e+000 -1.428749e+000  4.792424e+001
      vertex -4.177220e+000 -8.680363e-001  4.792424e+001
    endloop
  endfacet
  facet normal -9.906859e-001 -1.361669e-001  -0.000000e+000
    outer loop
      vertex -4.177220e+000 -8.680363e-001  4.642424e+001
      vertex -4.177220e+000 -8.680363e-001  4.792424e+001
      vertex -4.256511e+000 -2.911533e-001  4.642424e+001
    endloop
  endfacet
  facet normal -9.906859e-001 -1.361669e-001  0.000000e+000
    outer loop
      vertex -4.256511e+000 -2.911533e-001  4.642424e+001
      vertex -4.177220e+000 -8.680363e-001  4.792424e+001
      vertex -4.256511e+000 -2.911533e-001  4.792424e+001
    endloop
  endfacet
  facet normal -1.000000e+000  0.000000e+000  0.000000e+000
    outer loop
      vertex -4.256511e+000 -2.911533e-001  4.642424e+001
      vertex -4.256511e+000 -2.911533e-001  4.792424e+001
      vertex -4.256511e+000  2.911533e-001  4.642424e+001
    endloop
  endfacet
  facet normal -1.000000e+000  0.000000e+000  0.000000e+000
    outer loop
      vertex -4.256511e+000  2.911533e-001  4.642424e+001
      vertex -4.256511e+000 -2.911533e-001  4.792424e+001
      vertex -4.256511e+000  2.911533e-001  4.792424e+001
    endloop
  endfacet
  facet normal -9.906859e-001  1.361669e-001  0.000000e+000
    outer loop
      vertex -4.256511e+000  2.911533e-001  4.642424e+001
      vertex -4.256511e+000  2.911533e-001  4.792424e+001
      vertex -4.177220e+000  8.680363e-001  4.642424e+001
    endloop
  endfacet
  facet normal -9.906859e-001  1.361669e-001  0.000000e+000
    outer loop
      vertex -4.177220e+000  8.680363e-001  4.642424e+001
      vertex -4.256511e+000  2.911533e-001  4.792424e+001
      vertex -4.177220e+000  8.680363e-001  4.792424e+001
    endloop
  endfacet
  facet normal -9.629173e-001  2.697968e-001  0.000000e+000
    outer loop
      vertex -4.177220e+000  8.680363e-001  4.642424e+001
      vertex -4.177220e+000  8.680363e-001  4.792424e+001
      vertex -4.020115e+000  1.428749e+000  4.642424e+001
    endloop
  endfacet
  facet normal -9.629173e-001  2.697968e-001  0.000000e+000
    outer loop
      vertex -4.020115e+000  1.428749e+000  4.642424e+001
      vertex -4.177220e+000  8.680363e-001  4.792424e+001
      vertex -4.020115e+000  1.428749e+000  4.792424e+001
    endloop
  endfacet
  facet normal -9.172113e-001  3.984010e-001  0.000000e+000
    outer loop
      vertex -4.020115e+000  1.428749e+000  4.642424e+001
      vertex -4.020115e+000  1.428749e+000  4.792424e+001
      vertex -3.788124e+000  1.962848e+000  4.642424e+001
    endloop
  endfacet
  facet normal -9.172113e-001  3.984010e-001  0.000000e+000
    outer loop
      vertex -3.788124e+000  1.962848e+000  4.642424e+001
      vertex -4.020115e+000  1.428749e+000  4.792424e+001
      vertex -3.788124e+000  1.962848e+000  4.792424e+001
    endloop
  endfacet
  facet normal -8.544196e-001  5.195837e-001  0.000000e+000
    outer loop
      vertex -3.788124e+000  1.962848e+000  4.642424e+001
      vertex -3.788124e+000  1.962848e+000  4.792424e+001
      vertex -3.485567e+000  2.460382e+000  4.642424e+001
    endloop
  endfacet
  facet normal -8.544196e-001  5.195837e-001  0.000000e+000
    outer loop
      vertex -3.485567e+000  2.460382e+000  4.642424e+001
      vertex -3.788124e+000  1.962848e+000  4.792424e+001
      vertex -3.485567e+000  2.460382e+000  4.792424e+001
    endloop
  endfacet
  facet normal -7.757113e-001  6.310879e-001  0.000000e+000
    outer loop
      vertex -3.485567e+000  2.460382e+000  4.642424e+001
      vertex -3.485567e+000  2.460382e+000  4.792424e+001
      vertex -3.118080e+000  2.912084e+000  4.642424e+001
    endloop
  endfacet
  facet normal -7.757113e-001  6.310879e-001  0.000000e+000
    outer loop
      vertex -3.118080e+000  2.912084e+000  4.642424e+001
      vertex -3.485567e+000  2.460382e+000  4.792424e+001
      vertex -3.118080e+000  2.912084e+000  4.792424e+001
    endloop
  endfacet
  facet normal -6.825531e-001  7.308360e-001  0.000000e+000
    outer loop
      vertex -3.118080e+000  2.912084e+000  4.642424e+001
      vertex -3.118080e+000  2.912084e+000  4.792424e+001
      vertex -2.692509e+000  3.309539e+000  4.642424e+001
    endloop
  endfacet
  facet normal -6.825531e-001  7.308360e-001  0.000000e+000
    outer loop
      vertex -2.692509e+000  3.309539e+000  4.642424e+001
      vertex -3.118080e+000  2.912084e+000  4.792424e+001
      vertex -2.692509e+000  3.309539e+000  4.792424e+001
    endloop
  endfacet
  facet normal -5.766804e-001  8.169699e-001  0.000000e+000
    outer loop
      vertex -2.692509e+000  3.309539e+000  4.642424e+001
      vertex -2.692509e+000  3.309539e+000  4.792424e+001
      vertex -2.216783e+000  3.645344e+000  4.642424e+001
    endloop
  endfacet
  facet normal -5.766804e-001  8.169699e-001  0.000000e+000
    outer loop
      vertex -2.216783e+000  3.645344e+000  4.642424e+001
      vertex -2.692509e+000  3.309539e+000  4.792424e+001
      vertex -2.216783e+000  3.645344e+000  4.792424e+001
    endloop
  endfacet
  facet normal -4.600648e-001  8.878854e-001  0.000000e+000
    outer loop
      vertex -2.216783e+000  3.645344e+000  4.642424e+001
      vertex -2.216783e+000  3.645344e+000  4.792424e+001
      vertex -1.699761e+000  3.913242e+000  4.642424e+001
    endloop
  endfacet
  facet normal -4.600648e-001  8.878854e-001  0.000000e+000
    outer loop
      vertex -1.699761e+000  3.913242e+000  4.642424e+001
      vertex -2.216783e+000  3.645344e+000  4.792424e+001
      vertex -1.699761e+000  3.913242e+000  4.792424e+001
    endloop
  endfacet
  facet normal -3.348795e-001  9.422609e-001  0.000000e+000
    outer loop
      vertex -1.699761e+000  3.913242e+000  4.642424e+001
      vertex -1.699761e+000  3.913242e+000  4.792424e+001
      vertex -1.151076e+000  4.108245e+000  4.642424e+001
    endloop
  endfacet
  facet normal -3.348795e-001  9.422609e-001  0.000000e+000
    outer loop
      vertex -1.151076e+000  4.108245e+000  4.642424e+001
      vertex -1.699761e+000  3.913242e+000  4.792424e+001
      vertex -1.151076e+000  4.108245e+000  4.792424e+001
    endloop
  endfacet
  facet normal -2.034564e-001  9.790840e-001  0.000000e+000
    outer loop
      vertex -1.151076e+000  4.108245e+000  4.642424e+001
      vertex -1.151076e+000  4.108245e+000  4.792424e+001
      vertex -5.809491e-001  4.226719e+000  4.642424e+001
    endloop
  endfacet
  facet normal -2.034564e-001  9.790840e-001  0.000000e+000
    outer loop
      vertex -5.809491e-001  4.226719e+000  4.642424e+001
      vertex -1.151076e+000  4.108245e+000  4.792424e+001
      vertex -5.809491e-001  4.226719e+000  4.792424e+001
    endloop
  endfacet
  facet normal -6.824189e-002  9.976688e-001  0.000000e+000
    outer loop
      vertex -5.809491e-001  4.226719e+000  4.642424e+001
      vertex -5.809491e-001  4.226719e+000  4.792424e+001
      vertex  0.000000e+000  4.266457e+000  4.642424e+001
    endloop
  endfacet
  facet normal -6.824189e-002  9.976688e-001  0.000000e+000
    outer loop
      vertex  0.000000e+000  4.266457e+000  4.642424e+001
      vertex -5.809491e-001  4.226719e+000  4.792424e+001
      vertex  0.000000e+000  4.266457e+000  4.792424e+001
    endloop
  endfacet
  facet normal  9.801729e-002 -9.951848e-001  0.000000e+000
    outer loop
      vertex  1.224606e-016  2.000000e+000  2.442424e+001
      vertex -3.901806e-001  1.961571e+000  2.592424e+001
      vertex -3.901806e-001  1.961571e+000  2.442424e+001
    endloop
  endfacet
  facet normal  2.902847e-001 -9.569404e-001  0.000000e+000
    outer loop
      vertex -3.901806e-001  1.961571e+000  2.442424e+001
      vertex -3.901806e-001  1.961571e+000  2.592424e+001
      vertex -7.653669e-001  1.847759e+000  2.592424e+001
    endloop
  endfacet
  facet normal  2.902847e-001 -9.569404e-001  0.000000e+000
    outer loop
      vertex -3.901806e-001  1.961571e+000  2.442424e+001
      vertex -7.653669e-001  1.847759e+000  2.592424e+001
      vertex -7.653669e-001  1.847759e+000  2.442424e+001
    endloop
  endfacet
  facet normal  4.713967e-001 -8.819214e-001  0.000000e+000
    outer loop
      vertex -7.653669e-001  1.847759e+000  2.442424e+001
      vertex -7.653669e-001  1.847759e+000  2.592424e+001
      vertex -1.111140e+000  1.662939e+000  2.592424e+001
    endloop
  endfacet
  facet normal  4.713967e-001 -8.819214e-001  0.000000e+000
    outer loop
      vertex -7.653669e-001  1.847759e+000  2.442424e+001
      vertex -1.111140e+000  1.662939e+000  2.592424e+001
      vertex -1.111140e+000  1.662939e+000  2.442424e+001
    endloop
  endfacet
  facet normal  6.343933e-001 -7.730104e-001  0.000000e+000
    outer loop
      vertex -1.111140e+000  1.662939e+000  2.442424e+001
      vertex -1.111140e+000  1.662939e+000  2.592424e+001
      vertex -1.414214e+000  1.414214e+000  2.592424e+001
    endloop
  endfacet
  facet normal  6.343933e-001 -7.730104e-001  0.000000e+000
    outer loop
      vertex -1.111140e+000  1.662939e+000  2.442424e+001
      vertex -1.414214e+000  1.414214e+000  2.592424e+001
      vertex -1.414214e+000  1.414214e+000  2.442424e+001
    endloop
  endfacet
  facet normal  7.730104e-001 -6.343933e-001  0.000000e+000
    outer loop
      vertex -1.414214e+000  1.414214e+000  2.442424e+001
      vertex -1.414214e+000  1.414214e+000  2.592424e+001
      vertex -1.662939e+000  1.111140e+000  2.592424e+001
    endloop
  endfacet
  facet normal  7.730104e-001 -6.343933e-001  0.000000e+000
    outer loop
      vertex -1.414214e+000  1.414214e+000  2.442424e+001
      vertex -1.662939e+000  1.111140e+000  2.592424e+001
      vertex -1.662939e+000  1.111140e+000  2.442424e+001
    endloop
  endfacet
  facet normal  8.819214e-001 -4.713967e-001  0.000000e+000
    outer loop
      vertex -1.662939e+000  1.111140e+000  2.442424e+001
      vertex -1.662939e+000  1.111140e+000  2.592424e+001
      vertex -1.847759e+000  7.653669e-001  2.592424e+001
    endloop
  endfacet
  facet normal  8.819214e-001 -4.713967e-001  0.000000e+000
    outer loop
      vertex -1.662939e+000  1.111140e+000  2.442424e+001
      vertex -1.847759e+000  7.653669e-001  2.592424e+001
      vertex -1.847759e+000  7.653669e-001  2.442424e+001
    endloop
  endfacet
  facet normal  9.569404e-001 -2.902847e-001  0.000000e+000
    outer loop
      vertex -1.847759e+000  7.653669e-001  2.442424e+001
      vertex -1.847759e+000  7.653669e-001  2.592424e+001
      vertex -1.961571e+000  3.901806e-001  2.592424e+001
    endloop
  endfacet
  facet normal  9.569404e-001 -2.902847e-001  0.000000e+000
    outer loop
      vertex -1.847759e+000  7.653669e-001  2.442424e+001
      vertex -1.961571e+000  3.901806e-001  2.592424e+001
      vertex -1.961571e+000  3.901806e-001  2.442424e+001
    endloop
  endfacet
  facet normal  9.951848e-001 -9.801729e-002  0.000000e+000
    outer loop
      vertex -1.961571e+000  3.901806e-001  2.442424e+001
      vertex -1.961571e+000  3.901806e-001  2.592424e+001
      vertex -2.000000e+000  2.449213e-016  2.592424e+001
    endloop
  endfacet
  facet normal  9.951848e-001 -9.801729e-002  0.000000e+000
    outer loop
      vertex -1.961571e+000  3.901806e-001  2.442424e+001
      vertex -2.000000e+000  2.449213e-016  2.592424e+001
      vertex -2.000000e+000  2.449213e-016  2.442424e+001
    endloop
  endfacet
  facet normal  9.801729e-002 -9.951848e-001  0.000000e+000
    outer loop
      vertex -3.901806e-001  1.961571e+000  2.592424e+001
      vertex  1.224606e-016  2.000000e+000  2.442424e+001
      vertex  1.224606e-016  2.000000e+000  2.592424e+001
    endloop
  endfacet
  facet normal -9.801729e-002 -9.951848e-001  -0.000000e+000
    outer loop
      vertex  1.224606e-016  2.000000e+000  2.592424e+001
      vertex  1.224606e-016  2.000000e+000  2.442424e+001
      vertex  3.901806e-001  1.961571e+000  2.442424e+001
    endloop
  endfacet
  facet normal -9.801729e-002 -9.951848e-001  0.000000e+000
    outer loop
      vertex  1.224606e-016  2.000000e+000  2.592424e+001
      vertex  3.901806e-001  1.961571e+000  2.442424e+001
      vertex  3.901806e-001  1.961571e+000  2.592424e+001
    endloop
  endfacet
  facet normal -2.902847e-001 -9.569404e-001  -0.000000e+000
    outer loop
      vertex  3.901806e-001  1.961571e+000  2.592424e+001
      vertex  3.901806e-001  1.961571e+000  2.442424e+001
      vertex  7.653669e-001  1.847759e+000  2.442424e+001
    endloop
  endfacet
  facet normal -2.902847e-001 -9.569404e-001  0.000000e+000
    outer loop
      vertex  3.901806e-001  1.961571e+000  2.592424e+001
      vertex  7.653669e-001  1.847759e+000  2.442424e+001
      vertex  7.653669e-001  1.847759e+000  2.592424e+001
    endloop
  endfacet
  facet normal -4.713967e-001 -8.819214e-001  -0.000000e+000
    outer loop
      vertex  7.653669e-001  1.847759e+000  2.592424e+001
      vertex  7.653669e-001  1.847759e+000  2.442424e+001
      vertex  1.111140e+000  1.662939e+000  2.442424e+001
    endloop
  endfacet
  facet normal -4.713967e-001 -8.819214e-001  0.000000e+000
    outer loop
      vertex  7.653669e-001  1.847759e+000  2.592424e+001
      vertex  1.111140e+000  1.662939e+000  2.442424e+001
      vertex  1.111140e+000  1.662939e+000  2.592424e+001
    endloop
  endfacet
  facet normal -6.343933e-001 -7.730104e-001  -0.000000e+000
    outer loop
      vertex  1.111140e+000  1.662939e+000  2.592424e+001
      vertex  1.111140e+000  1.662939e+000  2.442424e+001
      vertex  1.414214e+000  1.414214e+000  2.442424e+001
    endloop
  endfacet
  facet normal -6.343933e-001 -7.730104e-001  0.000000e+000
    outer loop
      vertex  1.111140e+000  1.662939e+000  2.592424e+001
      vertex  1.414214e+000  1.414214e+000  2.442424e+001
      vertex  1.414214e+000  1.414214e+000  2.592424e+001
    endloop
  endfacet
  facet normal -7.730104e-001 -6.343933e-001  -0.000000e+000
    outer loop
      vertex  1.414214e+000  1.414214e+000  2.592424e+001
      vertex  1.414214e+000  1.414214e+000  2.442424e+001
      vertex  1.662939e+000  1.111140e+000  2.442424e+001
    endloop
  endfacet
  facet normal -7.730104e-001 -6.343933e-001  0.000000e+000
    outer loop
      vertex  1.414214e+000  1.414214e+000  2.592424e+001
      vertex  1.662939e+000  1.111140e+000  2.442424e+001
      vertex  1.662939e+000  1.111140e+000  2.592424e+001
    endloop
  endfacet
  facet normal -8.819214e-001 -4.713967e-001  -0.000000e+000
    outer loop
      vertex  1.662939e+000  1.111140e+000  2.592424e+001
      vertex  1.662939e+000  1.111140e+000  2.442424e+001
      vertex  1.847759e+000  7.653669e-001  2.442424e+001
    endloop
  endfacet
  facet normal -8.819214e-001 -4.713967e-001  0.000000e+000
    outer loop
      vertex  1.662939e+000  1.111140e+000  2.592424e+001
      vertex  1.847759e+000  7.653669e-001  2.442424e+001
      vertex  1.847759e+000  7.653669e-001  2.592424e+001
    endloop
  endfacet
  facet normal -9.569404e-001 -2.902847e-001  -0.000000e+000
    outer loop
      vertex  1.847759e+000  7.653669e-001  2.592424e+001
      vertex  1.847759e+000  7.653669e-001  2.442424e+001
      vertex  1.961571e+000  3.901806e-001  2.442424e+001
    endloop
  endfacet
  facet normal -9.569404e-001 -2.902847e-001  0.000000e+000
    outer loop
      vertex  1.847759e+000  7.653669e-001  2.592424e+001
      vertex  1.961571e+000  3.901806e-001  2.442424e+001
      vertex  1.961571e+000  3.901806e-001  2.592424e+001
    endloop
  endfacet
  facet normal -9.951848e-001 -9.801729e-002  -0.000000e+000
    outer loop
      vertex  1.961571e+000  3.901806e-001  2.592424e+001
      vertex  1.961571e+000  3.901806e-001  2.442424e+001
      vertex  2.000000e+000  0.000000e+000  2.442424e+001
    endloop
  endfacet
  facet normal -9.951848e-001 -9.801729e-002  0.000000e+000
    outer loop
      vertex  1.961571e+000  3.901806e-001  2.592424e+001
      vertex  2.000000e+000  0.000000e+000  2.442424e+001
      vertex  2.000000e+000  0.000000e+000  2.592424e+001
    endloop
  endfacet
  facet normal -9.801729e-002  9.951848e-001  0.000000e+000
    outer loop
      vertex -3.673819e-016 -2.000000e+000  2.442424e+001
      vertex  3.901806e-001 -1.961571e+000  2.592424e+001
      vertex  3.901806e-001 -1.961571e+000  2.442424e+001
    endloop
  endfacet
  facet normal -2.902847e-001  9.569404e-001  0.000000e+000
    outer loop
      vertex  3.901806e-001 -1.961571e+000  2.442424e+001
      vertex  3.901806e-001 -1.961571e+000  2.592424e+001
      vertex  7.653669e-001 -1.847759e+000  2.592424e+001
    endloop
  endfacet
  facet normal -2.902847e-001  9.569404e-001  0.000000e+000
    outer loop
      vertex  3.901806e-001 -1.961571e+000  2.442424e+001
      vertex  7.653669e-001 -1.847759e+000  2.592424e+001
      vertex  7.653669e-001 -1.847759e+000  2.442424e+001
    endloop
  endfacet
  facet normal -4.713967e-001  8.819214e-001  0.000000e+000
    outer loop
      vertex  7.653669e-001 -1.847759e+000  2.442424e+001
      vertex  7.653669e-001 -1.847759e+000  2.592424e+001
      vertex  1.111140e+000 -1.662939e+000  2.592424e+001
    endloop
  endfacet
  facet normal -4.713967e-001  8.819214e-001  0.000000e+000
    outer loop
      vertex  7.653669e-001 -1.847759e+000  2.442424e+001
      vertex  1.111140e+000 -1.662939e+000  2.592424e+001
      vertex  1.111140e+000 -1.662939e+000  2.442424e+001
    endloop
  endfacet
  facet normal -6.343933e-001  7.730104e-001  0.000000e+000
    outer loop
      vertex  1.111140e+000 -1.662939e+000  2.442424e+001
      vertex  1.111140e+000 -1.662939e+000  2.592424e+001
      vertex  1.414214e+000 -1.414214e+000  2.592424e+001
    endloop
  endfacet
  facet normal -6.343933e-001  7.730104e-001  0.000000e+000
    outer loop
      vertex  1.111140e+000 -1.662939e+000  2.442424e+001
      vertex  1.414214e+000 -1.414214e+000  2.592424e+001
      vertex  1.414214e+000 -1.414214e+000  2.442424e+001
    endloop
  endfacet
  facet normal -7.730104e-001  6.343933e-001  0.000000e+000
    outer loop
      vertex  1.414214e+000 -1.414214e+000  2.442424e+001
      vertex  1.414214e+000 -1.414214e+000  2.592424e+001
      vertex  1.662939e+000 -1.111140e+000  2.592424e+001
    endloop
  endfacet
  facet normal -7.730104e-001  6.343933e-001  0.000000e+000
    outer loop
      vertex  1.414214e+000 -1.414214e+000  2.442424e+001
      vertex  1.662939e+000 -1.111140e+000  2.592424e+001
      vertex  1.662939e+000 -1.111140e+000  2.442424e+001
    endloop
  endfacet
  facet normal -8.819214e-001  4.713967e-001  0.000000e+000
    outer loop
      vertex  1.662939e+000 -1.111140e+000  2.442424e+001
      vertex  1.662939e+000 -1.111140e+000  2.592424e+001
      vertex  1.847759e+000 -7.653669e-001  2.592424e+001
    endloop
  endfacet
  facet normal -8.819214e-001  4.713967e-001  0.000000e+000
    outer loop
      vertex  1.662939e+000 -1.111140e+000  2.442424e+001
      vertex  1.847759e+000 -7.653669e-001  2.592424e+001
      vertex  1.847759e+000 -7.653669e-001  2.442424e+001
    endloop
  endfacet
  facet normal -9.569404e-001  2.902847e-001  0.000000e+000
    outer loop
      vertex  1.847759e+000 -7.653669e-001  2.442424e+001
      vertex  1.847759e+000 -7.653669e-001  2.592424e+001
      vertex  1.961571e+000 -3.901806e-001  2.592424e+001
    endloop
  endfacet
  facet normal -9.569404e-001  2.902847e-001  0.000000e+000
    outer loop
      vertex  1.847759e+000 -7.653669e-001  2.442424e+001
      vertex  1.961571e+000 -3.901806e-001  2.592424e+001
      vertex  1.961571e+000 -3.901806e-001  2.442424e+001
    endloop
  endfacet
  facet normal -9.951848e-001  9.801729e-002  0.000000e+000
    outer loop
      vertex  1.961571e+000 -3.901806e-001  2.442424e+001
      vertex  1.961571e+000 -3.901806e-001  2.592424e+001
      vertex  2.000000e+000  0.000000e+000  2.592424e+001
    endloop
  endfacet
  facet normal -9.951848e-001  9.801729e-002  0.000000e+000
    outer loop
      vertex  1.961571e+000 -3.901806e-001  2.442424e+001
      vertex  2.000000e+000  0.000000e+000  2.592424e+001
      vertex  2.000000e+000  0.000000e+000  2.442424e+001
    endloop
  endfacet
  facet normal -9.801729e-002  9.951848e-001  0.000000e+000
    outer loop
      vertex  3.901806e-001 -1.961571e+000  2.592424e+001
      vertex -3.673819e-016 -2.000000e+000  2.442424e+001
      vertex -3.673819e-016 -2.000000e+000  2.592424e+001
    endloop
  endfacet
  facet normal  9.801729e-002  9.951848e-001  0.000000e+000
    outer loop
      vertex -3.673819e-016 -2.000000e+000  2.592424e+001
      vertex -3.673819e-016 -2.000000e+000  2.442424e+001
      vertex -3.901806e-001 -1.961571e+000  2.442424e+001
    endloop
  endfacet
  facet normal  9.801729e-002  9.951848e-001  -0.000000e+000
    outer loop
      vertex -3.673819e-016 -2.000000e+000  2.592424e+001
      vertex -3.901806e-001 -1.961571e+000  2.442424e+001
      vertex -3.901806e-001 -1.961571e+000  2.592424e+001
    endloop
  endfacet
  facet normal  2.902847e-001  9.569404e-001  0.000000e+000
    outer loop
      vertex -3.901806e-001 -1.961571e+000  2.592424e+001
      vertex -3.901806e-001 -1.961571e+000  2.442424e+001
      vertex -7.653669e-001 -1.847759e+000  2.442424e+001
    endloop
  endfacet
  facet normal  2.902847e-001  9.569404e-001  -0.000000e+000
    outer loop
      vertex -3.901806e-001 -1.961571e+000  2.592424e+001
      vertex -7.653669e-001 -1.847759e+000  2.442424e+001
      vertex -7.653669e-001 -1.847759e+000  2.592424e+001
    endloop
  endfacet
  facet normal  4.713967e-001  8.819214e-001  0.000000e+000
    outer loop
      vertex -7.653669e-001 -1.847759e+000  2.592424e+001
      vertex -7.653669e-001 -1.847759e+000  2.442424e+001
      vertex -1.111140e+000 -1.662939e+000  2.442424e+001
    endloop
  endfacet
  facet normal  4.713967e-001  8.819214e-001  -0.000000e+000
    outer loop
      vertex -7.653669e-001 -1.847759e+000  2.592424e+001
      vertex -1.111140e+000 -1.662939e+000  2.442424e+001
      vertex -1.111140e+000 -1.662939e+000  2.592424e+001
    endloop
  endfacet
  facet normal  6.343933e-001  7.730104e-001  0.000000e+000
    outer loop
      vertex -1.111140e+000 -1.662939e+000  2.592424e+001
      vertex -1.111140e+000 -1.662939e+000  2.442424e+001
      vertex -1.414214e+000 -1.414214e+000  2.442424e+001
    endloop
  endfacet
  facet normal  6.343933e-001  7.730104e-001  -0.000000e+000
    outer loop
      vertex -1.111140e+000 -1.662939e+000  2.592424e+001
      vertex -1.414214e+000 -1.414214e+000  2.442424e+001
      vertex -1.414214e+000 -1.414214e+000  2.592424e+001
    endloop
  endfacet
  facet normal  7.730104e-001  6.343933e-001  0.000000e+000
    outer loop
      vertex -1.414214e+000 -1.414214e+000  2.592424e+001
      vertex -1.414214e+000 -1.414214e+000  2.442424e+001
      vertex -1.662939e+000 -1.111140e+000  2.442424e+001
    endloop
  endfacet
  facet normal  7.730104e-001  6.343933e-001  -0.000000e+000
    outer loop
      vertex -1.414214e+000 -1.414214e+000  2.592424e+001
      vertex -1.662939e+000 -1.111140e+000  2.442424e+001
      vertex -1.662939e+000 -1.111140e+000  2.592424e+001
    endloop
  endfacet
  facet normal  8.819214e-001  4.713967e-001  0.000000e+000
    outer loop
      vertex -1.662939e+000 -1.111140e+000  2.592424e+001
      vertex -1.662939e+000 -1.111140e+000  2.442424e+001
      vertex -1.847759e+000 -7.653669e-001  2.442424e+001
    endloop
  endfacet
  facet normal  8.819214e-001  4.713967e-001  -0.000000e+000
    outer loop
      vertex -1.662939e+000 -1.111140e+000  2.592424e+001
      vertex -1.847759e+000 -7.653669e-001  2.442424e+001
      vertex -1.847759e+000 -7.653669e-001  2.592424e+001
    endloop
  endfacet
  facet normal  9.569404e-001  2.902847e-001  0.000000e+000
    outer loop
      vertex -1.847759e+000 -7.653669e-001  2.592424e+001
      vertex -1.847759e+000 -7.653669e-001  2.442424e+001
      vertex -1.961571e+000 -3.901806e-001  2.442424e+001
    endloop
  endfacet
  facet normal  9.569404e-001  2.902847e-001  -0.000000e+000
    outer loop
      vertex -1.847759e+000 -7.653669e-001  2.592424e+001
      vertex -1.961571e+000 -3.901806e-001  2.442424e+001
      vertex -1.961571e+000 -3.901806e-001  2.592424e+001
    endloop
  endfacet
  facet normal  9.951848e-001  9.801729e-002  0.000000e+000
    outer loop
      vertex -1.961571e+000 -3.901806e-001  2.592424e+001
      vertex -1.961571e+000 -3.901806e-001  2.442424e+001
      vertex -2.000000e+000  2.449213e-016  2.442424e+001
    endloop
  endfacet
  facet normal  9.951848e-001  9.801729e-002  -0.000000e+000
    outer loop
      vertex -1.961571e+000 -3.901806e-001  2.592424e+001
      vertex -2.000000e+000  2.449213e-016  2.442424e+001
      vertex -2.000000e+000  2.449213e-016  2.592424e+001
    endloop
  endfacet
  facet normal -6.824189e-002 -9.976688e-001  -0.000000e+000
    outer loop
      vertex -7.837095e-016 -4.266457e+000  2.442424e+001
      vertex -7.837095e-016 -4.266457e+000  2.592424e+001
      vertex -5.809491e-001 -4.226719e+000  2.442424e+001
    endloop
  endfacet
  facet normal -6.824189e-002 -9.976688e-001  0.000000e+000
    outer loop
      vertex -5.809491e-001 -4.226719e+000  2.442424e+001
      vertex -7.837095e-016 -4.266457e+000  2.592424e+001
      vertex -5.809491e-001 -4.226719e+000  2.592424e+001
    endloop
  endfacet
  facet normal -2.034564e-001 -9.790840e-001  -0.000000e+000
    outer loop
      vertex -5.809491e-001 -4.226719e+000  2.442424e+001
      vertex -5.809491e-001 -4.226719e+000  2.592424e+001
      vertex -1.151076e+000 -4.108245e+000  2.442424e+001
    endloop
  endfacet
  facet normal -2.034564e-001 -9.790840e-001  0.000000e+000
    outer loop
      vertex -1.151076e+000 -4.108245e+000  2.442424e+001
      vertex -5.809491e-001 -4.226719e+000  2.592424e+001
      vertex -1.151076e+000 -4.108245e+000  2.592424e+001
    endloop
  endfacet
  facet normal -3.348795e-001 -9.422609e-001  -0.000000e+000
    outer loop
      vertex -1.151076e+000 -4.108245e+000  2.442424e+001
      vertex -1.151076e+000 -4.108245e+000  2.592424e+001
      vertex -1.699761e+000 -3.913242e+000  2.442424e+001
    endloop
  endfacet
  facet normal -3.348795e-001 -9.422609e-001  0.000000e+000
    outer loop
      vertex -1.699761e+000 -3.913242e+000  2.442424e+001
      vertex -1.151076e+000 -4.108245e+000  2.592424e+001
      vertex -1.699761e+000 -3.913242e+000  2.592424e+001
    endloop
  endfacet
  facet normal -4.600648e-001 -8.878854e-001  -0.000000e+000
    outer loop
      vertex -1.699761e+000 -3.913242e+000  2.442424e+001
      vertex -1.699761e+000 -3.913242e+000  2.592424e+001
      vertex -2.216783e+000 -3.645344e+000  2.442424e+001
    endloop
  endfacet
  facet normal -4.600648e-001 -8.878854e-001  0.000000e+000
    outer loop
      vertex -2.216783e+000 -3.645344e+000  2.442424e+001
      vertex -1.699761e+000 -3.913242e+000  2.592424e+001
      vertex -2.216783e+000 -3.645344e+000  2.592424e+001
    endloop
  endfacet
  facet normal -5.766804e-001 -8.169699e-001  -0.000000e+000
    outer loop
      vertex -2.216783e+000 -3.645344e+000  2.442424e+001
      vertex -2.216783e+000 -3.645344e+000  2.592424e+001
      vertex -2.692509e+000 -3.309539e+000  2.442424e+001
    endloop
  endfacet
  facet normal -5.766804e-001 -8.169699e-001  0.000000e+000
    outer loop
      vertex -2.692509e+000 -3.309539e+000  2.442424e+001
      vertex -2.216783e+000 -3.645344e+000  2.592424e+001
      vertex -2.692509e+000 -3.309539e+000  2.592424e+001
    endloop
  endfacet
  facet normal -6.825531e-001 -7.308360e-001  -0.000000e+000
    outer loop
      vertex -2.692509e+000 -3.309539e+000  2.442424e+001
      vertex -2.692509e+000 -3.309539e+000  2.592424e+001
      vertex -3.118080e+000 -2.912084e+000  2.442424e+001
    endloop
  endfacet
  facet normal -6.825531e-001 -7.308360e-001  0.000000e+000
    outer loop
      vertex -3.118080e+000 -2.912084e+000  2.442424e+001
      vertex -2.692509e+000 -3.309539e+000  2.592424e+001
      vertex -3.118080e+000 -2.912084e+000  2.592424e+001
    endloop
  endfacet
  facet normal -7.757113e-001 -6.310879e-001  -0.000000e+000
    outer loop
      vertex -3.118080e+000 -2.912084e+000  2.442424e+001
      vertex -3.118080e+000 -2.912084e+000  2.592424e+001
      vertex -3.485567e+000 -2.460382e+000  2.442424e+001
    endloop
  endfacet
  facet normal -7.757113e-001 -6.310879e-001  0.000000e+000
    outer loop
      vertex -3.485567e+000 -2.460382e+000  2.442424e+001
      vertex -3.118080e+000 -2.912084e+000  2.592424e+001
      vertex -3.485567e+000 -2.460382e+000  2.592424e+001
    endloop
  endfacet
  facet normal -8.544196e-001 -5.195837e-001  -0.000000e+000
    outer loop
      vertex -3.485567e+000 -2.460382e+000  2.442424e+001
      vertex -3.485567e+000 -2.460382e+000  2.592424e+001
      vertex -3.788124e+000 -1.962848e+000  2.442424e+001
    endloop
  endfacet
  facet normal -8.544196e-001 -5.195837e-001  0.000000e+000
    outer loop
      vertex -3.788124e+000 -1.962848e+000  2.442424e+001
      vertex -3.485567e+000 -2.460382e+000  2.592424e+001
      vertex -3.788124e+000 -1.962848e+000  2.592424e+001
    endloop
  endfacet
  facet normal -9.172113e-001 -3.984010e-001  -0.000000e+000
    outer loop
      vertex -3.788124e+000 -1.962848e+000  2.442424e+001
      vertex -3.788124e+000 -1.962848e+000  2.592424e+001
      vertex -4.020115e+000 -1.428749e+000  2.442424e+001
    endloop
  endfacet
  facet normal -9.172113e-001 -3.984010e-001  0.000000e+000
    outer loop
      vertex -4.020115e+000 -1.428749e+000  2.442424e+001
      vertex -3.788124e+000 -1.962848e+000  2.592424e+001
      vertex -4.020115e+000 -1.428749e+000  2.592424e+001
    endloop
  endfacet
  facet normal -9.629173e-001 -2.697968e-001  -0.000000e+000
    outer loop
      vertex -4.020115e+000 -1.428749e+000  2.442424e+001
      vertex -4.020115e+000 -1.428749e+000  2.592424e+001
      vertex -4.177220e+000 -8.680363e-001  2.442424e+001
    endloop
  endfacet
  facet normal -9.629173e-001 -2.697968e-001  0.000000e+000
    outer loop
      vertex -4.177220e+000 -8.680363e-001  2.442424e+001
      vertex -4.020115e+000 -1.428749e+000  2.592424e+001
      vertex -4.177220e+000 -8.680363e-001  2.592424e+001
    endloop
  endfacet
  facet normal -9.906859e-001 -1.361669e-001  -0.000000e+000
    outer loop
      vertex -4.177220e+000 -8.680363e-001  2.442424e+001
      vertex -4.177220e+000 -8.680363e-001  2.592424e+001
      vertex -4.256511e+000 -2.911533e-001  2.442424e+001
    endloop
  endfacet
  facet normal -9.906859e-001 -1.361669e-001  0.000000e+000
    outer loop
      vertex -4.256511e+000 -2.911533e-001  2.442424e+001
      vertex -4.177220e+000 -8.680363e-001  2.592424e+001
      vertex -4.256511e+000 -2.911533e-001  2.592424e+001
    endloop
  endfacet
  facet normal -1.000000e+000  0.000000e+000  0.000000e+000
    outer loop
      vertex -4.256511e+000 -2.911533e-001  2.442424e+001
      vertex -4.256511e+000 -2.911533e-001  2.592424e+001
      vertex -4.256511e+000  2.911533e-001  2.442424e+001
    endloop
  endfacet
  facet normal -1.000000e+000  0.000000e+000  0.000000e+000
    outer loop
      vertex -4.256511e+000  2.911533e-001  2.442424e+001
      vertex -4.256511e+000 -2.911533e-001  2.592424e+001
      vertex -4.256511e+000  2.911533e-001  2.592424e+001
    endloop
  endfacet
  facet normal -9.906859e-001  1.361669e-001  0.000000e+000
    outer loop
      vertex -4.256511e+000  2.911533e-001  2.442424e+001
      vertex -4.256511e+000  2.911533e-001  2.592424e+001
      vertex -4.177220e+000  8.680363e-001  2.442424e+001
    endloop
  endfacet
  facet normal -9.906859e-001  1.361669e-001  0.000000e+000
    outer loop
      vertex -4.177220e+000  8.680363e-001  2.442424e+001
      vertex -4.256511e+000  2.911533e-001  2.592424e+001
      vertex -4.177220e+000  8.680363e-001  2.592424e+001
    endloop
  endfacet
  facet normal -9.629173e-001  2.697968e-001  0.000000e+000
    outer loop
      vertex -4.177220e+000  8.680363e-001  2.442424e+001
      vertex -4.177220e+000  8.680363e-001  2.592424e+001
      vertex -4.020115e+000  1.428749e+000  2.442424e+001
    endloop
  endfacet
  facet normal -9.629173e-001  2.697968e-001  0.000000e+000
    outer loop
      vertex -4.020115e+000  1.428749e+000  2.442424e+001
      vertex -4.177220e+000  8.680363e-001  2.592424e+001
      vertex -4.020115e+000  1.428749e+000  2.592424e+001
    endloop
  endfacet
  facet normal -9.172113e-001  3.984010e-001  0.000000e+000
    outer loop
      vertex -4.020115e+000  1.428749e+000  2.442424e+001
      vertex -4.020115e+000  1.428749e+000  2.592424e+001
      vertex -3.788124e+000  1.962848e+000  2.442424e+001
    endloop
  endfacet
  facet normal -9.172113e-001  3.984010e-001  0.000000e+000
    outer loop
      vertex -3.788124e+000  1.962848e+000  2.442424e+001
      vertex -4.020115e+000  1.428749e+000  2.592424e+001
      vertex -3.788124e+000  1.962848e+000  2.592424e+001
    endloop
  endfacet
  facet normal -8.544196e-001  5.195837e-001  0.000000e+000
    outer loop
      vertex -3.788124e+000  1.962848e+000  2.442424e+001
      vertex -3.788124e+000  1.962848e+000  2.592424e+001
      vertex -3.485567e+000  2.460382e+000  2.442424e+001
    endloop
  endfacet
  facet normal -8.544196e-001  5.195837e-001  0.000000e+000
    outer loop
      vertex -3.485567e+000  2.460382e+000  2.442424e+001
      vertex -3.788124e+000  1.962848e+000  2.592424e+001
      vertex -3.485567e+000  2.460382e+000  2.592424e+001
    endloop
  endfacet
  facet normal -7.757113e-001  6.310879e-001  0.000000e+000
    outer loop
      vertex -3.485567e+000  2.460382e+000  2.442424e+001
      vertex -3.485567e+000  2.460382e+000  2.592424e+001
      vertex -3.118080e+000  2.912084e+000  2.442424e+001
    endloop
  endfacet
  facet normal -7.757113e-001  6.310879e-001  0.000000e+000
    outer loop
      vertex -3.118080e+000  2.912084e+000  2.442424e+001
      vertex -3.485567e+000  2.460382e+000  2.592424e+001
      vertex -3.118080e+000  2.912084e+000  2.592424e+001
    endloop
  endfacet
  facet normal -6.825531e-001  7.308360e-001  0.000000e+000
    outer loop
      vertex -3.118080e+000  2.912084e+000  2.442424e+001
      vertex -3.118080e+000  2.912084e+000  2.592424e+001
      vertex -2.692509e+000  3.309539e+000  2.442424e+001
    endloop
  endfacet
  facet normal -6.825531e-001  7.308360e-001  0.000000e+000
    outer loop
      vertex -2.692509e+000  3.309539e+000  2.442424e+001
      vertex -3.118080e+000  2.912084e+000  2.592424e+001
      vertex -2.692509e+000  3.309539e+000  2.592424e+001
    endloop
  endfacet
  facet normal -5.766804e-001  8.169699e-001  0.000000e+000
    outer loop
      vertex -2.692509e+000  3.309539e+000  2.442424e+001
      vertex -2.692509e+000  3.309539e+000  2.592424e+001
      vertex -2.216783e+000  3.645344e+000  2.442424e+001
    endloop
  endfacet
  facet normal -5.766804e-001  8.169699e-001  0.000000e+000
    outer loop
      vertex -2.216783e+000  3.645344e+000  2.442424e+001
      vertex -2.692509e+000  3.309539e+000  2.592424e+001
      vertex -2.216783e+000  3.645344e+000  2.592424e+001
    endloop
  endfacet
  facet normal -4.600648e-001  8.878854e-001  0.000000e+000
    outer loop
      vertex -2.216783e+000  3.645344e+000  2.442424e+001
      vertex -2.216783e+000  3.645344e+000  2.592424e+001
      vertex -1.699761e+000  3.913242e+000  2.442424e+001
    endloop
  endfacet
  facet normal -4.600648e-001  8.878854e-001  0.000000e+000
    outer loop
      vertex -1.699761e+000  3.913242e+000  2.442424e+001
      vertex -2.216783e+000  3.645344e+000  2.592424e+001
      vertex -1.699761e+000  3.913242e+000  2.592424e+001
    endloop
  endfacet
  facet normal -3.348795e-001  9.422609e-001  0.000000e+000
    outer loop
      vertex -1.699761e+000  3.913242e+000  2.442424e+001
      vertex -1.699761e+000  3.913242e+000  2.592424e+001
      vertex -1.151076e+000  4.108245e+000  2.442424e+001
    endloop
  endfacet
  facet normal -3.348795e-001  9.422609e-001  0.000000e+000
    outer loop
      vertex -1.151076e+000  4.108245e+000  2.442424e+001
      vertex -1.699761e+000  3.913242e+000  2.592424e+001
      vertex -1.151076e+000  4.108245e+000  2.592424e+001
    endloop
  endfacet
  facet normal -2.034564e-001  9.790840e-001  0.000000e+000
    outer loop
      vertex -1.151076e+000  4.108245e+000  2.442424e+001
      vertex -1.151076e+000  4.108245e+000  2.592424e+001
      vertex -5.809491e-001  4.226719e+000  2.442424e+001
    endloop
  endfacet
  facet normal -2.034564e-001  9.790840e-001  0.000000e+000
    outer loop
      vertex -5.809491e-001  4.226719e+000  2.442424e+001
      vertex -1.151076e+000  4.108245e+000  2.592424e+001
      vertex -5.809491e-001  4.226719e+000  2.592424e+001
    endloop
  endfacet
  facet normal -6.824189e-002  9.976688e-001  0.000000e+000
    outer loop
      vertex -5.809491e-001  4.226719e+000  2.442424e+001
      vertex -5.809491e-001  4.226719e+000  2.592424e+001
      vertex  0.000000e+000  4.266457e+000  2.442424e+001
    endloop
  endfacet
  facet normal -6.824189e-002  9.976688e-001  0.000000e+000
    outer loop
      vertex  0.000000e+000  4.266457e+000  2.442424e+001
      vertex -5.809491e-001  4.226719e+000  2.592424e+001
      vertex  0.000000e+000  4.266457e+000  2.592424e+001
    endloop
  endfacet
  facet normal -9.988129e-001 -4.871225e-002  -0.000000e+000
    outer loop
      vertex  6.100058e+000 -2.936634e-002  3.043419e+001
      vertex  6.066353e+000  6.617277e-001  3.843419e+001
      vertex  6.066353e+000  6.617277e-001  3.043419e+001
    endloop
  endfacet
  facet normal -9.879760e-001 -1.546078e-001  0.000000e+000
    outer loop
      vertex  6.066353e+000  6.617277e-001  3.043419e+001
      vertex  6.066353e+000  6.617277e-001  3.843419e+001
      vertex  5.959377e+000  1.345323e+000  3.843419e+001
    endloop
  endfacet
  facet normal -9.879760e-001 -1.546078e-001  -0.000000e+000
    outer loop
      vertex  6.066353e+000  6.617277e-001  3.043419e+001
      vertex  5.959377e+000  1.345323e+000  3.843419e+001
      vertex  5.959377e+000  1.345323e+000  3.043419e+001
    endloop
  endfacet
  facet normal -9.659441e-001 -2.587509e-001  0.000000e+000
    outer loop
      vertex  5.959377e+000  1.345323e+000  3.043419e+001
      vertex  5.959377e+000  1.345323e+000  3.843419e+001
      vertex  5.780344e+000  2.013675e+000  3.843419e+001
    endloop
  endfacet
  facet normal -9.659441e-001 -2.587509e-001  -0.000000e+000
    outer loop
      vertex  5.959377e+000  1.345323e+000  3.043419e+001
      vertex  5.780344e+000  2.013675e+000  3.843419e+001
      vertex  5.780344e+000  2.013675e+000  3.043419e+001
    endloop
  endfacet
  facet normal -9.329665e-001 -3.599630e-001  0.000000e+000
    outer loop
      vertex  5.780344e+000  2.013675e+000  3.043419e+001
      vertex  5.780344e+000  2.013675e+000  3.843419e+001
      vertex  5.531280e+000  2.659209e+000  3.843419e+001
    endloop
  endfacet
  facet normal -9.329665e-001 -3.599630e-001  -0.000000e+000
    outer loop
      vertex  5.780344e+000  2.013675e+000  3.043419e+001
      vertex  5.531280e+000  2.659209e+000  3.843419e+001
      vertex  5.531280e+000  2.659209e+000  3.043419e+001
    endloop
  endfacet
  facet normal -8.894177e-001 -4.570954e-001  0.000000e+000
    outer loop
      vertex  5.531280e+000  2.659209e+000  3.043419e+001
      vertex  5.531280e+000  2.659209e+000  3.843419e+001
      vertex  5.215008e+000  3.274611e+000  3.843419e+001
    endloop
  endfacet
  facet normal -8.894177e-001 -4.570954e-001  -0.000000e+000
    outer loop
      vertex  5.531280e+000  2.659209e+000  3.043419e+001
      vertex  5.215008e+000  3.274611e+000  3.843419e+001
      vertex  5.215008e+000  3.274611e+000  3.043419e+001
    endloop
  endfacet
  facet normal -8.357900e-001 -5.490493e-001  0.000000e+000
    outer loop
      vertex  5.215008e+000  3.274611e+000  3.043419e+001
      vertex  5.215008e+000  3.274611e+000  3.843419e+001
      vertex  4.835113e+000  3.852907e+000  3.843419e+001
    endloop
  endfacet
  facet normal -8.357900e-001 -5.490493e-001  -0.000000e+000
    outer loop
      vertex  5.215008e+000  3.274611e+000  3.043419e+001
      vertex  4.835113e+000  3.852907e+000  3.843419e+001
      vertex  4.835113e+000  3.852907e+000  3.043419e+001
    endloop
  endfacet
  facet normal -7.726927e-001 -6.347803e-001  0.000000e+000
    outer loop
      vertex  4.835113e+000  3.852907e+000  3.043419e+001
      vertex  4.835113e+000  3.852907e+000  3.843419e+001
      vertex  4.395898e+000  4.387545e+000  3.843419e+001
    endloop
  endfacet
  facet normal -7.726927e-001 -6.347803e-001  -0.000000e+000
    outer loop
      vertex  4.835113e+000  3.852907e+000  3.043419e+001
      vertex  4.395898e+000  4.387545e+000  3.843419e+001
      vertex  4.395898e+000  4.387545e+000  3.043419e+001
    endloop
  endfacet
  facet normal -7.008387e-001 -7.133197e-001  0.000000e+000
    outer loop
      vertex  4.395898e+000  4.387545e+000  3.043419e+001
      vertex  4.395898e+000  4.387545e+000  3.843419e+001
      vertex  3.902342e+000  4.872466e+000  3.843419e+001
    endloop
  endfacet
  facet normal -7.008387e-001 -7.133197e-001  -0.000000e+000
    outer loop
      vertex  4.395898e+000  4.387545e+000  3.043419e+001
      vertex  3.902342e+000  4.872466e+000  3.843419e+001
      vertex  3.902342e+000  4.872466e+000  3.043419e+001
    endloop
  endfacet
  facet normal -6.210445e-001 -7.837753e-001  0.000000e+000
    outer loop
      vertex  3.902342e+000  4.872466e+000  3.043419e+001
      vertex  3.902342e+000  4.872466e+000  3.843419e+001
      vertex  3.360035e+000  5.302176e+000  3.843419e+001
    endloop
  endfacet
  facet normal -6.210445e-001 -7.837753e-001  -0.000000e+000
    outer loop
      vertex  3.902342e+000  4.872466e+000  3.043419e+001
      vertex  3.360035e+000  5.302176e+000  3.843419e+001
      vertex  3.360035e+000  5.302176e+000  3.043419e+001
    endloop
  endfacet
  facet normal -5.342118e-001 -8.453506e-001  0.000000e+000
    outer loop
      vertex  3.360035e+000  5.302176e+000  3.043419e+001
      vertex  3.360035e+000  5.302176e+000  3.843419e+001
      vertex  2.775124e+000  5.671805e+000  3.843419e+001
    endloop
  endfacet
  facet normal -5.342118e-001 -8.453506e-001  -0.000000e+000
    outer loop
      vertex  3.360035e+000  5.302176e+000  3.043419e+001
      vertex  2.775124e+000  5.671805e+000  3.843419e+001
      vertex  2.775124e+000  5.671805e+000  3.043419e+001
    endloop
  endfacet
  facet normal -4.413261e-001 -8.973467e-001  0.000000e+000
    outer loop
      vertex  2.775124e+000  5.671805e+000  3.043419e+001
      vertex  2.775124e+000  5.671805e+000  3.843419e+001
      vertex  2.154236e+000  5.977166e+000  3.843419e+001
    endloop
  endfacet
  facet normal -4.413261e-001 -8.973467e-001  -0.000000e+000
    outer loop
      vertex  2.775124e+000  5.671805e+000  3.043419e+001
      vertex  2.154236e+000  5.977166e+000  3.843419e+001
      vertex  2.154236e+000  5.977166e+000  3.043419e+001
    endloop
  endfacet
  facet normal -9.988129e-001 -4.871225e-002  0.000000e+000
    outer loop
      vertex  6.066353e+000  6.617277e-001  3.843419e+001
      vertex  6.100058e+000 -2.936634e-002  3.043419e+001
      vertex  6.100058e+000 -2.936634e-002  3.843419e+001
    endloop
  endfacet
  facet normal -9.983319e-001  5.773536e-002  0.000000e+000
    outer loop
      vertex  6.100058e+000 -2.936634e-002  3.843419e+001
      vertex  6.100058e+000 -2.936634e-002  3.043419e+001
      vertex  6.060110e+000 -7.201276e-001  3.043419e+001
    endloop
  endfacet
  facet normal -9.983319e-001  5.773536e-002  0.000000e+000
    outer loop
      vertex  6.100058e+000 -2.936634e-002  3.843419e+001
      vertex  6.060110e+000 -7.201276e-001  3.043419e+001
      vertex  6.060110e+000 -7.201276e-001  3.843419e+001
    endloop
  endfacet
  facet normal -9.865386e-001  1.635283e-001  0.000000e+000
    outer loop
      vertex  6.060110e+000 -7.201276e-001  3.843419e+001
      vertex  6.060110e+000 -7.201276e-001  3.043419e+001
      vertex  5.946962e+000 -1.402729e+000  3.043419e+001
    endloop
  endfacet
  facet normal -9.865386e-001  1.635283e-001  0.000000e+000
    outer loop
      vertex  6.060110e+000 -7.201276e-001  3.843419e+001
      vertex  5.946962e+000 -1.402729e+000  3.043419e+001
      vertex  5.946962e+000 -1.402729e+000  3.843419e+001
    endloop
  endfacet
  facet normal -9.635665e-001  2.674687e-001  0.000000e+000
    outer loop
      vertex  5.946962e+000 -1.402729e+000  3.843419e+001
      vertex  5.946962e+000 -1.402729e+000  3.043419e+001
      vertex  5.761896e+000 -2.069435e+000  3.043419e+001
    endloop
  endfacet
  facet normal -9.635665e-001  2.674687e-001  0.000000e+000
    outer loop
      vertex  5.946962e+000 -1.402729e+000  3.843419e+001
      vertex  5.761896e+000 -2.069435e+000  3.043419e+001
      vertex  5.761896e+000 -2.069435e+000  3.843419e+001
    endloop
  endfacet
  facet normal -9.296760e-001  3.683783e-001  0.000000e+000
    outer loop
      vertex  5.761896e+000 -2.069435e+000  3.843419e+001
      vertex  5.761896e+000 -2.069435e+000  3.043419e+001
      vertex  5.507010e+000 -2.712692e+000  3.043419e+001
    endloop
  endfacet
  facet normal -9.296760e-001  3.683783e-001  0.000000e+000
    outer loop
      vertex  5.761896e+000 -2.069435e+000  3.843419e+001
      vertex  5.507010e+000 -2.712692e+000  3.043419e+001
      vertex  5.507010e+000 -2.712692e+000  3.843419e+001
    endloop
  endfacet
  facet normal -8.852512e-001  4.651131e-001  0.000000e+000
    outer loop
      vertex  5.507010e+000 -2.712692e+000  3.843419e+001
      vertex  5.507010e+000 -2.712692e+000  3.043419e+001
      vertex  5.185191e+000 -3.325211e+000  3.043419e+001
    endloop
  endfacet
  facet normal -8.852512e-001  4.651131e-001  0.000000e+000
    outer loop
      vertex  5.507010e+000 -2.712692e+000  3.843419e+001
      vertex  5.185191e+000 -3.325211e+000  3.043419e+001
      vertex  5.185191e+000 -3.325211e+000  3.843419e+001
    endloop
  endfacet
  facet normal -8.307952e-001  5.565783e-001  0.000000e+000
    outer loop
      vertex  5.185191e+000 -3.325211e+000  3.843419e+001
      vertex  5.185191e+000 -3.325211e+000  3.043419e+001
      vertex  4.800086e+000 -3.900051e+000  3.043419e+001
    endloop
  endfacet
  facet normal -8.307952e-001  5.565783e-001  0.000000e+000
    outer loop
      vertex  5.185191e+000 -3.325211e+000  3.843419e+001
      vertex  4.800086e+000 -3.900051e+000  3.043419e+001
      vertex  4.800086e+000 -3.900051e+000  3.843419e+001
    endloop
  endfacet
  facet normal -7.669252e-001  6.417364e-001  0.000000e+000
    outer loop
      vertex  4.800086e+000 -3.900051e+000  3.843419e+001
      vertex  4.800086e+000 -3.900051e+000  3.043419e+001
      vertex  4.356058e+000 -4.430699e+000  3.043419e+001
    endloop
  endfacet
  facet normal -7.669252e-001  6.417364e-001  0.000000e+000
    outer loop
      vertex  4.800086e+000 -3.900051e+000  3.843419e+001
      vertex  4.356058e+000 -4.430699e+000  3.043419e+001
      vertex  4.356058e+000 -4.430699e+000  3.843419e+001
    endloop
  endfacet
  facet normal -6.943647e-001  7.196233e-001  0.000000e+000
    outer loop
      vertex  4.356058e+000 -4.430699e+000  3.843419e+001
      vertex  4.356058e+000 -4.430699e+000  3.043419e+001
      vertex  3.858140e+000 -4.911140e+000  3.043419e+001
    endloop
  endfacet
  facet normal -6.943647e-001  7.196233e-001  0.000000e+000
    outer loop
      vertex  4.356058e+000 -4.430699e+000  3.843419e+001
      vertex  3.858140e+000 -4.911140e+000  3.043419e+001
      vertex  3.858140e+000 -4.911140e+000  3.843419e+001
    endloop
  endfacet
  facet normal -6.139367e-001  7.893552e-001  0.000000e+000
    outer loop
      vertex  3.858140e+000 -4.911140e+000  3.843419e+001
      vertex  3.858140e+000 -4.911140e+000  3.043419e+001
      vertex  3.311973e+000 -5.335933e+000  3.043419e+001
    endloop
  endfacet
  facet normal -6.139367e-001  7.893552e-001  0.000000e+000
    outer loop
      vertex  3.858140e+000 -4.911140e+000  3.843419e+001
      vertex  3.311973e+000 -5.335933e+000  3.043419e+001
      vertex  3.311973e+000 -5.335933e+000  3.843419e+001
    endloop
  endfacet
  facet normal -5.265518e-001  8.501430e-001  0.000000e+000
    outer loop
      vertex  3.311973e+000 -5.335933e+000  3.843419e+001
      vertex  3.311973e+000 -5.335933e+000  3.043419e+001
      vertex  2.723746e+000 -5.700262e+000  3.043419e+001
    endloop
  endfacet
  facet normal -5.265518e-001  8.501430e-001  0.000000e+000
    outer loop
      vertex  3.311973e+000 -5.335933e+000  3.843419e+001
      vertex  2.723746e+000 -5.700262e+000  3.043419e+001
      vertex  2.723746e+000 -5.700262e+000  3.843419e+001
    endloop
  endfacet
  facet normal -4.332003e-001  9.012977e-001  0.000000e+000
    outer loop
      vertex  2.723746e+000 -5.700262e+000  3.843419e+001
      vertex  2.723746e+000 -5.700262e+000  3.043419e+001
      vertex  2.100124e+000 -6.000000e+000  3.043419e+001
    endloop
  endfacet
  facet normal -4.332003e-001  9.012977e-001  0.000000e+000
    outer loop
      vertex  2.723746e+000 -5.700262e+000  3.843419e+001
      vertex  2.100124e+000 -6.000000e+000  3.043419e+001
      vertex  2.100124e+000 -6.000000e+000  3.843419e+001
    endloop
  endfacet
endsolid CATIA STL
