   1              		.cpu cortex-m4
   2              		.eabi_attribute 20, 1
   3              		.eabi_attribute 21, 1
   4              		.eabi_attribute 23, 3
   5              		.eabi_attribute 24, 1
   6              		.eabi_attribute 25, 1
   7              		.eabi_attribute 26, 1
   8              		.eabi_attribute 30, 6
   9              		.eabi_attribute 34, 1
  10              		.eabi_attribute 18, 4
  11              		.file	"dawn_bldc.c"
  12              		.text
  13              	.Ltext0:
  14              		.cfi_sections	.debug_frame
  15              		.section	.text.BLDCInit,"ax",%progbits
  16              		.align	1
  17              		.global	BLDCInit
  18              		.arch armv7e-m
  19              		.syntax unified
  20              		.thumb
  21              		.thumb_func
  22              		.fpu softvfp
  24              	BLDCInit:
  25              	.LFB156:
  26              		.file 1 "C:/Users/leonardo/Desktop/Code/Github/DawnBGC/Dawn/DawnBLDC/dawn_bldc.c"
   1:C:/Users/leonardo/Desktop/Code/Github/DawnBGC/Dawn/DawnBLDC\dawn_bldc.c **** /*
   2:C:/Users/leonardo/Desktop/Code/Github/DawnBGC/Dawn/DawnBLDC\dawn_bldc.c ****  * DawnBGC - Open Source Brushless Gimbal Controller
   3:C:/Users/leonardo/Desktop/Code/Github/DawnBGC/Dawn/DawnBLDC\dawn_bldc.c ****  *
   4:C:/Users/leonardo/Desktop/Code/Github/DawnBGC/Dawn/DawnBLDC\dawn_bldc.c ****  * Copyright (c) 2025 MarsDawn
   5:C:/Users/leonardo/Desktop/Code/Github/DawnBGC/Dawn/DawnBLDC\dawn_bldc.c ****  *
   6:C:/Users/leonardo/Desktop/Code/Github/DawnBGC/Dawn/DawnBLDC\dawn_bldc.c ****  * Project repository:
   7:C:/Users/leonardo/Desktop/Code/Github/DawnBGC/Dawn/DawnBLDC\dawn_bldc.c ****  *     https://github.com/MarsDawn
   8:C:/Users/leonardo/Desktop/Code/Github/DawnBGC/Dawn/DawnBLDC\dawn_bldc.c ****  *
   9:C:/Users/leonardo/Desktop/Code/Github/DawnBGC/Dawn/DawnBLDC\dawn_bldc.c ****  * This file is part of the DawnBGC project.
  10:C:/Users/leonardo/Desktop/Code/Github/DawnBGC/Dawn/DawnBLDC\dawn_bldc.c ****  *
  11:C:/Users/leonardo/Desktop/Code/Github/DawnBGC/Dawn/DawnBLDC\dawn_bldc.c ****  * Redistribution and use in source or binary forms, with or without
  12:C:/Users/leonardo/Desktop/Code/Github/DawnBGC/Dawn/DawnBLDC\dawn_bldc.c ****  * modification, are permitted under the MIT License, provided that
  13:C:/Users/leonardo/Desktop/Code/Github/DawnBGC/Dawn/DawnBLDC\dawn_bldc.c ****  * this copyright notice and this permission notice are retained.
  14:C:/Users/leonardo/Desktop/Code/Github/DawnBGC/Dawn/DawnBLDC\dawn_bldc.c ****  *
  15:C:/Users/leonardo/Desktop/Code/Github/DawnBGC/Dawn/DawnBLDC\dawn_bldc.c ****  * Licensed under the MIT License.
  16:C:/Users/leonardo/Desktop/Code/Github/DawnBGC/Dawn/DawnBLDC\dawn_bldc.c ****  * You may obtain a copy of the License at:
  17:C:/Users/leonardo/Desktop/Code/Github/DawnBGC/Dawn/DawnBLDC\dawn_bldc.c ****  *
  18:C:/Users/leonardo/Desktop/Code/Github/DawnBGC/Dawn/DawnBLDC\dawn_bldc.c ****  *     https://opensource.org/licenses/MIT
  19:C:/Users/leonardo/Desktop/Code/Github/DawnBGC/Dawn/DawnBLDC\dawn_bldc.c ****  *
  20:C:/Users/leonardo/Desktop/Code/Github/DawnBGC/Dawn/DawnBLDC\dawn_bldc.c ****  * THE SOFTWARE IS PROVIDED "AS IS", WITHOUT WARRANTY OF ANY KIND.
  21:C:/Users/leonardo/Desktop/Code/Github/DawnBGC/Dawn/DawnBLDC\dawn_bldc.c ****  */
  22:C:/Users/leonardo/Desktop/Code/Github/DawnBGC/Dawn/DawnBLDC\dawn_bldc.c **** 
  23:C:/Users/leonardo/Desktop/Code/Github/DawnBGC/Dawn/DawnBLDC\dawn_bldc.c **** 
  24:C:/Users/leonardo/Desktop/Code/Github/DawnBGC/Dawn/DawnBLDC\dawn_bldc.c **** #include "includes.h"
  25:C:/Users/leonardo/Desktop/Code/Github/DawnBGC/Dawn/DawnBLDC\dawn_bldc.c **** 
  26:C:/Users/leonardo/Desktop/Code/Github/DawnBGC/Dawn/DawnBLDC\dawn_bldc.c **** void BLDCInit(void)
  27:C:/Users/leonardo/Desktop/Code/Github/DawnBGC/Dawn/DawnBLDC\dawn_bldc.c **** {
  27              		.loc 1 27 1
  28              		.cfi_startproc
  29              		@ args = 0, pretend = 0, frame = 0
  30              		@ frame_needed = 1, uses_anonymous_args = 0
  31 0000 80B5     		push	{r7, lr}
  32              		.cfi_def_cfa_offset 8
  33              		.cfi_offset 7, -8
  34              		.cfi_offset 14, -4
  35 0002 00AF     		add	r7, sp, #0
  36              		.cfi_def_cfa_register 7
  28:C:/Users/leonardo/Desktop/Code/Github/DawnBGC/Dawn/DawnBLDC\dawn_bldc.c ****     BLDCGpioInit();
  37              		.loc 1 28 5
  38 0004 FFF7FEFF 		bl	BLDCGpioInit
  29:C:/Users/leonardo/Desktop/Code/Github/DawnBGC/Dawn/DawnBLDC\dawn_bldc.c **** 
  30:C:/Users/leonardo/Desktop/Code/Github/DawnBGC/Dawn/DawnBLDC\dawn_bldc.c ****     // TurnOnPWM(&BLDCYaw);
  31:C:/Users/leonardo/Desktop/Code/Github/DawnBGC/Dawn/DawnBLDC\dawn_bldc.c ****     // TurnOnPWM(&BLDCRoll);
  32:C:/Users/leonardo/Desktop/Code/Github/DawnBGC/Dawn/DawnBLDC\dawn_bldc.c ****     // TurnOnPWM(&BLDCPitch);
  33:C:/Users/leonardo/Desktop/Code/Github/DawnBGC/Dawn/DawnBLDC\dawn_bldc.c **** }
  39              		.loc 1 33 1
  40 0008 00BF     		nop
  41 000a 80BD     		pop	{r7, pc}
  42              		.cfi_endproc
  43              	.LFE156:
  45              		.global	__aeabi_fcmplt
  46              		.section	.text.BLDCStallState,"ax",%progbits
  47              		.align	1
  48              		.global	BLDCStallState
  49              		.syntax unified
  50              		.thumb
  51              		.thumb_func
  52              		.fpu softvfp
  54              	BLDCStallState:
  55              	.LFB157:
  34:C:/Users/leonardo/Desktop/Code/Github/DawnBGC/Dawn/DawnBLDC\dawn_bldc.c **** 
  35:C:/Users/leonardo/Desktop/Code/Github/DawnBGC/Dawn/DawnBLDC\dawn_bldc.c **** 
  36:C:/Users/leonardo/Desktop/Code/Github/DawnBGC/Dawn/DawnBLDC\dawn_bldc.c **** uint8_t BLDCStallState(BLDCStruct *BLDCStruct)
  37:C:/Users/leonardo/Desktop/Code/Github/DawnBGC/Dawn/DawnBLDC\dawn_bldc.c **** {
  56              		.loc 1 37 1
  57              		.cfi_startproc
  58              		@ args = 0, pretend = 0, frame = 8
  59              		@ frame_needed = 1, uses_anonymous_args = 0
  60 0000 80B5     		push	{r7, lr}
  61              		.cfi_def_cfa_offset 8
  62              		.cfi_offset 7, -8
  63              		.cfi_offset 14, -4
  64 0002 82B0     		sub	sp, sp, #8
  65              		.cfi_def_cfa_offset 16
  66 0004 00AF     		add	r7, sp, #0
  67              		.cfi_def_cfa_register 7
  68 0006 7860     		str	r0, [r7, #4]
  38:C:/Users/leonardo/Desktop/Code/Github/DawnBGC/Dawn/DawnBLDC\dawn_bldc.c ****     if ((fabs(BLDCStruct->Speed) < (BLDCStruct->StallSpeed)) && (BLDCStruct->HomingMaxFlag) || (fab
  69              		.loc 1 38 25
  70 0008 7B68     		ldr	r3, [r7, #4]
  71 000a D3F88C30 		ldr	r3, [r3, #140]	@ float
  72              		.loc 1 38 10
  73 000e 23F00042 		bic	r2, r3, #-2147483648
  74              		.loc 1 38 47
  75 0012 7B68     		ldr	r3, [r7, #4]
  76 0014 1B6D     		ldr	r3, [r3, #80]	@ float
  77              		.loc 1 38 8
  78 0016 1946     		mov	r1, r3
  79 0018 1046     		mov	r0, r2
  80 001a FFF7FEFF 		bl	__aeabi_fcmplt
  81              	.LVL0:
  82 001e 0346     		mov	r3, r0
  83 0020 002B     		cmp	r3, #0
  84 0022 04D0     		beq	.L3
  85              		.loc 1 38 76 discriminator 1
  86 0024 7B68     		ldr	r3, [r7, #4]
  87 0026 93F83D30 		ldrb	r3, [r3, #61]	@ zero_extendqisi2
  88              		.loc 1 38 62 discriminator 1
  89 002a 002B     		cmp	r3, #0
  90 002c 12D1     		bne	.L5
  91              	.L3:
  92              		.loc 1 38 112 discriminator 3
  93 002e 7B68     		ldr	r3, [r7, #4]
  94 0030 D3F88C30 		ldr	r3, [r3, #140]	@ float
  95              		.loc 1 38 97 discriminator 3
  96 0034 23F00042 		bic	r2, r3, #-2147483648
  97              		.loc 1 38 134 discriminator 3
  98 0038 7B68     		ldr	r3, [r7, #4]
  99 003a 1B6D     		ldr	r3, [r3, #80]	@ float
 100              		.loc 1 38 93 discriminator 3
 101 003c 1946     		mov	r1, r3
 102 003e 1046     		mov	r0, r2
 103 0040 FFF7FEFF 		bl	__aeabi_fcmplt
 104              	.LVL1:
 105 0044 0346     		mov	r3, r0
 106 0046 002B     		cmp	r3, #0
 107 0048 1AD0     		beq	.L6
 108              		.loc 1 38 163 discriminator 4
 109 004a 7B68     		ldr	r3, [r7, #4]
 110 004c 93F83D30 		ldrb	r3, [r3, #61]	@ zero_extendqisi2
 111              		.loc 1 38 149 discriminator 4
 112 0050 002B     		cmp	r3, #0
 113 0052 15D0     		beq	.L6
 114              	.L5:
  39:C:/Users/leonardo/Desktop/Code/Github/DawnBGC/Dawn/DawnBLDC\dawn_bldc.c ****     {
  40:C:/Users/leonardo/Desktop/Code/Github/DawnBGC/Dawn/DawnBLDC\dawn_bldc.c ****         
  41:C:/Users/leonardo/Desktop/Code/Github/DawnBGC/Dawn/DawnBLDC\dawn_bldc.c ****         if ((BLDCStruct->StallTime) < (BLDCStruct->StallWaitTime))
 115              		.loc 1 41 24
 116 0054 7B68     		ldr	r3, [r7, #4]
 117 0056 9B6C     		ldr	r3, [r3, #72]
 118 0058 1A46     		mov	r2, r3
 119              		.loc 1 41 50
 120 005a 7B68     		ldr	r3, [r7, #4]
 121 005c DB6C     		ldr	r3, [r3, #76]
 122              		.loc 1 41 12
 123 005e 9A42     		cmp	r2, r3
 124 0060 09D2     		bcs	.L8
  42:C:/Users/leonardo/Desktop/Code/Github/DawnBGC/Dawn/DawnBLDC\dawn_bldc.c ****         {
  43:C:/Users/leonardo/Desktop/Code/Github/DawnBGC/Dawn/DawnBLDC\dawn_bldc.c ****             BLDCStruct->StallTime++;
 125              		.loc 1 43 23
 126 0062 7B68     		ldr	r3, [r7, #4]
 127 0064 9B6C     		ldr	r3, [r3, #72]
 128              		.loc 1 43 34
 129 0066 5A1C     		adds	r2, r3, #1
 130 0068 7B68     		ldr	r3, [r7, #4]
 131 006a 9A64     		str	r2, [r3, #72]
  44:C:/Users/leonardo/Desktop/Code/Github/DawnBGC/Dawn/DawnBLDC\dawn_bldc.c ****             BLDCStruct->StallFlag = FALSE;
 132              		.loc 1 44 35
 133 006c 7B68     		ldr	r3, [r7, #4]
 134 006e 0022     		movs	r2, #0
 135 0070 83F85420 		strb	r2, [r3, #84]
  41:C:/Users/leonardo/Desktop/Code/Github/DawnBGC/Dawn/DawnBLDC\dawn_bldc.c ****         {
 136              		.loc 1 41 12
 137 0074 14E0     		b	.L10
 138              	.L8:
  45:C:/Users/leonardo/Desktop/Code/Github/DawnBGC/Dawn/DawnBLDC\dawn_bldc.c ****         }
  46:C:/Users/leonardo/Desktop/Code/Github/DawnBGC/Dawn/DawnBLDC\dawn_bldc.c ****         else
  47:C:/Users/leonardo/Desktop/Code/Github/DawnBGC/Dawn/DawnBLDC\dawn_bldc.c ****         {
  48:C:/Users/leonardo/Desktop/Code/Github/DawnBGC/Dawn/DawnBLDC\dawn_bldc.c ****             BLDCStruct->StallFlag = TRUE;
 139              		.loc 1 48 35
 140 0076 7B68     		ldr	r3, [r7, #4]
 141 0078 0122     		movs	r2, #1
 142 007a 83F85420 		strb	r2, [r3, #84]
  41:C:/Users/leonardo/Desktop/Code/Github/DawnBGC/Dawn/DawnBLDC\dawn_bldc.c ****         {
 143              		.loc 1 41 12
 144 007e 0FE0     		b	.L10
 145              	.L6:
  49:C:/Users/leonardo/Desktop/Code/Github/DawnBGC/Dawn/DawnBLDC\dawn_bldc.c ****         }
  50:C:/Users/leonardo/Desktop/Code/Github/DawnBGC/Dawn/DawnBLDC\dawn_bldc.c ****     }
  51:C:/Users/leonardo/Desktop/Code/Github/DawnBGC/Dawn/DawnBLDC\dawn_bldc.c ****     else
  52:C:/Users/leonardo/Desktop/Code/Github/DawnBGC/Dawn/DawnBLDC\dawn_bldc.c ****     {
  53:C:/Users/leonardo/Desktop/Code/Github/DawnBGC/Dawn/DawnBLDC\dawn_bldc.c ****         
  54:C:/Users/leonardo/Desktop/Code/Github/DawnBGC/Dawn/DawnBLDC\dawn_bldc.c ****         BLDCStruct->StallTime--;
 146              		.loc 1 54 19
 147 0080 7B68     		ldr	r3, [r7, #4]
 148 0082 9B6C     		ldr	r3, [r3, #72]
 149              		.loc 1 54 30
 150 0084 5A1E     		subs	r2, r3, #1
 151 0086 7B68     		ldr	r3, [r7, #4]
 152 0088 9A64     		str	r2, [r3, #72]
  55:C:/Users/leonardo/Desktop/Code/Github/DawnBGC/Dawn/DawnBLDC\dawn_bldc.c ****         if ((BLDCStruct->StallTime) < 0)
 153              		.loc 1 55 24
 154 008a 7B68     		ldr	r3, [r7, #4]
 155 008c 9B6C     		ldr	r3, [r3, #72]
 156              		.loc 1 55 12
 157 008e 002B     		cmp	r3, #0
 158 0090 02DA     		bge	.L11
  56:C:/Users/leonardo/Desktop/Code/Github/DawnBGC/Dawn/DawnBLDC\dawn_bldc.c ****         {
  57:C:/Users/leonardo/Desktop/Code/Github/DawnBGC/Dawn/DawnBLDC\dawn_bldc.c ****             BLDCStruct->StallTime = 0;
 159              		.loc 1 57 35
 160 0092 7B68     		ldr	r3, [r7, #4]
 161 0094 0022     		movs	r2, #0
 162 0096 9A64     		str	r2, [r3, #72]
 163              	.L11:
  58:C:/Users/leonardo/Desktop/Code/Github/DawnBGC/Dawn/DawnBLDC\dawn_bldc.c ****         }
  59:C:/Users/leonardo/Desktop/Code/Github/DawnBGC/Dawn/DawnBLDC\dawn_bldc.c **** 
  60:C:/Users/leonardo/Desktop/Code/Github/DawnBGC/Dawn/DawnBLDC\dawn_bldc.c ****         BLDCStruct->StallFlag = FALSE;
 164              		.loc 1 60 31
 165 0098 7B68     		ldr	r3, [r7, #4]
 166 009a 0022     		movs	r2, #0
 167 009c 83F85420 		strb	r2, [r3, #84]
 168              	.L10:
  61:C:/Users/leonardo/Desktop/Code/Github/DawnBGC/Dawn/DawnBLDC\dawn_bldc.c ****     }
  62:C:/Users/leonardo/Desktop/Code/Github/DawnBGC/Dawn/DawnBLDC\dawn_bldc.c **** 
  63:C:/Users/leonardo/Desktop/Code/Github/DawnBGC/Dawn/DawnBLDC\dawn_bldc.c ****     return BLDCStruct->StallFlag;
 169              		.loc 1 63 22
 170 00a0 7B68     		ldr	r3, [r7, #4]
 171 00a2 93F85430 		ldrb	r3, [r3, #84]	@ zero_extendqisi2
  64:C:/Users/leonardo/Desktop/Code/Github/DawnBGC/Dawn/DawnBLDC\dawn_bldc.c **** }
 172              		.loc 1 64 1
 173 00a6 1846     		mov	r0, r3
 174 00a8 0837     		adds	r7, r7, #8
 175              		.cfi_def_cfa_offset 8
 176 00aa BD46     		mov	sp, r7
 177              		.cfi_def_cfa_register 13
 178              		@ sp needed
 179 00ac 80BD     		pop	{r7, pc}
 180              		.cfi_endproc
 181              	.LFE157:
 183              		.global	__aeabi_fcmpgt
 184              		.global	__aeabi_fmul
 185              		.global	__aeabi_fsub
 186              		.section	.text.ArmQuadCcw,"ax",%progbits
 187              		.align	1
 188              		.global	ArmQuadCcw
 189              		.syntax unified
 190              		.thumb
 191              		.thumb_func
 192              		.fpu softvfp
 194              	ArmQuadCcw:
 195              	.LFB158:
  65:C:/Users/leonardo/Desktop/Code/Github/DawnBGC/Dawn/DawnBLDC\dawn_bldc.c **** 
  66:C:/Users/leonardo/Desktop/Code/Github/DawnBGC/Dawn/DawnBLDC\dawn_bldc.c **** void ArmQuadCcw(BLDCStruct *BLDCStruct)
  67:C:/Users/leonardo/Desktop/Code/Github/DawnBGC/Dawn/DawnBLDC\dawn_bldc.c **** {
 196              		.loc 1 67 1
 197              		.cfi_startproc
 198              		@ args = 0, pretend = 0, frame = 8
 199              		@ frame_needed = 1, uses_anonymous_args = 0
 200 0000 90B5     		push	{r4, r7, lr}
 201              		.cfi_def_cfa_offset 12
 202              		.cfi_offset 4, -12
 203              		.cfi_offset 7, -8
 204              		.cfi_offset 14, -4
 205 0002 83B0     		sub	sp, sp, #12
 206              		.cfi_def_cfa_offset 24
 207 0004 00AF     		add	r7, sp, #0
 208              		.cfi_def_cfa_register 7
 209 0006 7860     		str	r0, [r7, #4]
  68:C:/Users/leonardo/Desktop/Code/Github/DawnBGC/Dawn/DawnBLDC\dawn_bldc.c ****     BLDCStruct->QuadDirectStruct.Direct= 0.0f;
 210              		.loc 1 68 40
 211 0008 7B68     		ldr	r3, [r7, #4]
 212 000a 4FF00002 		mov	r2, #0
 213 000e 5A63     		str	r2, [r3, #52]	@ float
  69:C:/Users/leonardo/Desktop/Code/Github/DawnBGC/Dawn/DawnBLDC\dawn_bldc.c ****     if ((BLDCStruct->QuadDirectStruct.Quad) > (BLDCStruct->HomingCCwQuad))
 214              		.loc 1 69 38
 215 0010 7B68     		ldr	r3, [r7, #4]
 216 0012 9A6B     		ldr	r2, [r3, #56]	@ float
 217              		.loc 1 69 58
 218 0014 7B68     		ldr	r3, [r7, #4]
 219 0016 5B6C     		ldr	r3, [r3, #68]	@ float
 220              		.loc 1 69 8
 221 0018 1946     		mov	r1, r3
 222 001a 1046     		mov	r0, r2
 223 001c FFF7FEFF 		bl	__aeabi_fcmpgt
 224              	.LVL2:
 225 0020 0346     		mov	r3, r0
 226 0022 002B     		cmp	r3, #0
 227 0024 2CD0     		beq	.L23
  70:C:/Users/leonardo/Desktop/Code/Github/DawnBGC/Dawn/DawnBLDC\dawn_bldc.c ****     {
  71:C:/Users/leonardo/Desktop/Code/Github/DawnBGC/Dawn/DawnBLDC\dawn_bldc.c ****         if ((BLDCStruct->QuadDirectStruct.Quad) > (BLDCStruct->HomingCCwQuad) * (BLDCStruct->BangHo
 228              		.loc 1 71 42
 229 0026 7B68     		ldr	r3, [r7, #4]
 230 0028 9C6B     		ldr	r4, [r3, #56]	@ float
 231              		.loc 1 71 62
 232 002a 7B68     		ldr	r3, [r7, #4]
 233 002c 5A6C     		ldr	r2, [r3, #68]	@ float
 234              		.loc 1 71 92
 235 002e 7B68     		ldr	r3, [r7, #4]
 236 0030 DB6D     		ldr	r3, [r3, #92]	@ float
 237              		.loc 1 71 79
 238 0032 1946     		mov	r1, r3
 239 0034 1046     		mov	r0, r2
 240 0036 FFF7FEFF 		bl	__aeabi_fmul
 241              	.LVL3:
 242 003a 0346     		mov	r3, r0
 243              		.loc 1 71 12
 244 003c 1946     		mov	r1, r3
 245 003e 2046     		mov	r0, r4
 246 0040 FFF7FEFF 		bl	__aeabi_fcmpgt
 247              	.LVL4:
 248 0044 0346     		mov	r3, r0
 249 0046 002B     		cmp	r3, #0
 250 0048 0BD0     		beq	.L18
  72:C:/Users/leonardo/Desktop/Code/Github/DawnBGC/Dawn/DawnBLDC\dawn_bldc.c ****         {
  73:C:/Users/leonardo/Desktop/Code/Github/DawnBGC/Dawn/DawnBLDC\dawn_bldc.c ****             
  74:C:/Users/leonardo/Desktop/Code/Github/DawnBGC/Dawn/DawnBLDC\dawn_bldc.c ****             BLDCStruct->QuadDirectStruct.Quad = (BLDCStruct->HomingCCwQuad) * (BLDCStruct->BangHomi
 251              		.loc 1 74 60
 252 004a 7B68     		ldr	r3, [r7, #4]
 253 004c 5A6C     		ldr	r2, [r3, #68]	@ float
 254              		.loc 1 74 90
 255 004e 7B68     		ldr	r3, [r7, #4]
 256 0050 DB6D     		ldr	r3, [r3, #92]	@ float
 257              		.loc 1 74 77
 258 0052 1946     		mov	r1, r3
 259 0054 1046     		mov	r0, r2
 260 0056 FFF7FEFF 		bl	__aeabi_fmul
 261              	.LVL5:
 262 005a 0346     		mov	r3, r0
 263 005c 1A46     		mov	r2, r3
 264              		.loc 1 74 47
 265 005e 7B68     		ldr	r3, [r7, #4]
 266 0060 9A63     		str	r2, [r3, #56]	@ float
 267              	.L18:
  75:C:/Users/leonardo/Desktop/Code/Github/DawnBGC/Dawn/DawnBLDC\dawn_bldc.c ****         }
  76:C:/Users/leonardo/Desktop/Code/Github/DawnBGC/Dawn/DawnBLDC\dawn_bldc.c ****         BLDCStruct->HomingMaxFlag = FALSE;
 268              		.loc 1 76 35
 269 0062 7B68     		ldr	r3, [r7, #4]
 270 0064 0022     		movs	r2, #0
 271 0066 83F83D20 		strb	r2, [r3, #61]
  77:C:/Users/leonardo/Desktop/Code/Github/DawnBGC/Dawn/DawnBLDC\dawn_bldc.c ****         BLDCStruct->QuadDirectStruct.Quad -= 3;
 272              		.loc 1 77 43
 273 006a 7B68     		ldr	r3, [r7, #4]
 274 006c 9B6B     		ldr	r3, [r3, #56]	@ float
 275 006e 0A49     		ldr	r1, .L25
 276 0070 1846     		mov	r0, r3
 277 0072 FFF7FEFF 		bl	__aeabi_fsub
 278              	.LVL6:
 279 0076 0346     		mov	r3, r0
 280 0078 1A46     		mov	r2, r3
 281 007a 7B68     		ldr	r3, [r7, #4]
 282 007c 9A63     		str	r2, [r3, #56]	@ float
  78:C:/Users/leonardo/Desktop/Code/Github/DawnBGC/Dawn/DawnBLDC\dawn_bldc.c ****         ;
  79:C:/Users/leonardo/Desktop/Code/Github/DawnBGC/Dawn/DawnBLDC\dawn_bldc.c ****     }
  80:C:/Users/leonardo/Desktop/Code/Github/DawnBGC/Dawn/DawnBLDC\dawn_bldc.c ****     else
  81:C:/Users/leonardo/Desktop/Code/Github/DawnBGC/Dawn/DawnBLDC\dawn_bldc.c ****     {
  82:C:/Users/leonardo/Desktop/Code/Github/DawnBGC/Dawn/DawnBLDC\dawn_bldc.c ****         BLDCStruct->HomingMaxFlag = TRUE;
  83:C:/Users/leonardo/Desktop/Code/Github/DawnBGC/Dawn/DawnBLDC\dawn_bldc.c ****         BLDCStruct->QuadDirectStruct.Quad = BLDCStruct->HomingCCwQuad;
  84:C:/Users/leonardo/Desktop/Code/Github/DawnBGC/Dawn/DawnBLDC\dawn_bldc.c ****     }
  85:C:/Users/leonardo/Desktop/Code/Github/DawnBGC/Dawn/DawnBLDC\dawn_bldc.c **** }
 283              		.loc 1 85 1
 284 007e 07E0     		b	.L24
 285              	.L23:
  82:C:/Users/leonardo/Desktop/Code/Github/DawnBGC/Dawn/DawnBLDC\dawn_bldc.c ****         BLDCStruct->QuadDirectStruct.Quad = BLDCStruct->HomingCCwQuad;
 286              		.loc 1 82 35
 287 0080 7B68     		ldr	r3, [r7, #4]
 288 0082 0122     		movs	r2, #1
 289 0084 83F83D20 		strb	r2, [r3, #61]
  83:C:/Users/leonardo/Desktop/Code/Github/DawnBGC/Dawn/DawnBLDC\dawn_bldc.c ****     }
 290              		.loc 1 83 55
 291 0088 7B68     		ldr	r3, [r7, #4]
 292 008a 5A6C     		ldr	r2, [r3, #68]	@ float
  83:C:/Users/leonardo/Desktop/Code/Github/DawnBGC/Dawn/DawnBLDC\dawn_bldc.c ****     }
 293              		.loc 1 83 43
 294 008c 7B68     		ldr	r3, [r7, #4]
 295 008e 9A63     		str	r2, [r3, #56]	@ float
 296              	.L24:
 297              		.loc 1 85 1
 298 0090 00BF     		nop
 299 0092 0C37     		adds	r7, r7, #12
 300              		.cfi_def_cfa_offset 12
 301 0094 BD46     		mov	sp, r7
 302              		.cfi_def_cfa_register 13
 303              		@ sp needed
 304 0096 90BD     		pop	{r4, r7, pc}
 305              	.L26:
 306              		.align	2
 307              	.L25:
 308 0098 00004040 		.word	1077936128
 309              		.cfi_endproc
 310              	.LFE158:
 312              		.global	__aeabi_fadd
 313              		.section	.text.ArmQuadCw,"ax",%progbits
 314              		.align	1
 315              		.global	ArmQuadCw
 316              		.syntax unified
 317              		.thumb
 318              		.thumb_func
 319              		.fpu softvfp
 321              	ArmQuadCw:
 322              	.LFB159:
  86:C:/Users/leonardo/Desktop/Code/Github/DawnBGC/Dawn/DawnBLDC\dawn_bldc.c **** 
  87:C:/Users/leonardo/Desktop/Code/Github/DawnBGC/Dawn/DawnBLDC\dawn_bldc.c **** void ArmQuadCw(BLDCStruct *BLDCStruct)
  88:C:/Users/leonardo/Desktop/Code/Github/DawnBGC/Dawn/DawnBLDC\dawn_bldc.c **** {
 323              		.loc 1 88 1
 324              		.cfi_startproc
 325              		@ args = 0, pretend = 0, frame = 8
 326              		@ frame_needed = 1, uses_anonymous_args = 0
 327 0000 90B5     		push	{r4, r7, lr}
 328              		.cfi_def_cfa_offset 12
 329              		.cfi_offset 4, -12
 330              		.cfi_offset 7, -8
 331              		.cfi_offset 14, -4
 332 0002 83B0     		sub	sp, sp, #12
 333              		.cfi_def_cfa_offset 24
 334 0004 00AF     		add	r7, sp, #0
 335              		.cfi_def_cfa_register 7
 336 0006 7860     		str	r0, [r7, #4]
  89:C:/Users/leonardo/Desktop/Code/Github/DawnBGC/Dawn/DawnBLDC\dawn_bldc.c ****     BLDCStruct->QuadDirectStruct.Direct= 0.0f;
 337              		.loc 1 89 40
 338 0008 7B68     		ldr	r3, [r7, #4]
 339 000a 4FF00002 		mov	r2, #0
 340 000e 5A63     		str	r2, [r3, #52]	@ float
  90:C:/Users/leonardo/Desktop/Code/Github/DawnBGC/Dawn/DawnBLDC\dawn_bldc.c ****     if ((BLDCStruct->QuadDirectStruct.Quad) < (BLDCStruct->HomingCwQuad))
 341              		.loc 1 90 38
 342 0010 7B68     		ldr	r3, [r7, #4]
 343 0012 9A6B     		ldr	r2, [r3, #56]	@ float
 344              		.loc 1 90 58
 345 0014 7B68     		ldr	r3, [r7, #4]
 346 0016 1B6C     		ldr	r3, [r3, #64]	@ float
 347              		.loc 1 90 8
 348 0018 1946     		mov	r1, r3
 349 001a 1046     		mov	r0, r2
 350 001c FFF7FEFF 		bl	__aeabi_fcmplt
 351              	.LVL7:
 352 0020 0346     		mov	r3, r0
 353 0022 002B     		cmp	r3, #0
 354 0024 2CD0     		beq	.L35
  91:C:/Users/leonardo/Desktop/Code/Github/DawnBGC/Dawn/DawnBLDC\dawn_bldc.c ****     {
  92:C:/Users/leonardo/Desktop/Code/Github/DawnBGC/Dawn/DawnBLDC\dawn_bldc.c ****         if ((BLDCStruct->QuadDirectStruct.Quad) < (BLDCStruct->HomingCwQuad) * (BLDCStruct->BangHom
 355              		.loc 1 92 42
 356 0026 7B68     		ldr	r3, [r7, #4]
 357 0028 9C6B     		ldr	r4, [r3, #56]	@ float
 358              		.loc 1 92 62
 359 002a 7B68     		ldr	r3, [r7, #4]
 360 002c 1A6C     		ldr	r2, [r3, #64]	@ float
 361              		.loc 1 92 91
 362 002e 7B68     		ldr	r3, [r7, #4]
 363 0030 DB6D     		ldr	r3, [r3, #92]	@ float
 364              		.loc 1 92 78
 365 0032 1946     		mov	r1, r3
 366 0034 1046     		mov	r0, r2
 367 0036 FFF7FEFF 		bl	__aeabi_fmul
 368              	.LVL8:
 369 003a 0346     		mov	r3, r0
 370              		.loc 1 92 12
 371 003c 1946     		mov	r1, r3
 372 003e 2046     		mov	r0, r4
 373 0040 FFF7FEFF 		bl	__aeabi_fcmplt
 374              	.LVL9:
 375 0044 0346     		mov	r3, r0
 376 0046 002B     		cmp	r3, #0
 377 0048 0BD0     		beq	.L30
  93:C:/Users/leonardo/Desktop/Code/Github/DawnBGC/Dawn/DawnBLDC\dawn_bldc.c ****         {
  94:C:/Users/leonardo/Desktop/Code/Github/DawnBGC/Dawn/DawnBLDC\dawn_bldc.c ****             
  95:C:/Users/leonardo/Desktop/Code/Github/DawnBGC/Dawn/DawnBLDC\dawn_bldc.c ****             BLDCStruct->QuadDirectStruct.Quad = (BLDCStruct->HomingCwQuad) * (BLDCStruct->BangHomin
 378              		.loc 1 95 60
 379 004a 7B68     		ldr	r3, [r7, #4]
 380 004c 1A6C     		ldr	r2, [r3, #64]	@ float
 381              		.loc 1 95 89
 382 004e 7B68     		ldr	r3, [r7, #4]
 383 0050 DB6D     		ldr	r3, [r3, #92]	@ float
 384              		.loc 1 95 76
 385 0052 1946     		mov	r1, r3
 386 0054 1046     		mov	r0, r2
 387 0056 FFF7FEFF 		bl	__aeabi_fmul
 388              	.LVL10:
 389 005a 0346     		mov	r3, r0
 390 005c 1A46     		mov	r2, r3
 391              		.loc 1 95 47
 392 005e 7B68     		ldr	r3, [r7, #4]
 393 0060 9A63     		str	r2, [r3, #56]	@ float
 394              	.L30:
  96:C:/Users/leonardo/Desktop/Code/Github/DawnBGC/Dawn/DawnBLDC\dawn_bldc.c ****         }
  97:C:/Users/leonardo/Desktop/Code/Github/DawnBGC/Dawn/DawnBLDC\dawn_bldc.c ****         BLDCStruct->HomingMaxFlag = FALSE;
 395              		.loc 1 97 35
 396 0062 7B68     		ldr	r3, [r7, #4]
 397 0064 0022     		movs	r2, #0
 398 0066 83F83D20 		strb	r2, [r3, #61]
  98:C:/Users/leonardo/Desktop/Code/Github/DawnBGC/Dawn/DawnBLDC\dawn_bldc.c **** 
  99:C:/Users/leonardo/Desktop/Code/Github/DawnBGC/Dawn/DawnBLDC\dawn_bldc.c ****         BLDCStruct->QuadDirectStruct.Quad += 3;
 399              		.loc 1 99 43
 400 006a 7B68     		ldr	r3, [r7, #4]
 401 006c 9B6B     		ldr	r3, [r3, #56]	@ float
 402 006e 0A49     		ldr	r1, .L37
 403 0070 1846     		mov	r0, r3
 404 0072 FFF7FEFF 		bl	__aeabi_fadd
 405              	.LVL11:
 406 0076 0346     		mov	r3, r0
 407 0078 1A46     		mov	r2, r3
 408 007a 7B68     		ldr	r3, [r7, #4]
 409 007c 9A63     		str	r2, [r3, #56]	@ float
 100:C:/Users/leonardo/Desktop/Code/Github/DawnBGC/Dawn/DawnBLDC\dawn_bldc.c ****         ;
 101:C:/Users/leonardo/Desktop/Code/Github/DawnBGC/Dawn/DawnBLDC\dawn_bldc.c ****     }
 102:C:/Users/leonardo/Desktop/Code/Github/DawnBGC/Dawn/DawnBLDC\dawn_bldc.c ****     else
 103:C:/Users/leonardo/Desktop/Code/Github/DawnBGC/Dawn/DawnBLDC\dawn_bldc.c ****     {
 104:C:/Users/leonardo/Desktop/Code/Github/DawnBGC/Dawn/DawnBLDC\dawn_bldc.c ****         BLDCStruct->HomingMaxFlag = TRUE;
 105:C:/Users/leonardo/Desktop/Code/Github/DawnBGC/Dawn/DawnBLDC\dawn_bldc.c ****         BLDCStruct->QuadDirectStruct.Quad = BLDCStruct->HomingCwQuad;
 106:C:/Users/leonardo/Desktop/Code/Github/DawnBGC/Dawn/DawnBLDC\dawn_bldc.c ****     }
 107:C:/Users/leonardo/Desktop/Code/Github/DawnBGC/Dawn/DawnBLDC\dawn_bldc.c **** }
 410              		.loc 1 107 1
 411 007e 07E0     		b	.L36
 412              	.L35:
 104:C:/Users/leonardo/Desktop/Code/Github/DawnBGC/Dawn/DawnBLDC\dawn_bldc.c ****         BLDCStruct->QuadDirectStruct.Quad = BLDCStruct->HomingCwQuad;
 413              		.loc 1 104 35
 414 0080 7B68     		ldr	r3, [r7, #4]
 415 0082 0122     		movs	r2, #1
 416 0084 83F83D20 		strb	r2, [r3, #61]
 105:C:/Users/leonardo/Desktop/Code/Github/DawnBGC/Dawn/DawnBLDC\dawn_bldc.c ****     }
 417              		.loc 1 105 55
 418 0088 7B68     		ldr	r3, [r7, #4]
 419 008a 1A6C     		ldr	r2, [r3, #64]	@ float
 105:C:/Users/leonardo/Desktop/Code/Github/DawnBGC/Dawn/DawnBLDC\dawn_bldc.c ****     }
 420              		.loc 1 105 43
 421 008c 7B68     		ldr	r3, [r7, #4]
 422 008e 9A63     		str	r2, [r3, #56]	@ float
 423              	.L36:
 424              		.loc 1 107 1
 425 0090 00BF     		nop
 426 0092 0C37     		adds	r7, r7, #12
 427              		.cfi_def_cfa_offset 12
 428 0094 BD46     		mov	sp, r7
 429              		.cfi_def_cfa_register 13
 430              		@ sp needed
 431 0096 90BD     		pop	{r4, r7, pc}
 432              	.L38:
 433              		.align	2
 434              	.L37:
 435 0098 00004040 		.word	1077936128
 436              		.cfi_endproc
 437              	.LFE159:
 439              		.global	__aeabi_i2f
 440              		.global	__aeabi_fdiv
 441              		.section	.text.CleanBLDCAngle,"ax",%progbits
 442              		.align	1
 443              		.global	CleanBLDCAngle
 444              		.syntax unified
 445              		.thumb
 446              		.thumb_func
 447              		.fpu softvfp
 449              	CleanBLDCAngle:
 450              	.LFB160:
 108:C:/Users/leonardo/Desktop/Code/Github/DawnBGC/Dawn/DawnBLDC\dawn_bldc.c **** void CleanBLDCAngle(BLDCStruct *BLDCStruct)
 109:C:/Users/leonardo/Desktop/Code/Github/DawnBGC/Dawn/DawnBLDC\dawn_bldc.c **** {
 451              		.loc 1 109 1
 452              		.cfi_startproc
 453              		@ args = 0, pretend = 0, frame = 8
 454              		@ frame_needed = 1, uses_anonymous_args = 0
 455 0000 90B5     		push	{r4, r7, lr}
 456              		.cfi_def_cfa_offset 12
 457              		.cfi_offset 4, -12
 458              		.cfi_offset 7, -8
 459              		.cfi_offset 14, -4
 460 0002 83B0     		sub	sp, sp, #12
 461              		.cfi_def_cfa_offset 24
 462 0004 00AF     		add	r7, sp, #0
 463              		.cfi_def_cfa_register 7
 464 0006 7860     		str	r0, [r7, #4]
 110:C:/Users/leonardo/Desktop/Code/Github/DawnBGC/Dawn/DawnBLDC\dawn_bldc.c ****     BLDCStruct->CalcAnglesRadRes = fmodf((BLDCStruct->CalcAnglesRadRes), 2.0f * PI);
 465              		.loc 1 110 36
 466 0008 7B68     		ldr	r3, [r7, #4]
 467 000a D3F8A430 		ldr	r3, [r3, #164]	@ float
 468 000e 2649     		ldr	r1, .L43
 469 0010 1846     		mov	r0, r3
 470 0012 FFF7FEFF 		bl	fmodf
 471 0016 0246     		mov	r2, r0
 472              		.loc 1 110 34
 473 0018 7B68     		ldr	r3, [r7, #4]
 474 001a C3F8A420 		str	r2, [r3, #164]	@ float
 111:C:/Users/leonardo/Desktop/Code/Github/DawnBGC/Dawn/DawnBLDC\dawn_bldc.c ****     if ((BLDCStruct->CalcAnglesRadRes) < 0.0f)
 475              		.loc 1 111 20
 476 001e 7B68     		ldr	r3, [r7, #4]
 477 0020 D3F8A430 		ldr	r3, [r3, #164]	@ float
 478              		.loc 1 111 8
 479 0024 4FF00001 		mov	r1, #0
 480 0028 1846     		mov	r0, r3
 481 002a FFF7FEFF 		bl	__aeabi_fcmplt
 482              	.LVL12:
 483 002e 0346     		mov	r3, r0
 484 0030 002B     		cmp	r3, #0
 485 0032 0BD0     		beq	.L40
 112:C:/Users/leonardo/Desktop/Code/Github/DawnBGC/Dawn/DawnBLDC\dawn_bldc.c ****     {
 113:C:/Users/leonardo/Desktop/Code/Github/DawnBGC/Dawn/DawnBLDC\dawn_bldc.c ****         BLDCStruct->CalcAnglesRadRes += 2.0f * PI;
 486              		.loc 1 113 38
 487 0034 7B68     		ldr	r3, [r7, #4]
 488 0036 D3F8A430 		ldr	r3, [r3, #164]	@ float
 489 003a 1B49     		ldr	r1, .L43
 490 003c 1846     		mov	r0, r3
 491 003e FFF7FEFF 		bl	__aeabi_fadd
 492              	.LVL13:
 493 0042 0346     		mov	r3, r0
 494 0044 1A46     		mov	r2, r3
 495 0046 7B68     		ldr	r3, [r7, #4]
 496 0048 C3F8A420 		str	r2, [r3, #164]	@ float
 497              	.L40:
 114:C:/Users/leonardo/Desktop/Code/Github/DawnBGC/Dawn/DawnBLDC\dawn_bldc.c ****     }
 115:C:/Users/leonardo/Desktop/Code/Github/DawnBGC/Dawn/DawnBLDC\dawn_bldc.c ****     BLDCStruct->HomingCcwRad = (BLDCStruct->CalcAnglesRadRes) / (BLDCStruct->PoleDouble);
 498              		.loc 1 115 43
 499 004c 7B68     		ldr	r3, [r7, #4]
 500 004e D3F8A440 		ldr	r4, [r3, #164]	@ float
 501              		.loc 1 115 76
 502 0052 7B68     		ldr	r3, [r7, #4]
 503 0054 5B78     		ldrb	r3, [r3, #1]	@ zero_extendqisi2
 504              		.loc 1 115 63
 505 0056 1846     		mov	r0, r3
 506 0058 FFF7FEFF 		bl	__aeabi_i2f
 507              	.LVL14:
 508 005c 0346     		mov	r3, r0
 509 005e 1946     		mov	r1, r3
 510 0060 2046     		mov	r0, r4
 511 0062 FFF7FEFF 		bl	__aeabi_fdiv
 512              	.LVL15:
 513 0066 0346     		mov	r3, r0
 514 0068 1A46     		mov	r2, r3
 515              		.loc 1 115 30
 516 006a 7B68     		ldr	r3, [r7, #4]
 517 006c 5A67     		str	r2, [r3, #116]	@ float
 116:C:/Users/leonardo/Desktop/Code/Github/DawnBGC/Dawn/DawnBLDC\dawn_bldc.c ****     
 117:C:/Users/leonardo/Desktop/Code/Github/DawnBGC/Dawn/DawnBLDC\dawn_bldc.c ****     BLDCStruct->ArmCCwERad = fmodf((BLDCStruct->CalcAnglesRadRes), 2.0f * PI);
 518              		.loc 1 117 30
 519 006e 7B68     		ldr	r3, [r7, #4]
 520 0070 D3F8A430 		ldr	r3, [r3, #164]	@ float
 521 0074 0C49     		ldr	r1, .L43
 522 0076 1846     		mov	r0, r3
 523 0078 FFF7FEFF 		bl	fmodf
 524 007c 0246     		mov	r2, r0
 525              		.loc 1 117 28
 526 007e 7B68     		ldr	r3, [r7, #4]
 527 0080 DA66     		str	r2, [r3, #108]	@ float
 118:C:/Users/leonardo/Desktop/Code/Github/DawnBGC/Dawn/DawnBLDC\dawn_bldc.c **** 
 119:C:/Users/leonardo/Desktop/Code/Github/DawnBGC/Dawn/DawnBLDC\dawn_bldc.c ****     BLDCStruct->BangCCwFlag = TRUE;
 528              		.loc 1 119 29
 529 0082 7B68     		ldr	r3, [r7, #4]
 530 0084 0122     		movs	r2, #1
 531 0086 83F85620 		strb	r2, [r3, #86]
 120:C:/Users/leonardo/Desktop/Code/Github/DawnBGC/Dawn/DawnBLDC\dawn_bldc.c ****     BLDCStruct->QuadDirectStruct.Quad = (BLDCStruct->HomingCwQuad) * 0.5f;
 532              		.loc 1 120 52
 533 008a 7B68     		ldr	r3, [r7, #4]
 534 008c 1B6C     		ldr	r3, [r3, #64]	@ float
 535              		.loc 1 120 68
 536 008e 4FF07C51 		mov	r1, #1056964608
 537 0092 1846     		mov	r0, r3
 538 0094 FFF7FEFF 		bl	__aeabi_fmul
 539              	.LVL16:
 540 0098 0346     		mov	r3, r0
 541 009a 1A46     		mov	r2, r3
 542              		.loc 1 120 39
 543 009c 7B68     		ldr	r3, [r7, #4]
 544 009e 9A63     		str	r2, [r3, #56]	@ float
 121:C:/Users/leonardo/Desktop/Code/Github/DawnBGC/Dawn/DawnBLDC\dawn_bldc.c **** }
 545              		.loc 1 121 1
 546 00a0 00BF     		nop
 547 00a2 0C37     		adds	r7, r7, #12
 548              		.cfi_def_cfa_offset 12
 549 00a4 BD46     		mov	sp, r7
 550              		.cfi_def_cfa_register 13
 551              		@ sp needed
 552 00a6 90BD     		pop	{r4, r7, pc}
 553              	.L44:
 554              		.align	2
 555              	.L43:
 556 00a8 DB0FC940 		.word	1086918619
 557              		.cfi_endproc
 558              	.LFE160:
 560              		.global	__aeabi_f2d
 561              		.global	__aeabi_dmul
 562              		.global	__aeabi_ddiv
 563              		.global	__aeabi_dadd
 564              		.global	__aeabi_d2f
 565              		.section	.text.BLDCAngleCal,"ax",%progbits
 566              		.align	1
 567              		.global	BLDCAngleCal
 568              		.syntax unified
 569              		.thumb
 570              		.thumb_func
 571              		.fpu softvfp
 573              	BLDCAngleCal:
 574              	.LFB161:
 122:C:/Users/leonardo/Desktop/Code/Github/DawnBGC/Dawn/DawnBLDC\dawn_bldc.c **** void BLDCAngleCal(BLDCStruct *BLDCStruct)
 123:C:/Users/leonardo/Desktop/Code/Github/DawnBGC/Dawn/DawnBLDC\dawn_bldc.c **** {
 575              		.loc 1 123 1
 576              		.cfi_startproc
 577              		@ args = 0, pretend = 0, frame = 8
 578              		@ frame_needed = 1, uses_anonymous_args = 0
 579 0000 2DE9B043 		push	{r4, r5, r7, r8, r9, lr}
 580              		.cfi_def_cfa_offset 24
 581              		.cfi_offset 4, -24
 582              		.cfi_offset 5, -20
 583              		.cfi_offset 7, -16
 584              		.cfi_offset 8, -12
 585              		.cfi_offset 9, -8
 586              		.cfi_offset 14, -4
 587 0004 82B0     		sub	sp, sp, #8
 588              		.cfi_def_cfa_offset 32
 589 0006 00AF     		add	r7, sp, #0
 590              		.cfi_def_cfa_register 7
 591 0008 7860     		str	r0, [r7, #4]
 124:C:/Users/leonardo/Desktop/Code/Github/DawnBGC/Dawn/DawnBLDC\dawn_bldc.c ****     
 125:C:/Users/leonardo/Desktop/Code/Github/DawnBGC/Dawn/DawnBLDC\dawn_bldc.c ****     BLDCStruct->HomingCwRad = (BLDCStruct->CalcAnglesRadRes) / (BLDCStruct->PoleDouble);
 592              		.loc 1 125 42
 593 000a 7B68     		ldr	r3, [r7, #4]
 594 000c D3F8A440 		ldr	r4, [r3, #164]	@ float
 595              		.loc 1 125 75
 596 0010 7B68     		ldr	r3, [r7, #4]
 597 0012 5B78     		ldrb	r3, [r3, #1]	@ zero_extendqisi2
 598              		.loc 1 125 62
 599 0014 1846     		mov	r0, r3
 600 0016 FFF7FEFF 		bl	__aeabi_i2f
 601              	.LVL17:
 602 001a 0346     		mov	r3, r0
 603 001c 1946     		mov	r1, r3
 604 001e 2046     		mov	r0, r4
 605 0020 FFF7FEFF 		bl	__aeabi_fdiv
 606              	.LVL18:
 607 0024 0346     		mov	r3, r0
 608 0026 1A46     		mov	r2, r3
 609              		.loc 1 125 29
 610 0028 7B68     		ldr	r3, [r7, #4]
 611 002a 1A67     		str	r2, [r3, #112]	@ float
 126:C:/Users/leonardo/Desktop/Code/Github/DawnBGC/Dawn/DawnBLDC\dawn_bldc.c ****     
 127:C:/Users/leonardo/Desktop/Code/Github/DawnBGC/Dawn/DawnBLDC\dawn_bldc.c ****     BLDCStruct->ArmCwERad = fmodf((BLDCStruct->CalcAnglesRadRes), 2.0f * PI);
 612              		.loc 1 127 29
 613 002c 7B68     		ldr	r3, [r7, #4]
 614 002e D3F8A430 		ldr	r3, [r3, #164]	@ float
 615 0032 3449     		ldr	r1, .L46
 616 0034 1846     		mov	r0, r3
 617 0036 FFF7FEFF 		bl	fmodf
 618 003a 0246     		mov	r2, r0
 619              		.loc 1 127 27
 620 003c 7B68     		ldr	r3, [r7, #4]
 621 003e 9A66     		str	r2, [r3, #104]	@ float
 128:C:/Users/leonardo/Desktop/Code/Github/DawnBGC/Dawn/DawnBLDC\dawn_bldc.c **** 
 129:C:/Users/leonardo/Desktop/Code/Github/DawnBGC/Dawn/DawnBLDC\dawn_bldc.c ****     
 130:C:/Users/leonardo/Desktop/Code/Github/DawnBGC/Dawn/DawnBLDC\dawn_bldc.c ****     BLDCStruct->BLDCRacOffsetCoe = (BLDCStruct->HomingCcwRad) + ((BLDCStruct->HomingCwRad) - (BLDCS
 622              		.loc 1 130 47
 623 0040 7B68     		ldr	r3, [r7, #4]
 624 0042 5B6F     		ldr	r3, [r3, #116]	@ float
 625 0044 1846     		mov	r0, r3
 626 0046 FFF7FEFF 		bl	__aeabi_f2d
 627              	.LVL19:
 628 004a 0446     		mov	r4, r0
 629 004c 0D46     		mov	r5, r1
 630              		.loc 1 130 77
 631 004e 7B68     		ldr	r3, [r7, #4]
 632 0050 1A6F     		ldr	r2, [r3, #112]	@ float
 633              		.loc 1 130 105
 634 0052 7B68     		ldr	r3, [r7, #4]
 635 0054 5B6F     		ldr	r3, [r3, #116]	@ float
 636              		.loc 1 130 92
 637 0056 1946     		mov	r1, r3
 638 0058 1046     		mov	r0, r2
 639 005a FFF7FEFF 		bl	__aeabi_fsub
 640              	.LVL20:
 641 005e 0346     		mov	r3, r0
 642 0060 1846     		mov	r0, r3
 643 0062 FFF7FEFF 		bl	__aeabi_f2d
 644              	.LVL21:
 645 0066 8046     		mov	r8, r0
 646 0068 8946     		mov	r9, r1
 647              		.loc 1 130 139
 648 006a 7B68     		ldr	r3, [r7, #4]
 649 006c 5B6E     		ldr	r3, [r3, #100]	@ float
 650              		.loc 1 130 124
 651 006e 23F00043 		bic	r3, r3, #-2147483648
 652 0072 1846     		mov	r0, r3
 653 0074 FFF7FEFF 		bl	__aeabi_f2d
 654              	.LVL22:
 655 0078 0246     		mov	r2, r0
 656 007a 0B46     		mov	r3, r1
 657              		.loc 1 130 122
 658 007c 4046     		mov	r0, r8
 659 007e 4946     		mov	r1, r9
 660 0080 FFF7FEFF 		bl	__aeabi_dmul
 661              	.LVL23:
 662 0084 0246     		mov	r2, r0
 663 0086 0B46     		mov	r3, r1
 664 0088 9046     		mov	r8, r2
 665 008a 9946     		mov	r9, r3
 666              		.loc 1 130 166
 667 008c 7B68     		ldr	r3, [r7, #4]
 668 008e 1A6E     		ldr	r2, [r3, #96]	@ float
 669              		.loc 1 130 191
 670 0090 7B68     		ldr	r3, [r7, #4]
 671 0092 5B6E     		ldr	r3, [r3, #100]	@ float
 672              		.loc 1 130 178
 673 0094 1946     		mov	r1, r3
 674 0096 1046     		mov	r0, r2
 675 0098 FFF7FEFF 		bl	__aeabi_fsub
 676              	.LVL24:
 677 009c 0346     		mov	r3, r0
 678 009e 1846     		mov	r0, r3
 679 00a0 FFF7FEFF 		bl	__aeabi_f2d
 680              	.LVL25:
 681 00a4 0246     		mov	r2, r0
 682 00a6 0B46     		mov	r3, r1
 683              		.loc 1 130 152
 684 00a8 4046     		mov	r0, r8
 685 00aa 4946     		mov	r1, r9
 686 00ac FFF7FEFF 		bl	__aeabi_ddiv
 687              	.LVL26:
 688 00b0 0246     		mov	r2, r0
 689 00b2 0B46     		mov	r3, r1
 690              		.loc 1 130 63
 691 00b4 2046     		mov	r0, r4
 692 00b6 2946     		mov	r1, r5
 693 00b8 FFF7FEFF 		bl	__aeabi_dadd
 694              	.LVL27:
 695 00bc 0246     		mov	r2, r0
 696 00be 0B46     		mov	r3, r1
 697 00c0 1046     		mov	r0, r2
 698 00c2 1946     		mov	r1, r3
 699 00c4 FFF7FEFF 		bl	__aeabi_d2f
 700              	.LVL28:
 701 00c8 0246     		mov	r2, r0
 702              		.loc 1 130 34
 703 00ca 7B68     		ldr	r3, [r7, #4]
 704 00cc C3F88820 		str	r2, [r3, #136]	@ float
 131:C:/Users/leonardo/Desktop/Code/Github/DawnBGC/Dawn/DawnBLDC\dawn_bldc.c ****     BLDCStruct->BLDCRacOffset = BLDCStruct->BLDCRacOffsetCoe;
 705              		.loc 1 131 43
 706 00d0 7B68     		ldr	r3, [r7, #4]
 707 00d2 D3F88820 		ldr	r2, [r3, #136]	@ float
 708              		.loc 1 131 31
 709 00d6 7B68     		ldr	r3, [r7, #4]
 710 00d8 C3F88420 		str	r2, [r3, #132]	@ float
 132:C:/Users/leonardo/Desktop/Code/Github/DawnBGC/Dawn/DawnBLDC\dawn_bldc.c ****     BLDCStruct->QuadDirectStruct.Quad = 0.0f;
 711              		.loc 1 132 39
 712 00dc 7B68     		ldr	r3, [r7, #4]
 713 00de 4FF00002 		mov	r2, #0
 714 00e2 9A63     		str	r2, [r3, #56]	@ float
 133:C:/Users/leonardo/Desktop/Code/Github/DawnBGC/Dawn/DawnBLDC\dawn_bldc.c ****     BLDCStruct->StateCheck = 1;
 715              		.loc 1 133 28
 716 00e4 7B68     		ldr	r3, [r7, #4]
 717 00e6 0122     		movs	r2, #1
 718 00e8 1A76     		strb	r2, [r3, #24]
 134:C:/Users/leonardo/Desktop/Code/Github/DawnBGC/Dawn/DawnBLDC\dawn_bldc.c **** 
 135:C:/Users/leonardo/Desktop/Code/Github/DawnBGC/Dawn/DawnBLDC\dawn_bldc.c ****     BLDCStruct->BangCCwFlag = FALSE;
 719              		.loc 1 135 29
 720 00ea 7B68     		ldr	r3, [r7, #4]
 721 00ec 0022     		movs	r2, #0
 722 00ee 83F85620 		strb	r2, [r3, #86]
 136:C:/Users/leonardo/Desktop/Code/Github/DawnBGC/Dawn/DawnBLDC\dawn_bldc.c ****     BLDCStruct->BangCwFlag = FALSE;
 723              		.loc 1 136 28
 724 00f2 7B68     		ldr	r3, [r7, #4]
 725 00f4 0022     		movs	r2, #0
 726 00f6 83F85520 		strb	r2, [r3, #85]
 137:C:/Users/leonardo/Desktop/Code/Github/DawnBGC/Dawn/DawnBLDC\dawn_bldc.c **** }
 727              		.loc 1 137 1
 728 00fa 00BF     		nop
 729 00fc 0837     		adds	r7, r7, #8
 730              		.cfi_def_cfa_offset 24
 731 00fe BD46     		mov	sp, r7
 732              		.cfi_def_cfa_register 13
 733              		@ sp needed
 734 0100 BDE8B083 		pop	{r4, r5, r7, r8, r9, pc}
 735              	.L47:
 736              		.align	2
 737              	.L46:
 738 0104 DB0FC940 		.word	1086918619
 739              		.cfi_endproc
 740              	.LFE161:
 742              		.section	.text.BLDCCali,"ax",%progbits
 743              		.align	1
 744              		.global	BLDCCali
 745              		.syntax unified
 746              		.thumb
 747              		.thumb_func
 748              		.fpu softvfp
 750              	BLDCCali:
 751              	.LFB162:
 138:C:/Users/leonardo/Desktop/Code/Github/DawnBGC/Dawn/DawnBLDC\dawn_bldc.c **** 
 139:C:/Users/leonardo/Desktop/Code/Github/DawnBGC/Dawn/DawnBLDC\dawn_bldc.c **** void BLDCCali(BLDCStruct *BLDCStruct)
 140:C:/Users/leonardo/Desktop/Code/Github/DawnBGC/Dawn/DawnBLDC\dawn_bldc.c **** {
 752              		.loc 1 140 1
 753              		.cfi_startproc
 754              		@ args = 0, pretend = 0, frame = 16
 755              		@ frame_needed = 1, uses_anonymous_args = 0
 756 0000 90B5     		push	{r4, r7, lr}
 757              		.cfi_def_cfa_offset 12
 758              		.cfi_offset 4, -12
 759              		.cfi_offset 7, -8
 760              		.cfi_offset 14, -4
 761 0002 85B0     		sub	sp, sp, #20
 762              		.cfi_def_cfa_offset 32
 763 0004 00AF     		add	r7, sp, #0
 764              		.cfi_def_cfa_register 7
 765 0006 F860     		str	r0, [r7, #12]
 141:C:/Users/leonardo/Desktop/Code/Github/DawnBGC/Dawn/DawnBLDC\dawn_bldc.c ****     static uint8_t StannTimes = 0;
 142:C:/Users/leonardo/Desktop/Code/Github/DawnBGC/Dawn/DawnBLDC\dawn_bldc.c ****     HallDataRead(BLDCStruct);
 766              		.loc 1 142 5
 767 0008 F868     		ldr	r0, [r7, #12]
 768 000a FFF7FEFF 		bl	HallDataRead
 143:C:/Users/leonardo/Desktop/Code/Github/DawnBGC/Dawn/DawnBLDC\dawn_bldc.c ****     BLDCStruct->ParkStruct = BLDCClarke(BLDCStruct->HallStruct);
 769              		.loc 1 143 30
 770 000e FC68     		ldr	r4, [r7, #12]
 771 0010 3846     		mov	r0, r7
 772 0012 FB68     		ldr	r3, [r7, #12]
 773 0014 1C33     		adds	r3, r3, #28
 774 0016 93E80600 		ldm	r3, {r1, r2}
 775 001a FFF7FEFF 		bl	BLDCClarke
 776 001e 04F12403 		add	r3, r4, #36
 777 0022 3A46     		mov	r2, r7
 778 0024 92E80300 		ldm	r2, {r0, r1}
 779 0028 83E80300 		stm	r3, {r0, r1}
 144:C:/Users/leonardo/Desktop/Code/Github/DawnBGC/Dawn/DawnBLDC\dawn_bldc.c ****     BLDCEAngle(BLDCStruct);
 780              		.loc 1 144 5
 781 002c F868     		ldr	r0, [r7, #12]
 782 002e FFF7FEFF 		bl	BLDCEAngle
 145:C:/Users/leonardo/Desktop/Code/Github/DawnBGC/Dawn/DawnBLDC\dawn_bldc.c **** 
 146:C:/Users/leonardo/Desktop/Code/Github/DawnBGC/Dawn/DawnBLDC\dawn_bldc.c ****     if (!BLDCStruct->StateCheck)
 783              		.loc 1 146 20
 784 0032 FB68     		ldr	r3, [r7, #12]
 785 0034 1B7E     		ldrb	r3, [r3, #24]	@ zero_extendqisi2
 786              		.loc 1 146 8
 787 0036 002B     		cmp	r3, #0
 788 0038 4CD1     		bne	.L49
 147:C:/Users/leonardo/Desktop/Code/Github/DawnBGC/Dawn/DawnBLDC\dawn_bldc.c ****     {
 148:C:/Users/leonardo/Desktop/Code/Github/DawnBGC/Dawn/DawnBLDC\dawn_bldc.c ****     
 149:C:/Users/leonardo/Desktop/Code/Github/DawnBGC/Dawn/DawnBLDC\dawn_bldc.c **** 
 150:C:/Users/leonardo/Desktop/Code/Github/DawnBGC/Dawn/DawnBLDC\dawn_bldc.c ****         
 151:C:/Users/leonardo/Desktop/Code/Github/DawnBGC/Dawn/DawnBLDC\dawn_bldc.c ****         if (BLDCStruct->BangCCwFlag == FALSE)
 789              		.loc 1 151 23
 790 003a FB68     		ldr	r3, [r7, #12]
 791 003c 93F85630 		ldrb	r3, [r3, #86]	@ zero_extendqisi2
 792              		.loc 1 151 12
 793 0040 002B     		cmp	r3, #0
 794 0042 22D1     		bne	.L50
 152:C:/Users/leonardo/Desktop/Code/Github/DawnBGC/Dawn/DawnBLDC\dawn_bldc.c ****         {
 153:C:/Users/leonardo/Desktop/Code/Github/DawnBGC/Dawn/DawnBLDC\dawn_bldc.c ****             
 154:C:/Users/leonardo/Desktop/Code/Github/DawnBGC/Dawn/DawnBLDC\dawn_bldc.c ****             ArmQuadCcw(BLDCStruct);
 795              		.loc 1 154 13
 796 0044 F868     		ldr	r0, [r7, #12]
 797 0046 FFF7FEFF 		bl	ArmQuadCcw
 155:C:/Users/leonardo/Desktop/Code/Github/DawnBGC/Dawn/DawnBLDC\dawn_bldc.c **** 
 156:C:/Users/leonardo/Desktop/Code/Github/DawnBGC/Dawn/DawnBLDC\dawn_bldc.c ****             if (BLDCStallState(BLDCStruct))
 798              		.loc 1 156 17
 799 004a F868     		ldr	r0, [r7, #12]
 800 004c FFF7FEFF 		bl	BLDCStallState
 801 0050 0346     		mov	r3, r0
 802              		.loc 1 156 16
 803 0052 002B     		cmp	r3, #0
 804 0054 2CD0     		beq	.L51
 157:C:/Users/leonardo/Desktop/Code/Github/DawnBGC/Dawn/DawnBLDC\dawn_bldc.c ****             {
 158:C:/Users/leonardo/Desktop/Code/Github/DawnBGC/Dawn/DawnBLDC\dawn_bldc.c ****                 
 159:C:/Users/leonardo/Desktop/Code/Github/DawnBGC/Dawn/DawnBLDC\dawn_bldc.c ****                 BLDCStruct->StallTime = 0;
 805              		.loc 1 159 39
 806 0056 FB68     		ldr	r3, [r7, #12]
 807 0058 0022     		movs	r2, #0
 808 005a 9A64     		str	r2, [r3, #72]
 160:C:/Users/leonardo/Desktop/Code/Github/DawnBGC/Dawn/DawnBLDC\dawn_bldc.c ****                 
 161:C:/Users/leonardo/Desktop/Code/Github/DawnBGC/Dawn/DawnBLDC\dawn_bldc.c ****                 
 162:C:/Users/leonardo/Desktop/Code/Github/DawnBGC/Dawn/DawnBLDC\dawn_bldc.c ****                 
 163:C:/Users/leonardo/Desktop/Code/Github/DawnBGC/Dawn/DawnBLDC\dawn_bldc.c ****                 StannTimes++;
 809              		.loc 1 163 27
 810 005c 2F4B     		ldr	r3, .L54
 811 005e 1B78     		ldrb	r3, [r3]	@ zero_extendqisi2
 812 0060 0133     		adds	r3, r3, #1
 813 0062 DAB2     		uxtb	r2, r3
 814 0064 2D4B     		ldr	r3, .L54
 815 0066 1A70     		strb	r2, [r3]
 164:C:/Users/leonardo/Desktop/Code/Github/DawnBGC/Dawn/DawnBLDC\dawn_bldc.c ****                 if (StannTimes > 6)
 816              		.loc 1 164 32
 817 0068 2C4B     		ldr	r3, .L54
 818 006a 1B78     		ldrb	r3, [r3]	@ zero_extendqisi2
 819              		.loc 1 164 20
 820 006c 062B     		cmp	r3, #6
 821 006e 08D9     		bls	.L52
 165:C:/Users/leonardo/Desktop/Code/Github/DawnBGC/Dawn/DawnBLDC\dawn_bldc.c ****                 {
 166:C:/Users/leonardo/Desktop/Code/Github/DawnBGC/Dawn/DawnBLDC\dawn_bldc.c ****                     ShutOffPWM(&BLDCYaw);
 822              		.loc 1 166 21
 823 0070 2B48     		ldr	r0, .L54+4
 824 0072 FFF7FEFF 		bl	ShutOffPWM
 167:C:/Users/leonardo/Desktop/Code/Github/DawnBGC/Dawn/DawnBLDC\dawn_bldc.c ****                     ShutOffPWM(&BLDCRoll);
 825              		.loc 1 167 21
 826 0076 2B48     		ldr	r0, .L54+8
 827 0078 FFF7FEFF 		bl	ShutOffPWM
 168:C:/Users/leonardo/Desktop/Code/Github/DawnBGC/Dawn/DawnBLDC\dawn_bldc.c ****                     ShutOffPWM(&BLDCPitch);
 828              		.loc 1 168 21
 829 007c 2A48     		ldr	r0, .L54+12
 830 007e FFF7FEFF 		bl	ShutOffPWM
 831              	.L52:
 169:C:/Users/leonardo/Desktop/Code/Github/DawnBGC/Dawn/DawnBLDC\dawn_bldc.c ****                 }
 170:C:/Users/leonardo/Desktop/Code/Github/DawnBGC/Dawn/DawnBLDC\dawn_bldc.c **** 
 171:C:/Users/leonardo/Desktop/Code/Github/DawnBGC/Dawn/DawnBLDC\dawn_bldc.c ****                 
 172:C:/Users/leonardo/Desktop/Code/Github/DawnBGC/Dawn/DawnBLDC\dawn_bldc.c ****                 CleanBLDCAngle(BLDCStruct);
 832              		.loc 1 172 17
 833 0082 F868     		ldr	r0, [r7, #12]
 834 0084 FFF7FEFF 		bl	CleanBLDCAngle
 835 0088 12E0     		b	.L51
 836              	.L50:
 173:C:/Users/leonardo/Desktop/Code/Github/DawnBGC/Dawn/DawnBLDC\dawn_bldc.c ****             }
 174:C:/Users/leonardo/Desktop/Code/Github/DawnBGC/Dawn/DawnBLDC\dawn_bldc.c ****         }
 175:C:/Users/leonardo/Desktop/Code/Github/DawnBGC/Dawn/DawnBLDC\dawn_bldc.c ****         else
 176:C:/Users/leonardo/Desktop/Code/Github/DawnBGC/Dawn/DawnBLDC\dawn_bldc.c ****         {
 177:C:/Users/leonardo/Desktop/Code/Github/DawnBGC/Dawn/DawnBLDC\dawn_bldc.c ****             
 178:C:/Users/leonardo/Desktop/Code/Github/DawnBGC/Dawn/DawnBLDC\dawn_bldc.c ****             ArmQuadCw(BLDCStruct);
 837              		.loc 1 178 13
 838 008a F868     		ldr	r0, [r7, #12]
 839 008c FFF7FEFF 		bl	ArmQuadCw
 179:C:/Users/leonardo/Desktop/Code/Github/DawnBGC/Dawn/DawnBLDC\dawn_bldc.c ****             if (BLDCStallState(BLDCStruct))
 840              		.loc 1 179 17
 841 0090 F868     		ldr	r0, [r7, #12]
 842 0092 FFF7FEFF 		bl	BLDCStallState
 843 0096 0346     		mov	r3, r0
 844              		.loc 1 179 16
 845 0098 002B     		cmp	r3, #0
 846 009a 09D0     		beq	.L51
 180:C:/Users/leonardo/Desktop/Code/Github/DawnBGC/Dawn/DawnBLDC\dawn_bldc.c ****             {
 181:C:/Users/leonardo/Desktop/Code/Github/DawnBGC/Dawn/DawnBLDC\dawn_bldc.c ****                 
 182:C:/Users/leonardo/Desktop/Code/Github/DawnBGC/Dawn/DawnBLDC\dawn_bldc.c ****                 BLDCStruct->StallTime = 0;
 847              		.loc 1 182 39
 848 009c FB68     		ldr	r3, [r7, #12]
 849 009e 0022     		movs	r2, #0
 850 00a0 9A64     		str	r2, [r3, #72]
 183:C:/Users/leonardo/Desktop/Code/Github/DawnBGC/Dawn/DawnBLDC\dawn_bldc.c **** 
 184:C:/Users/leonardo/Desktop/Code/Github/DawnBGC/Dawn/DawnBLDC\dawn_bldc.c ****                 BLDCStruct->BangCwFlag = TRUE;
 851              		.loc 1 184 40
 852 00a2 FB68     		ldr	r3, [r7, #12]
 853 00a4 0122     		movs	r2, #1
 854 00a6 83F85520 		strb	r2, [r3, #85]
 185:C:/Users/leonardo/Desktop/Code/Github/DawnBGC/Dawn/DawnBLDC\dawn_bldc.c ****                 BLDCAngleCal(BLDCStruct);
 855              		.loc 1 185 17
 856 00aa F868     		ldr	r0, [r7, #12]
 857 00ac FFF7FEFF 		bl	BLDCAngleCal
 858              	.L51:
 186:C:/Users/leonardo/Desktop/Code/Github/DawnBGC/Dawn/DawnBLDC\dawn_bldc.c ****             }
 187:C:/Users/leonardo/Desktop/Code/Github/DawnBGC/Dawn/DawnBLDC\dawn_bldc.c ****         }
 188:C:/Users/leonardo/Desktop/Code/Github/DawnBGC/Dawn/DawnBLDC\dawn_bldc.c ****         BLDCStruct->VoltStrict = BLDCRevPark(BLDCStruct->QuadDirectStruct, BLDCStruct->ERad);
 859              		.loc 1 188 34
 860 00b0 FB68     		ldr	r3, [r7, #12]
 861 00b2 D3F89430 		ldr	r3, [r3, #148]	@ float
 862 00b6 FC68     		ldr	r4, [r7, #12]
 863 00b8 3846     		mov	r0, r7
 864 00ba FA68     		ldr	r2, [r7, #12]
 865 00bc 3432     		adds	r2, r2, #52
 866 00be 06CA     		ldm	r2, {r1, r2}
 867 00c0 FFF7FEFF 		bl	BLDCRevPark
 868 00c4 04F12C03 		add	r3, r4, #44
 869 00c8 3A46     		mov	r2, r7
 870 00ca 92E80300 		ldm	r2, {r0, r1}
 871 00ce 83E80300 		stm	r3, {r0, r1}
 872 00d2 1CE0     		b	.L53
 873              	.L49:
 189:C:/Users/leonardo/Desktop/Code/Github/DawnBGC/Dawn/DawnBLDC\dawn_bldc.c ****     }
 190:C:/Users/leonardo/Desktop/Code/Github/DawnBGC/Dawn/DawnBLDC\dawn_bldc.c ****     else if (BLDCStruct->StateCheck)
 874              		.loc 1 190 24
 875 00d4 FB68     		ldr	r3, [r7, #12]
 876 00d6 1B7E     		ldrb	r3, [r3, #24]	@ zero_extendqisi2
 877              		.loc 1 190 13
 878 00d8 002B     		cmp	r3, #0
 879 00da 18D0     		beq	.L53
 191:C:/Users/leonardo/Desktop/Code/Github/DawnBGC/Dawn/DawnBLDC\dawn_bldc.c ****     {
 192:C:/Users/leonardo/Desktop/Code/Github/DawnBGC/Dawn/DawnBLDC\dawn_bldc.c **** 
 193:C:/Users/leonardo/Desktop/Code/Github/DawnBGC/Dawn/DawnBLDC\dawn_bldc.c ****         BLDCStruct->QuadDirectStruct.Direct= BLDCStruct->DirectOut;
 880              		.loc 1 193 56
 881 00dc FB68     		ldr	r3, [r7, #12]
 882 00de 9A6F     		ldr	r2, [r3, #120]	@ float
 883              		.loc 1 193 44
 884 00e0 FB68     		ldr	r3, [r7, #12]
 885 00e2 5A63     		str	r2, [r3, #52]	@ float
 194:C:/Users/leonardo/Desktop/Code/Github/DawnBGC/Dawn/DawnBLDC\dawn_bldc.c ****         BLDCStruct->QuadDirectStruct.Quad = BLDCStruct->QuadOut;
 886              		.loc 1 194 55
 887 00e4 FB68     		ldr	r3, [r7, #12]
 888 00e6 DA6F     		ldr	r2, [r3, #124]	@ float
 889              		.loc 1 194 43
 890 00e8 FB68     		ldr	r3, [r7, #12]
 891 00ea 9A63     		str	r2, [r3, #56]	@ float
 195:C:/Users/leonardo/Desktop/Code/Github/DawnBGC/Dawn/DawnBLDC\dawn_bldc.c ****         BLDCStruct->VoltStrict = BLDCRevPark(BLDCStruct->QuadDirectStruct, BLDCStruct->ERad);
 892              		.loc 1 195 34
 893 00ec FB68     		ldr	r3, [r7, #12]
 894 00ee D3F89430 		ldr	r3, [r3, #148]	@ float
 895 00f2 FC68     		ldr	r4, [r7, #12]
 896 00f4 3846     		mov	r0, r7
 897 00f6 FA68     		ldr	r2, [r7, #12]
 898 00f8 3432     		adds	r2, r2, #52
 899 00fa 06CA     		ldm	r2, {r1, r2}
 900 00fc FFF7FEFF 		bl	BLDCRevPark
 901 0100 04F12C03 		add	r3, r4, #44
 902 0104 3A46     		mov	r2, r7
 903 0106 92E80300 		ldm	r2, {r0, r1}
 904 010a 83E80300 		stm	r3, {r0, r1}
 905              	.L53:
 196:C:/Users/leonardo/Desktop/Code/Github/DawnBGC/Dawn/DawnBLDC\dawn_bldc.c **** 
 197:C:/Users/leonardo/Desktop/Code/Github/DawnBGC/Dawn/DawnBLDC\dawn_bldc.c ****     }
 198:C:/Users/leonardo/Desktop/Code/Github/DawnBGC/Dawn/DawnBLDC\dawn_bldc.c **** 
 199:C:/Users/leonardo/Desktop/Code/Github/DawnBGC/Dawn/DawnBLDC\dawn_bldc.c ****     BLDCSvpwm(BLDCStruct);
 906              		.loc 1 199 5
 907 010e F868     		ldr	r0, [r7, #12]
 908 0110 FFF7FEFF 		bl	BLDCSvpwm
 200:C:/Users/leonardo/Desktop/Code/Github/DawnBGC/Dawn/DawnBLDC\dawn_bldc.c **** }
 909              		.loc 1 200 1
 910 0114 00BF     		nop
 911 0116 1437     		adds	r7, r7, #20
 912              		.cfi_def_cfa_offset 12
 913 0118 BD46     		mov	sp, r7
 914              		.cfi_def_cfa_register 13
 915              		@ sp needed
 916 011a 90BD     		pop	{r4, r7, pc}
 917              	.L55:
 918              		.align	2
 919              	.L54:
 920 011c 00000000 		.word	StannTimes.11243
 921 0120 00000000 		.word	BLDCYaw
 922 0124 00000000 		.word	BLDCRoll
 923 0128 00000000 		.word	BLDCPitch
 924              		.cfi_endproc
 925              	.LFE162:
 927              		.global	__aeabi_f2iz
 928              		.global	__aeabi_f2uiz
 929              		.section	.text.BLDCSvpwm,"ax",%progbits
 930              		.align	1
 931              		.global	BLDCSvpwm
 932              		.syntax unified
 933              		.thumb
 934              		.thumb_func
 935              		.fpu softvfp
 937              	BLDCSvpwm:
 938              	.LFB163:
 201:C:/Users/leonardo/Desktop/Code/Github/DawnBGC/Dawn/DawnBLDC\dawn_bldc.c **** void BLDCSvpwm(BLDCStruct *BLDCStruct)
 202:C:/Users/leonardo/Desktop/Code/Github/DawnBGC/Dawn/DawnBLDC\dawn_bldc.c **** {
 939              		.loc 1 202 1
 940              		.cfi_startproc
 941              		@ args = 0, pretend = 0, frame = 32
 942              		@ frame_needed = 1, uses_anonymous_args = 0
 943 0000 80B5     		push	{r7, lr}
 944              		.cfi_def_cfa_offset 8
 945              		.cfi_offset 7, -8
 946              		.cfi_offset 14, -4
 947 0002 88B0     		sub	sp, sp, #32
 948              		.cfi_def_cfa_offset 40
 949 0004 00AF     		add	r7, sp, #0
 950              		.cfi_def_cfa_register 7
 951 0006 7860     		str	r0, [r7, #4]
 203:C:/Users/leonardo/Desktop/Code/Github/DawnBGC/Dawn/DawnBLDC\dawn_bldc.c ****     uint8_t Sector = 0;
 952              		.loc 1 203 13
 953 0008 0023     		movs	r3, #0
 954 000a FB77     		strb	r3, [r7, #31]
 204:C:/Users/leonardo/Desktop/Code/Github/DawnBGC/Dawn/DawnBLDC\dawn_bldc.c ****     int16_t X = 0, Y = 0, Z = 0, A = 0, B  = 0, t = 0;
 955              		.loc 1 204 13
 956 000c 0023     		movs	r3, #0
 957 000e BB83     		strh	r3, [r7, #28]	@ movhi
 958              		.loc 1 204 20
 959 0010 0023     		movs	r3, #0
 960 0012 7B83     		strh	r3, [r7, #26]	@ movhi
 961              		.loc 1 204 27
 962 0014 0023     		movs	r3, #0
 963 0016 3B83     		strh	r3, [r7, #24]	@ movhi
 964              		.loc 1 204 34
 965 0018 0023     		movs	r3, #0
 966 001a 3B82     		strh	r3, [r7, #16]	@ movhi
 967              		.loc 1 204 41
 968 001c 0023     		movs	r3, #0
 969 001e FB81     		strh	r3, [r7, #14]	@ movhi
 970              		.loc 1 204 49
 971 0020 0023     		movs	r3, #0
 972 0022 BB81     		strh	r3, [r7, #12]	@ movhi
 205:C:/Users/leonardo/Desktop/Code/Github/DawnBGC/Dawn/DawnBLDC\dawn_bldc.c ****     uint16_t PhaseA = 0, PhaseB = 0, PhaseC = 0;
 973              		.loc 1 205 14
 974 0024 0023     		movs	r3, #0
 975 0026 FB82     		strh	r3, [r7, #22]	@ movhi
 976              		.loc 1 205 26
 977 0028 0023     		movs	r3, #0
 978 002a BB82     		strh	r3, [r7, #20]	@ movhi
 979              		.loc 1 205 38
 980 002c 0023     		movs	r3, #0
 981 002e 7B82     		strh	r3, [r7, #18]	@ movhi
 206:C:/Users/leonardo/Desktop/Code/Github/DawnBGC/Dawn/DawnBLDC\dawn_bldc.c ****     
 207:C:/Users/leonardo/Desktop/Code/Github/DawnBGC/Dawn/DawnBLDC\dawn_bldc.c ****     A = ((int32_t)(BLDCStruct->VoltStrict.A) * T_SQRT3 ) >> 16;
 982              		.loc 1 207 42
 983 0030 7B68     		ldr	r3, [r7, #4]
 984 0032 DB6A     		ldr	r3, [r3, #44]	@ float
 985              		.loc 1 207 10
 986 0034 1846     		mov	r0, r3
 987 0036 FFF7FEFF 		bl	__aeabi_f2iz
 988              	.LVL29:
 989 003a 0346     		mov	r3, r0
 990              		.loc 1 207 46
 991 003c 41F2EA02 		movw	r2, #4330
 992 0040 02FB03F3 		mul	r3, r2, r3
 993              		.loc 1 207 58
 994 0044 1B14     		asrs	r3, r3, #16
 995              		.loc 1 207 7
 996 0046 3B82     		strh	r3, [r7, #16]	@ movhi
 208:C:/Users/leonardo/Desktop/Code/Github/DawnBGC/Dawn/DawnBLDC\dawn_bldc.c ****     B  = ((int32_t)(BLDCStruct->VoltStrict.B) * T) >> 16;
 997              		.loc 1 208 43
 998 0048 7B68     		ldr	r3, [r7, #4]
 999 004a 1B6B     		ldr	r3, [r3, #48]	@ float
 1000              		.loc 1 208 11
 1001 004c 1846     		mov	r0, r3
 1002 004e FFF7FEFF 		bl	__aeabi_f2iz
 1003              	.LVL30:
 1004 0052 0346     		mov	r3, r0
 1005              		.loc 1 208 47
 1006 0054 40F6C412 		movw	r2, #2500
 1007 0058 02FB03F3 		mul	r3, r2, r3
 1008              		.loc 1 208 52
 1009 005c 1B14     		asrs	r3, r3, #16
 1010              		.loc 1 208 8
 1011 005e FB81     		strh	r3, [r7, #14]	@ movhi
 209:C:/Users/leonardo/Desktop/Code/Github/DawnBGC/Dawn/DawnBLDC\dawn_bldc.c **** 
 210:C:/Users/leonardo/Desktop/Code/Github/DawnBGC/Dawn/DawnBLDC\dawn_bldc.c ****     X = B ;
 1012              		.loc 1 210 7
 1013 0060 FB89     		ldrh	r3, [r7, #14]	@ movhi
 1014 0062 BB83     		strh	r3, [r7, #28]	@ movhi
 211:C:/Users/leonardo/Desktop/Code/Github/DawnBGC/Dawn/DawnBLDC\dawn_bldc.c ****     Y = (B  + A) >> 1;
 1015              		.loc 1 211 13
 1016 0064 B7F90E20 		ldrsh	r2, [r7, #14]
 1017 0068 B7F91030 		ldrsh	r3, [r7, #16]
 1018 006c 1344     		add	r3, r3, r2
 1019              		.loc 1 211 18
 1020 006e 5B10     		asrs	r3, r3, #1
 1021              		.loc 1 211 7
 1022 0070 7B83     		strh	r3, [r7, #26]	@ movhi
 212:C:/Users/leonardo/Desktop/Code/Github/DawnBGC/Dawn/DawnBLDC\dawn_bldc.c ****     Z = (B  - A) >> 1;
 1023              		.loc 1 212 13
 1024 0072 B7F90E20 		ldrsh	r2, [r7, #14]
 1025 0076 B7F91030 		ldrsh	r3, [r7, #16]
 1026 007a D31A     		subs	r3, r2, r3
 1027              		.loc 1 212 18
 1028 007c 5B10     		asrs	r3, r3, #1
 1029              		.loc 1 212 7
 1030 007e 3B83     		strh	r3, [r7, #24]	@ movhi
 213:C:/Users/leonardo/Desktop/Code/Github/DawnBGC/Dawn/DawnBLDC\dawn_bldc.c **** 
 214:C:/Users/leonardo/Desktop/Code/Github/DawnBGC/Dawn/DawnBLDC\dawn_bldc.c ****     if(B  >= 0)
 1031              		.loc 1 214 7
 1032 0080 B7F90E30 		ldrsh	r3, [r7, #14]
 1033 0084 002B     		cmp	r3, #0
 1034 0086 02DB     		blt	.L57
 215:C:/Users/leonardo/Desktop/Code/Github/DawnBGC/Dawn/DawnBLDC\dawn_bldc.c ****     {
 216:C:/Users/leonardo/Desktop/Code/Github/DawnBGC/Dawn/DawnBLDC\dawn_bldc.c ****         Sector += 1;
 1035              		.loc 1 216 16
 1036 0088 FB7F     		ldrb	r3, [r7, #31]
 1037 008a 0133     		adds	r3, r3, #1
 1038 008c FB77     		strb	r3, [r7, #31]
 1039              	.L57:
 217:C:/Users/leonardo/Desktop/Code/Github/DawnBGC/Dawn/DawnBLDC\dawn_bldc.c ****     }
 218:C:/Users/leonardo/Desktop/Code/Github/DawnBGC/Dawn/DawnBLDC\dawn_bldc.c **** 
 219:C:/Users/leonardo/Desktop/Code/Github/DawnBGC/Dawn/DawnBLDC\dawn_bldc.c ****     if((A - B ) >= 0)
 1040              		.loc 1 219 11
 1041 008e B7F91020 		ldrsh	r2, [r7, #16]
 1042 0092 B7F90E30 		ldrsh	r3, [r7, #14]
 1043 0096 D31A     		subs	r3, r2, r3
 1044              		.loc 1 219 7
 1045 0098 002B     		cmp	r3, #0
 1046 009a 02DB     		blt	.L58
 220:C:/Users/leonardo/Desktop/Code/Github/DawnBGC/Dawn/DawnBLDC\dawn_bldc.c ****     {
 221:C:/Users/leonardo/Desktop/Code/Github/DawnBGC/Dawn/DawnBLDC\dawn_bldc.c ****         Sector += 2;
 1047              		.loc 1 221 16
 1048 009c FB7F     		ldrb	r3, [r7, #31]
 1049 009e 0233     		adds	r3, r3, #2
 1050 00a0 FB77     		strb	r3, [r7, #31]
 1051              	.L58:
 222:C:/Users/leonardo/Desktop/Code/Github/DawnBGC/Dawn/DawnBLDC\dawn_bldc.c ****     }
 223:C:/Users/leonardo/Desktop/Code/Github/DawnBGC/Dawn/DawnBLDC\dawn_bldc.c **** 
 224:C:/Users/leonardo/Desktop/Code/Github/DawnBGC/Dawn/DawnBLDC\dawn_bldc.c ****     if((A + B ) < 0)
 1052              		.loc 1 224 11
 1053 00a2 B7F91020 		ldrsh	r2, [r7, #16]
 1054 00a6 B7F90E30 		ldrsh	r3, [r7, #14]
 1055 00aa 1344     		add	r3, r3, r2
 1056              		.loc 1 224 7
 1057 00ac 002B     		cmp	r3, #0
 1058 00ae 02DA     		bge	.L59
 225:C:/Users/leonardo/Desktop/Code/Github/DawnBGC/Dawn/DawnBLDC\dawn_bldc.c ****     {
 226:C:/Users/leonardo/Desktop/Code/Github/DawnBGC/Dawn/DawnBLDC\dawn_bldc.c ****         Sector += 4;
 1059              		.loc 1 226 16
 1060 00b0 FB7F     		ldrb	r3, [r7, #31]
 1061 00b2 0433     		adds	r3, r3, #4
 1062 00b4 FB77     		strb	r3, [r7, #31]
 1063              	.L59:
 227:C:/Users/leonardo/Desktop/Code/Github/DawnBGC/Dawn/DawnBLDC\dawn_bldc.c ****     }
 228:C:/Users/leonardo/Desktop/Code/Github/DawnBGC/Dawn/DawnBLDC\dawn_bldc.c ****     
 229:C:/Users/leonardo/Desktop/Code/Github/DawnBGC/Dawn/DawnBLDC\dawn_bldc.c ****     switch(Sector)
 1064              		.loc 1 229 5
 1065 00b6 FB7F     		ldrb	r3, [r7, #31]	@ zero_extendqisi2
 1066 00b8 013B     		subs	r3, r3, #1
 1067 00ba 052B     		cmp	r3, #5
 1068 00bc 00F2A581 		bhi	.L79
 1069 00c0 01A2     		adr	r2, .L62
 1070 00c2 52F823F0 		ldr	pc, [r2, r3, lsl #2]
 1071 00c6 00BF     		.p2align 2
 1072              	.L62:
 1073 00c8 E1000000 		.word	.L67+1
 1074 00cc 67010000 		.word	.L66+1
 1075 00d0 ED010000 		.word	.L65+1
 1076 00d4 73020000 		.word	.L64+1
 1077 00d8 F9020000 		.word	.L63+1
 1078 00dc 7F030000 		.word	.L61+1
 1079              		.p2align 1
 1080              	.L67:
 230:C:/Users/leonardo/Desktop/Code/Github/DawnBGC/Dawn/DawnBLDC\dawn_bldc.c ****     {
 231:C:/Users/leonardo/Desktop/Code/Github/DawnBGC/Dawn/DawnBLDC\dawn_bldc.c ****         case SECTOR_1:
 232:C:/Users/leonardo/Desktop/Code/Github/DawnBGC/Dawn/DawnBLDC\dawn_bldc.c ****             t = Z + Y;
 1081              		.loc 1 232 19
 1082 00e0 3A8B     		ldrh	r2, [r7, #24]
 1083 00e2 7B8B     		ldrh	r3, [r7, #26]
 1084 00e4 1344     		add	r3, r3, r2
 1085 00e6 9BB2     		uxth	r3, r3
 1086              		.loc 1 232 15
 1087 00e8 BB81     		strh	r3, [r7, #12]	@ movhi
 233:C:/Users/leonardo/Desktop/Code/Github/DawnBGC/Dawn/DawnBLDC\dawn_bldc.c ****             if(t > T_MAX_LIMIT)
 1088              		.loc 1 233 15
 1089 00ea B7F90C30 		ldrsh	r3, [r7, #12]
 1090 00ee 40F2E242 		movw	r2, #1250
 1091 00f2 9342     		cmp	r3, r2
 1092 00f4 15DD     		ble	.L68
 234:C:/Users/leonardo/Desktop/Code/Github/DawnBGC/Dawn/DawnBLDC\dawn_bldc.c ****             {
 235:C:/Users/leonardo/Desktop/Code/Github/DawnBGC/Dawn/DawnBLDC\dawn_bldc.c ****                 Z = (int32_t)Z * (int32_t)T_MAX_LIMIT / (int32_t)t;
 1093              		.loc 1 235 21
 1094 00f6 B7F91830 		ldrsh	r3, [r7, #24]
 1095              		.loc 1 235 32
 1096 00fa 40F2E242 		movw	r2, #1250
 1097 00fe 02FB03F2 		mul	r2, r2, r3
 1098              		.loc 1 235 57
 1099 0102 B7F90C30 		ldrsh	r3, [r7, #12]
 1100              		.loc 1 235 55
 1101 0106 92FBF3F3 		sdiv	r3, r2, r3
 1102              		.loc 1 235 19
 1103 010a 3B83     		strh	r3, [r7, #24]	@ movhi
 236:C:/Users/leonardo/Desktop/Code/Github/DawnBGC/Dawn/DawnBLDC\dawn_bldc.c ****                 Y = (int32_t)Y * (int32_t)T_MAX_LIMIT / (int32_t)t;
 1104              		.loc 1 236 21
 1105 010c B7F91A30 		ldrsh	r3, [r7, #26]
 1106              		.loc 1 236 32
 1107 0110 40F2E242 		movw	r2, #1250
 1108 0114 02FB03F2 		mul	r2, r2, r3
 1109              		.loc 1 236 57
 1110 0118 B7F90C30 		ldrsh	r3, [r7, #12]
 1111              		.loc 1 236 55
 1112 011c 92FBF3F3 		sdiv	r3, r2, r3
 1113              		.loc 1 236 19
 1114 0120 7B83     		strh	r3, [r7, #26]	@ movhi
 1115              	.L68:
 237:C:/Users/leonardo/Desktop/Code/Github/DawnBGC/Dawn/DawnBLDC\dawn_bldc.c ****             }
 238:C:/Users/leonardo/Desktop/Code/Github/DawnBGC/Dawn/DawnBLDC\dawn_bldc.c ****             PhaseB = (T_QUARTER) - (Z + Y) * 0.5f;
 1116              		.loc 1 238 39
 1117 0122 B7F91820 		ldrsh	r2, [r7, #24]
 1118 0126 B7F91A30 		ldrsh	r3, [r7, #26]
 1119 012a 1344     		add	r3, r3, r2
 1120              		.loc 1 238 44
 1121 012c 1846     		mov	r0, r3
 1122 012e FFF7FEFF 		bl	__aeabi_i2f
 1123              	.LVL31:
 1124 0132 0346     		mov	r3, r0
 1125 0134 4FF07C51 		mov	r1, #1056964608
 1126 0138 1846     		mov	r0, r3
 1127 013a FFF7FEFF 		bl	__aeabi_fmul
 1128              	.LVL32:
 1129 013e 0346     		mov	r3, r0
 1130              		.loc 1 238 34
 1131 0140 1946     		mov	r1, r3
 1132 0142 B848     		ldr	r0, .L81
 1133 0144 FFF7FEFF 		bl	__aeabi_fsub
 1134              	.LVL33:
 1135 0148 0346     		mov	r3, r0
 1136              		.loc 1 238 20
 1137 014a 1846     		mov	r0, r3
 1138 014c FFF7FEFF 		bl	__aeabi_f2uiz
 1139              	.LVL34:
 1140 0150 0346     		mov	r3, r0
 1141 0152 BB82     		strh	r3, [r7, #20]	@ movhi
 239:C:/Users/leonardo/Desktop/Code/Github/DawnBGC/Dawn/DawnBLDC\dawn_bldc.c ****             PhaseA = PhaseB + Z;
 1142              		.loc 1 239 29
 1143 0154 3A8B     		ldrh	r2, [r7, #24]
 1144              		.loc 1 239 20
 1145 0156 BB8A     		ldrh	r3, [r7, #20]	@ movhi
 1146 0158 1344     		add	r3, r3, r2
 1147 015a FB82     		strh	r3, [r7, #22]	@ movhi
 240:C:/Users/leonardo/Desktop/Code/Github/DawnBGC/Dawn/DawnBLDC\dawn_bldc.c ****             PhaseC = PhaseA + Y;
 1148              		.loc 1 240 29
 1149 015c 7A8B     		ldrh	r2, [r7, #26]
 1150              		.loc 1 240 20
 1151 015e FB8A     		ldrh	r3, [r7, #22]	@ movhi
 1152 0160 1344     		add	r3, r3, r2
 1153 0162 7B82     		strh	r3, [r7, #18]	@ movhi
 241:C:/Users/leonardo/Desktop/Code/Github/DawnBGC/Dawn/DawnBLDC\dawn_bldc.c ****             break;
 1154              		.loc 1 241 13
 1155 0164 52E1     		b	.L69
 1156              	.L66:
 242:C:/Users/leonardo/Desktop/Code/Github/DawnBGC/Dawn/DawnBLDC\dawn_bldc.c **** 
 243:C:/Users/leonardo/Desktop/Code/Github/DawnBGC/Dawn/DawnBLDC\dawn_bldc.c ****          case SECTOR_2:
 244:C:/Users/leonardo/Desktop/Code/Github/DawnBGC/Dawn/DawnBLDC\dawn_bldc.c ****             t = Y + (-X);
 1157              		.loc 1 244 19
 1158 0166 7A8B     		ldrh	r2, [r7, #26]
 1159 0168 BB8B     		ldrh	r3, [r7, #28]
 1160 016a D31A     		subs	r3, r2, r3
 1161 016c 9BB2     		uxth	r3, r3
 1162              		.loc 1 244 15
 1163 016e BB81     		strh	r3, [r7, #12]	@ movhi
 245:C:/Users/leonardo/Desktop/Code/Github/DawnBGC/Dawn/DawnBLDC\dawn_bldc.c ****             if(t > T_MAX_LIMIT)
 1164              		.loc 1 245 15
 1165 0170 B7F90C30 		ldrsh	r3, [r7, #12]
 1166 0174 40F2E242 		movw	r2, #1250
 1167 0178 9342     		cmp	r3, r2
 1168 017a 15DD     		ble	.L70
 246:C:/Users/leonardo/Desktop/Code/Github/DawnBGC/Dawn/DawnBLDC\dawn_bldc.c ****             {
 247:C:/Users/leonardo/Desktop/Code/Github/DawnBGC/Dawn/DawnBLDC\dawn_bldc.c ****                 Y = (int32_t)Y * (int32_t)T_MAX_LIMIT / (int32_t)t;
 1169              		.loc 1 247 21
 1170 017c B7F91A30 		ldrsh	r3, [r7, #26]
 1171              		.loc 1 247 32
 1172 0180 40F2E242 		movw	r2, #1250
 1173 0184 02FB03F2 		mul	r2, r2, r3
 1174              		.loc 1 247 57
 1175 0188 B7F90C30 		ldrsh	r3, [r7, #12]
 1176              		.loc 1 247 55
 1177 018c 92FBF3F3 		sdiv	r3, r2, r3
 1178              		.loc 1 247 19
 1179 0190 7B83     		strh	r3, [r7, #26]	@ movhi
 248:C:/Users/leonardo/Desktop/Code/Github/DawnBGC/Dawn/DawnBLDC\dawn_bldc.c ****                 X = (int32_t)X * (int32_t)T_MAX_LIMIT / (int32_t)t;
 1180              		.loc 1 248 21
 1181 0192 B7F91C30 		ldrsh	r3, [r7, #28]
 1182              		.loc 1 248 32
 1183 0196 40F2E242 		movw	r2, #1250
 1184 019a 02FB03F2 		mul	r2, r2, r3
 1185              		.loc 1 248 57
 1186 019e B7F90C30 		ldrsh	r3, [r7, #12]
 1187              		.loc 1 248 55
 1188 01a2 92FBF3F3 		sdiv	r3, r2, r3
 1189              		.loc 1 248 19
 1190 01a6 BB83     		strh	r3, [r7, #28]	@ movhi
 1191              	.L70:
 249:C:/Users/leonardo/Desktop/Code/Github/DawnBGC/Dawn/DawnBLDC\dawn_bldc.c ****             }
 250:C:/Users/leonardo/Desktop/Code/Github/DawnBGC/Dawn/DawnBLDC\dawn_bldc.c ****             PhaseA = (T_QUARTER) - (Y + (-X)) * 0.5f;
 1192              		.loc 1 250 39
 1193 01a8 B7F91A20 		ldrsh	r2, [r7, #26]
 1194 01ac B7F91C30 		ldrsh	r3, [r7, #28]
 1195 01b0 D31A     		subs	r3, r2, r3
 1196              		.loc 1 250 47
 1197 01b2 1846     		mov	r0, r3
 1198 01b4 FFF7FEFF 		bl	__aeabi_i2f
 1199              	.LVL35:
 1200 01b8 0346     		mov	r3, r0
 1201 01ba 4FF07C51 		mov	r1, #1056964608
 1202 01be 1846     		mov	r0, r3
 1203 01c0 FFF7FEFF 		bl	__aeabi_fmul
 1204              	.LVL36:
 1205 01c4 0346     		mov	r3, r0
 1206              		.loc 1 250 34
 1207 01c6 1946     		mov	r1, r3
 1208 01c8 9648     		ldr	r0, .L81
 1209 01ca FFF7FEFF 		bl	__aeabi_fsub
 1210              	.LVL37:
 1211 01ce 0346     		mov	r3, r0
 1212              		.loc 1 250 20
 1213 01d0 1846     		mov	r0, r3
 1214 01d2 FFF7FEFF 		bl	__aeabi_f2uiz
 1215              	.LVL38:
 1216 01d6 0346     		mov	r3, r0
 1217 01d8 FB82     		strh	r3, [r7, #22]	@ movhi
 251:C:/Users/leonardo/Desktop/Code/Github/DawnBGC/Dawn/DawnBLDC\dawn_bldc.c ****             PhaseC = PhaseA + Y;
 1218              		.loc 1 251 29
 1219 01da 7A8B     		ldrh	r2, [r7, #26]
 1220              		.loc 1 251 20
 1221 01dc FB8A     		ldrh	r3, [r7, #22]	@ movhi
 1222 01de 1344     		add	r3, r3, r2
 1223 01e0 7B82     		strh	r3, [r7, #18]	@ movhi
 252:C:/Users/leonardo/Desktop/Code/Github/DawnBGC/Dawn/DawnBLDC\dawn_bldc.c ****             PhaseB = PhaseC + (-X);
 1224              		.loc 1 252 29
 1225 01e2 BB8B     		ldrh	r3, [r7, #28]
 1226              		.loc 1 252 20
 1227 01e4 7A8A     		ldrh	r2, [r7, #18]	@ movhi
 1228 01e6 D31A     		subs	r3, r2, r3
 1229 01e8 BB82     		strh	r3, [r7, #20]	@ movhi
 253:C:/Users/leonardo/Desktop/Code/Github/DawnBGC/Dawn/DawnBLDC\dawn_bldc.c ****             break;
 1230              		.loc 1 253 13
 1231 01ea 0FE1     		b	.L69
 1232              	.L65:
 254:C:/Users/leonardo/Desktop/Code/Github/DawnBGC/Dawn/DawnBLDC\dawn_bldc.c **** 
 255:C:/Users/leonardo/Desktop/Code/Github/DawnBGC/Dawn/DawnBLDC\dawn_bldc.c ****          case SECTOR_3:
 256:C:/Users/leonardo/Desktop/Code/Github/DawnBGC/Dawn/DawnBLDC\dawn_bldc.c ****             t = (-Z) + X;
 1233              		.loc 1 256 22
 1234 01ec BA8B     		ldrh	r2, [r7, #28]
 1235 01ee 3B8B     		ldrh	r3, [r7, #24]
 1236 01f0 D31A     		subs	r3, r2, r3
 1237 01f2 9BB2     		uxth	r3, r3
 1238              		.loc 1 256 15
 1239 01f4 BB81     		strh	r3, [r7, #12]	@ movhi
 257:C:/Users/leonardo/Desktop/Code/Github/DawnBGC/Dawn/DawnBLDC\dawn_bldc.c ****             if(t > T_MAX_LIMIT)
 1240              		.loc 1 257 15
 1241 01f6 B7F90C30 		ldrsh	r3, [r7, #12]
 1242 01fa 40F2E242 		movw	r2, #1250
 1243 01fe 9342     		cmp	r3, r2
 1244 0200 15DD     		ble	.L71
 258:C:/Users/leonardo/Desktop/Code/Github/DawnBGC/Dawn/DawnBLDC\dawn_bldc.c ****             {
 259:C:/Users/leonardo/Desktop/Code/Github/DawnBGC/Dawn/DawnBLDC\dawn_bldc.c ****                 Z = (int32_t)Z * (int32_t)T_MAX_LIMIT / (int32_t)t;
 1245              		.loc 1 259 21
 1246 0202 B7F91830 		ldrsh	r3, [r7, #24]
 1247              		.loc 1 259 32
 1248 0206 40F2E242 		movw	r2, #1250
 1249 020a 02FB03F2 		mul	r2, r2, r3
 1250              		.loc 1 259 57
 1251 020e B7F90C30 		ldrsh	r3, [r7, #12]
 1252              		.loc 1 259 55
 1253 0212 92FBF3F3 		sdiv	r3, r2, r3
 1254              		.loc 1 259 19
 1255 0216 3B83     		strh	r3, [r7, #24]	@ movhi
 260:C:/Users/leonardo/Desktop/Code/Github/DawnBGC/Dawn/DawnBLDC\dawn_bldc.c ****                 X = (int32_t)X * (int32_t)T_MAX_LIMIT / (int32_t)t;
 1256              		.loc 1 260 21
 1257 0218 B7F91C30 		ldrsh	r3, [r7, #28]
 1258              		.loc 1 260 32
 1259 021c 40F2E242 		movw	r2, #1250
 1260 0220 02FB03F2 		mul	r2, r2, r3
 1261              		.loc 1 260 57
 1262 0224 B7F90C30 		ldrsh	r3, [r7, #12]
 1263              		.loc 1 260 55
 1264 0228 92FBF3F3 		sdiv	r3, r2, r3
 1265              		.loc 1 260 19
 1266 022c BB83     		strh	r3, [r7, #28]	@ movhi
 1267              	.L71:
 261:C:/Users/leonardo/Desktop/Code/Github/DawnBGC/Dawn/DawnBLDC\dawn_bldc.c ****             }
 262:C:/Users/leonardo/Desktop/Code/Github/DawnBGC/Dawn/DawnBLDC\dawn_bldc.c ****             PhaseA = (T_QUARTER) - ((-Z) + X) * 0.5f;
 1268              		.loc 1 262 42
 1269 022e B7F91C20 		ldrsh	r2, [r7, #28]
 1270 0232 B7F91830 		ldrsh	r3, [r7, #24]
 1271 0236 D31A     		subs	r3, r2, r3
 1272              		.loc 1 262 47
 1273 0238 1846     		mov	r0, r3
 1274 023a FFF7FEFF 		bl	__aeabi_i2f
 1275              	.LVL39:
 1276 023e 0346     		mov	r3, r0
 1277 0240 4FF07C51 		mov	r1, #1056964608
 1278 0244 1846     		mov	r0, r3
 1279 0246 FFF7FEFF 		bl	__aeabi_fmul
 1280              	.LVL40:
 1281 024a 0346     		mov	r3, r0
 1282              		.loc 1 262 34
 1283 024c 1946     		mov	r1, r3
 1284 024e 7548     		ldr	r0, .L81
 1285 0250 FFF7FEFF 		bl	__aeabi_fsub
 1286              	.LVL41:
 1287 0254 0346     		mov	r3, r0
 1288              		.loc 1 262 20
 1289 0256 1846     		mov	r0, r3
 1290 0258 FFF7FEFF 		bl	__aeabi_f2uiz
 1291              	.LVL42:
 1292 025c 0346     		mov	r3, r0
 1293 025e FB82     		strh	r3, [r7, #22]	@ movhi
 263:C:/Users/leonardo/Desktop/Code/Github/DawnBGC/Dawn/DawnBLDC\dawn_bldc.c ****             PhaseB = PhaseA + (-Z);
 1294              		.loc 1 263 29
 1295 0260 3B8B     		ldrh	r3, [r7, #24]
 1296              		.loc 1 263 20
 1297 0262 FA8A     		ldrh	r2, [r7, #22]	@ movhi
 1298 0264 D31A     		subs	r3, r2, r3
 1299 0266 BB82     		strh	r3, [r7, #20]	@ movhi
 264:C:/Users/leonardo/Desktop/Code/Github/DawnBGC/Dawn/DawnBLDC\dawn_bldc.c ****             PhaseC = PhaseB + X;
 1300              		.loc 1 264 29
 1301 0268 BA8B     		ldrh	r2, [r7, #28]
 1302              		.loc 1 264 20
 1303 026a BB8A     		ldrh	r3, [r7, #20]	@ movhi
 1304 026c 1344     		add	r3, r3, r2
 1305 026e 7B82     		strh	r3, [r7, #18]	@ movhi
 265:C:/Users/leonardo/Desktop/Code/Github/DawnBGC/Dawn/DawnBLDC\dawn_bldc.c ****             break;
 1306              		.loc 1 265 13
 1307 0270 CCE0     		b	.L69
 1308              	.L64:
 266:C:/Users/leonardo/Desktop/Code/Github/DawnBGC/Dawn/DawnBLDC\dawn_bldc.c **** 
 267:C:/Users/leonardo/Desktop/Code/Github/DawnBGC/Dawn/DawnBLDC\dawn_bldc.c ****          case SECTOR_4:
 268:C:/Users/leonardo/Desktop/Code/Github/DawnBGC/Dawn/DawnBLDC\dawn_bldc.c ****             t = (-X) + Z;
 1309              		.loc 1 268 22
 1310 0272 3A8B     		ldrh	r2, [r7, #24]
 1311 0274 BB8B     		ldrh	r3, [r7, #28]
 1312 0276 D31A     		subs	r3, r2, r3
 1313 0278 9BB2     		uxth	r3, r3
 1314              		.loc 1 268 15
 1315 027a BB81     		strh	r3, [r7, #12]	@ movhi
 269:C:/Users/leonardo/Desktop/Code/Github/DawnBGC/Dawn/DawnBLDC\dawn_bldc.c ****             if(t > T_MAX_LIMIT)
 1316              		.loc 1 269 15
 1317 027c B7F90C30 		ldrsh	r3, [r7, #12]
 1318 0280 40F2E242 		movw	r2, #1250
 1319 0284 9342     		cmp	r3, r2
 1320 0286 15DD     		ble	.L72
 270:C:/Users/leonardo/Desktop/Code/Github/DawnBGC/Dawn/DawnBLDC\dawn_bldc.c ****             {
 271:C:/Users/leonardo/Desktop/Code/Github/DawnBGC/Dawn/DawnBLDC\dawn_bldc.c ****                 X = (int32_t)X * (int32_t)T_MAX_LIMIT / (int32_t)t;
 1321              		.loc 1 271 21
 1322 0288 B7F91C30 		ldrsh	r3, [r7, #28]
 1323              		.loc 1 271 32
 1324 028c 40F2E242 		movw	r2, #1250
 1325 0290 02FB03F2 		mul	r2, r2, r3
 1326              		.loc 1 271 57
 1327 0294 B7F90C30 		ldrsh	r3, [r7, #12]
 1328              		.loc 1 271 55
 1329 0298 92FBF3F3 		sdiv	r3, r2, r3
 1330              		.loc 1 271 19
 1331 029c BB83     		strh	r3, [r7, #28]	@ movhi
 272:C:/Users/leonardo/Desktop/Code/Github/DawnBGC/Dawn/DawnBLDC\dawn_bldc.c ****                 Z= (int32_t)Z * (int32_t)T_MAX_LIMIT / (int32_t)t;
 1332              		.loc 1 272 20
 1333 029e B7F91830 		ldrsh	r3, [r7, #24]
 1334              		.loc 1 272 31
 1335 02a2 40F2E242 		movw	r2, #1250
 1336 02a6 02FB03F2 		mul	r2, r2, r3
 1337              		.loc 1 272 56
 1338 02aa B7F90C30 		ldrsh	r3, [r7, #12]
 1339              		.loc 1 272 54
 1340 02ae 92FBF3F3 		sdiv	r3, r2, r3
 1341              		.loc 1 272 18
 1342 02b2 3B83     		strh	r3, [r7, #24]	@ movhi
 1343              	.L72:
 273:C:/Users/leonardo/Desktop/Code/Github/DawnBGC/Dawn/DawnBLDC\dawn_bldc.c ****             }
 274:C:/Users/leonardo/Desktop/Code/Github/DawnBGC/Dawn/DawnBLDC\dawn_bldc.c ****             PhaseC = (T_QUARTER) - ((-X) + Z) * 0.5f;
 1344              		.loc 1 274 42
 1345 02b4 B7F91820 		ldrsh	r2, [r7, #24]
 1346 02b8 B7F91C30 		ldrsh	r3, [r7, #28]
 1347 02bc D31A     		subs	r3, r2, r3
 1348              		.loc 1 274 47
 1349 02be 1846     		mov	r0, r3
 1350 02c0 FFF7FEFF 		bl	__aeabi_i2f
 1351              	.LVL43:
 1352 02c4 0346     		mov	r3, r0
 1353 02c6 4FF07C51 		mov	r1, #1056964608
 1354 02ca 1846     		mov	r0, r3
 1355 02cc FFF7FEFF 		bl	__aeabi_fmul
 1356              	.LVL44:
 1357 02d0 0346     		mov	r3, r0
 1358              		.loc 1 274 34
 1359 02d2 1946     		mov	r1, r3
 1360 02d4 5348     		ldr	r0, .L81
 1361 02d6 FFF7FEFF 		bl	__aeabi_fsub
 1362              	.LVL45:
 1363 02da 0346     		mov	r3, r0
 1364              		.loc 1 274 20
 1365 02dc 1846     		mov	r0, r3
 1366 02de FFF7FEFF 		bl	__aeabi_f2uiz
 1367              	.LVL46:
 1368 02e2 0346     		mov	r3, r0
 1369 02e4 7B82     		strh	r3, [r7, #18]	@ movhi
 275:C:/Users/leonardo/Desktop/Code/Github/DawnBGC/Dawn/DawnBLDC\dawn_bldc.c ****             PhaseB = PhaseC + (-X);
 1370              		.loc 1 275 29
 1371 02e6 BB8B     		ldrh	r3, [r7, #28]
 1372              		.loc 1 275 20
 1373 02e8 7A8A     		ldrh	r2, [r7, #18]	@ movhi
 1374 02ea D31A     		subs	r3, r2, r3
 1375 02ec BB82     		strh	r3, [r7, #20]	@ movhi
 276:C:/Users/leonardo/Desktop/Code/Github/DawnBGC/Dawn/DawnBLDC\dawn_bldc.c ****             PhaseA = PhaseB + Z;
 1376              		.loc 1 276 29
 1377 02ee 3A8B     		ldrh	r2, [r7, #24]
 1378              		.loc 1 276 20
 1379 02f0 BB8A     		ldrh	r3, [r7, #20]	@ movhi
 1380 02f2 1344     		add	r3, r3, r2
 1381 02f4 FB82     		strh	r3, [r7, #22]	@ movhi
 277:C:/Users/leonardo/Desktop/Code/Github/DawnBGC/Dawn/DawnBLDC\dawn_bldc.c ****             break;
 1382              		.loc 1 277 13
 1383 02f6 89E0     		b	.L69
 1384              	.L63:
 278:C:/Users/leonardo/Desktop/Code/Github/DawnBGC/Dawn/DawnBLDC\dawn_bldc.c **** 
 279:C:/Users/leonardo/Desktop/Code/Github/DawnBGC/Dawn/DawnBLDC\dawn_bldc.c ****          case SECTOR_5:
 280:C:/Users/leonardo/Desktop/Code/Github/DawnBGC/Dawn/DawnBLDC\dawn_bldc.c ****             t = X + (-Y);
 1385              		.loc 1 280 19
 1386 02f8 BA8B     		ldrh	r2, [r7, #28]
 1387 02fa 7B8B     		ldrh	r3, [r7, #26]
 1388 02fc D31A     		subs	r3, r2, r3
 1389 02fe 9BB2     		uxth	r3, r3
 1390              		.loc 1 280 15
 1391 0300 BB81     		strh	r3, [r7, #12]	@ movhi
 281:C:/Users/leonardo/Desktop/Code/Github/DawnBGC/Dawn/DawnBLDC\dawn_bldc.c ****             if(t > T_MAX_LIMIT)
 1392              		.loc 1 281 15
 1393 0302 B7F90C30 		ldrsh	r3, [r7, #12]
 1394 0306 40F2E242 		movw	r2, #1250
 1395 030a 9342     		cmp	r3, r2
 1396 030c 15DD     		ble	.L73
 282:C:/Users/leonardo/Desktop/Code/Github/DawnBGC/Dawn/DawnBLDC\dawn_bldc.c ****             {
 283:C:/Users/leonardo/Desktop/Code/Github/DawnBGC/Dawn/DawnBLDC\dawn_bldc.c ****                 X = (int32_t)X * (int32_t)T_MAX_LIMIT / (int32_t)t;
 1397              		.loc 1 283 21
 1398 030e B7F91C30 		ldrsh	r3, [r7, #28]
 1399              		.loc 1 283 32
 1400 0312 40F2E242 		movw	r2, #1250
 1401 0316 02FB03F2 		mul	r2, r2, r3
 1402              		.loc 1 283 57
 1403 031a B7F90C30 		ldrsh	r3, [r7, #12]
 1404              		.loc 1 283 55
 1405 031e 92FBF3F3 		sdiv	r3, r2, r3
 1406              		.loc 1 283 19
 1407 0322 BB83     		strh	r3, [r7, #28]	@ movhi
 284:C:/Users/leonardo/Desktop/Code/Github/DawnBGC/Dawn/DawnBLDC\dawn_bldc.c ****                 Y = (int32_t)Y * (int32_t)T_MAX_LIMIT / (int32_t)t;
 1408              		.loc 1 284 21
 1409 0324 B7F91A30 		ldrsh	r3, [r7, #26]
 1410              		.loc 1 284 32
 1411 0328 40F2E242 		movw	r2, #1250
 1412 032c 02FB03F2 		mul	r2, r2, r3
 1413              		.loc 1 284 57
 1414 0330 B7F90C30 		ldrsh	r3, [r7, #12]
 1415              		.loc 1 284 55
 1416 0334 92FBF3F3 		sdiv	r3, r2, r3
 1417              		.loc 1 284 19
 1418 0338 7B83     		strh	r3, [r7, #26]	@ movhi
 1419              	.L73:
 285:C:/Users/leonardo/Desktop/Code/Github/DawnBGC/Dawn/DawnBLDC\dawn_bldc.c ****             }
 286:C:/Users/leonardo/Desktop/Code/Github/DawnBGC/Dawn/DawnBLDC\dawn_bldc.c ****             PhaseB = (T_QUARTER) - (X + (-Y)) * 0.5f;
 1420              		.loc 1 286 39
 1421 033a B7F91C20 		ldrsh	r2, [r7, #28]
 1422 033e B7F91A30 		ldrsh	r3, [r7, #26]
 1423 0342 D31A     		subs	r3, r2, r3
 1424              		.loc 1 286 47
 1425 0344 1846     		mov	r0, r3
 1426 0346 FFF7FEFF 		bl	__aeabi_i2f
 1427              	.LVL47:
 1428 034a 0346     		mov	r3, r0
 1429 034c 4FF07C51 		mov	r1, #1056964608
 1430 0350 1846     		mov	r0, r3
 1431 0352 FFF7FEFF 		bl	__aeabi_fmul
 1432              	.LVL48:
 1433 0356 0346     		mov	r3, r0
 1434              		.loc 1 286 34
 1435 0358 1946     		mov	r1, r3
 1436 035a 3248     		ldr	r0, .L81
 1437 035c FFF7FEFF 		bl	__aeabi_fsub
 1438              	.LVL49:
 1439 0360 0346     		mov	r3, r0
 1440              		.loc 1 286 20
 1441 0362 1846     		mov	r0, r3
 1442 0364 FFF7FEFF 		bl	__aeabi_f2uiz
 1443              	.LVL50:
 1444 0368 0346     		mov	r3, r0
 1445 036a BB82     		strh	r3, [r7, #20]	@ movhi
 287:C:/Users/leonardo/Desktop/Code/Github/DawnBGC/Dawn/DawnBLDC\dawn_bldc.c ****             PhaseC = PhaseB + X;
 1446              		.loc 1 287 29
 1447 036c BA8B     		ldrh	r2, [r7, #28]
 1448              		.loc 1 287 20
 1449 036e BB8A     		ldrh	r3, [r7, #20]	@ movhi
 1450 0370 1344     		add	r3, r3, r2
 1451 0372 7B82     		strh	r3, [r7, #18]	@ movhi
 288:C:/Users/leonardo/Desktop/Code/Github/DawnBGC/Dawn/DawnBLDC\dawn_bldc.c ****             PhaseA = PhaseC + (-Y);
 1452              		.loc 1 288 29
 1453 0374 7B8B     		ldrh	r3, [r7, #26]
 1454              		.loc 1 288 20
 1455 0376 7A8A     		ldrh	r2, [r7, #18]	@ movhi
 1456 0378 D31A     		subs	r3, r2, r3
 1457 037a FB82     		strh	r3, [r7, #22]	@ movhi
 289:C:/Users/leonardo/Desktop/Code/Github/DawnBGC/Dawn/DawnBLDC\dawn_bldc.c ****             break;
 1458              		.loc 1 289 13
 1459 037c 46E0     		b	.L69
 1460              	.L61:
 290:C:/Users/leonardo/Desktop/Code/Github/DawnBGC/Dawn/DawnBLDC\dawn_bldc.c **** 
 291:C:/Users/leonardo/Desktop/Code/Github/DawnBGC/Dawn/DawnBLDC\dawn_bldc.c ****          case SECTOR_6:
 292:C:/Users/leonardo/Desktop/Code/Github/DawnBGC/Dawn/DawnBLDC\dawn_bldc.c ****             t = (-Y) + (-Z);
 1461              		.loc 1 292 22
 1462 037e 7B8B     		ldrh	r3, [r7, #26]
 1463 0380 5B42     		rsbs	r3, r3, #0
 1464 0382 9AB2     		uxth	r2, r3
 1465 0384 3B8B     		ldrh	r3, [r7, #24]
 1466 0386 D31A     		subs	r3, r2, r3
 1467 0388 9BB2     		uxth	r3, r3
 1468              		.loc 1 292 15
 1469 038a BB81     		strh	r3, [r7, #12]	@ movhi
 293:C:/Users/leonardo/Desktop/Code/Github/DawnBGC/Dawn/DawnBLDC\dawn_bldc.c ****             if(t > T_MAX_LIMIT)
 1470              		.loc 1 293 15
 1471 038c B7F90C30 		ldrsh	r3, [r7, #12]
 1472 0390 40F2E242 		movw	r2, #1250
 1473 0394 9342     		cmp	r3, r2
 1474 0396 15DD     		ble	.L74
 294:C:/Users/leonardo/Desktop/Code/Github/DawnBGC/Dawn/DawnBLDC\dawn_bldc.c ****             {
 295:C:/Users/leonardo/Desktop/Code/Github/DawnBGC/Dawn/DawnBLDC\dawn_bldc.c ****                 Y = (int32_t)Y * (int32_t)T_MAX_LIMIT / (int32_t)t;
 1475              		.loc 1 295 21
 1476 0398 B7F91A30 		ldrsh	r3, [r7, #26]
 1477              		.loc 1 295 32
 1478 039c 40F2E242 		movw	r2, #1250
 1479 03a0 02FB03F2 		mul	r2, r2, r3
 1480              		.loc 1 295 57
 1481 03a4 B7F90C30 		ldrsh	r3, [r7, #12]
 1482              		.loc 1 295 55
 1483 03a8 92FBF3F3 		sdiv	r3, r2, r3
 1484              		.loc 1 295 19
 1485 03ac 7B83     		strh	r3, [r7, #26]	@ movhi
 296:C:/Users/leonardo/Desktop/Code/Github/DawnBGC/Dawn/DawnBLDC\dawn_bldc.c ****                 Z = (int32_t)Z * (int32_t)T_MAX_LIMIT / (int32_t)t;
 1486              		.loc 1 296 21
 1487 03ae B7F91830 		ldrsh	r3, [r7, #24]
 1488              		.loc 1 296 32
 1489 03b2 40F2E242 		movw	r2, #1250
 1490 03b6 02FB03F2 		mul	r2, r2, r3
 1491              		.loc 1 296 57
 1492 03ba B7F90C30 		ldrsh	r3, [r7, #12]
 1493              		.loc 1 296 55
 1494 03be 92FBF3F3 		sdiv	r3, r2, r3
 1495              		.loc 1 296 19
 1496 03c2 3B83     		strh	r3, [r7, #24]	@ movhi
 1497              	.L74:
 297:C:/Users/leonardo/Desktop/Code/Github/DawnBGC/Dawn/DawnBLDC\dawn_bldc.c ****             }
 298:C:/Users/leonardo/Desktop/Code/Github/DawnBGC/Dawn/DawnBLDC\dawn_bldc.c ****             PhaseC = (T_QUARTER) - ((-Y) + (-Z)) * 0.5f;
 1498              		.loc 1 298 38
 1499 03c4 B7F91A30 		ldrsh	r3, [r7, #26]
 1500 03c8 5A42     		rsbs	r2, r3, #0
 1501              		.loc 1 298 42
 1502 03ca B7F91830 		ldrsh	r3, [r7, #24]
 1503 03ce D31A     		subs	r3, r2, r3
 1504              		.loc 1 298 50
 1505 03d0 1846     		mov	r0, r3
 1506 03d2 FFF7FEFF 		bl	__aeabi_i2f
 1507              	.LVL51:
 1508 03d6 0346     		mov	r3, r0
 1509 03d8 4FF07C51 		mov	r1, #1056964608
 1510 03dc 1846     		mov	r0, r3
 1511 03de FFF7FEFF 		bl	__aeabi_fmul
 1512              	.LVL52:
 1513 03e2 0346     		mov	r3, r0
 1514              		.loc 1 298 34
 1515 03e4 1946     		mov	r1, r3
 1516 03e6 0F48     		ldr	r0, .L81
 1517 03e8 FFF7FEFF 		bl	__aeabi_fsub
 1518              	.LVL53:
 1519 03ec 0346     		mov	r3, r0
 1520              		.loc 1 298 20
 1521 03ee 1846     		mov	r0, r3
 1522 03f0 FFF7FEFF 		bl	__aeabi_f2uiz
 1523              	.LVL54:
 1524 03f4 0346     		mov	r3, r0
 1525 03f6 7B82     		strh	r3, [r7, #18]	@ movhi
 299:C:/Users/leonardo/Desktop/Code/Github/DawnBGC/Dawn/DawnBLDC\dawn_bldc.c ****             PhaseA = PhaseC + (-Y);
 1526              		.loc 1 299 29
 1527 03f8 7B8B     		ldrh	r3, [r7, #26]
 1528              		.loc 1 299 20
 1529 03fa 7A8A     		ldrh	r2, [r7, #18]	@ movhi
 1530 03fc D31A     		subs	r3, r2, r3
 1531 03fe FB82     		strh	r3, [r7, #22]	@ movhi
 300:C:/Users/leonardo/Desktop/Code/Github/DawnBGC/Dawn/DawnBLDC\dawn_bldc.c ****             PhaseB = PhaseA + (-Z);
 1532              		.loc 1 300 29
 1533 0400 3B8B     		ldrh	r3, [r7, #24]
 1534              		.loc 1 300 20
 1535 0402 FA8A     		ldrh	r2, [r7, #22]	@ movhi
 1536 0404 D31A     		subs	r3, r2, r3
 1537 0406 BB82     		strh	r3, [r7, #20]	@ movhi
 301:C:/Users/leonardo/Desktop/Code/Github/DawnBGC/Dawn/DawnBLDC\dawn_bldc.c ****             break;
 1538              		.loc 1 301 13
 1539 0408 00E0     		b	.L69
 1540              	.L79:
 302:C:/Users/leonardo/Desktop/Code/Github/DawnBGC/Dawn/DawnBLDC\dawn_bldc.c **** 
 303:C:/Users/leonardo/Desktop/Code/Github/DawnBGC/Dawn/DawnBLDC\dawn_bldc.c ****         default:
 304:C:/Users/leonardo/Desktop/Code/Github/DawnBGC/Dawn/DawnBLDC\dawn_bldc.c ****             break;
 1541              		.loc 1 304 13
 1542 040a 00BF     		nop
 1543              	.L69:
 305:C:/Users/leonardo/Desktop/Code/Github/DawnBGC/Dawn/DawnBLDC\dawn_bldc.c ****     }
 306:C:/Users/leonardo/Desktop/Code/Github/DawnBGC/Dawn/DawnBLDC\dawn_bldc.c ****     
 307:C:/Users/leonardo/Desktop/Code/Github/DawnBGC/Dawn/DawnBLDC\dawn_bldc.c ****     switch(BLDCStruct->BLDCId)
 1544              		.loc 1 307 22
 1545 040c 7B68     		ldr	r3, [r7, #4]
 1546 040e 1B78     		ldrb	r3, [r3]	@ zero_extendqisi2
 1547              		.loc 1 307 5
 1548 0410 022B     		cmp	r3, #2
 1549 0412 09D0     		beq	.L75
 1550 0414 022B     		cmp	r3, #2
 1551 0416 25DC     		bgt	.L80
 1552 0418 002B     		cmp	r3, #0
 1553 041a 19D0     		beq	.L77
 1554 041c 012B     		cmp	r3, #1
 1555 041e 0DD0     		beq	.L78
 308:C:/Users/leonardo/Desktop/Code/Github/DawnBGC/Dawn/DawnBLDC\dawn_bldc.c ****     {
 309:C:/Users/leonardo/Desktop/Code/Github/DawnBGC/Dawn/DawnBLDC\dawn_bldc.c ****         case BLDC_ID_YAW:
 310:C:/Users/leonardo/Desktop/Code/Github/DawnBGC/Dawn/DawnBLDC\dawn_bldc.c ****             
 311:C:/Users/leonardo/Desktop/Code/Github/DawnBGC/Dawn/DawnBLDC\dawn_bldc.c **** 						TIMER_CH0CV(TIMER0) = PhaseB;
 312:C:/Users/leonardo/Desktop/Code/Github/DawnBGC/Dawn/DawnBLDC\dawn_bldc.c ****             TIMER_CH1CV(TIMER0) = PhaseC;
 313:C:/Users/leonardo/Desktop/Code/Github/DawnBGC/Dawn/DawnBLDC\dawn_bldc.c ****             TIMER_CH2CV(TIMER0) = PhaseA;    
 314:C:/Users/leonardo/Desktop/Code/Github/DawnBGC/Dawn/DawnBLDC\dawn_bldc.c ****             break;					
 315:C:/Users/leonardo/Desktop/Code/Github/DawnBGC/Dawn/DawnBLDC\dawn_bldc.c **** 				
 316:C:/Users/leonardo/Desktop/Code/Github/DawnBGC/Dawn/DawnBLDC\dawn_bldc.c ****         case BLDC_ID_ROLL:
 317:C:/Users/leonardo/Desktop/Code/Github/DawnBGC/Dawn/DawnBLDC\dawn_bldc.c ****             TIMER_CH0CV(TIMER1) = PhaseA;
 318:C:/Users/leonardo/Desktop/Code/Github/DawnBGC/Dawn/DawnBLDC\dawn_bldc.c ****             TIMER_CH1CV(TIMER1) = PhaseC;
 319:C:/Users/leonardo/Desktop/Code/Github/DawnBGC/Dawn/DawnBLDC\dawn_bldc.c ****             TIMER_CH2CV(TIMER1) = PhaseB;
 320:C:/Users/leonardo/Desktop/Code/Github/DawnBGC/Dawn/DawnBLDC\dawn_bldc.c ****             break;
 321:C:/Users/leonardo/Desktop/Code/Github/DawnBGC/Dawn/DawnBLDC\dawn_bldc.c ****         
 322:C:/Users/leonardo/Desktop/Code/Github/DawnBGC/Dawn/DawnBLDC\dawn_bldc.c ****         case BLDC_ID_PITCH:
 323:C:/Users/leonardo/Desktop/Code/Github/DawnBGC/Dawn/DawnBLDC\dawn_bldc.c ****             TIMER_CH0CV(TIMER7) = PhaseC;
 324:C:/Users/leonardo/Desktop/Code/Github/DawnBGC/Dawn/DawnBLDC\dawn_bldc.c ****             TIMER_CH1CV(TIMER7) = PhaseB;
 325:C:/Users/leonardo/Desktop/Code/Github/DawnBGC/Dawn/DawnBLDC\dawn_bldc.c ****             TIMER_CH2CV(TIMER7) = PhaseA;
 326:C:/Users/leonardo/Desktop/Code/Github/DawnBGC/Dawn/DawnBLDC\dawn_bldc.c ****             break;
 327:C:/Users/leonardo/Desktop/Code/Github/DawnBGC/Dawn/DawnBLDC\dawn_bldc.c ****     }
 328:C:/Users/leonardo/Desktop/Code/Github/DawnBGC/Dawn/DawnBLDC\dawn_bldc.c **** }
 1556              		.loc 1 328 1
 1557 0420 20E0     		b	.L80
 1558              	.L82:
 1559 0422 00BF     		.align	2
 1560              	.L81:
 1561 0424 00401C44 		.word	1142702080
 1562              	.L75:
 311:C:/Users/leonardo/Desktop/Code/Github/DawnBGC/Dawn/DawnBLDC\dawn_bldc.c ****             TIMER_CH1CV(TIMER0) = PhaseC;
 1563              		.loc 1 311 7
 1564 0428 104A     		ldr	r2, .L83
 311:C:/Users/leonardo/Desktop/Code/Github/DawnBGC/Dawn/DawnBLDC\dawn_bldc.c ****             TIMER_CH1CV(TIMER0) = PhaseC;
 1565              		.loc 1 311 27
 1566 042a BB8A     		ldrh	r3, [r7, #20]
 1567 042c 1360     		str	r3, [r2]
 312:C:/Users/leonardo/Desktop/Code/Github/DawnBGC/Dawn/DawnBLDC\dawn_bldc.c ****             TIMER_CH2CV(TIMER0) = PhaseA;    
 1568              		.loc 1 312 13
 1569 042e 104A     		ldr	r2, .L83+4
 312:C:/Users/leonardo/Desktop/Code/Github/DawnBGC/Dawn/DawnBLDC\dawn_bldc.c ****             TIMER_CH2CV(TIMER0) = PhaseA;    
 1570              		.loc 1 312 33
 1571 0430 7B8A     		ldrh	r3, [r7, #18]
 1572 0432 1360     		str	r3, [r2]
 313:C:/Users/leonardo/Desktop/Code/Github/DawnBGC/Dawn/DawnBLDC\dawn_bldc.c ****             break;					
 1573              		.loc 1 313 13
 1574 0434 0F4A     		ldr	r2, .L83+8
 313:C:/Users/leonardo/Desktop/Code/Github/DawnBGC/Dawn/DawnBLDC\dawn_bldc.c ****             break;					
 1575              		.loc 1 313 33
 1576 0436 FB8A     		ldrh	r3, [r7, #22]
 1577 0438 1360     		str	r3, [r2]
 314:C:/Users/leonardo/Desktop/Code/Github/DawnBGC/Dawn/DawnBLDC\dawn_bldc.c **** 				
 1578              		.loc 1 314 13
 1579 043a 13E0     		b	.L76
 1580              	.L78:
 317:C:/Users/leonardo/Desktop/Code/Github/DawnBGC/Dawn/DawnBLDC\dawn_bldc.c ****             TIMER_CH1CV(TIMER1) = PhaseC;
 1581              		.loc 1 317 13
 1582 043c 0E4A     		ldr	r2, .L83+12
 317:C:/Users/leonardo/Desktop/Code/Github/DawnBGC/Dawn/DawnBLDC\dawn_bldc.c ****             TIMER_CH1CV(TIMER1) = PhaseC;
 1583              		.loc 1 317 33
 1584 043e FB8A     		ldrh	r3, [r7, #22]
 1585 0440 1360     		str	r3, [r2]
 318:C:/Users/leonardo/Desktop/Code/Github/DawnBGC/Dawn/DawnBLDC\dawn_bldc.c ****             TIMER_CH2CV(TIMER1) = PhaseB;
 1586              		.loc 1 318 13
 1587 0442 0E4A     		ldr	r2, .L83+16
 318:C:/Users/leonardo/Desktop/Code/Github/DawnBGC/Dawn/DawnBLDC\dawn_bldc.c ****             TIMER_CH2CV(TIMER1) = PhaseB;
 1588              		.loc 1 318 33
 1589 0444 7B8A     		ldrh	r3, [r7, #18]
 1590 0446 1360     		str	r3, [r2]
 319:C:/Users/leonardo/Desktop/Code/Github/DawnBGC/Dawn/DawnBLDC\dawn_bldc.c ****             break;
 1591              		.loc 1 319 13
 1592 0448 0D4A     		ldr	r2, .L83+20
 319:C:/Users/leonardo/Desktop/Code/Github/DawnBGC/Dawn/DawnBLDC\dawn_bldc.c ****             break;
 1593              		.loc 1 319 33
 1594 044a BB8A     		ldrh	r3, [r7, #20]
 1595 044c 1360     		str	r3, [r2]
 320:C:/Users/leonardo/Desktop/Code/Github/DawnBGC/Dawn/DawnBLDC\dawn_bldc.c ****         
 1596              		.loc 1 320 13
 1597 044e 09E0     		b	.L76
 1598              	.L77:
 323:C:/Users/leonardo/Desktop/Code/Github/DawnBGC/Dawn/DawnBLDC\dawn_bldc.c ****             TIMER_CH1CV(TIMER7) = PhaseB;
 1599              		.loc 1 323 13
 1600 0450 0C4A     		ldr	r2, .L83+24
 323:C:/Users/leonardo/Desktop/Code/Github/DawnBGC/Dawn/DawnBLDC\dawn_bldc.c ****             TIMER_CH1CV(TIMER7) = PhaseB;
 1601              		.loc 1 323 33
 1602 0452 7B8A     		ldrh	r3, [r7, #18]
 1603 0454 1360     		str	r3, [r2]
 324:C:/Users/leonardo/Desktop/Code/Github/DawnBGC/Dawn/DawnBLDC\dawn_bldc.c ****             TIMER_CH2CV(TIMER7) = PhaseA;
 1604              		.loc 1 324 13
 1605 0456 0C4A     		ldr	r2, .L83+28
 324:C:/Users/leonardo/Desktop/Code/Github/DawnBGC/Dawn/DawnBLDC\dawn_bldc.c ****             TIMER_CH2CV(TIMER7) = PhaseA;
 1606              		.loc 1 324 33
 1607 0458 BB8A     		ldrh	r3, [r7, #20]
 1608 045a 1360     		str	r3, [r2]
 325:C:/Users/leonardo/Desktop/Code/Github/DawnBGC/Dawn/DawnBLDC\dawn_bldc.c ****             break;
 1609              		.loc 1 325 13
 1610 045c 0B4A     		ldr	r2, .L83+32
 325:C:/Users/leonardo/Desktop/Code/Github/DawnBGC/Dawn/DawnBLDC\dawn_bldc.c ****             break;
 1611              		.loc 1 325 33
 1612 045e FB8A     		ldrh	r3, [r7, #22]
 1613 0460 1360     		str	r3, [r2]
 326:C:/Users/leonardo/Desktop/Code/Github/DawnBGC/Dawn/DawnBLDC\dawn_bldc.c ****     }
 1614              		.loc 1 326 13
 1615 0462 00BF     		nop
 1616              	.L76:
 1617              	.L80:
 1618              		.loc 1 328 1
 1619 0464 00BF     		nop
 1620 0466 2037     		adds	r7, r7, #32
 1621              		.cfi_def_cfa_offset 8
 1622 0468 BD46     		mov	sp, r7
 1623              		.cfi_def_cfa_register 13
 1624              		@ sp needed
 1625 046a 80BD     		pop	{r7, pc}
 1626              	.L84:
 1627              		.align	2
 1628              	.L83:
 1629 046c 34000140 		.word	1073807412
 1630 0470 38000140 		.word	1073807416
 1631 0474 3C000140 		.word	1073807420
 1632 0478 34000040 		.word	1073741876
 1633 047c 38000040 		.word	1073741880
 1634 0480 3C000040 		.word	1073741884
 1635 0484 34040140 		.word	1073808436
 1636 0488 38040140 		.word	1073808440
 1637 048c 3C040140 		.word	1073808444
 1638              		.cfi_endproc
 1639              	.LFE163:
 1641              		.section	.text.TurnOnPWM,"ax",%progbits
 1642              		.align	1
 1643              		.global	TurnOnPWM
 1644              		.syntax unified
 1645              		.thumb
 1646              		.thumb_func
 1647              		.fpu softvfp
 1649              	TurnOnPWM:
 1650              	.LFB164:
 329:C:/Users/leonardo/Desktop/Code/Github/DawnBGC/Dawn/DawnBLDC\dawn_bldc.c **** 
 330:C:/Users/leonardo/Desktop/Code/Github/DawnBGC/Dawn/DawnBLDC\dawn_bldc.c **** void TurnOnPWM(BLDCStruct *BLDCStruct)
 331:C:/Users/leonardo/Desktop/Code/Github/DawnBGC/Dawn/DawnBLDC\dawn_bldc.c **** {
 1651              		.loc 1 331 1
 1652              		.cfi_startproc
 1653              		@ args = 0, pretend = 0, frame = 8
 1654              		@ frame_needed = 1, uses_anonymous_args = 0
 1655 0000 80B5     		push	{r7, lr}
 1656              		.cfi_def_cfa_offset 8
 1657              		.cfi_offset 7, -8
 1658              		.cfi_offset 14, -4
 1659 0002 82B0     		sub	sp, sp, #8
 1660              		.cfi_def_cfa_offset 16
 1661 0004 00AF     		add	r7, sp, #0
 1662              		.cfi_def_cfa_register 7
 1663 0006 7860     		str	r0, [r7, #4]
 332:C:/Users/leonardo/Desktop/Code/Github/DawnBGC/Dawn/DawnBLDC\dawn_bldc.c ****     switch(BLDCStruct->BLDCId)
 1664              		.loc 1 332 22
 1665 0008 7B68     		ldr	r3, [r7, #4]
 1666 000a 1B78     		ldrb	r3, [r3]	@ zero_extendqisi2
 1667              		.loc 1 332 5
 1668 000c 022B     		cmp	r3, #2
 1669 000e 06D0     		beq	.L86
 1670 0010 022B     		cmp	r3, #2
 1671 0012 5BDC     		bgt	.L90
 1672 0014 002B     		cmp	r3, #0
 1673 0016 3DD0     		beq	.L88
 1674 0018 012B     		cmp	r3, #1
 1675 001a 1CD0     		beq	.L89
 333:C:/Users/leonardo/Desktop/Code/Github/DawnBGC/Dawn/DawnBLDC\dawn_bldc.c ****     {
 334:C:/Users/leonardo/Desktop/Code/Github/DawnBGC/Dawn/DawnBLDC\dawn_bldc.c ****         case BLDC_ID_YAW:
 335:C:/Users/leonardo/Desktop/Code/Github/DawnBGC/Dawn/DawnBLDC\dawn_bldc.c ****             TIMER_CH0CV(TIMER0) = HALF_PWM_PERIOD * 0.5f;
 336:C:/Users/leonardo/Desktop/Code/Github/DawnBGC/Dawn/DawnBLDC\dawn_bldc.c ****             TIMER_CH1CV(TIMER0) = HALF_PWM_PERIOD * 0.5f;
 337:C:/Users/leonardo/Desktop/Code/Github/DawnBGC/Dawn/DawnBLDC\dawn_bldc.c ****             TIMER_CH2CV(TIMER0) = HALF_PWM_PERIOD * 0.5f;
 338:C:/Users/leonardo/Desktop/Code/Github/DawnBGC/Dawn/DawnBLDC\dawn_bldc.c ****             
 339:C:/Users/leonardo/Desktop/Code/Github/DawnBGC/Dawn/DawnBLDC\dawn_bldc.c ****             timer_channel_output_state_config(TIMER0, TIMER_CH_0, TIMER_CCX_ENABLE);
 340:C:/Users/leonardo/Desktop/Code/Github/DawnBGC/Dawn/DawnBLDC\dawn_bldc.c ****             timer_channel_output_state_config(TIMER0, TIMER_CH_1, TIMER_CCX_ENABLE);
 341:C:/Users/leonardo/Desktop/Code/Github/DawnBGC/Dawn/DawnBLDC\dawn_bldc.c ****             timer_channel_output_state_config(TIMER0, TIMER_CH_2, TIMER_CCX_ENABLE);
 342:C:/Users/leonardo/Desktop/Code/Github/DawnBGC/Dawn/DawnBLDC\dawn_bldc.c ****             break;
 343:C:/Users/leonardo/Desktop/Code/Github/DawnBGC/Dawn/DawnBLDC\dawn_bldc.c ****         
 344:C:/Users/leonardo/Desktop/Code/Github/DawnBGC/Dawn/DawnBLDC\dawn_bldc.c ****         case BLDC_ID_ROLL:
 345:C:/Users/leonardo/Desktop/Code/Github/DawnBGC/Dawn/DawnBLDC\dawn_bldc.c **** 
 346:C:/Users/leonardo/Desktop/Code/Github/DawnBGC/Dawn/DawnBLDC\dawn_bldc.c ****             TIMER_CH0CV(TIMER1) = HALF_PWM_PERIOD * 0.5f;
 347:C:/Users/leonardo/Desktop/Code/Github/DawnBGC/Dawn/DawnBLDC\dawn_bldc.c ****             TIMER_CH1CV(TIMER1) = HALF_PWM_PERIOD * 0.5f;
 348:C:/Users/leonardo/Desktop/Code/Github/DawnBGC/Dawn/DawnBLDC\dawn_bldc.c ****             TIMER_CH2CV(TIMER1) = HALF_PWM_PERIOD * 0.5f;
 349:C:/Users/leonardo/Desktop/Code/Github/DawnBGC/Dawn/DawnBLDC\dawn_bldc.c ****             
 350:C:/Users/leonardo/Desktop/Code/Github/DawnBGC/Dawn/DawnBLDC\dawn_bldc.c ****             timer_channel_output_state_config(TIMER1, TIMER_CH_0, TIMER_CCX_ENABLE);
 351:C:/Users/leonardo/Desktop/Code/Github/DawnBGC/Dawn/DawnBLDC\dawn_bldc.c ****             timer_channel_output_state_config(TIMER1, TIMER_CH_1, TIMER_CCX_ENABLE);
 352:C:/Users/leonardo/Desktop/Code/Github/DawnBGC/Dawn/DawnBLDC\dawn_bldc.c ****             timer_channel_output_state_config(TIMER1, TIMER_CH_2, TIMER_CCX_ENABLE);
 353:C:/Users/leonardo/Desktop/Code/Github/DawnBGC/Dawn/DawnBLDC\dawn_bldc.c ****             break;
 354:C:/Users/leonardo/Desktop/Code/Github/DawnBGC/Dawn/DawnBLDC\dawn_bldc.c ****         
 355:C:/Users/leonardo/Desktop/Code/Github/DawnBGC/Dawn/DawnBLDC\dawn_bldc.c ****         case BLDC_ID_PITCH:
 356:C:/Users/leonardo/Desktop/Code/Github/DawnBGC/Dawn/DawnBLDC\dawn_bldc.c ****             TIMER_CH0CV(TIMER7) = HALF_PWM_PERIOD * 0.5f;
 357:C:/Users/leonardo/Desktop/Code/Github/DawnBGC/Dawn/DawnBLDC\dawn_bldc.c ****             TIMER_CH1CV(TIMER7) = HALF_PWM_PERIOD * 0.5f;
 358:C:/Users/leonardo/Desktop/Code/Github/DawnBGC/Dawn/DawnBLDC\dawn_bldc.c ****             TIMER_CH2CV(TIMER7) = HALF_PWM_PERIOD * 0.5f;
 359:C:/Users/leonardo/Desktop/Code/Github/DawnBGC/Dawn/DawnBLDC\dawn_bldc.c ****             
 360:C:/Users/leonardo/Desktop/Code/Github/DawnBGC/Dawn/DawnBLDC\dawn_bldc.c ****             timer_channel_output_state_config(TIMER7, TIMER_CH_0, TIMER_CCX_ENABLE);
 361:C:/Users/leonardo/Desktop/Code/Github/DawnBGC/Dawn/DawnBLDC\dawn_bldc.c ****             timer_channel_output_state_config(TIMER7, TIMER_CH_1, TIMER_CCX_ENABLE);
 362:C:/Users/leonardo/Desktop/Code/Github/DawnBGC/Dawn/DawnBLDC\dawn_bldc.c ****             timer_channel_output_state_config(TIMER7, TIMER_CH_2, TIMER_CCX_ENABLE);
 363:C:/Users/leonardo/Desktop/Code/Github/DawnBGC/Dawn/DawnBLDC\dawn_bldc.c ****             break;
 364:C:/Users/leonardo/Desktop/Code/Github/DawnBGC/Dawn/DawnBLDC\dawn_bldc.c ****     }
 365:C:/Users/leonardo/Desktop/Code/Github/DawnBGC/Dawn/DawnBLDC\dawn_bldc.c **** }
 1676              		.loc 1 365 1
 1677 001c 56E0     		b	.L90
 1678              	.L86:
 335:C:/Users/leonardo/Desktop/Code/Github/DawnBGC/Dawn/DawnBLDC\dawn_bldc.c ****             TIMER_CH1CV(TIMER0) = HALF_PWM_PERIOD * 0.5f;
 1679              		.loc 1 335 13
 1680 001e 2D4B     		ldr	r3, .L91
 335:C:/Users/leonardo/Desktop/Code/Github/DawnBGC/Dawn/DawnBLDC\dawn_bldc.c ****             TIMER_CH1CV(TIMER0) = HALF_PWM_PERIOD * 0.5f;
 1681              		.loc 1 335 33
 1682 0020 40F27122 		movw	r2, #625
 1683 0024 1A60     		str	r2, [r3]
 336:C:/Users/leonardo/Desktop/Code/Github/DawnBGC/Dawn/DawnBLDC\dawn_bldc.c ****             TIMER_CH2CV(TIMER0) = HALF_PWM_PERIOD * 0.5f;
 1684              		.loc 1 336 13
 1685 0026 2C4B     		ldr	r3, .L91+4
 336:C:/Users/leonardo/Desktop/Code/Github/DawnBGC/Dawn/DawnBLDC\dawn_bldc.c ****             TIMER_CH2CV(TIMER0) = HALF_PWM_PERIOD * 0.5f;
 1686              		.loc 1 336 33
 1687 0028 40F27122 		movw	r2, #625
 1688 002c 1A60     		str	r2, [r3]
 337:C:/Users/leonardo/Desktop/Code/Github/DawnBGC/Dawn/DawnBLDC\dawn_bldc.c ****             
 1689              		.loc 1 337 13
 1690 002e 2B4B     		ldr	r3, .L91+8
 337:C:/Users/leonardo/Desktop/Code/Github/DawnBGC/Dawn/DawnBLDC\dawn_bldc.c ****             
 1691              		.loc 1 337 33
 1692 0030 40F27122 		movw	r2, #625
 1693 0034 1A60     		str	r2, [r3]
 339:C:/Users/leonardo/Desktop/Code/Github/DawnBGC/Dawn/DawnBLDC\dawn_bldc.c ****             timer_channel_output_state_config(TIMER0, TIMER_CH_1, TIMER_CCX_ENABLE);
 1694              		.loc 1 339 13
 1695 0036 0122     		movs	r2, #1
 1696 0038 0021     		movs	r1, #0
 1697 003a 2948     		ldr	r0, .L91+12
 1698 003c FFF7FEFF 		bl	timer_channel_output_state_config
 340:C:/Users/leonardo/Desktop/Code/Github/DawnBGC/Dawn/DawnBLDC\dawn_bldc.c ****             timer_channel_output_state_config(TIMER0, TIMER_CH_2, TIMER_CCX_ENABLE);
 1699              		.loc 1 340 13
 1700 0040 0122     		movs	r2, #1
 1701 0042 0121     		movs	r1, #1
 1702 0044 2648     		ldr	r0, .L91+12
 1703 0046 FFF7FEFF 		bl	timer_channel_output_state_config
 341:C:/Users/leonardo/Desktop/Code/Github/DawnBGC/Dawn/DawnBLDC\dawn_bldc.c ****             break;
 1704              		.loc 1 341 13
 1705 004a 0122     		movs	r2, #1
 1706 004c 0221     		movs	r1, #2
 1707 004e 2448     		ldr	r0, .L91+12
 1708 0050 FFF7FEFF 		bl	timer_channel_output_state_config
 342:C:/Users/leonardo/Desktop/Code/Github/DawnBGC/Dawn/DawnBLDC\dawn_bldc.c ****         
 1709              		.loc 1 342 13
 1710 0054 3AE0     		b	.L87
 1711              	.L89:
 346:C:/Users/leonardo/Desktop/Code/Github/DawnBGC/Dawn/DawnBLDC\dawn_bldc.c ****             TIMER_CH1CV(TIMER1) = HALF_PWM_PERIOD * 0.5f;
 1712              		.loc 1 346 13
 1713 0056 234B     		ldr	r3, .L91+16
 346:C:/Users/leonardo/Desktop/Code/Github/DawnBGC/Dawn/DawnBLDC\dawn_bldc.c ****             TIMER_CH1CV(TIMER1) = HALF_PWM_PERIOD * 0.5f;
 1714              		.loc 1 346 33
 1715 0058 40F27122 		movw	r2, #625
 1716 005c 1A60     		str	r2, [r3]
 347:C:/Users/leonardo/Desktop/Code/Github/DawnBGC/Dawn/DawnBLDC\dawn_bldc.c ****             TIMER_CH2CV(TIMER1) = HALF_PWM_PERIOD * 0.5f;
 1717              		.loc 1 347 13
 1718 005e 224B     		ldr	r3, .L91+20
 347:C:/Users/leonardo/Desktop/Code/Github/DawnBGC/Dawn/DawnBLDC\dawn_bldc.c ****             TIMER_CH2CV(TIMER1) = HALF_PWM_PERIOD * 0.5f;
 1719              		.loc 1 347 33
 1720 0060 40F27122 		movw	r2, #625
 1721 0064 1A60     		str	r2, [r3]
 348:C:/Users/leonardo/Desktop/Code/Github/DawnBGC/Dawn/DawnBLDC\dawn_bldc.c ****             
 1722              		.loc 1 348 13
 1723 0066 214B     		ldr	r3, .L91+24
 348:C:/Users/leonardo/Desktop/Code/Github/DawnBGC/Dawn/DawnBLDC\dawn_bldc.c ****             
 1724              		.loc 1 348 33
 1725 0068 40F27122 		movw	r2, #625
 1726 006c 1A60     		str	r2, [r3]
 350:C:/Users/leonardo/Desktop/Code/Github/DawnBGC/Dawn/DawnBLDC\dawn_bldc.c ****             timer_channel_output_state_config(TIMER1, TIMER_CH_1, TIMER_CCX_ENABLE);
 1727              		.loc 1 350 13
 1728 006e 0122     		movs	r2, #1
 1729 0070 0021     		movs	r1, #0
 1730 0072 4FF08040 		mov	r0, #1073741824
 1731 0076 FFF7FEFF 		bl	timer_channel_output_state_config
 351:C:/Users/leonardo/Desktop/Code/Github/DawnBGC/Dawn/DawnBLDC\dawn_bldc.c ****             timer_channel_output_state_config(TIMER1, TIMER_CH_2, TIMER_CCX_ENABLE);
 1732              		.loc 1 351 13
 1733 007a 0122     		movs	r2, #1
 1734 007c 0121     		movs	r1, #1
 1735 007e 4FF08040 		mov	r0, #1073741824
 1736 0082 FFF7FEFF 		bl	timer_channel_output_state_config
 352:C:/Users/leonardo/Desktop/Code/Github/DawnBGC/Dawn/DawnBLDC\dawn_bldc.c ****             break;
 1737              		.loc 1 352 13
 1738 0086 0122     		movs	r2, #1
 1739 0088 0221     		movs	r1, #2
 1740 008a 4FF08040 		mov	r0, #1073741824
 1741 008e FFF7FEFF 		bl	timer_channel_output_state_config
 353:C:/Users/leonardo/Desktop/Code/Github/DawnBGC/Dawn/DawnBLDC\dawn_bldc.c ****         
 1742              		.loc 1 353 13
 1743 0092 1BE0     		b	.L87
 1744              	.L88:
 356:C:/Users/leonardo/Desktop/Code/Github/DawnBGC/Dawn/DawnBLDC\dawn_bldc.c ****             TIMER_CH1CV(TIMER7) = HALF_PWM_PERIOD * 0.5f;
 1745              		.loc 1 356 13
 1746 0094 164B     		ldr	r3, .L91+28
 356:C:/Users/leonardo/Desktop/Code/Github/DawnBGC/Dawn/DawnBLDC\dawn_bldc.c ****             TIMER_CH1CV(TIMER7) = HALF_PWM_PERIOD * 0.5f;
 1747              		.loc 1 356 33
 1748 0096 40F27122 		movw	r2, #625
 1749 009a 1A60     		str	r2, [r3]
 357:C:/Users/leonardo/Desktop/Code/Github/DawnBGC/Dawn/DawnBLDC\dawn_bldc.c ****             TIMER_CH2CV(TIMER7) = HALF_PWM_PERIOD * 0.5f;
 1750              		.loc 1 357 13
 1751 009c 154B     		ldr	r3, .L91+32
 357:C:/Users/leonardo/Desktop/Code/Github/DawnBGC/Dawn/DawnBLDC\dawn_bldc.c ****             TIMER_CH2CV(TIMER7) = HALF_PWM_PERIOD * 0.5f;
 1752              		.loc 1 357 33
 1753 009e 40F27122 		movw	r2, #625
 1754 00a2 1A60     		str	r2, [r3]
 358:C:/Users/leonardo/Desktop/Code/Github/DawnBGC/Dawn/DawnBLDC\dawn_bldc.c ****             
 1755              		.loc 1 358 13
 1756 00a4 144B     		ldr	r3, .L91+36
 358:C:/Users/leonardo/Desktop/Code/Github/DawnBGC/Dawn/DawnBLDC\dawn_bldc.c ****             
 1757              		.loc 1 358 33
 1758 00a6 40F27122 		movw	r2, #625
 1759 00aa 1A60     		str	r2, [r3]
 360:C:/Users/leonardo/Desktop/Code/Github/DawnBGC/Dawn/DawnBLDC\dawn_bldc.c ****             timer_channel_output_state_config(TIMER7, TIMER_CH_1, TIMER_CCX_ENABLE);
 1760              		.loc 1 360 13
 1761 00ac 0122     		movs	r2, #1
 1762 00ae 0021     		movs	r1, #0
 1763 00b0 1248     		ldr	r0, .L91+40
 1764 00b2 FFF7FEFF 		bl	timer_channel_output_state_config
 361:C:/Users/leonardo/Desktop/Code/Github/DawnBGC/Dawn/DawnBLDC\dawn_bldc.c ****             timer_channel_output_state_config(TIMER7, TIMER_CH_2, TIMER_CCX_ENABLE);
 1765              		.loc 1 361 13
 1766 00b6 0122     		movs	r2, #1
 1767 00b8 0121     		movs	r1, #1
 1768 00ba 1048     		ldr	r0, .L91+40
 1769 00bc FFF7FEFF 		bl	timer_channel_output_state_config
 362:C:/Users/leonardo/Desktop/Code/Github/DawnBGC/Dawn/DawnBLDC\dawn_bldc.c ****             break;
 1770              		.loc 1 362 13
 1771 00c0 0122     		movs	r2, #1
 1772 00c2 0221     		movs	r1, #2
 1773 00c4 0D48     		ldr	r0, .L91+40
 1774 00c6 FFF7FEFF 		bl	timer_channel_output_state_config
 363:C:/Users/leonardo/Desktop/Code/Github/DawnBGC/Dawn/DawnBLDC\dawn_bldc.c ****     }
 1775              		.loc 1 363 13
 1776 00ca 00BF     		nop
 1777              	.L87:
 1778              	.L90:
 1779              		.loc 1 365 1
 1780 00cc 00BF     		nop
 1781 00ce 0837     		adds	r7, r7, #8
 1782              		.cfi_def_cfa_offset 8
 1783 00d0 BD46     		mov	sp, r7
 1784              		.cfi_def_cfa_register 13
 1785              		@ sp needed
 1786 00d2 80BD     		pop	{r7, pc}
 1787              	.L92:
 1788              		.align	2
 1789              	.L91:
 1790 00d4 34000140 		.word	1073807412
 1791 00d8 38000140 		.word	1073807416
 1792 00dc 3C000140 		.word	1073807420
 1793 00e0 00000140 		.word	1073807360
 1794 00e4 34000040 		.word	1073741876
 1795 00e8 38000040 		.word	1073741880
 1796 00ec 3C000040 		.word	1073741884
 1797 00f0 34040140 		.word	1073808436
 1798 00f4 38040140 		.word	1073808440
 1799 00f8 3C040140 		.word	1073808444
 1800 00fc 00040140 		.word	1073808384
 1801              		.cfi_endproc
 1802              	.LFE164:
 1804              		.section	.text.ShutOffPWM,"ax",%progbits
 1805              		.align	1
 1806              		.global	ShutOffPWM
 1807              		.syntax unified
 1808              		.thumb
 1809              		.thumb_func
 1810              		.fpu softvfp
 1812              	ShutOffPWM:
 1813              	.LFB165:
 366:C:/Users/leonardo/Desktop/Code/Github/DawnBGC/Dawn/DawnBLDC\dawn_bldc.c **** 
 367:C:/Users/leonardo/Desktop/Code/Github/DawnBGC/Dawn/DawnBLDC\dawn_bldc.c **** void ShutOffPWM(BLDCStruct *BLDCStruct)
 368:C:/Users/leonardo/Desktop/Code/Github/DawnBGC/Dawn/DawnBLDC\dawn_bldc.c **** {
 1814              		.loc 1 368 1
 1815              		.cfi_startproc
 1816              		@ args = 0, pretend = 0, frame = 8
 1817              		@ frame_needed = 1, uses_anonymous_args = 0
 1818 0000 80B5     		push	{r7, lr}
 1819              		.cfi_def_cfa_offset 8
 1820              		.cfi_offset 7, -8
 1821              		.cfi_offset 14, -4
 1822 0002 82B0     		sub	sp, sp, #8
 1823              		.cfi_def_cfa_offset 16
 1824 0004 00AF     		add	r7, sp, #0
 1825              		.cfi_def_cfa_register 7
 1826 0006 7860     		str	r0, [r7, #4]
 369:C:/Users/leonardo/Desktop/Code/Github/DawnBGC/Dawn/DawnBLDC\dawn_bldc.c ****     switch(BLDCStruct->BLDCId)
 1827              		.loc 1 369 22
 1828 0008 7B68     		ldr	r3, [r7, #4]
 1829 000a 1B78     		ldrb	r3, [r3]	@ zero_extendqisi2
 1830              		.loc 1 369 5
 1831 000c 022B     		cmp	r3, #2
 1832 000e 06D0     		beq	.L94
 1833 0010 022B     		cmp	r3, #2
 1834 0012 37DC     		bgt	.L98
 1835 0014 002B     		cmp	r3, #0
 1836 0016 25D0     		beq	.L96
 1837 0018 012B     		cmp	r3, #1
 1838 001a 10D0     		beq	.L97
 370:C:/Users/leonardo/Desktop/Code/Github/DawnBGC/Dawn/DawnBLDC\dawn_bldc.c ****     {
 371:C:/Users/leonardo/Desktop/Code/Github/DawnBGC/Dawn/DawnBLDC\dawn_bldc.c ****         case BLDC_ID_YAW:
 372:C:/Users/leonardo/Desktop/Code/Github/DawnBGC/Dawn/DawnBLDC\dawn_bldc.c ****             timer_channel_output_state_config(TIMER0, TIMER_CH_0, TIMER_CCX_DISABLE);
 373:C:/Users/leonardo/Desktop/Code/Github/DawnBGC/Dawn/DawnBLDC\dawn_bldc.c ****             timer_channel_output_state_config(TIMER0, TIMER_CH_1, TIMER_CCX_DISABLE);
 374:C:/Users/leonardo/Desktop/Code/Github/DawnBGC/Dawn/DawnBLDC\dawn_bldc.c ****             timer_channel_output_state_config(TIMER0, TIMER_CH_2, TIMER_CCX_DISABLE);
 375:C:/Users/leonardo/Desktop/Code/Github/DawnBGC/Dawn/DawnBLDC\dawn_bldc.c ****             break;
 376:C:/Users/leonardo/Desktop/Code/Github/DawnBGC/Dawn/DawnBLDC\dawn_bldc.c ****         
 377:C:/Users/leonardo/Desktop/Code/Github/DawnBGC/Dawn/DawnBLDC\dawn_bldc.c ****         case BLDC_ID_ROLL:
 378:C:/Users/leonardo/Desktop/Code/Github/DawnBGC/Dawn/DawnBLDC\dawn_bldc.c ****             timer_channel_output_state_config(TIMER1, TIMER_CH_0, TIMER_CCX_DISABLE);
 379:C:/Users/leonardo/Desktop/Code/Github/DawnBGC/Dawn/DawnBLDC\dawn_bldc.c ****             timer_channel_output_state_config(TIMER1, TIMER_CH_1, TIMER_CCX_DISABLE);
 380:C:/Users/leonardo/Desktop/Code/Github/DawnBGC/Dawn/DawnBLDC\dawn_bldc.c ****             timer_channel_output_state_config(TIMER1, TIMER_CH_2, TIMER_CCX_DISABLE);
 381:C:/Users/leonardo/Desktop/Code/Github/DawnBGC/Dawn/DawnBLDC\dawn_bldc.c ****             break;
 382:C:/Users/leonardo/Desktop/Code/Github/DawnBGC/Dawn/DawnBLDC\dawn_bldc.c ****         
 383:C:/Users/leonardo/Desktop/Code/Github/DawnBGC/Dawn/DawnBLDC\dawn_bldc.c ****         case BLDC_ID_PITCH:
 384:C:/Users/leonardo/Desktop/Code/Github/DawnBGC/Dawn/DawnBLDC\dawn_bldc.c ****             timer_channel_output_state_config(TIMER7, TIMER_CH_0, TIMER_CCX_DISABLE);
 385:C:/Users/leonardo/Desktop/Code/Github/DawnBGC/Dawn/DawnBLDC\dawn_bldc.c ****             timer_channel_output_state_config(TIMER7, TIMER_CH_1, TIMER_CCX_DISABLE);
 386:C:/Users/leonardo/Desktop/Code/Github/DawnBGC/Dawn/DawnBLDC\dawn_bldc.c ****             timer_channel_output_state_config(TIMER7, TIMER_CH_2, TIMER_CCX_DISABLE);
 387:C:/Users/leonardo/Desktop/Code/Github/DawnBGC/Dawn/DawnBLDC\dawn_bldc.c ****             break;
 388:C:/Users/leonardo/Desktop/Code/Github/DawnBGC/Dawn/DawnBLDC\dawn_bldc.c ****     }
 389:C:/Users/leonardo/Desktop/Code/Github/DawnBGC/Dawn/DawnBLDC\dawn_bldc.c **** }
 1839              		.loc 1 389 1
 1840 001c 32E0     		b	.L98
 1841              	.L94:
 372:C:/Users/leonardo/Desktop/Code/Github/DawnBGC/Dawn/DawnBLDC\dawn_bldc.c ****             timer_channel_output_state_config(TIMER0, TIMER_CH_1, TIMER_CCX_DISABLE);
 1842              		.loc 1 372 13
 1843 001e 0022     		movs	r2, #0
 1844 0020 0021     		movs	r1, #0
 1845 0022 1A48     		ldr	r0, .L99
 1846 0024 FFF7FEFF 		bl	timer_channel_output_state_config
 373:C:/Users/leonardo/Desktop/Code/Github/DawnBGC/Dawn/DawnBLDC\dawn_bldc.c ****             timer_channel_output_state_config(TIMER0, TIMER_CH_2, TIMER_CCX_DISABLE);
 1847              		.loc 1 373 13
 1848 0028 0022     		movs	r2, #0
 1849 002a 0121     		movs	r1, #1
 1850 002c 1748     		ldr	r0, .L99
 1851 002e FFF7FEFF 		bl	timer_channel_output_state_config
 374:C:/Users/leonardo/Desktop/Code/Github/DawnBGC/Dawn/DawnBLDC\dawn_bldc.c ****             break;
 1852              		.loc 1 374 13
 1853 0032 0022     		movs	r2, #0
 1854 0034 0221     		movs	r1, #2
 1855 0036 1548     		ldr	r0, .L99
 1856 0038 FFF7FEFF 		bl	timer_channel_output_state_config
 375:C:/Users/leonardo/Desktop/Code/Github/DawnBGC/Dawn/DawnBLDC\dawn_bldc.c ****         
 1857              		.loc 1 375 13
 1858 003c 22E0     		b	.L95
 1859              	.L97:
 378:C:/Users/leonardo/Desktop/Code/Github/DawnBGC/Dawn/DawnBLDC\dawn_bldc.c ****             timer_channel_output_state_config(TIMER1, TIMER_CH_1, TIMER_CCX_DISABLE);
 1860              		.loc 1 378 13
 1861 003e 0022     		movs	r2, #0
 1862 0040 0021     		movs	r1, #0
 1863 0042 4FF08040 		mov	r0, #1073741824
 1864 0046 FFF7FEFF 		bl	timer_channel_output_state_config
 379:C:/Users/leonardo/Desktop/Code/Github/DawnBGC/Dawn/DawnBLDC\dawn_bldc.c ****             timer_channel_output_state_config(TIMER1, TIMER_CH_2, TIMER_CCX_DISABLE);
 1865              		.loc 1 379 13
 1866 004a 0022     		movs	r2, #0
 1867 004c 0121     		movs	r1, #1
 1868 004e 4FF08040 		mov	r0, #1073741824
 1869 0052 FFF7FEFF 		bl	timer_channel_output_state_config
 380:C:/Users/leonardo/Desktop/Code/Github/DawnBGC/Dawn/DawnBLDC\dawn_bldc.c ****             break;
 1870              		.loc 1 380 13
 1871 0056 0022     		movs	r2, #0
 1872 0058 0221     		movs	r1, #2
 1873 005a 4FF08040 		mov	r0, #1073741824
 1874 005e FFF7FEFF 		bl	timer_channel_output_state_config
 381:C:/Users/leonardo/Desktop/Code/Github/DawnBGC/Dawn/DawnBLDC\dawn_bldc.c ****         
 1875              		.loc 1 381 13
 1876 0062 0FE0     		b	.L95
 1877              	.L96:
 384:C:/Users/leonardo/Desktop/Code/Github/DawnBGC/Dawn/DawnBLDC\dawn_bldc.c ****             timer_channel_output_state_config(TIMER7, TIMER_CH_1, TIMER_CCX_DISABLE);
 1878              		.loc 1 384 13
 1879 0064 0022     		movs	r2, #0
 1880 0066 0021     		movs	r1, #0
 1881 0068 0948     		ldr	r0, .L99+4
 1882 006a FFF7FEFF 		bl	timer_channel_output_state_config
 385:C:/Users/leonardo/Desktop/Code/Github/DawnBGC/Dawn/DawnBLDC\dawn_bldc.c ****             timer_channel_output_state_config(TIMER7, TIMER_CH_2, TIMER_CCX_DISABLE);
 1883              		.loc 1 385 13
 1884 006e 0022     		movs	r2, #0
 1885 0070 0121     		movs	r1, #1
 1886 0072 0748     		ldr	r0, .L99+4
 1887 0074 FFF7FEFF 		bl	timer_channel_output_state_config
 386:C:/Users/leonardo/Desktop/Code/Github/DawnBGC/Dawn/DawnBLDC\dawn_bldc.c ****             break;
 1888              		.loc 1 386 13
 1889 0078 0022     		movs	r2, #0
 1890 007a 0221     		movs	r1, #2
 1891 007c 0448     		ldr	r0, .L99+4
 1892 007e FFF7FEFF 		bl	timer_channel_output_state_config
 387:C:/Users/leonardo/Desktop/Code/Github/DawnBGC/Dawn/DawnBLDC\dawn_bldc.c ****     }
 1893              		.loc 1 387 13
 1894 0082 00BF     		nop
 1895              	.L95:
 1896              	.L98:
 1897              		.loc 1 389 1
 1898 0084 00BF     		nop
 1899 0086 0837     		adds	r7, r7, #8
 1900              		.cfi_def_cfa_offset 8
 1901 0088 BD46     		mov	sp, r7
 1902              		.cfi_def_cfa_register 13
 1903              		@ sp needed
 1904 008a 80BD     		pop	{r7, pc}
 1905              	.L100:
 1906              		.align	2
 1907              	.L99:
 1908 008c 00000140 		.word	1073807360
 1909 0090 00040140 		.word	1073808384
 1910              		.cfi_endproc
 1911              	.LFE165:
 1913              		.section	.text.HallDataRead,"ax",%progbits
 1914              		.align	1
 1915              		.global	HallDataRead
 1916              		.syntax unified
 1917              		.thumb
 1918              		.thumb_func
 1919              		.fpu softvfp
 1921              	HallDataRead:
 1922              	.LFB166:
 390:C:/Users/leonardo/Desktop/Code/Github/DawnBGC/Dawn/DawnBLDC\dawn_bldc.c **** 
 391:C:/Users/leonardo/Desktop/Code/Github/DawnBGC/Dawn/DawnBLDC\dawn_bldc.c **** void HallDataRead(BLDCStruct *BLDCStruct)
 392:C:/Users/leonardo/Desktop/Code/Github/DawnBGC/Dawn/DawnBLDC\dawn_bldc.c **** {
 1923              		.loc 1 392 1
 1924              		.cfi_startproc
 1925              		@ args = 0, pretend = 0, frame = 8
 1926              		@ frame_needed = 1, uses_anonymous_args = 0
 1927 0000 80B5     		push	{r7, lr}
 1928              		.cfi_def_cfa_offset 8
 1929              		.cfi_offset 7, -8
 1930              		.cfi_offset 14, -4
 1931 0002 82B0     		sub	sp, sp, #8
 1932              		.cfi_def_cfa_offset 16
 1933 0004 00AF     		add	r7, sp, #0
 1934              		.cfi_def_cfa_register 7
 1935 0006 7860     		str	r0, [r7, #4]
 393:C:/Users/leonardo/Desktop/Code/Github/DawnBGC/Dawn/DawnBLDC\dawn_bldc.c ****     switch(BLDCStruct->BLDCId)
 1936              		.loc 1 393 22
 1937 0008 7B68     		ldr	r3, [r7, #4]
 1938 000a 1B78     		ldrb	r3, [r3]	@ zero_extendqisi2
 1939              		.loc 1 393 5
 1940 000c 022B     		cmp	r3, #2
 1941 000e 06D0     		beq	.L102
 1942 0010 022B     		cmp	r3, #2
 1943 0012 28DC     		bgt	.L103
 1944 0014 002B     		cmp	r3, #0
 1945 0016 1AD0     		beq	.L104
 1946 0018 012B     		cmp	r3, #1
 1947 001a 0CD0     		beq	.L105
 1948 001c 23E0     		b	.L103
 1949              	.L102:
 394:C:/Users/leonardo/Desktop/Code/Github/DawnBGC/Dawn/DawnBLDC\dawn_bldc.c ****     {
 395:C:/Users/leonardo/Desktop/Code/Github/DawnBGC/Dawn/DawnBLDC\dawn_bldc.c ****         case BLDC_ID_YAW:
 396:C:/Users/leonardo/Desktop/Code/Github/DawnBGC/Dawn/DawnBLDC\dawn_bldc.c ****             BLDCStruct->HallAdcY = (uint16_t)AdcDate[1];
 1950              		.loc 1 396 53
 1951 001e 264B     		ldr	r3, .L106
 1952 0020 5B68     		ldr	r3, [r3, #4]
 1953              		.loc 1 396 36
 1954 0022 1AB2     		sxth	r2, r3
 1955              		.loc 1 396 34
 1956 0024 7B68     		ldr	r3, [r7, #4]
 1957 0026 9A80     		strh	r2, [r3, #4]	@ movhi
 397:C:/Users/leonardo/Desktop/Code/Github/DawnBGC/Dawn/DawnBLDC\dawn_bldc.c ****             BLDCStruct->HallAdcX = (AdcDate[1]) >> 16;
 1958              		.loc 1 397 44
 1959 0028 234B     		ldr	r3, .L106
 1960 002a 5B68     		ldr	r3, [r3, #4]
 1961              		.loc 1 397 49
 1962 002c 1B0C     		lsrs	r3, r3, #16
 1963              		.loc 1 397 34
 1964 002e 1AB2     		sxth	r2, r3
 1965 0030 7B68     		ldr	r3, [r7, #4]
 1966 0032 5A80     		strh	r2, [r3, #2]	@ movhi
 398:C:/Users/leonardo/Desktop/Code/Github/DawnBGC/Dawn/DawnBLDC\dawn_bldc.c ****             break;
 1967              		.loc 1 398 13
 1968 0034 17E0     		b	.L103
 1969              	.L105:
 399:C:/Users/leonardo/Desktop/Code/Github/DawnBGC/Dawn/DawnBLDC\dawn_bldc.c ****         
 400:C:/Users/leonardo/Desktop/Code/Github/DawnBGC/Dawn/DawnBLDC\dawn_bldc.c ****         case BLDC_ID_ROLL:
 401:C:/Users/leonardo/Desktop/Code/Github/DawnBGC/Dawn/DawnBLDC\dawn_bldc.c ****             BLDCStruct->HallAdcY = (uint16_t)AdcDate[0];
 1970              		.loc 1 401 53
 1971 0036 204B     		ldr	r3, .L106
 1972 0038 1B68     		ldr	r3, [r3]
 1973              		.loc 1 401 36
 1974 003a 1AB2     		sxth	r2, r3
 1975              		.loc 1 401 34
 1976 003c 7B68     		ldr	r3, [r7, #4]
 1977 003e 9A80     		strh	r2, [r3, #4]	@ movhi
 402:C:/Users/leonardo/Desktop/Code/Github/DawnBGC/Dawn/DawnBLDC\dawn_bldc.c ****             BLDCStruct->HallAdcX = (AdcDate[0]) >> 16;
 1978              		.loc 1 402 44
 1979 0040 1D4B     		ldr	r3, .L106
 1980 0042 1B68     		ldr	r3, [r3]
 1981              		.loc 1 402 49
 1982 0044 1B0C     		lsrs	r3, r3, #16
 1983              		.loc 1 402 34
 1984 0046 1AB2     		sxth	r2, r3
 1985 0048 7B68     		ldr	r3, [r7, #4]
 1986 004a 5A80     		strh	r2, [r3, #2]	@ movhi
 403:C:/Users/leonardo/Desktop/Code/Github/DawnBGC/Dawn/DawnBLDC\dawn_bldc.c ****             break;
 1987              		.loc 1 403 13
 1988 004c 0BE0     		b	.L103
 1989              	.L104:
 404:C:/Users/leonardo/Desktop/Code/Github/DawnBGC/Dawn/DawnBLDC\dawn_bldc.c ****         
 405:C:/Users/leonardo/Desktop/Code/Github/DawnBGC/Dawn/DawnBLDC\dawn_bldc.c ****         case BLDC_ID_PITCH:
 406:C:/Users/leonardo/Desktop/Code/Github/DawnBGC/Dawn/DawnBLDC\dawn_bldc.c ****             BLDCStruct->HallAdcX = (uint16_t)AdcDate[2];
 1990              		.loc 1 406 53
 1991 004e 1A4B     		ldr	r3, .L106
 1992 0050 9B68     		ldr	r3, [r3, #8]
 1993              		.loc 1 406 36
 1994 0052 1AB2     		sxth	r2, r3
 1995              		.loc 1 406 34
 1996 0054 7B68     		ldr	r3, [r7, #4]
 1997 0056 5A80     		strh	r2, [r3, #2]	@ movhi
 407:C:/Users/leonardo/Desktop/Code/Github/DawnBGC/Dawn/DawnBLDC\dawn_bldc.c ****             BLDCStruct->HallAdcY = (AdcDate[2]) >> 16;
 1998              		.loc 1 407 44
 1999 0058 174B     		ldr	r3, .L106
 2000 005a 9B68     		ldr	r3, [r3, #8]
 2001              		.loc 1 407 49
 2002 005c 1B0C     		lsrs	r3, r3, #16
 2003              		.loc 1 407 34
 2004 005e 1AB2     		sxth	r2, r3
 2005 0060 7B68     		ldr	r3, [r7, #4]
 2006 0062 9A80     		strh	r2, [r3, #4]	@ movhi
 408:C:/Users/leonardo/Desktop/Code/Github/DawnBGC/Dawn/DawnBLDC\dawn_bldc.c ****             break;
 2007              		.loc 1 408 13
 2008 0064 00BF     		nop
 2009              	.L103:
 409:C:/Users/leonardo/Desktop/Code/Github/DawnBGC/Dawn/DawnBLDC\dawn_bldc.c ****     }
 410:C:/Users/leonardo/Desktop/Code/Github/DawnBGC/Dawn/DawnBLDC\dawn_bldc.c ****     
 411:C:/Users/leonardo/Desktop/Code/Github/DawnBGC/Dawn/DawnBLDC\dawn_bldc.c ****     BLDCStruct->HallStruct.X = (BLDCStruct->HallAdcX) - (BLDCStruct->HallOffsetX);
 2010              		.loc 1 411 43
 2011 0066 7B68     		ldr	r3, [r7, #4]
 2012 0068 B3F90230 		ldrsh	r3, [r3, #2]
 2013 006c 1A46     		mov	r2, r3
 2014              		.loc 1 411 68
 2015 006e 7B68     		ldr	r3, [r7, #4]
 2016 0070 B3F90630 		ldrsh	r3, [r3, #6]
 2017              		.loc 1 411 55
 2018 0074 D31A     		subs	r3, r2, r3
 2019              		.loc 1 411 30
 2020 0076 1846     		mov	r0, r3
 2021 0078 FFF7FEFF 		bl	__aeabi_i2f
 2022              	.LVL55:
 2023 007c 0246     		mov	r2, r0
 2024 007e 7B68     		ldr	r3, [r7, #4]
 2025 0080 DA61     		str	r2, [r3, #28]	@ float
 412:C:/Users/leonardo/Desktop/Code/Github/DawnBGC/Dawn/DawnBLDC\dawn_bldc.c ****     BLDCStruct->HallStruct.Y = ((BLDCStruct->HallAdcY) - (BLDCStruct->HallOffsetY)) * (BLDCStruct->
 2026              		.loc 1 412 44
 2027 0082 7B68     		ldr	r3, [r7, #4]
 2028 0084 B3F90430 		ldrsh	r3, [r3, #4]
 2029 0088 1A46     		mov	r2, r3
 2030              		.loc 1 412 69
 2031 008a 7B68     		ldr	r3, [r7, #4]
 2032 008c B3F90830 		ldrsh	r3, [r3, #8]
 2033              		.loc 1 412 56
 2034 0090 D31A     		subs	r3, r2, r3
 2035              		.loc 1 412 85
 2036 0092 1846     		mov	r0, r3
 2037 0094 FFF7FEFF 		bl	__aeabi_i2f
 2038              	.LVL56:
 2039 0098 0246     		mov	r2, r0
 2040              		.loc 1 412 98
 2041 009a 7B68     		ldr	r3, [r7, #4]
 2042 009c 5B69     		ldr	r3, [r3, #20]	@ float
 2043              		.loc 1 412 85
 2044 009e 1946     		mov	r1, r3
 2045 00a0 1046     		mov	r0, r2
 2046 00a2 FFF7FEFF 		bl	__aeabi_fmul
 2047              	.LVL57:
 2048 00a6 0346     		mov	r3, r0
 2049 00a8 1A46     		mov	r2, r3
 2050              		.loc 1 412 30
 2051 00aa 7B68     		ldr	r3, [r7, #4]
 2052 00ac 1A62     		str	r2, [r3, #32]	@ float
 413:C:/Users/leonardo/Desktop/Code/Github/DawnBGC/Dawn/DawnBLDC\dawn_bldc.c **** 	
 414:C:/Users/leonardo/Desktop/Code/Github/DawnBGC/Dawn/DawnBLDC\dawn_bldc.c **** }
 2053              		.loc 1 414 1
 2054 00ae 00BF     		nop
 2055 00b0 0837     		adds	r7, r7, #8
 2056              		.cfi_def_cfa_offset 8
 2057 00b2 BD46     		mov	sp, r7
 2058              		.cfi_def_cfa_register 13
 2059              		@ sp needed
 2060 00b4 80BD     		pop	{r7, pc}
 2061              	.L107:
 2062 00b6 00BF     		.align	2
 2063              	.L106:
 2064 00b8 00000000 		.word	AdcDate
 2065              		.cfi_endproc
 2066              	.LFE166:
 2068              		.section	.bss.StannTimes.11243,"aw",%nobits
 2071              	StannTimes.11243:
 2072 0000 00       		.space	1
 2073              		.text
 2074              	.Letext0:
 2075              		.file 2 "c:\\users\\leonardo\\desktop\\gd32embeddedbuilder_v1.5.6_rel\\tools\\gnu tools arm embedd
 2076              		.file 3 "c:\\users\\leonardo\\desktop\\gd32embeddedbuilder_v1.5.6_rel\\tools\\gnu tools arm embedd
 2077              		.file 4 "c:\\users\\leonardo\\desktop\\gd32embeddedbuilder_v1.5.6_rel\\tools\\gnu tools arm embedd
 2078              		.file 5 "c:\\users\\leonardo\\desktop\\gd32embeddedbuilder_v1.5.6_rel\\tools\\gnu tools arm embedd
 2079              		.file 6 "c:\\users\\leonardo\\desktop\\gd32embeddedbuilder_v1.5.6_rel\\tools\\gnu tools arm embedd
 2080              		.file 7 "c:\\users\\leonardo\\desktop\\gd32embeddedbuilder_v1.5.6_rel\\tools\\gnu tools arm embedd
 2081              		.file 8 "c:\\users\\leonardo\\desktop\\gd32embeddedbuilder_v1.5.6_rel\\tools\\gnu tools arm embedd
 2082              		.file 9 "c:\\users\\leonardo\\desktop\\gd32embeddedbuilder_v1.5.6_rel\\tools\\gnu tools arm embedd
 2083              		.file 10 "../../CMSIS/DSP/Include/core_cm4.h"
 2084              		.file 11 "../../CMSIS/system_gd32f4xx.h"
 2085              		.file 12 "../../Dawn/DawnBLDC/dawn_bldc_math.h"
 2086              		.file 13 "../../Dawn/DawnLib/dawn_lib.h"
 2087              		.file 14 "../../Dawn/DawnBsp/timebase.h"
 2088              		.file 15 "../../CMSIS/gd32f4xx.h"
 2089              		.file 16 "../../Dawn/DawnCom/unpack.h"
 2090              		.file 17 "../../Dawn/DawnDevice/icm206xx.h"
 2091              		.file 18 "../../Dawn/DawnGimbal/dawn_gimbal_math.h"
 2092              		.file 19 "../../Dawn/DawnGimbal/dawn_gimbal_system.h"
 2093              		.file 20 "../../Dawn/DawnMain/dawn_function.h"
 2094              		.file 21 "../../Dawn/DawnBsp/gpio.h"
DEFINED SYMBOLS
                            *ABS*:00000000 dawn_bldc.c
C:\Users\leonardo\AppData\Local\Temp\ccXLefRK.s:16     .text.BLDCInit:00000000 $t
C:\Users\leonardo\AppData\Local\Temp\ccXLefRK.s:24     .text.BLDCInit:00000000 BLDCInit
C:\Users\leonardo\AppData\Local\Temp\ccXLefRK.s:47     .text.BLDCStallState:00000000 $t
C:\Users\leonardo\AppData\Local\Temp\ccXLefRK.s:54     .text.BLDCStallState:00000000 BLDCStallState
C:\Users\leonardo\AppData\Local\Temp\ccXLefRK.s:187    .text.ArmQuadCcw:00000000 $t
C:\Users\leonardo\AppData\Local\Temp\ccXLefRK.s:194    .text.ArmQuadCcw:00000000 ArmQuadCcw
C:\Users\leonardo\AppData\Local\Temp\ccXLefRK.s:308    .text.ArmQuadCcw:00000098 $d
C:\Users\leonardo\AppData\Local\Temp\ccXLefRK.s:314    .text.ArmQuadCw:00000000 $t
C:\Users\leonardo\AppData\Local\Temp\ccXLefRK.s:321    .text.ArmQuadCw:00000000 ArmQuadCw
C:\Users\leonardo\AppData\Local\Temp\ccXLefRK.s:435    .text.ArmQuadCw:00000098 $d
C:\Users\leonardo\AppData\Local\Temp\ccXLefRK.s:442    .text.CleanBLDCAngle:00000000 $t
C:\Users\leonardo\AppData\Local\Temp\ccXLefRK.s:449    .text.CleanBLDCAngle:00000000 CleanBLDCAngle
C:\Users\leonardo\AppData\Local\Temp\ccXLefRK.s:556    .text.CleanBLDCAngle:000000a8 $d
C:\Users\leonardo\AppData\Local\Temp\ccXLefRK.s:566    .text.BLDCAngleCal:00000000 $t
C:\Users\leonardo\AppData\Local\Temp\ccXLefRK.s:573    .text.BLDCAngleCal:00000000 BLDCAngleCal
C:\Users\leonardo\AppData\Local\Temp\ccXLefRK.s:738    .text.BLDCAngleCal:00000104 $d
C:\Users\leonardo\AppData\Local\Temp\ccXLefRK.s:743    .text.BLDCCali:00000000 $t
C:\Users\leonardo\AppData\Local\Temp\ccXLefRK.s:750    .text.BLDCCali:00000000 BLDCCali
C:\Users\leonardo\AppData\Local\Temp\ccXLefRK.s:1921   .text.HallDataRead:00000000 HallDataRead
C:\Users\leonardo\AppData\Local\Temp\ccXLefRK.s:1812   .text.ShutOffPWM:00000000 ShutOffPWM
C:\Users\leonardo\AppData\Local\Temp\ccXLefRK.s:937    .text.BLDCSvpwm:00000000 BLDCSvpwm
C:\Users\leonardo\AppData\Local\Temp\ccXLefRK.s:920    .text.BLDCCali:0000011c $d
C:\Users\leonardo\AppData\Local\Temp\ccXLefRK.s:2071   .bss.StannTimes.11243:00000000 StannTimes.11243
C:\Users\leonardo\AppData\Local\Temp\ccXLefRK.s:930    .text.BLDCSvpwm:00000000 $t
C:\Users\leonardo\AppData\Local\Temp\ccXLefRK.s:1073   .text.BLDCSvpwm:000000c8 $d
C:\Users\leonardo\AppData\Local\Temp\ccXLefRK.s:1079   .text.BLDCSvpwm:000000e0 $t
C:\Users\leonardo\AppData\Local\Temp\ccXLefRK.s:1561   .text.BLDCSvpwm:00000424 $d
C:\Users\leonardo\AppData\Local\Temp\ccXLefRK.s:1564   .text.BLDCSvpwm:00000428 $t
C:\Users\leonardo\AppData\Local\Temp\ccXLefRK.s:1629   .text.BLDCSvpwm:0000046c $d
C:\Users\leonardo\AppData\Local\Temp\ccXLefRK.s:1642   .text.TurnOnPWM:00000000 $t
C:\Users\leonardo\AppData\Local\Temp\ccXLefRK.s:1649   .text.TurnOnPWM:00000000 TurnOnPWM
C:\Users\leonardo\AppData\Local\Temp\ccXLefRK.s:1790   .text.TurnOnPWM:000000d4 $d
C:\Users\leonardo\AppData\Local\Temp\ccXLefRK.s:1805   .text.ShutOffPWM:00000000 $t
C:\Users\leonardo\AppData\Local\Temp\ccXLefRK.s:1908   .text.ShutOffPWM:0000008c $d
C:\Users\leonardo\AppData\Local\Temp\ccXLefRK.s:1914   .text.HallDataRead:00000000 $t
C:\Users\leonardo\AppData\Local\Temp\ccXLefRK.s:2064   .text.HallDataRead:000000b8 $d
C:\Users\leonardo\AppData\Local\Temp\ccXLefRK.s:2072   .bss.StannTimes.11243:00000000 $d
                           .group:00000000 wm4.0.a684136774235169b6efdc382df56ab0
                           .group:00000000 wm4._newlib_version.h.4.9ba035841e762c3308916a0ce96032e7
                           .group:00000000 wm4.features.h.33.5bd1eea2d80518b50f7af0b5ce6750e0
                           .group:00000000 wm4._default_types.h.15.247e5cd201eca3442cbf5404108c4935
                           .group:00000000 wm4._intsup.h.10.cce27fed8484c08a33f522034c30d2b5
                           .group:00000000 wm4._stdint.h.10.c24fa3af3bc1706662bb5593a907e841
                           .group:00000000 wm4.stdint.h.23.d53047a68f4a85177f80b422d52785ed
                           .group:00000000 wm4.stddef.h.39.27677723d43e5b5a7afdf8d798429f1d
                           .group:00000000 wm4.newlib.h.8.2aecb9f3b2dc9d2e83d06d10f0c6ed3e
                           .group:00000000 wm4.ieeefp.h.77.d5685ba212d3ed6e914898d045f873e3
                           .group:00000000 wm4.config.h.220.6cac6a9685cfce5e83c17784171638d9
                           .group:00000000 wm4._ansi.h.31.de524f58584151836e90d8620a16f8e8
                           .group:00000000 wm4.lock.h.2.1461d1fff82dffe8bfddc23307f6484f
                           .group:00000000 wm4._types.h.125.5cf8a495f1f7ef36777ad868a1e32068
                           .group:00000000 wm4.stddef.h.155.3588ebfdd1e8c7ede80509bb9c3b8009
                           .group:00000000 wm4._types.h.184.03611d4f6b5bec9997bcf4279eceba07
                           .group:00000000 wm4.reent.h.17.90c2574d4acdcfce933db5cb09ff35fe
                           .group:00000000 wm4.cdefs.h.49.2bf373aedffd8b393ccd11dc057e8547
                           .group:00000000 wm4.string.h.15.dab3980bf35408a4c507182805e2de3a
                           .group:00000000 wm4.stddef.h.155.ba788add86a0e365f264484f110c3c29
                           .group:00000000 wm4.stdlib.h.13.4ed386f5c1a80d71e72172885d946ef2
                           .group:00000000 wm4.alloca.h.8.dfc0c703c47ec3e69746825b17d9e66d
                           .group:00000000 wm4.stdlib.h.56.d4493cd3736e51e9d56335045f26df45
                           .group:00000000 wm4.math.h.13.adb102f7bd7860b1f241e149d6914a1e
                           .group:00000000 wm4.gd32f4xx.h.13.7e2e481b0ab689b59679fcf9de8ad53f
                           .group:00000000 wm4.core_cm4.h.43.9593ac0dcec24a3a6f1d638d754e90b2
                           .group:00000000 wm4.core_cmInstr.h.39.addda81f1f3453ba31dd54fc5b6fcee8
                           .group:00000000 wm4.core_cmSimd.h.43.c355993beb49ccd10586af5b1cfe5aee
                           .group:00000000 wm4.core_cm4.h.201.38b66ea2c12d55e26a2374d5521b1bde
                           .group:00000000 wm4.gd32f4xx.h.268.6244d4312c046a64f69632f7ef07b287
                           .group:00000000 wm4.gd32f4xx_rcu.h.18.5c1e5e7e0de404504004d8bb7db8129d
                           .group:00000000 wm4.gd32f4xx_adc.h.13.555e7341a9ddcdbc980571a940325972
                           .group:00000000 wm4.gd32f4xx_can.h.13.2811f1e7e0dd1a163a8850b48ae09a18
                           .group:00000000 wm4.gd32f4xx_crc.h.13.e3fa8cb47f74e88ac6e7a18c10f0cae7
                           .group:00000000 wm4.gd32f4xx_ctc.h.13.979d5c7db9c07247dafcdc888120aeeb
                           .group:00000000 wm4.gd32f4xx_dac.h.13.6aae99156ce94e45e273c87252f3e1b5
                           .group:00000000 wm4.gd32f4xx_dbg.h.13.c5f36ebf9ff6bf00cb705dace0230749
                           .group:00000000 wm4.gd32f4xx_dci.h.13.43c4239de7bb8115ecac688727adc34d
                           .group:00000000 wm4.gd32f4xx_dma.h.13.dd34986dcd88f37eef0ac885fade6a96
                           .group:00000000 wm4.gd32f4xx_exti.h.13.f61fefc984e3d5d6bfd619e837d781f0
                           .group:00000000 wm4.gd32f4xx_fmc.h.12.6ad1d5b3792ad9539d3cdeacd021dc9f
                           .group:00000000 wm4.gd32f4xx_fwdgt.h.13.cc9a34a06b043d4b817ab3d1a6056177
                           .group:00000000 wm4.gd32f4xx_gpio.h.13.ac5c85bea0e960885418a329bb1f1322
                           .group:00000000 wm4.gd32f4xx_syscfg.h.13.b2bd3727e52dfdd22af4632a1311bbb7
                           .group:00000000 wm4.gd32f4xx_i2c.h.13.eb0f8b31bd16ee5fe82cc39a9dd42f2d
                           .group:00000000 wm4.gd32f4xx_iref.h.13.7fc1143691d228493f7100d3cc247638
                           .group:00000000 wm4.gd32f4xx_pmu.h.13.724bacbcb5c124f50a6b00f61a9eb756
                           .group:00000000 wm4.gd32f4xx_rtc.h.13.fc493d83f9d78f0b7c4919b6d2f31956
                           .group:00000000 wm4.gd32f4xx_sdio.h.13.81c3455a223eea59b64370eea49a57de
                           .group:00000000 wm4.gd32f4xx_spi.h.13.03d2444bcb21a0c2481c42cb6d9fce79
                           .group:00000000 wm4.gd32f4xx_timer.h.13.6cb5bef9444452fac8393c6f9325aaca
                           .group:00000000 wm4.gd32f4xx_trng.h.13.8e3605226dc73eb8a884d03608e7b6df
                           .group:00000000 wm4.gd32f4xx_usart.h.13.2986dbbf12f17711a1874d27609e0b55
                           .group:00000000 wm4.gd32f4xx_wwdgt.h.13.1abc40e3831eb7a2ed947144f7cb9188
                           .group:00000000 wm4.gd32f4xx_misc.h.13.b10945aa7ed210c08c1585a4b5874d8c
                           .group:00000000 wm4.arm_math.h.289.5e959424b5305a9624e101328824bdf9
                           .group:00000000 wm4.arm_math.h.309.e0917c8c6aa37995c408e917008fa910
                           .group:00000000 wm4.dawn_main.h.25.26e38e321c8b35cbe4de27b260dda59b
                           .group:00000000 wm4.usart.h.25.fc01861d7892853aa83247b640021348
                           .group:00000000 wm4.timebase.h.25.148c98407bdc7ce1114915cde093d87a
                           .group:00000000 wm4.unpack.h.25.91bc4c6c266694549e3c97bc659d6890
                           .group:00000000 wm4.icm206xx.h.25.1a18715348b9cffd270504658e08606f
                           .group:00000000 wm4.dawn_gimbal_system.h.30.8227ed645aeaf3d3a6c9940ae39ea25c
                           .group:00000000 wm4.dawn_bdc.h.23.03eb0a77d8dad854dbfdbe1cd39a5bd7
                           .group:00000000 wm4.dawn_bldc.h.29.3546f2d9ec9f7c73acb60442fea0569b
                           .group:00000000 wm4.gpio.h.25.9dbce65fd9496973b249fa462e17a01b
                           .group:00000000 wm4.flash.h.25.8e339cfaaf976c4d7bfe969ee8266e65

UNDEFINED SYMBOLS
BLDCGpioInit
__aeabi_fcmplt
__aeabi_fcmpgt
__aeabi_fmul
__aeabi_fsub
__aeabi_fadd
__aeabi_i2f
__aeabi_fdiv
fmodf
__aeabi_f2d
__aeabi_dmul
__aeabi_ddiv
__aeabi_dadd
__aeabi_d2f
BLDCClarke
BLDCEAngle
BLDCRevPark
BLDCYaw
BLDCRoll
BLDCPitch
__aeabi_f2iz
__aeabi_f2uiz
timer_channel_output_state_config
AdcDate
